well_id,instance,class,start_timestamp,sequence_length,label_phase_order
WELL-00001,WELL-00001_20170201010207,0,2017-02-01T01:02:07.000000000,21474,unlabeled>normal
WELL-00001,WELL-00001_20170201060114,0,2017-02-01T06:01:14.000000000,21527,unlabeled>normal
WELL-00001,WELL-00001_20170201110124,0,2017-02-01T11:01:24.000000000,21517,unlabeled>normal
WELL-00001,WELL-00001_20170201160311,0,2017-02-01T16:03:11.000000000,21410,unlabeled>normal
WELL-00001,WELL-00001_20170201210228,0,2017-02-01T21:02:28.000000000,21453,unlabeled>normal
WELL-00001,WELL-00001_20170202020343,0,2017-02-02T02:03:43.000000000,21378,unlabeled>normal
WELL-00001,WELL-00001_20170202070239,0,2017-02-02T07:02:39.000000000,21442,unlabeled>normal
WELL-00001,WELL-00001_20170218000146,0,2017-02-18T00:01:46.000000000,21495,unlabeled>normal
WELL-00001,WELL-00001_20170218050218,0,2017-02-18T05:02:18.000000000,21463,unlabeled>normal
WELL-00001,WELL-00001_20170218100218,0,2017-02-18T10:02:18.000000000,21463,unlabeled>normal
WELL-00001,WELL-00001_20170218150135,0,2017-02-18T15:01:35.000000000,21506,unlabeled>normal
WELL-00001,WELL-00001_20170219010042,0,2017-02-19T01:00:42.000000000,21559,unlabeled>normal
WELL-00001,WELL-00001_20170219060031,0,2017-02-19T06:00:31.000000000,21570,unlabeled>normal
WELL-00001,WELL-00001_20170219110021,0,2017-02-19T11:00:21.000000000,21580,unlabeled>normal
WELL-00001,WELL-00001_20170219160053,0,2017-02-19T16:00:53.000000000,21548,unlabeled>normal
WELL-00001,WELL-00001_20170219210332,0,2017-02-19T21:03:32.000000000,21389,unlabeled>normal
WELL-00001,WELL-00001_20170421090251,0,2017-04-21T09:02:51.000000000,24759,unlabeled>normal
WELL-00001,WELL-00001_20170422030000,0,2017-04-22T03:00:00.000000000,25058,unlabeled>normal
WELL-00001,WELL-00001_20170424170042,0,2017-04-24T17:00:42.000000000,21559,unlabeled>normal
WELL-00001,WELL-00001_20170424220156,0,2017-04-24T22:01:56.000000000,21485,unlabeled>normal
WELL-00001,WELL-00001_20170425030207,0,2017-04-25T03:02:07.000000000,21474,unlabeled>normal
WELL-00001,WELL-00001_20170425080343,0,2017-04-25T08:03:43.000000000,21378,unlabeled>normal
WELL-00001,WELL-00001_20170425130042,0,2017-04-25T13:00:42.000000000,21559,unlabeled>normal
WELL-00001,WELL-00001_20170520180000,0,2017-05-20T18:00:00.000000000,21421,unlabeled>normal
WELL-00001,WELL-00001_20170520230000,0,2017-05-20T23:00:00.000000000,21549,unlabeled>normal
WELL-00001,WELL-00001_20170521040000,0,2017-05-21T04:00:00.000000000,21472,unlabeled>normal
WELL-00001,WELL-00001_20170521090000,0,2017-05-21T09:00:00.000000000,21472,unlabeled>normal
WELL-00001,WELL-00001_20170521140000,0,2017-05-21T14:00:00.000000000,21498,unlabeled>normal
WELL-00001,WELL-00001_20170521190000,0,2017-05-21T19:00:00.000000000,21408,unlabeled>normal
WELL-00001,WELL-00001_20170522000000,0,2017-05-22T00:00:00.000000000,21562,unlabeled>normal
WELL-00001,WELL-00001_20170522050000,0,2017-05-22T05:00:00.000000000,21562,unlabeled>normal
WELL-00001,WELL-00001_20170522100000,0,2017-05-22T10:00:00.000000000,21575,unlabeled>normal
WELL-00001,WELL-00001_20170522150000,0,2017-05-22T15:00:00.000000000,21536,unlabeled>normal
WELL-00001,WELL-00001_20170522200000,0,2017-05-22T20:00:00.000000000,21524,unlabeled>normal
WELL-00001,WELL-00001_20170523010012,0,2017-05-23T01:00:12.000000000,21499,unlabeled>normal
WELL-00001,WELL-00001_20170523060000,0,2017-05-23T06:00:00.000000000,21434,unlabeled>normal
WELL-00001,WELL-00001_20170523110000,0,2017-05-23T11:00:00.000000000,21434,unlabeled>normal
WELL-00001,WELL-00001_20170523160000,0,2017-05-23T16:00:00.000000000,21242,unlabeled>normal
WELL-00001,WELL-00001_20170523210000,0,2017-05-23T21:00:00.000000000,21575,unlabeled>normal
WELL-00001,WELL-00001_20170524020000,0,2017-05-24T02:00:00.000000000,21485,unlabeled>normal
WELL-00001,WELL-00001_20170524070000,0,2017-05-24T07:00:00.000000000,21575,unlabeled>normal
WELL-00001,WELL-00001_20170524120000,0,2017-05-24T12:00:00.000000000,21562,unlabeled>normal
WELL-00001,WELL-00001_20170524170000,0,2017-05-24T17:00:00.000000000,21549,unlabeled>normal
WELL-00001,WELL-00001_20170524220000,0,2017-05-24T22:00:00.000000000,21498,unlabeled>normal
WELL-00001,WELL-00001_20170525030000,0,2017-05-25T03:00:00.000000000,21536,unlabeled>normal
WELL-00001,WELL-00001_20170525080000,0,2017-05-25T08:00:00.000000000,21524,unlabeled>normal
WELL-00001,WELL-00001_20170525130000,0,2017-05-25T13:00:00.000000000,21549,unlabeled>normal
WELL-00001,WELL-00001_20170525180000,0,2017-05-25T18:00:00.000000000,21498,unlabeled>normal
WELL-00001,WELL-00001_20170525230000,0,2017-05-25T23:00:00.000000000,21549,unlabeled>normal
WELL-00001,WELL-00001_20170526040000,0,2017-05-26T04:00:00.000000000,21447,unlabeled>normal
WELL-00001,WELL-00001_20170526090000,0,2017-05-26T09:00:00.000000000,21472,unlabeled>normal
WELL-00001,WELL-00001_20170526140000,0,2017-05-26T14:00:00.000000000,21434,unlabeled>normal
WELL-00001,WELL-00001_20170526190000,0,2017-05-26T19:00:00.000000000,21524,unlabeled>normal
WELL-00001,WELL-00001_20170527000000,0,2017-05-27T00:00:00.000000000,21524,unlabeled>normal
WELL-00001,WELL-00001_20170527050000,0,2017-05-27T05:00:00.000000000,21562,unlabeled>normal
WELL-00001,WELL-00001_20170527100000,0,2017-05-27T10:00:00.000000000,21536,unlabeled>normal
WELL-00001,WELL-00001_20170527150000,0,2017-05-27T15:00:00.000000000,21421,unlabeled>normal
WELL-00001,WELL-00001_20170527200000,0,2017-05-27T20:00:00.000000000,21524,unlabeled>normal
WELL-00001,WELL-00001_20170528010000,0,2017-05-28T01:00:00.000000000,21536,unlabeled>normal
WELL-00001,WELL-00001_20170528060000,0,2017-05-28T06:00:00.000000000,21536,unlabeled>normal
WELL-00001,WELL-00001_20170528110000,0,2017-05-28T11:00:00.000000000,21536,unlabeled>normal
WELL-00001,WELL-00001_20170528160000,0,2017-05-28T16:00:00.000000000,21562,unlabeled>normal
WELL-00001,WELL-00001_20170528210000,0,2017-05-28T21:00:00.000000000,21421,unlabeled>normal
WELL-00001,WELL-00001_20170626090246,0,2017-06-26T09:02:46.000000000,21244,unlabeled>normal
WELL-00001,WELL-00001_20170626140123,0,2017-06-26T14:01:23.000000000,21232,unlabeled>normal
WELL-00001,WELL-00001_20170626190135,0,2017-06-26T19:01:35.000000000,21410,unlabeled>normal
WELL-00001,WELL-00001_20170627000333,0,2017-06-27T00:03:33.000000000,21174,unlabeled>normal
WELL-00001,WELL-00001_20170823040000,0,2017-08-23T04:00:00.000000000,21446,unlabeled>normal
WELL-00001,WELL-00001_20170823092146,0,2017-08-23T09:21:46.000000000,16533,unlabeled>normal
WELL-00001,WELL-00001_20170823140000,0,2017-08-23T14:00:00.000000000,21601,unlabeled>normal
WELL-00001,WELL-00001_20170823190000,0,2017-08-23T19:00:00.000000000,21535,unlabeled>normal
WELL-00001,WELL-00001_20170824000000,0,2017-08-24T00:00:00.000000000,21496,unlabeled>normal
WELL-00001,WELL-00001_20170824050000,0,2017-08-24T05:00:00.000000000,21548,unlabeled>normal
WELL-00001,WELL-00001_20170824100000,0,2017-08-24T10:00:00.000000000,21535,unlabeled>normal
WELL-00001,WELL-00001_20170824150000,0,2017-08-24T15:00:00.000000000,21561,unlabeled>normal
WELL-00001,WELL-00001_20170824200000,0,2017-08-24T20:00:00.000000000,21574,unlabeled>normal
WELL-00001,WELL-00001_20170825010000,0,2017-08-25T01:00:00.000000000,21483,unlabeled>normal
WELL-00001,WELL-00001_20170825060000,0,2017-08-25T06:00:00.000000000,21470,unlabeled>normal
WELL-00001,WELL-00001_20170825110000,0,2017-08-25T11:00:00.000000000,21378,unlabeled>normal
WELL-00001,WELL-00001_20170825160000,0,2017-08-25T16:00:00.000000000,21483,unlabeled>normal
WELL-00001,WELL-00001_20170825210000,0,2017-08-25T21:00:00.000000000,21509,unlabeled>normal
WELL-00001,WELL-00001_20170826020000,0,2017-08-26T02:00:00.000000000,21522,unlabeled>normal
WELL-00001,WELL-00001_20170826070000,0,2017-08-26T07:00:00.000000000,21522,unlabeled>normal
WELL-00001,WELL-00001_20170826120000,0,2017-08-26T12:00:00.000000000,21535,unlabeled>normal
WELL-00001,WELL-00001_20170826170000,0,2017-08-26T17:00:00.000000000,21548,unlabeled>normal
WELL-00001,WELL-00001_20170826220000,0,2017-08-26T22:00:00.000000000,21522,unlabeled>normal
WELL-00001,WELL-00001_20170827030000,0,2017-08-27T03:00:00.000000000,21483,unlabeled>normal
WELL-00001,WELL-00001_20170827080000,0,2017-08-27T08:00:00.000000000,21574,unlabeled>normal
WELL-00001,WELL-00001_20170827130000,0,2017-08-27T13:00:00.000000000,21496,unlabeled>normal
WELL-00001,WELL-00001_20170827180000,0,2017-08-27T18:00:00.000000000,21444,unlabeled>normal
WELL-00001,WELL-00001_20170827230000,0,2017-08-27T23:00:00.000000000,21326,unlabeled>normal
WELL-00001,WELL-00001_20170828040000,0,2017-08-28T04:00:00.000000000,21444,unlabeled>normal
WELL-00001,WELL-00001_20170828090000,0,2017-08-28T09:00:00.000000000,21378,unlabeled>normal
WELL-00002,WELL-00002_20131211220015,0,2013-12-11T22:00:15.000000000,10786,unlabeled>normal
WELL-00002,WELL-00002_20131212000148,0,2013-12-12T00:01:48.000000000,10693,unlabeled>normal
WELL-00002,WELL-00002_20131212020000,0,2013-12-12T02:00:00.000000000,10754,unlabeled>normal
WELL-00002,WELL-00002_20131212040000,0,2013-12-12T04:00:00.000000000,10775,unlabeled>normal
WELL-00002,WELL-00002_20131212060005,0,2013-12-12T06:00:05.000000000,10754,unlabeled>normal
WELL-00002,WELL-00002_20131214150127,0,2013-12-14T15:01:27.000000000,10714,unlabeled>normal
WELL-00002,WELL-00002_20131214170036,0,2013-12-14T17:00:36.000000000,10765,unlabeled>normal
WELL-00002,WELL-00002_20131214190030,0,2013-12-14T19:00:30.000000000,10771,unlabeled>normal
WELL-00002,WELL-00002_20170209110022,0,2017-02-09T11:00:22.000000000,21579,unlabeled>normal
WELL-00002,WELL-00002_20170209160152,0,2017-02-09T16:01:52.000000000,21489,unlabeled>normal
WELL-00002,WELL-00002_20170209210033,0,2017-02-09T21:00:33.000000000,21568,unlabeled>normal
WELL-00002,WELL-00002_20170210020033,0,2017-02-10T02:00:33.000000000,21568,unlabeled>normal
WELL-00002,WELL-00002_20170210070407,0,2017-02-10T07:04:07.000000000,21354,unlabeled>normal
WELL-00002,WELL-00002_20170210120152,0,2017-02-10T12:01:52.000000000,21489,unlabeled>normal
WELL-00002,WELL-00002_20170210170033,0,2017-02-10T17:00:33.000000000,21568,unlabeled>normal
WELL-00002,WELL-00002_20170210220203,0,2017-02-10T22:02:03.000000000,21478,unlabeled>normal
WELL-00002,WELL-00002_20170211030225,0,2017-02-11T03:02:25.000000000,21456,unlabeled>normal
WELL-00002,WELL-00002_20170211080129,0,2017-02-11T08:01:29.000000000,21512,unlabeled>normal
WELL-00002,WELL-00002_20170211130152,0,2017-02-11T13:01:52.000000000,21489,unlabeled>normal
WELL-00002,WELL-00002_20170211180129,0,2017-02-11T18:01:29.000000000,21512,unlabeled>normal
WELL-00002,WELL-00002_20170211230141,0,2017-02-11T23:01:41.000000000,21500,unlabeled>normal
WELL-00002,WELL-00002_20170212040225,0,2017-02-12T04:02:25.000000000,21456,unlabeled>normal
WELL-00002,WELL-00002_20170212090203,0,2017-02-12T09:02:03.000000000,21478,unlabeled>normal
WELL-00002,WELL-00002_20170212140407,0,2017-02-12T14:04:07.000000000,21354,unlabeled>normal
WELL-00002,WELL-00002_20170212190429,0,2017-02-12T19:04:29.000000000,21332,unlabeled>normal
WELL-00002,WELL-00002_20170213000322,0,2017-02-13T00:03:22.000000000,21399,unlabeled>normal
WELL-00002,WELL-00002_20170213050225,0,2017-02-13T05:02:25.000000000,21456,unlabeled>normal
WELL-00002,WELL-00002_20170213100344,0,2017-02-13T10:03:44.000000000,21377,unlabeled>normal
WELL-00002,WELL-00002_20170213150107,0,2017-02-13T15:01:07.000000000,21534,unlabeled>normal
WELL-00002,WELL-00002_20170213200214,0,2017-02-13T20:02:14.000000000,21467,unlabeled>normal
WELL-00002,WELL-00002_20170214010118,0,2017-02-14T01:01:18.000000000,21523,unlabeled>normal
WELL-00002,WELL-00002_20170214060141,0,2017-02-14T06:01:41.000000000,21500,unlabeled>normal
WELL-00002,WELL-00002_20170214110056,0,2017-02-14T11:00:56.000000000,21545,unlabeled>normal
WELL-00002,WELL-00002_20170214160044,0,2017-02-14T16:00:44.000000000,21557,unlabeled>normal
WELL-00002,WELL-00002_20170214210322,0,2017-02-14T21:03:22.000000000,21399,unlabeled>normal
WELL-00002,WELL-00002_20170215020259,0,2017-02-15T02:02:59.000000000,21422,unlabeled>normal
WELL-00002,WELL-00002_20170215070056,0,2017-02-15T07:00:56.000000000,21545,unlabeled>normal
WELL-00002,WELL-00002_20170215120214,0,2017-02-15T12:02:14.000000000,21467,unlabeled>normal
WELL-00002,WELL-00002_20170215170118,0,2017-02-15T17:01:18.000000000,21523,unlabeled>normal
WELL-00002,WELL-00002_20170215220129,0,2017-02-15T22:01:29.000000000,21512,unlabeled>normal
WELL-00002,WELL-00002_20170216030141,0,2017-02-16T03:01:41.000000000,21500,unlabeled>normal
WELL-00002,WELL-00002_20170216080118,0,2017-02-16T08:01:18.000000000,21523,unlabeled>normal
WELL-00002,WELL-00002_20170216130152,0,2017-02-16T13:01:52.000000000,21489,unlabeled>normal
WELL-00002,WELL-00002_20170216180214,0,2017-02-16T18:02:14.000000000,21467,unlabeled>normal
WELL-00002,WELL-00002_20170216230107,0,2017-02-16T23:01:07.000000000,21534,unlabeled>normal
WELL-00002,WELL-00002_20170217040451,0,2017-02-17T04:04:51.000000000,21310,unlabeled>normal
WELL-00002,WELL-00002_20170217090355,0,2017-02-17T09:03:55.000000000,21366,unlabeled>normal
WELL-00002,WELL-00002_20170217140248,0,2017-02-17T14:02:48.000000000,21433,unlabeled>normal
WELL-00002,WELL-00002_20170217190225,0,2017-02-17T19:02:25.000000000,21456,unlabeled>normal
WELL-00002,WELL-00002_20170218000237,0,2017-02-18T00:02:37.000000000,21444,unlabeled>normal
WELL-00002,WELL-00002_20170218050225,0,2017-02-18T05:02:25.000000000,21456,unlabeled>normal
WELL-00002,WELL-00002_20170218100022,0,2017-02-18T10:00:22.000000000,21579,unlabeled>normal
WELL-00002,WELL-00002_20170218150214,0,2017-02-18T15:02:14.000000000,21467,unlabeled>normal
WELL-00002,WELL-00002_20170219010033,0,2017-02-19T01:00:33.000000000,21568,unlabeled>normal
WELL-00002,WELL-00002_20170219060129,0,2017-02-19T06:01:29.000000000,21512,unlabeled>normal
WELL-00002,WELL-00002_20170219110152,0,2017-02-19T11:01:52.000000000,21489,unlabeled>normal
WELL-00002,WELL-00002_20170219160203,0,2017-02-19T16:02:03.000000000,21478,unlabeled>normal
WELL-00002,WELL-00002_20170219210214,0,2017-02-19T21:02:14.000000000,21467,unlabeled>normal
WELL-00002,WELL-00002_20170307190031,0,2017-03-07T19:00:31.000000000,21570,unlabeled>normal
WELL-00002,WELL-00002_20170308000103,0,2017-03-08T00:01:03.000000000,21538,unlabeled>normal
WELL-00002,WELL-00002_20170308050042,0,2017-03-08T05:00:42.000000000,21559,unlabeled>normal
WELL-00002,WELL-00002_20170308100124,0,2017-03-08T10:01:24.000000000,21517,unlabeled>normal
WELL-00002,WELL-00002_20170308150353,0,2017-03-08T15:03:53.000000000,21368,unlabeled>normal
WELL-00002,WELL-00002_20170308200218,0,2017-03-08T20:02:18.000000000,21463,unlabeled>normal
WELL-00002,WELL-00002_20170309010218,0,2017-03-09T01:02:18.000000000,21463,unlabeled>normal
WELL-00002,WELL-00002_20170309060218,0,2017-03-09T06:02:18.000000000,21463,unlabeled>normal
WELL-00002,WELL-00002_20170309110156,0,2017-03-09T11:01:56.000000000,21485,unlabeled>normal
WELL-00002,WELL-00002_20170309160218,0,2017-03-09T16:02:18.000000000,21463,unlabeled>normal
WELL-00002,WELL-00002_20170309210207,0,2017-03-09T21:02:07.000000000,21474,unlabeled>normal
WELL-00002,WELL-00002_20170310020146,0,2017-03-10T02:01:46.000000000,21495,unlabeled>normal
WELL-00002,WELL-00002_20170310070518,0,2017-03-10T07:05:18.000000000,21283,unlabeled>normal
WELL-00002,WELL-00002_20170310120321,0,2017-03-10T12:03:21.000000000,21400,unlabeled>normal
WELL-00002,WELL-00002_20170310170103,0,2017-03-10T17:01:03.000000000,21538,unlabeled>normal
WELL-00002,WELL-00002_20170310220042,0,2017-03-10T22:00:42.000000000,21559,unlabeled>normal
WELL-00002,WELL-00002_20170404020000,0,2017-04-04T02:00:00.000000000,21555,unlabeled>normal
WELL-00002,WELL-00002_20170404070045,0,2017-04-04T07:00:45.000000000,21556,unlabeled>normal
WELL-00002,WELL-00002_20170404120000,0,2017-04-04T12:00:00.000000000,21521,unlabeled>normal
WELL-00002,WELL-00002_20170404170000,0,2017-04-04T17:00:00.000000000,21532,unlabeled>normal
WELL-00002,WELL-00002_20170404220000,0,2017-04-04T22:00:00.000000000,21463,unlabeled>normal
WELL-00002,WELL-00002_20170405030000,0,2017-04-05T03:00:00.000000000,21566,unlabeled>normal
WELL-00002,WELL-00002_20170405080000,0,2017-04-05T08:00:00.000000000,21555,unlabeled>normal
WELL-00002,WELL-00002_20170405130000,0,2017-04-05T13:00:00.000000000,21372,unlabeled>normal
WELL-00002,WELL-00002_20170405180000,0,2017-04-05T18:00:00.000000000,21566,unlabeled>normal
WELL-00002,WELL-00002_20170405230000,0,2017-04-05T23:00:00.000000000,21372,unlabeled>normal
WELL-00002,WELL-00002_20170406040000,0,2017-04-06T04:00:00.000000000,21315,unlabeled>normal
WELL-00002,WELL-00002_20170406090000,0,2017-04-06T09:00:00.000000000,21235,unlabeled>normal
WELL-00002,WELL-00002_20170406140000,0,2017-04-06T14:00:00.000000000,21566,unlabeled>normal
WELL-00002,WELL-00002_20170406190000,0,2017-04-06T19:00:00.000000000,21578,unlabeled>normal
WELL-00002,WELL-00002_20170610230108,0,2017-06-10T23:01:08.000000000,21441,unlabeled>normal
WELL-00002,WELL-00002_20170611040011,0,2017-06-11T04:00:11.000000000,21475,unlabeled>normal
WELL-00002,WELL-00002_20170611090000,0,2017-06-11T09:00:00.000000000,21486,unlabeled>normal
WELL-00002,WELL-00002_20170611140000,0,2017-06-11T14:00:00.000000000,21475,unlabeled>normal
WELL-00002,WELL-00002_20170611190000,0,2017-06-11T19:00:00.000000000,21566,unlabeled>normal
WELL-00002,WELL-00002_20170612000000,0,2017-06-12T00:00:00.000000000,21543,unlabeled>normal
WELL-00002,WELL-00002_20170612050057,0,2017-06-12T05:00:57.000000000,21441,unlabeled>normal
WELL-00002,WELL-00002_20170612100022,0,2017-06-12T10:00:22.000000000,21521,unlabeled>normal
WELL-00002,WELL-00002_20170612150022,0,2017-06-12T15:00:22.000000000,21579,unlabeled>normal
WELL-00002,WELL-00002_20170612200000,0,2017-06-12T20:00:00.000000000,21532,unlabeled>normal
WELL-00002,WELL-00002_20170613010022,0,2017-06-13T01:00:22.000000000,21521,unlabeled>normal
WELL-00002,WELL-00002_20170613060011,0,2017-06-13T06:00:11.000000000,21441,unlabeled>normal
WELL-00002,WELL-00002_20170613110000,0,2017-06-13T11:00:00.000000000,21532,unlabeled>normal
WELL-00002,WELL-00002_20170613160000,0,2017-06-13T16:00:00.000000000,21532,unlabeled>normal
WELL-00002,WELL-00002_20170613210000,0,2017-06-13T21:00:00.000000000,21429,unlabeled>normal
WELL-00002,WELL-00002_20170614020000,0,2017-06-14T02:00:00.000000000,21530,unlabeled>normal
WELL-00002,WELL-00002_20170614070057,0,2017-06-14T07:00:57.000000000,21532,unlabeled>normal
WELL-00002,WELL-00002_20170614120000,0,2017-06-14T12:00:00.000000000,21483,unlabeled>normal
WELL-00002,WELL-00002_20170614170000,0,2017-06-14T17:00:00.000000000,21486,unlabeled>normal
WELL-00002,WELL-00002_20170614220200,0,2017-06-14T22:02:00.000000000,21481,unlabeled>normal
WELL-00002,WELL-00002_20170615030032,0,2017-06-15T03:00:32.000000000,21569,unlabeled>normal
WELL-00002,WELL-00002_20170615080400,0,2017-06-15T08:04:00.000000000,21361,unlabeled>normal
WELL-00002,WELL-00002_20170615130021,0,2017-06-15T13:00:21.000000000,21580,unlabeled>normal
WELL-00002,WELL-00002_20170615180127,0,2017-06-15T18:01:27.000000000,21514,unlabeled>normal
WELL-00002,WELL-00002_20170615230149,0,2017-06-15T23:01:49.000000000,21492,unlabeled>normal
WELL-00002,WELL-00002_20170616040043,0,2017-06-16T04:00:43.000000000,21558,unlabeled>normal
WELL-00002,WELL-00002_20170616090516,0,2017-06-16T09:05:16.000000000,21285,unlabeled>normal
WELL-00002,WELL-00002_20170616140211,0,2017-06-16T14:02:11.000000000,21470,unlabeled>normal
WELL-00002,WELL-00002_20170616190349,0,2017-06-16T19:03:49.000000000,21372,unlabeled>normal
WELL-00002,WELL-00002_20170617000127,0,2017-06-17T00:01:27.000000000,21514,unlabeled>normal
WELL-00002,WELL-00002_20170617050043,0,2017-06-17T05:00:43.000000000,21558,unlabeled>normal
WELL-00002,WELL-00002_20170617100221,0,2017-06-17T10:02:21.000000000,21460,unlabeled>normal
WELL-00002,WELL-00002_20170617150149,0,2017-06-17T15:01:49.000000000,21492,unlabeled>normal
WELL-00002,WELL-00002_20170617210127,0,2017-06-17T21:01:27.000000000,17914,unlabeled>normal
WELL-00002,WELL-00002_20170618010105,0,2017-06-18T01:01:05.000000000,21536,unlabeled>normal
WELL-00002,WELL-00002_20170618060105,0,2017-06-18T06:01:05.000000000,21536,unlabeled>normal
WELL-00002,WELL-00002_20170618110600,0,2017-06-18T11:06:00.000000000,21241,unlabeled>normal
WELL-00002,WELL-00002_20170618160211,0,2017-06-18T16:02:11.000000000,21470,unlabeled>normal
WELL-00002,WELL-00002_20170618210043,0,2017-06-18T21:00:43.000000000,21558,unlabeled>normal
WELL-00002,WELL-00002_20170619020032,0,2017-06-19T02:00:32.000000000,21569,unlabeled>normal
WELL-00002,WELL-00002_20170619070054,0,2017-06-19T07:00:54.000000000,21547,unlabeled>normal
WELL-00002,WELL-00002_20170619120021,0,2017-06-19T12:00:21.000000000,21580,unlabeled>normal
WELL-00002,WELL-00002_20170619170149,0,2017-06-19T17:01:49.000000000,21492,unlabeled>normal
WELL-00002,WELL-00002_20170619220043,0,2017-06-19T22:00:43.000000000,21558,unlabeled>normal
WELL-00002,WELL-00002_20170620030505,0,2017-06-20T03:05:05.000000000,21296,unlabeled>normal
WELL-00002,WELL-00002_20170620080254,0,2017-06-20T08:02:54.000000000,21427,unlabeled>normal
WELL-00002,WELL-00002_20170620130116,0,2017-06-20T13:01:16.000000000,21525,unlabeled>normal
WELL-00002,WELL-00002_20170620180211,0,2017-06-20T18:02:11.000000000,17870,unlabeled>normal
WELL-00002,WELL-00002_20170620220109,0,2017-06-20T22:01:09.000000000,17932,unlabeled>normal
WELL-00002,WELL-00002_20170621020054,0,2017-06-21T02:00:54.000000000,21547,unlabeled>normal
WELL-00002,WELL-00002_20170621070422,0,2017-06-21T07:04:22.000000000,21339,unlabeled>normal
WELL-00002,WELL-00002_20170621120116,0,2017-06-21T12:01:16.000000000,21525,unlabeled>normal
WELL-00002,WELL-00002_20170621170032,0,2017-06-21T17:00:32.000000000,21569,unlabeled>normal
WELL-00002,WELL-00002_20170621220054,0,2017-06-21T22:00:54.000000000,21547,unlabeled>normal
WELL-00002,WELL-00002_20170622030105,0,2017-06-22T03:01:05.000000000,21536,unlabeled>normal
WELL-00002,WELL-00002_20170622080043,0,2017-06-22T08:00:43.000000000,21558,unlabeled>normal
WELL-00002,WELL-00002_20170622130127,0,2017-06-22T13:01:27.000000000,21514,unlabeled>normal
WELL-00002,WELL-00002_20170622180316,0,2017-06-22T18:03:16.000000000,21405,unlabeled>normal
WELL-00002,WELL-00002_20170622230305,0,2017-06-22T23:03:05.000000000,21416,unlabeled>normal
WELL-00002,WELL-00002_20170623040021,0,2017-06-23T04:00:21.000000000,21580,unlabeled>normal
WELL-00002,WELL-00002_20170623090032,0,2017-06-23T09:00:32.000000000,21569,unlabeled>normal
WELL-00002,WELL-00002_20170623140127,0,2017-06-23T14:01:27.000000000,21514,unlabeled>normal
WELL-00002,WELL-00002_20170623190211,0,2017-06-23T19:02:11.000000000,21470,unlabeled>normal
WELL-00002,WELL-00002_20170624000032,0,2017-06-24T00:00:32.000000000,21569,unlabeled>normal
WELL-00002,WELL-00002_20170624050127,0,2017-06-24T05:01:27.000000000,21514,unlabeled>normal
WELL-00002,WELL-00002_20170624100021,0,2017-06-24T10:00:21.000000000,21580,unlabeled>normal
WELL-00002,WELL-00002_20170624150054,0,2017-06-24T15:00:54.000000000,21547,unlabeled>normal
WELL-00002,WELL-00002_20170624200211,0,2017-06-24T20:02:11.000000000,21470,unlabeled>normal
WELL-00002,WELL-00002_20170625010200,0,2017-06-25T01:02:00.000000000,21481,unlabeled>normal
WELL-00002,WELL-00002_20170625060243,0,2017-06-25T06:02:43.000000000,21438,unlabeled>normal
WELL-00002,WELL-00002_20170625110032,0,2017-06-25T11:00:32.000000000,21569,unlabeled>normal
WELL-00002,WELL-00002_20170625160232,0,2017-06-25T16:02:32.000000000,21449,unlabeled>normal
WELL-00002,WELL-00002_20170625210127,0,2017-06-25T21:01:27.000000000,21514,unlabeled>normal
WELL-00002,WELL-00002_20170626020043,0,2017-06-26T02:00:43.000000000,21558,unlabeled>normal
WELL-00002,WELL-00002_20170626070149,0,2017-06-26T07:01:49.000000000,21492,unlabeled>normal
WELL-00002,WELL-00002_20170626120032,0,2017-06-26T12:00:32.000000000,21569,unlabeled>normal
WELL-00002,WELL-00002_20170626170138,0,2017-06-26T17:01:38.000000000,21503,unlabeled>normal
WELL-00002,WELL-00002_20170626220316,0,2017-06-26T22:03:16.000000000,21405,unlabeled>normal
WELL-00002,WELL-00002_20170804200000,0,2017-08-04T20:00:00.000000000,21506,unlabeled>normal
WELL-00002,WELL-00002_20170805010000,0,2017-08-05T01:00:00.000000000,21533,unlabeled>normal
WELL-00002,WELL-00002_20170805060000,0,2017-08-05T06:00:00.000000000,21344,unlabeled>normal
WELL-00002,WELL-00002_20170805110000,0,2017-08-05T11:00:00.000000000,21344,unlabeled>normal
WELL-00002,WELL-00002_20170805160000,0,2017-08-05T16:00:00.000000000,21533,unlabeled>normal
WELL-00002,WELL-00002_20170805210000,0,2017-08-05T21:00:00.000000000,21533,unlabeled>normal
WELL-00002,WELL-00002_20170806020000,0,2017-08-06T02:00:00.000000000,21479,unlabeled>normal
WELL-00002,WELL-00002_20170806070000,0,2017-08-06T07:00:00.000000000,21560,unlabeled>normal
WELL-00002,WELL-00002_20170806120000,0,2017-08-06T12:00:00.000000000,21466,unlabeled>normal
WELL-00002,WELL-00002_20170806170000,0,2017-08-06T17:00:00.000000000,21493,unlabeled>normal
WELL-00002,WELL-00002_20170806220000,0,2017-08-06T22:00:00.000000000,21547,unlabeled>normal
WELL-00002,WELL-00002_20170807030000,0,2017-08-07T03:00:00.000000000,21425,unlabeled>normal
WELL-00002,WELL-00002_20170807080000,0,2017-08-07T08:00:00.000000000,21088,unlabeled>normal
WELL-00002,WELL-00002_20170807130000,0,2017-08-07T13:00:00.000000000,21574,unlabeled>normal
WELL-00002,WELL-00002_20170807180000,0,2017-08-07T18:00:00.000000000,21560,unlabeled>normal
WELL-00002,WELL-00002_20170807230000,0,2017-08-07T23:00:00.000000000,21506,unlabeled>normal
WELL-00002,WELL-00002_20170808040000,0,2017-08-08T04:00:00.000000000,21560,unlabeled>normal
WELL-00002,WELL-00002_20170808090000,0,2017-08-08T09:00:00.000000000,21452,unlabeled>normal
WELL-00002,WELL-00002_20170808140000,0,2017-08-08T14:00:00.000000000,21574,unlabeled>normal
WELL-00002,WELL-00002_20170808190026,0,2017-08-08T19:00:26.000000000,21575,unlabeled>normal
WELL-00002,WELL-00002_20170809000000,0,2017-08-09T00:00:00.000000000,21547,unlabeled>normal
WELL-00002,WELL-00002_20170809050000,0,2017-08-09T05:00:00.000000000,21533,unlabeled>normal
WELL-00002,WELL-00002_20170809100000,0,2017-08-09T10:00:00.000000000,21533,unlabeled>normal
WELL-00002,WELL-00002_20170809150026,0,2017-08-09T15:00:26.000000000,21575,unlabeled>normal
WELL-00002,WELL-00002_20170809200000,0,2017-08-09T20:00:00.000000000,21493,unlabeled>normal
WELL-00002,WELL-00002_20170810010026,0,2017-08-10T01:00:26.000000000,21548,unlabeled>normal
WELL-00002,WELL-00002_20170810060000,0,2017-08-10T06:00:00.000000000,21533,unlabeled>normal
WELL-00002,WELL-00002_20170810110000,0,2017-08-10T11:00:00.000000000,20900,unlabeled>normal
WELL-00002,WELL-00002_20170810160000,0,2017-08-10T16:00:00.000000000,21547,unlabeled>normal
WELL-00002,WELL-00002_20170810210000,0,2017-08-10T21:00:00.000000000,21412,unlabeled>normal
WELL-00002,WELL-00002_20170811020000,0,2017-08-11T02:00:00.000000000,21520,unlabeled>normal
WELL-00002,WELL-00002_20170811070000,0,2017-08-11T07:00:00.000000000,21466,unlabeled>normal
WELL-00002,WELL-00002_20170811120000,0,2017-08-11T12:00:00.000000000,21075,unlabeled>normal
WELL-00002,WELL-00002_20170811170000,0,2017-08-11T17:00:00.000000000,21547,unlabeled>normal
WELL-00002,WELL-00002_20170811220000,0,2017-08-11T22:00:00.000000000,21506,unlabeled>normal
WELL-00002,WELL-00002_20170812030000,0,2017-08-12T03:00:00.000000000,21560,unlabeled>normal
WELL-00002,WELL-00002_20170812080000,0,2017-08-12T08:00:00.000000000,21520,unlabeled>normal
WELL-00002,WELL-00002_20170812130000,0,2017-08-12T13:00:00.000000000,21142,unlabeled>normal
WELL-00002,WELL-00002_20170812180000,0,2017-08-12T18:00:00.000000000,21439,unlabeled>normal
WELL-00002,WELL-00002_20170812230000,0,2017-08-12T23:00:00.000000000,21506,unlabeled>normal
WELL-00002,WELL-00002_20170813040000,0,2017-08-13T04:00:00.000000000,21560,unlabeled>normal
WELL-00002,WELL-00002_20170813090000,0,2017-08-13T09:00:00.000000000,21520,unlabeled>normal
WELL-00002,WELL-00002_20170813140000,0,2017-08-13T14:00:00.000000000,21528,unlabeled>normal
WELL-00003,WELL-00003_20170514000000,0,2017-05-14T00:00:00.000000000,21532,unlabeled>normal
WELL-00003,WELL-00003_20170514050000,0,2017-05-14T05:00:00.000000000,21166,unlabeled>normal
WELL-00003,WELL-00003_20170514100000,0,2017-05-14T10:00:00.000000000,21239,unlabeled>normal
WELL-00003,WELL-00003_20170514150000,0,2017-05-14T15:00:00.000000000,21227,unlabeled>normal
WELL-00003,WELL-00003_20170807090000,0,2017-08-07T09:00:00.000000000,21575,unlabeled>normal
WELL-00003,WELL-00003_20170812010116,0,2017-08-12T01:01:16.000000000,21186,unlabeled>normal
WELL-00003,WELL-00003_20170812060038,0,2017-08-12T06:00:38.000000000,21311,unlabeled>normal
WELL-00003,WELL-00003_20170812110000,0,2017-08-12T11:00:00.000000000,21484,unlabeled>normal
WELL-00003,WELL-00003_20170812160025,0,2017-08-12T16:00:25.000000000,21458,unlabeled>normal
WELL-00003,WELL-00003_20170812210116,0,2017-08-12T21:01:16.000000000,21349,unlabeled>normal
WELL-00003,WELL-00003_20170813020000,0,2017-08-13T02:00:00.000000000,21356,unlabeled>normal
WELL-00003,WELL-00003_20170813070105,0,2017-08-13T07:01:05.000000000,21448,unlabeled>normal
WELL-00003,WELL-00003_20170813120131,0,2017-08-13T12:01:31.000000000,21396,unlabeled>normal
WELL-00003,WELL-00003_20170813170118,0,2017-08-13T17:01:18.000000000,21444,unlabeled>normal
WELL-00003,WELL-00003_20170820220053,0,2017-08-20T22:00:53.000000000,21548,unlabeled>normal
WELL-00003,WELL-00003_20170821030114,0,2017-08-21T03:01:14.000000000,21527,unlabeled>normal
WELL-00003,WELL-00003_20170821080300,0,2017-08-21T08:03:00.000000000,21421,unlabeled>normal
WELL-00003,WELL-00003_20170821130207,0,2017-08-21T13:02:07.000000000,21474,unlabeled>normal
WELL-00003,WELL-00003_20170914100000,0,2017-09-14T10:00:00.000000000,21510,unlabeled>normal
WELL-00003,WELL-00003_20170914150000,0,2017-09-14T15:00:00.000000000,21484,unlabeled>normal
WELL-00003,WELL-00003_20170914200000,0,2017-09-14T20:00:00.000000000,21536,unlabeled>normal
WELL-00003,WELL-00003_20170915010000,0,2017-09-15T01:00:00.000000000,21484,unlabeled>normal
WELL-00003,WELL-00003_20170915060000,0,2017-09-15T06:00:00.000000000,21458,unlabeled>normal
WELL-00003,WELL-00003_20170915110000,0,2017-09-15T11:00:00.000000000,21432,unlabeled>normal
WELL-00003,WELL-00003_20170915160000,0,2017-09-15T16:00:00.000000000,21549,unlabeled>normal
WELL-00003,WELL-00003_20170915210000,0,2017-09-15T21:00:00.000000000,21549,unlabeled>normal
WELL-00004,WELL-00004_20140806210033,0,2014-08-06T21:00:33.000000000,10768,unlabeled>normal
WELL-00004,WELL-00004_20140806230129,0,2014-08-06T23:01:29.000000000,10712,unlabeled>normal
WELL-00004,WELL-00004_20140807010107,0,2014-08-07T01:01:07.000000000,10734,unlabeled>normal
WELL-00004,WELL-00004_20140807030137,0,2014-08-07T03:01:37.000000000,10704,unlabeled>normal
WELL-00004,WELL-00004_20140807050141,0,2014-08-07T05:01:41.000000000,10700,unlabeled>normal
WELL-00004,WELL-00004_20140807070055,0,2014-08-07T07:00:55.000000000,10746,unlabeled>normal
WELL-00004,WELL-00004_20140807090112,0,2014-08-07T09:01:12.000000000,10729,unlabeled>normal
WELL-00004,WELL-00004_20140807110112,0,2014-08-07T11:01:12.000000000,10729,unlabeled>normal
WELL-00004,WELL-00004_20140807130038,0,2014-08-07T13:00:38.000000000,10763,unlabeled>normal
WELL-00004,WELL-00004_20140807150311,0,2014-08-07T15:03:11.000000000,10610,unlabeled>normal
WELL-00004,WELL-00004_20140807170050,0,2014-08-07T17:00:50.000000000,10751,unlabeled>normal
WELL-00004,WELL-00004_20140807190042,0,2014-08-07T19:00:42.000000000,10759,unlabeled>normal
WELL-00005,WELL-00005_20170331050014,0,2017-03-31T05:00:14.000000000,21514,unlabeled>normal
WELL-00005,WELL-00005_20170331100000,0,2017-03-31T10:00:00.000000000,21455,unlabeled>normal
WELL-00005,WELL-00005_20170331150000,0,2017-03-31T15:00:00.000000000,21513,unlabeled>normal
WELL-00005,WELL-00005_20170331200112,0,2017-03-31T20:01:12.000000000,21529,unlabeled>normal
WELL-00005,WELL-00005_20170401010000,0,2017-04-01T01:00:00.000000000,21499,unlabeled>normal
WELL-00005,WELL-00005_20170401060000,0,2017-04-01T06:00:00.000000000,21542,unlabeled>normal
WELL-00005,WELL-00005_20170401110141,0,2017-04-01T11:01:41.000000000,21470,unlabeled>normal
WELL-00005,WELL-00005_20170401160000,0,2017-04-01T16:00:00.000000000,21557,unlabeled>normal
WELL-00005,WELL-00005_20170401210156,0,2017-04-01T21:01:56.000000000,21455,unlabeled>normal
WELL-00005,WELL-00005_20170402020029,0,2017-04-02T02:00:29.000000000,21470,unlabeled>normal
WELL-00005,WELL-00005_20170402070043,0,2017-04-02T07:00:43.000000000,21499,unlabeled>normal
WELL-00005,WELL-00005_20170402120029,0,2017-04-02T12:00:29.000000000,21426,unlabeled>normal
WELL-00005,WELL-00005_20170402170043,0,2017-04-02T17:00:43.000000000,21470,unlabeled>normal
WELL-00005,WELL-00005_20170402220127,0,2017-04-02T22:01:27.000000000,21441,unlabeled>normal
WELL-00005,WELL-00005_20170403030000,0,2017-04-03T03:00:00.000000000,21484,unlabeled>normal
WELL-00005,WELL-00005_20170403080000,0,2017-04-03T08:00:00.000000000,21528,unlabeled>normal
WELL-00005,WELL-00005_20170403130000,0,2017-04-03T13:00:00.000000000,21513,unlabeled>normal
WELL-00005,WELL-00005_20170403180000,0,2017-04-03T18:00:00.000000000,21484,unlabeled>normal
WELL-00005,WELL-00005_20170403230043,0,2017-04-03T23:00:43.000000000,21558,unlabeled>normal
WELL-00005,WELL-00005_20170516040046,0,2017-05-16T04:00:46.000000000,14269,unlabeled>normal
WELL-00005,WELL-00005_20170516070038,0,2017-05-16T07:00:38.000000000,14363,unlabeled>normal
WELL-00005,WELL-00005_20170516100000,0,2017-05-16T10:00:00.000000000,14284,unlabeled>normal
WELL-00005,WELL-00005_20170516130007,0,2017-05-16T13:00:07.000000000,14300,unlabeled>normal
WELL-00005,WELL-00005_20170516160000,0,2017-05-16T16:00:00.000000000,14330,unlabeled>normal
WELL-00005,WELL-00005_20170516190038,0,2017-05-16T19:00:38.000000000,14300,unlabeled>normal
WELL-00005,WELL-00005_20170516220000,0,2017-05-16T22:00:00.000000000,14354,unlabeled>normal
WELL-00005,WELL-00005_20170812100000,0,2017-08-12T10:00:00.000000000,14133,unlabeled>normal
WELL-00005,WELL-00005_20170812130000,0,2017-08-12T13:00:00.000000000,14079,unlabeled>normal
WELL-00005,WELL-00005_20170812160000,0,2017-08-12T16:00:00.000000000,13964,unlabeled>normal
WELL-00005,WELL-00005_20170812190000,0,2017-08-12T19:00:00.000000000,14133,unlabeled>normal
WELL-00005,WELL-00005_20170812220000,0,2017-08-12T22:00:00.000000000,14365,unlabeled>normal
WELL-00005,WELL-00005_20170813010000,0,2017-08-13T01:00:00.000000000,14178,unlabeled>normal
WELL-00005,WELL-00005_20170813040000,0,2017-08-13T04:00:00.000000000,14124,unlabeled>normal
WELL-00005,WELL-00005_20170813070000,0,2017-08-13T07:00:00.000000000,14374,unlabeled>normal
WELL-00005,WELL-00005_20170813100000,0,2017-08-13T10:00:00.000000000,14258,unlabeled>normal
WELL-00005,WELL-00005_20170813130000,0,2017-08-13T13:00:00.000000000,14347,unlabeled>normal
WELL-00005,WELL-00005_20170813160000,0,2017-08-13T16:00:00.000000000,14293,unlabeled>normal
WELL-00005,WELL-00005_20170813190000,0,2017-08-13T19:00:00.000000000,14293,unlabeled>normal
WELL-00005,WELL-00005_20170813220000,0,2017-08-13T22:00:00.000000000,14356,unlabeled>normal
WELL-00005,WELL-00005_20170814010000,0,2017-08-14T01:00:00.000000000,14195,unlabeled>normal
WELL-00005,WELL-00005_20170814040000,0,2017-08-14T04:00:00.000000000,14285,unlabeled>normal
WELL-00005,WELL-00005_20170814070000,0,2017-08-14T07:00:00.000000000,14320,unlabeled>normal
WELL-00005,WELL-00005_20170814100000,0,2017-08-14T10:00:00.000000000,13946,unlabeled>normal
WELL-00005,WELL-00005_20170814130000,0,2017-08-14T13:00:00.000000000,14374,unlabeled>normal
WELL-00005,WELL-00005_20170814160000,0,2017-08-14T16:00:00.000000000,14062,unlabeled>normal
WELL-00005,WELL-00005_20170814190000,0,2017-08-14T19:00:00.000000000,14347,unlabeled>normal
WELL-00005,WELL-00005_20170814220000,0,2017-08-14T22:00:00.000000000,14017,unlabeled>normal
WELL-00005,WELL-00005_20170815040000,0,2017-08-15T04:00:00.000000000,14266,unlabeled>normal
WELL-00005,WELL-00005_20170815070000,0,2017-08-15T07:00:00.000000000,14231,unlabeled>normal
WELL-00005,WELL-00005_20170815100000,0,2017-08-15T10:00:00.000000000,14106,unlabeled>normal
WELL-00005,WELL-00005_20170815130000,0,2017-08-15T13:00:00.000000000,14267,unlabeled>normal
WELL-00005,WELL-00005_20170815160000,0,2017-08-15T16:00:00.000000000,14258,unlabeled>normal
WELL-00005,WELL-00005_20170815190000,0,2017-08-15T19:00:00.000000000,14302,unlabeled>normal
WELL-00005,WELL-00005_20170815220000,0,2017-08-15T22:00:00.000000000,14276,unlabeled>normal
WELL-00005,WELL-00005_20170816010000,0,2017-08-16T01:00:00.000000000,14249,unlabeled>normal
WELL-00005,WELL-00005_20170816040000,0,2017-08-16T04:00:00.000000000,14383,unlabeled>normal
WELL-00005,WELL-00005_20170816070000,0,2017-08-16T07:00:00.000000000,14311,unlabeled>normal
WELL-00005,WELL-00005_20170816100000,0,2017-08-16T10:00:00.000000000,14338,unlabeled>normal
WELL-00005,WELL-00005_20170816130000,0,2017-08-16T13:00:00.000000000,14097,unlabeled>normal
WELL-00005,WELL-00005_20170816160000,0,2017-08-16T16:00:00.000000000,14204,unlabeled>normal
WELL-00005,WELL-00005_20170816190000,0,2017-08-16T19:00:00.000000000,14347,unlabeled>normal
WELL-00005,WELL-00005_20170816220000,0,2017-08-16T22:00:00.000000000,14383,unlabeled>normal
WELL-00005,WELL-00005_20170817010000,0,2017-08-17T01:00:00.000000000,14347,unlabeled>normal
WELL-00005,WELL-00005_20170817040000,0,2017-08-17T04:00:00.000000000,14213,unlabeled>normal
WELL-00005,WELL-00005_20170817070000,0,2017-08-17T07:00:00.000000000,14374,unlabeled>normal
WELL-00005,WELL-00005_20170817100000,0,2017-08-17T10:00:00.000000000,14276,unlabeled>normal
WELL-00005,WELL-00005_20170817130000,0,2017-08-17T13:00:00.000000000,14293,unlabeled>normal
WELL-00005,WELL-00005_20170817160000,0,2017-08-17T16:00:00.000000000,14160,unlabeled>normal
WELL-00005,WELL-00005_20170817190000,0,2017-08-17T19:00:00.000000000,14249,unlabeled>normal
WELL-00005,WELL-00005_20170830050000,0,2017-08-30T05:00:00.000000000,14377,unlabeled>normal
WELL-00005,WELL-00005_20170830080000,0,2017-08-30T08:00:00.000000000,14282,unlabeled>normal
WELL-00005,WELL-00005_20170830110000,0,2017-08-30T11:00:00.000000000,14274,unlabeled>normal
WELL-00005,WELL-00005_20170830140000,0,2017-08-30T14:00:00.000000000,14377,unlabeled>normal
WELL-00005,WELL-00005_20170830170000,0,2017-08-30T17:00:00.000000000,14266,unlabeled>normal
WELL-00005,WELL-00005_20170830200000,0,2017-08-30T20:00:00.000000000,14306,unlabeled>normal
WELL-00005,WELL-00005_20170910020004,0,2017-09-10T02:00:04.000000000,10772,unlabeled>normal
WELL-00005,WELL-00005_20170910040000,0,2017-09-10T04:00:00.000000000,10732,unlabeled>normal
WELL-00005,WELL-00005_20170910060000,0,2017-09-10T06:00:00.000000000,10742,unlabeled>normal
WELL-00005,WELL-00005_20170910080000,0,2017-09-10T08:00:00.000000000,10708,unlabeled>normal
WELL-00005,WELL-00005_20170910100000,0,2017-09-10T10:00:00.000000000,10727,unlabeled>normal
WELL-00005,WELL-00005_20170910120000,0,2017-09-10T12:00:00.000000000,10668,unlabeled>normal
WELL-00006,WELL-00006_20170206210031,0,2017-02-06T21:00:31.000000000,21570,unlabeled>normal
WELL-00006,WELL-00006_20170207020135,0,2017-02-07T02:01:35.000000000,21506,unlabeled>normal
WELL-00006,WELL-00006_20170207070124,0,2017-02-07T07:01:24.000000000,21517,unlabeled>normal
WELL-00006,WELL-00006_20170207120228,0,2017-02-07T12:02:28.000000000,21453,unlabeled>normal
WELL-00006,WELL-00006_20170207170042,0,2017-02-07T17:00:42.000000000,21559,unlabeled>normal
WELL-00006,WELL-00006_20170207220207,0,2017-02-07T22:02:07.000000000,21474,unlabeled>normal
WELL-00006,WELL-00006_20170208030124,0,2017-02-08T03:01:24.000000000,21517,unlabeled>normal
WELL-00006,WELL-00006_20170208080053,0,2017-02-08T08:00:53.000000000,21548,unlabeled>normal
WELL-00006,WELL-00006_20170208130146,0,2017-02-08T13:01:46.000000000,21495,unlabeled>normal
WELL-00006,WELL-00006_20170208180207,0,2017-02-08T18:02:07.000000000,21474,unlabeled>normal
WELL-00006,WELL-00006_20170208230114,0,2017-02-08T23:01:14.000000000,21527,unlabeled>normal
WELL-00006,WELL-00006_20170209040042,0,2017-02-09T04:00:42.000000000,21559,unlabeled>normal
WELL-00006,WELL-00006_20170209090207,0,2017-02-09T09:02:07.000000000,21474,unlabeled>normal
WELL-00006,WELL-00006_20170209140146,0,2017-02-09T14:01:46.000000000,21495,unlabeled>normal
WELL-00006,WELL-00006_20170209190114,0,2017-02-09T19:01:14.000000000,21527,unlabeled>normal
WELL-00006,WELL-00006_20170210000135,0,2017-02-10T00:01:35.000000000,21506,unlabeled>normal
WELL-00006,WELL-00006_20170221230000,0,2017-02-21T23:00:00.000000000,21549,unlabeled>normal
WELL-00006,WELL-00006_20170222040000,0,2017-02-22T04:00:00.000000000,21536,unlabeled>normal
WELL-00006,WELL-00006_20170222090000,0,2017-02-22T09:00:00.000000000,21484,unlabeled>normal
WELL-00006,WELL-00006_20170222140000,0,2017-02-22T14:00:00.000000000,21562,unlabeled>normal
WELL-00006,WELL-00006_20170222190000,0,2017-02-22T19:00:00.000000000,21562,unlabeled>normal
WELL-00006,WELL-00006_20170223000000,0,2017-02-23T00:00:00.000000000,21523,unlabeled>normal
WELL-00006,WELL-00006_20170223050000,0,2017-02-23T05:00:00.000000000,21536,unlabeled>normal
WELL-00006,WELL-00006_20170223100000,0,2017-02-23T10:00:00.000000000,21536,unlabeled>normal
WELL-00006,WELL-00006_20170223150000,0,2017-02-23T15:00:00.000000000,21575,unlabeled>normal
WELL-00006,WELL-00006_20170223200000,0,2017-02-23T20:00:00.000000000,21497,unlabeled>normal
WELL-00006,WELL-00006_20170224010000,0,2017-02-24T01:00:00.000000000,21433,unlabeled>normal
WELL-00006,WELL-00006_20170224060000,0,2017-02-24T06:00:00.000000000,21471,unlabeled>normal
WELL-00006,WELL-00006_20170224110025,0,2017-02-24T11:00:25.000000000,21576,unlabeled>normal
WELL-00006,WELL-00006_20170224160000,0,2017-02-24T16:00:00.000000000,21562,unlabeled>normal
WELL-00006,WELL-00006_20170505200021,0,2017-05-05T20:00:21.000000000,21580,unlabeled>normal
WELL-00006,WELL-00006_20170506010103,0,2017-05-06T01:01:03.000000000,21538,unlabeled>normal
WELL-00006,WELL-00006_20170506060114,0,2017-05-06T06:01:14.000000000,21527,unlabeled>normal
WELL-00006,WELL-00006_20170506110042,0,2017-05-06T11:00:42.000000000,21559,unlabeled>normal
WELL-00006,WELL-00006_20170506160053,0,2017-05-06T16:00:53.000000000,21548,unlabeled>normal
WELL-00006,WELL-00006_20170506210103,0,2017-05-06T21:01:03.000000000,21538,unlabeled>normal
WELL-00006,WELL-00006_20170507020249,0,2017-05-07T02:02:49.000000000,21432,unlabeled>normal
WELL-00006,WELL-00006_20170507070124,0,2017-05-07T07:01:24.000000000,21517,unlabeled>normal
WELL-00006,WELL-00006_20170507120135,0,2017-05-07T12:01:35.000000000,21506,unlabeled>normal
WELL-00006,WELL-00006_20170507170103,0,2017-05-07T17:01:03.000000000,21538,unlabeled>normal
WELL-00006,WELL-00006_20170507220053,0,2017-05-07T22:00:53.000000000,21548,unlabeled>normal
WELL-00006,WELL-00006_20170508030021,0,2017-05-08T03:00:21.000000000,21580,unlabeled>normal
WELL-00006,WELL-00006_20170508080031,0,2017-05-08T08:00:31.000000000,21570,unlabeled>normal
WELL-00006,WELL-00006_20170508130053,0,2017-05-08T13:00:53.000000000,21548,unlabeled>normal
WELL-00006,WELL-00006_20170508180053,0,2017-05-08T18:00:53.000000000,21548,unlabeled>normal
WELL-00006,WELL-00006_20170508230053,0,2017-05-08T23:00:53.000000000,21548,unlabeled>normal
WELL-00006,WELL-00006_20170509040031,0,2017-05-09T04:00:31.000000000,21570,unlabeled>normal
WELL-00006,WELL-00006_20170509090135,0,2017-05-09T09:01:35.000000000,21506,unlabeled>normal
WELL-00006,WELL-00006_20170509140042,0,2017-05-09T14:00:42.000000000,21559,unlabeled>normal
WELL-00006,WELL-00006_20170509190135,0,2017-05-09T19:01:35.000000000,21506,unlabeled>normal
WELL-00006,WELL-00006_20170815050000,0,2017-08-15T05:00:00.000000000,21575,unlabeled>normal
WELL-00006,WELL-00006_20170815100000,0,2017-08-15T10:00:00.000000000,21510,unlabeled>normal
WELL-00006,WELL-00006_20170815150000,0,2017-08-15T15:00:00.000000000,21510,unlabeled>normal
WELL-00006,WELL-00006_20170815200000,0,2017-08-15T20:00:00.000000000,21536,unlabeled>normal
WELL-00006,WELL-00006_20170816010000,0,2017-08-16T01:00:00.000000000,21368,unlabeled>normal
WELL-00006,WELL-00006_20170816060000,0,2017-08-16T06:00:00.000000000,21394,unlabeled>normal
WELL-00006,WELL-00006_20170816110000,0,2017-08-16T11:00:00.000000000,21239,unlabeled>normal
WELL-00006,WELL-00006_20170816160000,0,2017-08-16T16:00:00.000000000,21536,unlabeled>normal
WELL-00006,WELL-00006_20170816210000,0,2017-08-16T21:00:00.000000000,21265,unlabeled>normal
WELL-00006,WELL-00006_20170817020000,0,2017-08-17T02:00:00.000000000,21549,unlabeled>normal
WELL-00006,WELL-00006_20170817070000,0,2017-08-17T07:00:00.000000000,21226,unlabeled>normal
WELL-00006,WELL-00006_20170817120000,0,2017-08-17T12:00:00.000000000,21562,unlabeled>normal
WELL-00006,WELL-00006_20170817170000,0,2017-08-17T17:00:00.000000000,21536,unlabeled>normal
WELL-00006,WELL-00006_20170817220000,0,2017-08-17T22:00:00.000000000,21459,unlabeled>normal
WELL-00006,WELL-00006_20170818030000,0,2017-08-18T03:00:00.000000000,21446,unlabeled>normal
WELL-00006,WELL-00006_20170818080000,0,2017-08-18T08:00:00.000000000,21549,unlabeled>normal
WELL-00006,WELL-00006_20170818130000,0,2017-08-18T13:00:00.000000000,21536,unlabeled>normal
WELL-00006,WELL-00006_20170818180000,0,2017-08-18T18:00:00.000000000,21330,unlabeled>normal
WELL-00006,WELL-00006_20170818230000,0,2017-08-18T23:00:00.000000000,21278,unlabeled>normal
WELL-00006,WELL-00006_20170819040000,0,2017-08-19T04:00:00.000000000,21330,unlabeled>normal
WELL-00006,WELL-00006_20170819090000,0,2017-08-19T09:00:00.000000000,21575,unlabeled>normal
WELL-00006,WELL-00006_20170819140000,0,2017-08-19T14:00:00.000000000,21368,unlabeled>normal
WELL-00006,WELL-00006_20170819190000,0,2017-08-19T19:00:00.000000000,21471,unlabeled>normal
WELL-00006,WELL-00006_20170820000000,0,2017-08-20T00:00:00.000000000,21355,unlabeled>normal
WELL-00006,WELL-00006_20170820050000,0,2017-08-20T05:00:00.000000000,21562,unlabeled>normal
WELL-00006,WELL-00006_20170820100000,0,2017-08-20T10:00:00.000000000,21549,unlabeled>normal
WELL-00006,WELL-00006_20170820150000,0,2017-08-20T15:00:00.000000000,21484,unlabeled>normal
WELL-00006,WELL-00006_20170820200000,0,2017-08-20T20:00:00.000000000,21446,unlabeled>normal
WELL-00006,WELL-00006_20170821010000,0,2017-08-21T01:00:00.000000000,21536,unlabeled>normal
WELL-00006,WELL-00006_20170821060000,0,2017-08-21T06:00:00.000000000,21549,unlabeled>normal
WELL-00006,WELL-00006_20170821110000,0,2017-08-21T11:00:00.000000000,21420,unlabeled>normal
WELL-00006,WELL-00006_20170821160000,0,2017-08-21T16:00:00.000000000,21497,unlabeled>normal
WELL-00006,WELL-00006_20170821210000,0,2017-08-21T21:00:00.000000000,21433,unlabeled>normal
WELL-00006,WELL-00006_20170822020000,0,2017-08-22T02:00:00.000000000,21523,unlabeled>normal
WELL-00006,WELL-00006_20170822170000,0,2017-08-22T17:00:00.000000000,21536,unlabeled>normal
WELL-00006,WELL-00006_20170822220000,0,2017-08-22T22:00:00.000000000,21484,unlabeled>normal
WELL-00006,WELL-00006_20170823030000,0,2017-08-23T03:00:00.000000000,21575,unlabeled>normal
WELL-00006,WELL-00006_20170823080000,0,2017-08-23T08:00:00.000000000,21536,unlabeled>normal
WELL-00006,WELL-00006_20170823130000,0,2017-08-23T13:00:00.000000000,21381,unlabeled>normal
WELL-00006,WELL-00006_20170823180000,0,2017-08-23T18:00:00.000000000,21549,unlabeled>normal
WELL-00006,WELL-00006_20170823230000,0,2017-08-23T23:00:00.000000000,21536,unlabeled>normal
WELL-00006,WELL-00006_20170824040000,0,2017-08-24T04:00:00.000000000,21433,unlabeled>normal
WELL-00006,WELL-00006_20170824090000,0,2017-08-24T09:00:00.000000000,21549,unlabeled>normal
WELL-00006,WELL-00006_20170824140000,0,2017-08-24T14:00:00.000000000,21471,unlabeled>normal
WELL-00006,WELL-00006_20170824190135,0,2017-08-24T19:01:35.000000000,21506,unlabeled>normal
WELL-00006,WELL-00006_20170825000042,0,2017-08-25T00:00:42.000000000,21559,unlabeled>normal
WELL-00006,WELL-00006_20170825050135,0,2017-08-25T05:01:35.000000000,21506,unlabeled>normal
WELL-00006,WELL-00006_20170825100249,0,2017-08-25T10:02:49.000000000,21432,unlabeled>normal
WELL-00006,WELL-00006_20170825150135,0,2017-08-25T15:01:35.000000000,21506,unlabeled>normal
WELL-00006,WELL-00006_20170825200053,0,2017-08-25T20:00:53.000000000,21548,unlabeled>normal
WELL-00006,WELL-00006_20170826010207,0,2017-08-26T01:02:07.000000000,21474,unlabeled>normal
WELL-00006,WELL-00006_20170826060135,0,2017-08-26T06:01:35.000000000,21506,unlabeled>normal
WELL-00006,WELL-00006_20170826110103,0,2017-08-26T11:01:03.000000000,21538,unlabeled>normal
WELL-00006,WELL-00006_20170826160103,0,2017-08-26T16:01:03.000000000,21538,unlabeled>normal
WELL-00006,WELL-00006_20170826210114,0,2017-08-26T21:01:14.000000000,21527,unlabeled>normal
WELL-00006,WELL-00006_20170827020218,0,2017-08-27T02:02:18.000000000,21463,unlabeled>normal
WELL-00006,WELL-00006_20170827070114,0,2017-08-27T07:01:14.000000000,21527,unlabeled>normal
WELL-00006,WELL-00006_20170827120321,0,2017-08-27T12:03:21.000000000,21400,unlabeled>normal
WELL-00006,WELL-00006_20170827170146,0,2017-08-27T17:01:46.000000000,21495,unlabeled>normal
WELL-00006,WELL-00006_20170827220218,0,2017-08-27T22:02:18.000000000,21463,unlabeled>normal
WELL-00006,WELL-00006_20170828030343,0,2017-08-28T03:03:43.000000000,21378,unlabeled>normal
WELL-00006,WELL-00006_20170828080311,0,2017-08-28T08:03:11.000000000,21410,unlabeled>normal
WELL-00006,WELL-00006_20170828130031,0,2017-08-28T13:00:31.000000000,21570,unlabeled>normal
WELL-00007,WELL-00007_20170801170000,0,2017-08-01T17:00:00.000000000,10785,unlabeled>normal
WELL-00007,WELL-00007_20170801190000,0,2017-08-01T19:00:00.000000000,10785,unlabeled>normal
WELL-00008,WELL-00008_20170610210246,0,2017-06-10T21:02:46.000000000,21209,unlabeled>normal
WELL-00008,WELL-00008_20170611020246,0,2017-06-11T02:02:46.000000000,21304,unlabeled>normal
WELL-00008,WELL-00008_20170611070445,0,2017-06-11T07:04:45.000000000,21137,unlabeled>normal
WELL-00008,WELL-00008_20170611120123,0,2017-06-11T12:01:23.000000000,21280,unlabeled>normal
WELL-00008,WELL-00008_20170611170123,0,2017-06-11T17:01:23.000000000,21375,unlabeled>normal
WELL-00008,WELL-00008_20170611220123,0,2017-06-11T22:01:23.000000000,21399,unlabeled>normal
WELL-00008,WELL-00008_20170612030000,0,2017-06-12T03:00:00.000000000,21517,unlabeled>normal
WELL-00008,WELL-00008_20170612080246,0,2017-06-12T08:02:46.000000000,21292,unlabeled>normal
WELL-00008,WELL-00008_20170612130047,0,2017-06-12T13:00:47.000000000,21470,unlabeled>normal
WELL-00008,WELL-00008_20170612180111,0,2017-06-12T18:01:11.000000000,21458,unlabeled>normal
WELL-00008,WELL-00008_20170612230222,0,2017-06-12T23:02:22.000000000,21387,unlabeled>normal
WELL-00008,WELL-00008_20170613210222,0,2017-06-13T21:02:22.000000000,21292,unlabeled>normal
WELL-00008,WELL-00008_20170614020135,0,2017-06-14T02:01:35.000000000,21422,unlabeled>normal
WELL-00008,WELL-00008_20170614070246,0,2017-06-14T07:02:46.000000000,21233,unlabeled>normal
WELL-00008,WELL-00008_20170614120135,0,2017-06-14T12:01:35.000000000,21220,unlabeled>normal
WELL-00008,WELL-00008_20170614170123,0,2017-06-14T17:01:23.000000000,21399,unlabeled>normal
WELL-00008,WELL-00008_20170614220333,0,2017-06-14T22:03:33.000000000,21186,unlabeled>normal
WELL-00008,WELL-00008_20170615030123,0,2017-06-15T03:01:23.000000000,21446,unlabeled>normal
WELL-00008,WELL-00008_20170615080234,0,2017-06-15T08:02:34.000000000,21292,unlabeled>normal
WELL-00008,WELL-00008_20170615130310,0,2017-06-15T13:03:10.000000000,21197,unlabeled>normal
WELL-00008,WELL-00008_20170615180111,0,2017-06-15T18:01:11.000000000,21316,unlabeled>normal
WELL-00008,WELL-00008_20170629160123,0,2017-06-29T16:01:23.000000000,21292,unlabeled>normal
WELL-00008,WELL-00008_20170629210321,0,2017-06-29T21:03:21.000000000,21174,unlabeled>normal
WELL-00008,WELL-00008_20170630020222,0,2017-06-30T02:02:22.000000000,21268,unlabeled>normal
WELL-00008,WELL-00008_20170630070310,0,2017-06-30T07:03:10.000000000,21197,unlabeled>normal
WELL-00008,WELL-00008_20170630120246,0,2017-06-30T12:02:46.000000000,21268,unlabeled>normal
WELL-00008,WELL-00008_20170630170321,0,2017-06-30T17:03:21.000000000,21126,unlabeled>normal
WELL-00008,WELL-00008_20170630220146,0,2017-06-30T22:01:46.000000000,21245,unlabeled>normal
WELL-00008,WELL-00008_20170701030210,0,2017-07-01T03:02:10.000000000,21280,unlabeled>normal
WELL-00008,WELL-00008_20170701080222,0,2017-07-01T08:02:22.000000000,21221,unlabeled>normal
WELL-00008,WELL-00008_20170701130135,0,2017-07-01T13:01:35.000000000,21399,unlabeled>normal
WELL-00008,WELL-00008_20170701180222,0,2017-07-01T18:02:22.000000000,21161,unlabeled>normal
WELL-00008,WELL-00008_20170701230246,0,2017-07-01T23:02:46.000000000,21280,unlabeled>normal
WELL-00008,WELL-00008_20170702040135,0,2017-07-02T04:01:35.000000000,21292,unlabeled>normal
WELL-00008,WELL-00008_20170702090222,0,2017-07-02T09:02:22.000000000,21316,unlabeled>normal
WELL-00008,WELL-00008_20170702140532,0,2017-07-02T14:05:32.000000000,20960,unlabeled>normal
WELL-00008,WELL-00008_20170702190135,0,2017-07-02T19:01:35.000000000,21280,unlabeled>normal
WELL-00008,WELL-00008_20170703000445,0,2017-07-03T00:04:45.000000000,21220,unlabeled>normal
WELL-00008,WELL-00008_20170703050123,0,2017-07-03T05:01:23.000000000,21327,unlabeled>normal
WELL-00008,WELL-00008_20170816130222,0,2017-08-16T13:02:22.000000000,21233,unlabeled>normal
WELL-00008,WELL-00008_20170816180321,0,2017-08-16T18:03:21.000000000,21269,unlabeled>normal
WELL-00008,WELL-00008_20170816230146,0,2017-08-16T23:01:46.000000000,21388,unlabeled>normal
WELL-00008,WELL-00008_20170817040135,0,2017-08-17T04:01:35.000000000,21304,unlabeled>normal
WELL-00008,WELL-00008_20170817090246,0,2017-08-17T09:02:46.000000000,21102,unlabeled>normal
WELL-00008,WELL-00008_20170817140222,0,2017-08-17T14:02:22.000000000,21292,unlabeled>normal
WELL-00008,WELL-00008_20170817190123,0,2017-08-17T19:01:23.000000000,21351,unlabeled>normal
WELL-00008,WELL-00008_20170818000222,0,2017-08-18T00:02:22.000000000,21328,unlabeled>normal
WELL-00008,WELL-00008_20170818050210,0,2017-08-18T05:02:10.000000000,21280,unlabeled>normal
WELL-00008,WELL-00008_20170818100258,0,2017-08-18T10:02:58.000000000,21197,unlabeled>normal
WELL-00008,WELL-00008_20170818150123,0,2017-08-18T15:01:23.000000000,21351,unlabeled>normal
WELL-00008,WELL-00008_20170818200310,0,2017-08-18T20:03:10.000000000,21315,unlabeled>normal
WELL-00008,WELL-00008_20170819010123,0,2017-08-19T01:01:23.000000000,21422,unlabeled>normal
WELL-00008,WELL-00008_20170819060246,0,2017-08-19T06:02:46.000000000,21244,unlabeled>normal
WELL-00008,WELL-00008_20170819110210,0,2017-08-19T11:02:10.000000000,21292,unlabeled>normal
WELL-00008,WELL-00008_20170914010321,0,2017-09-14T01:03:21.000000000,21304,unlabeled>normal
WELL-00008,WELL-00008_20170914060222,0,2017-09-14T06:02:22.000000000,21280,unlabeled>normal
WELL-00008,WELL-00008_20170914110246,0,2017-09-14T11:02:46.000000000,21233,unlabeled>normal
WELL-00019,WELL-00019_20170307235203,0,2017-03-07T23:52:03.000000000,143231,unlabeled>normal
WELL-00001,WELL-00001_20140124083303,1,2014-01-24T08:33:03.000000000,62068,unlabeled>normal>transient>event
WELL-00002,WELL-00002_20140126180030,1,2014-01-26T18:00:30.000000000,17971,unlabeled>normal>transient>event
WELL-00006,WELL-00006_20170731170930,1,2017-07-31T17:09:30.000000000,99331,unlabeled>normal>transient>event
WELL-00006,WELL-00006_20180617190257,1,2018-06-17T19:02:57.000000000,57424,unlabeled>normal>transient>event
WELL-00002,WELL-00002_20131104004101,2,2013-11-04T00:41:01.000000000,12721,unlabeled>normal>transient>event
WELL-00003,WELL-00003_20141122190000,2,2014-11-22T19:00:00.000000000,19290,unlabeled>normal>transient>event
WELL-00003,WELL-00003_20170728130240,2,2017-07-28T13:02:40.000000000,15780,unlabeled>normal>transient>event
WELL-00003,WELL-00003_20180206171508,2,2018-02-06T17:15:08.000000000,10829,unlabeled>normal>transient>event
WELL-00009,WELL-00009_20170313150804,2,2017-03-13T15:08:04.000000000,10338,unlabeled>normal>transient>event
WELL-00010,WELL-00010_20171218180131,2,2017-12-18T18:01:31.000000000,13409,unlabeled>normal>transient>event
WELL-00011,WELL-00011_20140515083000,2,2014-05-15T08:30:00.000000000,30601,unlabeled>normal>transient>event
WELL-00011,WELL-00011_20140530083203,2,2014-05-30T08:32:03.000000000,7272,unlabeled>normal>transient
WELL-00011,WELL-00011_20140606213810,2,2014-06-06T21:38:10.000000000,18217,unlabeled>normal>transient>event
WELL-00011,WELL-00011_20140720110102,2,2014-07-20T11:01:02.000000000,15551,unlabeled>normal>transient
WELL-00011,WELL-00011_20140726165720,2,2014-07-26T16:57:20.000000000,7225,unlabeled>normal>transient
WELL-00011,WELL-00011_20140823230118,2,2014-08-23T23:01:18.000000000,21523,unlabeled>normal>transient>event
WELL-00011,WELL-00011_20140916050300,2,2014-09-16T05:03:00.000000000,9214,unlabeled>normal>transient
WELL-00011,WELL-00011_20140921183228,2,2014-09-21T18:32:28.000000000,8007,unlabeled>normal>transient
WELL-00011,WELL-00011_20140928090056,2,2014-09-28T09:00:56.000000000,9193,unlabeled>normal>transient
WELL-00011,WELL-00011_20140929153332,2,2014-09-29T15:33:32.000000000,7918,unlabeled>normal>transient
WELL-00011,WELL-00011_20140929210121,2,2014-09-29T21:01:21.000000000,8232,unlabeled>normal>transient
WELL-00011,WELL-00011_20141005160056,2,2014-10-05T16:00:56.000000000,8715,unlabeled>normal>transient
WELL-00011,WELL-00011_20141006150121,2,2014-10-06T15:01:21.000000000,8056,unlabeled>normal>transient
WELL-00012,WELL-00012_20170320011000,2,2017-03-20T01:10:00.000000000,10539,unlabeled>normal>transient>event
WELL-00012,WELL-00012_20170320123144,2,2017-03-20T12:31:44.000000000,10553,unlabeled>normal>transient
WELL-00013,WELL-00013_20170329010229,2,2017-03-29T01:02:29.000000000,13818,unlabeled>normal>transient>event
WELL-00001,WELL-00001_20170320120025,3,2017-03-20T12:00:25.000000000,21576,unlabeled>event
WELL-00014,WELL-00014_20170917140000,3,2017-09-17T14:00:00.000000000,21376,unlabeled>event
WELL-00014,WELL-00014_20170917190000,3,2017-09-17T19:00:00.000000000,21562,unlabeled>event
WELL-00014,WELL-00014_20170918010114,3,2017-09-18T01:01:14.000000000,21527,unlabeled>event
WELL-00014,WELL-00014_20170918060135,3,2017-09-18T06:01:35.000000000,21506,unlabeled>event
WELL-00014,WELL-00014_20170918110103,3,2017-09-18T11:01:03.000000000,21538,unlabeled>event
WELL-00014,WELL-00014_20170919200016,3,2017-09-19T20:00:16.000000000,17985,unlabeled>event
WELL-00014,WELL-00014_20170920000042,3,2017-09-20T00:00:42.000000000,21559,unlabeled>event
WELL-00014,WELL-00014_20170920050228,3,2017-09-20T05:02:28.000000000,21453,unlabeled>event
WELL-00014,WELL-00014_20170920100053,3,2017-09-20T10:00:53.000000000,21548,unlabeled>event
WELL-00014,WELL-00014_20170920180207,3,2017-09-20T18:02:07.000000000,21474,unlabeled>event
WELL-00014,WELL-00014_20170920230053,3,2017-09-20T23:00:53.000000000,21548,unlabeled>event
WELL-00014,WELL-00014_20170921040404,3,2017-09-21T04:04:04.000000000,21357,unlabeled>event
WELL-00014,WELL-00014_20170921090155,3,2017-09-21T09:01:55.000000000,21338,unlabeled>event
WELL-00014,WELL-00014_20170921140042,3,2017-09-21T14:00:42.000000000,21559,unlabeled>event
WELL-00014,WELL-00014_20170921190114,3,2017-09-21T19:01:14.000000000,21527,unlabeled>event
WELL-00014,WELL-00014_20170922000042,3,2017-09-22T00:00:42.000000000,21559,unlabeled>event
WELL-00014,WELL-00014_20170922050124,3,2017-09-22T05:01:24.000000000,21517,unlabeled>event
WELL-00014,WELL-00014_20170922100042,3,2017-09-22T10:00:42.000000000,21559,unlabeled>event
WELL-00014,WELL-00014_20170922150249,3,2017-09-22T15:02:49.000000000,21432,unlabeled>event
WELL-00014,WELL-00014_20170925000031,3,2017-09-25T00:00:31.000000000,21570,unlabeled>event
WELL-00014,WELL-00014_20170925050042,3,2017-09-25T05:00:42.000000000,21559,unlabeled>event
WELL-00014,WELL-00014_20170925100124,3,2017-09-25T10:01:24.000000000,21517,unlabeled>event
WELL-00014,WELL-00014_20170925150218,3,2017-09-25T15:02:18.000000000,21463,unlabeled>event
WELL-00014,WELL-00014_20170925200042,3,2017-09-25T20:00:42.000000000,21559,unlabeled>event
WELL-00014,WELL-00014_20170926010340,3,2017-09-26T01:03:40.000000000,21195,unlabeled>event
WELL-00014,WELL-00014_20170926060042,3,2017-09-26T06:00:42.000000000,21559,unlabeled>event
WELL-00014,WELL-00014_20170926110103,3,2017-09-26T11:01:03.000000000,21355,unlabeled>event
WELL-00014,WELL-00014_20170926160228,3,2017-09-26T16:02:28.000000000,21453,unlabeled>event
WELL-00014,WELL-00014_20171028070000,3,2017-10-28T07:00:00.000000000,21575,unlabeled>event
WELL-00014,WELL-00014_20171028120000,3,2017-10-28T12:00:00.000000000,21562,unlabeled>event
WELL-00014,WELL-00014_20171028170038,3,2017-10-28T17:00:38.000000000,21485,unlabeled>event
WELL-00001,WELL-00001_20170316110203,4,2017-03-16T11:02:03.000000000,10678,unlabeled>event
WELL-00001,WELL-00001_20170316130000,4,2017-03-16T13:00:00.000000000,10749,unlabeled>event
WELL-00001,WELL-00001_20170316150005,4,2017-03-16T15:00:05.000000000,10770,unlabeled>event
WELL-00001,WELL-00001_20170316170000,4,2017-03-16T17:00:00.000000000,10775,unlabeled>event
WELL-00001,WELL-00001_20170316190000,4,2017-03-16T19:00:00.000000000,10785,unlabeled>event
WELL-00001,WELL-00001_20170316210000,4,2017-03-16T21:00:00.000000000,10780,unlabeled>event
WELL-00001,WELL-00001_20170316230000,4,2017-03-16T23:00:00.000000000,10790,unlabeled>event
WELL-00001,WELL-00001_20170317010000,4,2017-03-17T01:00:00.000000000,10785,unlabeled>event
WELL-00001,WELL-00001_20170317030000,4,2017-03-17T03:00:00.000000000,10764,unlabeled>event
WELL-00001,WELL-00001_20170317050000,4,2017-03-17T05:00:00.000000000,10775,unlabeled>event
WELL-00001,WELL-00001_20170317070000,4,2017-03-17T07:00:00.000000000,10790,unlabeled>event
WELL-00001,WELL-00001_20170317090000,4,2017-03-17T09:00:00.000000000,10770,unlabeled>event
WELL-00001,WELL-00001_20170317110000,4,2017-03-17T11:00:00.000000000,10780,unlabeled>event
WELL-00001,WELL-00001_20170317130005,4,2017-03-17T13:00:05.000000000,10780,unlabeled>event
WELL-00001,WELL-00001_20170317150000,4,2017-03-17T15:00:00.000000000,10785,unlabeled>event
WELL-00001,WELL-00001_20170317170000,4,2017-03-17T17:00:00.000000000,10770,unlabeled>event
WELL-00001,WELL-00001_20170317190000,4,2017-03-17T19:00:00.000000000,10770,unlabeled>event
WELL-00001,WELL-00001_20170317210000,4,2017-03-17T21:00:00.000000000,10785,unlabeled>event
WELL-00001,WELL-00001_20170317230020,4,2017-03-17T23:00:20.000000000,10781,unlabeled>event
WELL-00001,WELL-00001_20170318010000,4,2017-03-18T01:00:00.000000000,10744,unlabeled>event
WELL-00001,WELL-00001_20170318030000,4,2017-03-18T03:00:00.000000000,10785,unlabeled>event
WELL-00001,WELL-00001_20170318050025,4,2017-03-18T05:00:25.000000000,10776,unlabeled>event
WELL-00001,WELL-00001_20170318070000,4,2017-03-18T07:00:00.000000000,10785,unlabeled>event
WELL-00001,WELL-00001_20170318090000,4,2017-03-18T09:00:00.000000000,10770,unlabeled>event
WELL-00001,WELL-00001_20170318110000,4,2017-03-18T11:00:00.000000000,10770,unlabeled>event
WELL-00001,WELL-00001_20170318130000,4,2017-03-18T13:00:00.000000000,10759,unlabeled>event
WELL-00001,WELL-00001_20170319170033,4,2017-03-19T17:00:33.000000000,10758,unlabeled>event
WELL-00001,WELL-00001_20170320180146,4,2017-03-20T18:01:46.000000000,14138,unlabeled>event
WELL-00001,WELL-00001_20170421150000,4,2017-04-21T15:00:00.000000000,10780,unlabeled>event
WELL-00001,WELL-00001_20170421170000,4,2017-04-21T17:00:00.000000000,10780,unlabeled>event
WELL-00001,WELL-00001_20170421190000,4,2017-04-21T19:00:00.000000000,10775,unlabeled>event
WELL-00001,WELL-00001_20170421210000,4,2017-04-21T21:00:00.000000000,10764,unlabeled>event
WELL-00001,WELL-00001_20170421230000,4,2017-04-21T23:00:00.000000000,10702,unlabeled>event
WELL-00001,WELL-00001_20170422010000,4,2017-04-22T01:00:00.000000000,10775,unlabeled>event
WELL-00001,WELL-00001_20170626050000,4,2017-06-26T05:00:00.000000000,10759,unlabeled>event
WELL-00001,WELL-00001_20170626070000,4,2017-06-26T07:00:00.000000000,10775,unlabeled>event
WELL-00002,WELL-00002_20131208220000,4,2013-12-08T22:00:00.000000000,10775,unlabeled>event
WELL-00002,WELL-00002_20131209000000,4,2013-12-09T00:00:00.000000000,10790,unlabeled>event
WELL-00002,WELL-00002_20131209020000,4,2013-12-09T02:00:00.000000000,10775,unlabeled>event
WELL-00002,WELL-00002_20131209040000,4,2013-12-09T04:00:00.000000000,10790,unlabeled>event
WELL-00002,WELL-00002_20131209060000,4,2013-12-09T06:00:00.000000000,10754,unlabeled>event
WELL-00002,WELL-00002_20131209080000,4,2013-12-09T08:00:00.000000000,10759,unlabeled>event
WELL-00002,WELL-00002_20131209100000,4,2013-12-09T10:00:00.000000000,10764,unlabeled>event
WELL-00002,WELL-00002_20131209120000,4,2013-12-09T12:00:00.000000000,10785,unlabeled>event
WELL-00002,WELL-00002_20131212080000,4,2013-12-12T08:00:00.000000000,10775,unlabeled>event
WELL-00002,WELL-00002_20131212100000,4,2013-12-12T10:00:00.000000000,10749,unlabeled>event
WELL-00002,WELL-00002_20131214210010,4,2013-12-14T21:00:10.000000000,10791,unlabeled>event
WELL-00002,WELL-00002_20131214230010,4,2013-12-14T23:00:10.000000000,10791,unlabeled>event
WELL-00002,WELL-00002_20131215010010,4,2013-12-15T01:00:10.000000000,10791,unlabeled>event
WELL-00002,WELL-00002_20131215030036,4,2013-12-15T03:00:36.000000000,10765,unlabeled>event
WELL-00002,WELL-00002_20131215050030,4,2013-12-15T05:00:30.000000000,10771,unlabeled>event
WELL-00002,WELL-00002_20131215070015,4,2013-12-15T07:00:15.000000000,10786,unlabeled>event
WELL-00002,WELL-00002_20131215090025,4,2013-12-15T09:00:25.000000000,10776,unlabeled>event
WELL-00002,WELL-00002_20131215110025,4,2013-12-15T11:00:25.000000000,10776,unlabeled>event
WELL-00002,WELL-00002_20131215130036,4,2013-12-15T13:00:36.000000000,10765,unlabeled>event
WELL-00002,WELL-00002_20131215150122,4,2013-12-15T15:01:22.000000000,10719,unlabeled>event
WELL-00002,WELL-00002_20131215170101,4,2013-12-15T17:01:01.000000000,10740,unlabeled>event
WELL-00002,WELL-00002_20131215190132,4,2013-12-15T19:01:32.000000000,10709,unlabeled>event
WELL-00002,WELL-00002_20131215210107,4,2013-12-15T21:01:07.000000000,10734,unlabeled>event
WELL-00002,WELL-00002_20140109000112,4,2014-01-09T00:01:12.000000000,10729,unlabeled>event
WELL-00002,WELL-00002_20140109020025,4,2014-01-09T02:00:25.000000000,10776,unlabeled>event
WELL-00002,WELL-00002_20140109040025,4,2014-01-09T04:00:25.000000000,10776,unlabeled>event
WELL-00002,WELL-00002_20140109140010,4,2014-01-09T14:00:10.000000000,10791,unlabeled>event
WELL-00002,WELL-00002_20140109160010,4,2014-01-09T16:00:10.000000000,10791,unlabeled>event
WELL-00002,WELL-00002_20140115150010,4,2014-01-15T15:00:10.000000000,10791,unlabeled>event
WELL-00002,WELL-00002_20140115170036,4,2014-01-15T17:00:36.000000000,10765,unlabeled>event
WELL-00002,WELL-00002_20140118230030,4,2014-01-18T23:00:30.000000000,10771,unlabeled>event
WELL-00002,WELL-00002_20140119010020,4,2014-01-19T01:00:20.000000000,10781,unlabeled>event
WELL-00002,WELL-00002_20140119030025,4,2014-01-19T03:00:25.000000000,10776,unlabeled>event
WELL-00002,WELL-00002_20140119050010,4,2014-01-19T05:00:10.000000000,10791,unlabeled>event
WELL-00002,WELL-00002_20140119070138,4,2014-01-19T07:01:38.000000000,10703,unlabeled>event
WELL-00002,WELL-00002_20140119090112,4,2014-01-19T09:01:12.000000000,10729,unlabeled>event
WELL-00002,WELL-00002_20140119110010,4,2014-01-19T11:00:10.000000000,10791,unlabeled>event
WELL-00002,WELL-00002_20140119130010,4,2014-01-19T13:00:10.000000000,10791,unlabeled>event
WELL-00002,WELL-00002_20140119150112,4,2014-01-19T15:01:12.000000000,10729,unlabeled>event
WELL-00002,WELL-00002_20140119170015,4,2014-01-19T17:00:15.000000000,10786,unlabeled>event
WELL-00002,WELL-00002_20140119190132,4,2014-01-19T19:01:32.000000000,10709,unlabeled>event
WELL-00002,WELL-00002_20140119210015,4,2014-01-19T21:00:15.000000000,10786,unlabeled>event
WELL-00002,WELL-00002_20140119230030,4,2014-01-19T23:00:30.000000000,10771,unlabeled>event
WELL-00002,WELL-00002_20140120010025,4,2014-01-20T01:00:25.000000000,10776,unlabeled>event
WELL-00002,WELL-00002_20140120030132,4,2014-01-20T03:01:32.000000000,10709,unlabeled>event
WELL-00002,WELL-00002_20140120050203,4,2014-01-20T05:02:03.000000000,10678,unlabeled>event
WELL-00002,WELL-00002_20140120070122,4,2014-01-20T07:01:22.000000000,10719,unlabeled>event
WELL-00002,WELL-00002_20140120090010,4,2014-01-20T09:00:10.000000000,10791,unlabeled>event
WELL-00002,WELL-00002_20140120110234,4,2014-01-20T11:02:34.000000000,10647,unlabeled>event
WELL-00002,WELL-00002_20140120130224,4,2014-01-20T13:02:24.000000000,10657,unlabeled>event
WELL-00002,WELL-00002_20140120150112,4,2014-01-20T15:01:12.000000000,10729,unlabeled>event
WELL-00002,WELL-00002_20140120170010,4,2014-01-20T17:00:10.000000000,10791,unlabeled>event
WELL-00002,WELL-00002_20140120190122,4,2014-01-20T19:01:22.000000000,10719,unlabeled>event
WELL-00002,WELL-00002_20140120210036,4,2014-01-20T21:00:36.000000000,10765,unlabeled>event
WELL-00002,WELL-00002_20140120230224,4,2014-01-20T23:02:24.000000000,10657,unlabeled>event
WELL-00002,WELL-00002_20140121010056,4,2014-01-21T01:00:56.000000000,10745,unlabeled>event
WELL-00002,WELL-00002_20140121030030,4,2014-01-21T03:00:30.000000000,10771,unlabeled>event
WELL-00002,WELL-00002_20140121050010,4,2014-01-21T05:00:10.000000000,10791,unlabeled>event
WELL-00002,WELL-00002_20140121070214,4,2014-01-21T07:02:14.000000000,10667,unlabeled>event
WELL-00002,WELL-00002_20140121090056,4,2014-01-21T09:00:56.000000000,10745,unlabeled>event
WELL-00002,WELL-00002_20140121110117,4,2014-01-21T11:01:17.000000000,10724,unlabeled>event
WELL-00002,WELL-00002_20140121130132,4,2014-01-21T13:01:32.000000000,10709,unlabeled>event
WELL-00002,WELL-00002_20140121150025,4,2014-01-21T15:00:25.000000000,10776,unlabeled>event
WELL-00002,WELL-00002_20140121170219,4,2014-01-21T17:02:19.000000000,10662,unlabeled>event
WELL-00002,WELL-00002_20140121190234,4,2014-01-21T19:02:34.000000000,10647,unlabeled>event
WELL-00002,WELL-00002_20140121210041,4,2014-01-21T21:00:41.000000000,10760,unlabeled>event
WELL-00002,WELL-00002_20140121230117,4,2014-01-21T23:01:17.000000000,10724,unlabeled>event
WELL-00002,WELL-00002_20140122010051,4,2014-01-22T01:00:51.000000000,10750,unlabeled>event
WELL-00002,WELL-00002_20140122030046,4,2014-01-22T03:00:46.000000000,10755,unlabeled>event
WELL-00002,WELL-00002_20140122050010,4,2014-01-22T05:00:10.000000000,10791,unlabeled>event
WELL-00002,WELL-00002_20140122070127,4,2014-01-22T07:01:27.000000000,10714,unlabeled>event
WELL-00002,WELL-00002_20140122090112,4,2014-01-22T09:01:12.000000000,10729,unlabeled>event
WELL-00002,WELL-00002_20140122110030,4,2014-01-22T11:00:30.000000000,10771,unlabeled>event
WELL-00002,WELL-00002_20140122130015,4,2014-01-22T13:00:15.000000000,10786,unlabeled>event
WELL-00002,WELL-00002_20140122150127,4,2014-01-22T15:01:27.000000000,10714,unlabeled>event
WELL-00002,WELL-00002_20140122170112,4,2014-01-22T17:01:12.000000000,10729,unlabeled>event
WELL-00002,WELL-00002_20140122190127,4,2014-01-22T19:01:27.000000000,10714,unlabeled>event
WELL-00002,WELL-00002_20140122210153,4,2014-01-22T21:01:53.000000000,10688,unlabeled>event
WELL-00002,WELL-00002_20140122230051,4,2014-01-22T23:00:51.000000000,10750,unlabeled>event
WELL-00002,WELL-00002_20140123010219,4,2014-01-23T01:02:19.000000000,10662,unlabeled>event
WELL-00002,WELL-00002_20140123030132,4,2014-01-23T03:01:32.000000000,10709,unlabeled>event
WELL-00002,WELL-00002_20140123050030,4,2014-01-23T05:00:30.000000000,10771,unlabeled>event
WELL-00002,WELL-00002_20140123070010,4,2014-01-23T07:00:10.000000000,10791,unlabeled>event
WELL-00002,WELL-00002_20140124050010,4,2014-01-24T05:00:10.000000000,10791,unlabeled>event
WELL-00002,WELL-00002_20140124070020,4,2014-01-24T07:00:20.000000000,10781,unlabeled>event
WELL-00002,WELL-00002_20140124090054,4,2014-01-24T09:00:54.000000000,10747,unlabeled>event
WELL-00002,WELL-00002_20140124110131,4,2014-01-24T11:01:31.000000000,10710,unlabeled>event
WELL-00002,WELL-00002_20140124130041,4,2014-01-24T13:00:41.000000000,10760,unlabeled>event
WELL-00002,WELL-00002_20140124150018,4,2014-01-24T15:00:18.000000000,10783,unlabeled>event
WELL-00002,WELL-00002_20140124170136,4,2014-01-24T17:01:36.000000000,10705,unlabeled>event
WELL-00002,WELL-00002_20140124190008,4,2014-01-24T19:00:08.000000000,10793,unlabeled>event
WELL-00002,WELL-00002_20140124210029,4,2014-01-24T21:00:29.000000000,10772,unlabeled>event
WELL-00002,WELL-00002_20140124230055,4,2014-01-24T23:00:55.000000000,10746,unlabeled>event
WELL-00002,WELL-00002_20140125010016,4,2014-01-25T01:00:16.000000000,10785,unlabeled>event
WELL-00002,WELL-00002_20140125030033,4,2014-01-25T03:00:33.000000000,10768,unlabeled>event
WELL-00002,WELL-00002_20140125050245,4,2014-01-25T05:02:45.000000000,10636,unlabeled>event
WELL-00002,WELL-00002_20140125070141,4,2014-01-25T07:01:41.000000000,10700,unlabeled>event
WELL-00002,WELL-00002_20140125090025,4,2014-01-25T09:00:25.000000000,10776,unlabeled>event
WELL-00002,WELL-00002_20140125110016,4,2014-01-25T11:00:16.000000000,10785,unlabeled>event
WELL-00002,WELL-00002_20140125130107,4,2014-01-25T13:01:07.000000000,10734,unlabeled>event
WELL-00002,WELL-00002_20140125150112,4,2014-01-25T15:01:12.000000000,10729,unlabeled>event
WELL-00002,WELL-00002_20140125170107,4,2014-01-25T17:01:07.000000000,10734,unlabeled>event
WELL-00002,WELL-00002_20140125190016,4,2014-01-25T19:00:16.000000000,10785,unlabeled>event
WELL-00002,WELL-00002_20140125210046,4,2014-01-25T21:00:46.000000000,10755,unlabeled>event
WELL-00002,WELL-00002_20140125230059,4,2014-01-25T23:00:59.000000000,10742,unlabeled>event
WELL-00002,WELL-00002_20140126010016,4,2014-01-26T01:00:16.000000000,10785,unlabeled>event
WELL-00002,WELL-00002_20140126030133,4,2014-01-26T03:01:33.000000000,10708,unlabeled>event
WELL-00002,WELL-00002_20140126050141,4,2014-01-26T05:01:41.000000000,10700,unlabeled>event
WELL-00002,WELL-00002_20140126070146,4,2014-01-26T07:01:46.000000000,10695,unlabeled>event
WELL-00002,WELL-00002_20140126090141,4,2014-01-26T09:01:41.000000000,10700,unlabeled>event
WELL-00002,WELL-00002_20140126110241,4,2014-01-26T11:02:41.000000000,10640,unlabeled>event
WELL-00002,WELL-00002_20140126130124,4,2014-01-26T13:01:24.000000000,10717,unlabeled>event
WELL-00004,WELL-00004_20140804190012,4,2014-08-04T19:00:12.000000000,10789,unlabeled>event
WELL-00004,WELL-00004_20140804210008,4,2014-08-04T21:00:08.000000000,10793,unlabeled>event
WELL-00004,WELL-00004_20140804230059,4,2014-08-04T23:00:59.000000000,10742,unlabeled>event
WELL-00004,WELL-00004_20140805010033,4,2014-08-05T01:00:33.000000000,10768,unlabeled>event
WELL-00004,WELL-00004_20140805030025,4,2014-08-05T03:00:25.000000000,10776,unlabeled>event
WELL-00004,WELL-00004_20140805050008,4,2014-08-05T05:00:08.000000000,10793,unlabeled>event
WELL-00004,WELL-00004_20140805070029,4,2014-08-05T07:00:29.000000000,10772,unlabeled>event
WELL-00004,WELL-00004_20140805090050,4,2014-08-05T09:00:50.000000000,10751,unlabeled>event
WELL-00004,WELL-00004_20140805110107,4,2014-08-05T11:01:07.000000000,10734,unlabeled>event
WELL-00004,WELL-00004_20140805130016,4,2014-08-05T13:00:16.000000000,10785,unlabeled>event
WELL-00004,WELL-00004_20140805150150,4,2014-08-05T15:01:50.000000000,10691,unlabeled>event
WELL-00004,WELL-00004_20140805170137,4,2014-08-05T17:01:37.000000000,10704,unlabeled>event
WELL-00004,WELL-00004_20140805190046,4,2014-08-05T19:00:46.000000000,10755,unlabeled>event
WELL-00004,WELL-00004_20140805210116,4,2014-08-05T21:01:16.000000000,10725,unlabeled>event
WELL-00004,WELL-00004_20140805230050,4,2014-08-05T23:00:50.000000000,10751,unlabeled>event
WELL-00004,WELL-00004_20140806010107,4,2014-08-06T01:01:07.000000000,10734,unlabeled>event
WELL-00004,WELL-00004_20140806030012,4,2014-08-06T03:00:12.000000000,10789,unlabeled>event
WELL-00004,WELL-00004_20140806050141,4,2014-08-06T05:01:41.000000000,10700,unlabeled>event
WELL-00004,WELL-00004_20140806070215,4,2014-08-06T07:02:15.000000000,10666,unlabeled>event
WELL-00004,WELL-00004_20140806090103,4,2014-08-06T09:01:03.000000000,10738,unlabeled>event
WELL-00004,WELL-00004_20140806110038,4,2014-08-06T11:00:38.000000000,10763,unlabeled>event
WELL-00004,WELL-00004_20140806130050,4,2014-08-06T13:00:50.000000000,10751,unlabeled>event
WELL-00004,WELL-00004_20140806150154,4,2014-08-06T15:01:54.000000000,10687,unlabeled>event
WELL-00004,WELL-00004_20140806170008,4,2014-08-06T17:00:08.000000000,10793,unlabeled>event
WELL-00004,WELL-00004_20140806190021,4,2014-08-06T19:00:21.000000000,10780,unlabeled>event
WELL-00004,WELL-00004_20141117100021,4,2014-11-17T10:00:21.000000000,10780,unlabeled>event
WELL-00004,WELL-00004_20141117120029,4,2014-11-17T12:00:29.000000000,10772,unlabeled>event
WELL-00004,WELL-00004_20141117140055,4,2014-11-17T14:00:55.000000000,10746,unlabeled>event
WELL-00004,WELL-00004_20141117160116,4,2014-11-17T16:01:16.000000000,10725,unlabeled>event
WELL-00004,WELL-00004_20141117180021,4,2014-11-17T18:00:21.000000000,10780,unlabeled>event
WELL-00004,WELL-00004_20141117200021,4,2014-11-17T20:00:21.000000000,10780,unlabeled>event
WELL-00004,WELL-00004_20141117220046,4,2014-11-17T22:00:46.000000000,10755,unlabeled>event
WELL-00004,WELL-00004_20141118000042,4,2014-11-18T00:00:42.000000000,10759,unlabeled>event
WELL-00004,WELL-00004_20141118020016,4,2014-11-18T02:00:16.000000000,10785,unlabeled>event
WELL-00004,WELL-00004_20141118040012,4,2014-11-18T04:00:12.000000000,10789,unlabeled>event
WELL-00004,WELL-00004_20141118060038,4,2014-11-18T06:00:38.000000000,10763,unlabeled>event
WELL-00004,WELL-00004_20141118080038,4,2014-11-18T08:00:38.000000000,10762,unlabeled>event
WELL-00004,WELL-00004_20141118100025,4,2014-11-18T10:00:25.000000000,10776,unlabeled>event
WELL-00004,WELL-00004_20141118120050,4,2014-11-18T12:00:50.000000000,10751,unlabeled>event
WELL-00004,WELL-00004_20141118140107,4,2014-11-18T14:01:07.000000000,10734,unlabeled>event
WELL-00004,WELL-00004_20141118160016,4,2014-11-18T16:00:16.000000000,10785,unlabeled>event
WELL-00004,WELL-00004_20141118180124,4,2014-11-18T18:01:24.000000000,10717,unlabeled>event
WELL-00004,WELL-00004_20141118200016,4,2014-11-18T20:00:16.000000000,10785,unlabeled>event
WELL-00005,WELL-00005_20170616010033,4,2017-06-16T01:00:33.000000000,10768,unlabeled>event
WELL-00005,WELL-00005_20170624010016,4,2017-06-24T01:00:16.000000000,10785,unlabeled>event
WELL-00005,WELL-00005_20170624030025,4,2017-06-24T03:00:25.000000000,10776,unlabeled>event
WELL-00005,WELL-00005_20170624050038,4,2017-06-24T05:00:38.000000000,10763,unlabeled>event
WELL-00005,WELL-00005_20170624070158,4,2017-06-24T07:01:58.000000000,10683,unlabeled>event
WELL-00005,WELL-00005_20170624090042,4,2017-06-24T09:00:42.000000000,10759,unlabeled>event
WELL-00005,WELL-00005_20170624150124,4,2017-06-24T15:01:24.000000000,10703,unlabeled>event
WELL-00005,WELL-00005_20170624170016,4,2017-06-24T17:00:16.000000000,10785,unlabeled>event
WELL-00005,WELL-00005_20170624190107,4,2017-06-24T19:01:07.000000000,10734,unlabeled>event
WELL-00005,WELL-00005_20170624210033,4,2017-06-24T21:00:33.000000000,10768,unlabeled>event
WELL-00005,WELL-00005_20170624230038,4,2017-06-24T23:00:38.000000000,10763,unlabeled>event
WELL-00005,WELL-00005_20170625010059,4,2017-06-25T01:00:59.000000000,10742,unlabeled>event
WELL-00005,WELL-00005_20170625030228,4,2017-06-25T03:02:28.000000000,10653,unlabeled>event
WELL-00005,WELL-00005_20170625050103,4,2017-06-25T05:01:03.000000000,10738,unlabeled>event
WELL-00005,WELL-00005_20170625083000,4,2017-06-25T08:30:00.000000000,10790,unlabeled>event
WELL-00005,WELL-00005_20170625103000,4,2017-06-25T10:30:00.000000000,10770,unlabeled>event
WELL-00005,WELL-00005_20170625123000,4,2017-06-25T12:30:00.000000000,10785,unlabeled>event
WELL-00005,WELL-00005_20170626040116,4,2017-06-26T04:01:16.000000000,10725,unlabeled>event
WELL-00005,WELL-00005_20170626060033,4,2017-06-26T06:00:33.000000000,10768,unlabeled>event
WELL-00005,WELL-00005_20170626080055,4,2017-06-26T08:00:55.000000000,10746,unlabeled>event
WELL-00005,WELL-00005_20170626100038,4,2017-06-26T10:00:38.000000000,10763,unlabeled>event
WELL-00005,WELL-00005_20170626120016,4,2017-06-26T12:00:16.000000000,10785,unlabeled>event
WELL-00005,WELL-00005_20170626140141,4,2017-06-26T14:01:41.000000000,10700,unlabeled>event
WELL-00005,WELL-00005_20170626160050,4,2017-06-26T16:00:50.000000000,10751,unlabeled>event
WELL-00005,WELL-00005_20170626180016,4,2017-06-26T18:00:16.000000000,10785,unlabeled>event
WELL-00005,WELL-00005_20170626200059,4,2017-06-26T20:00:59.000000000,10742,unlabeled>event
WELL-00005,WELL-00005_20170626220232,4,2017-06-26T22:02:32.000000000,10649,unlabeled>event
WELL-00005,WELL-00005_20170627000154,4,2017-06-27T00:01:54.000000000,10687,unlabeled>event
WELL-00005,WELL-00005_20170627020207,4,2017-06-27T02:02:07.000000000,10674,unlabeled>event
WELL-00005,WELL-00005_20170627040046,4,2017-06-27T04:00:46.000000000,10755,unlabeled>event
WELL-00005,WELL-00005_20170627060050,4,2017-06-27T06:00:50.000000000,10751,unlabeled>event
WELL-00005,WELL-00005_20170627080025,4,2017-06-27T08:00:25.000000000,10776,unlabeled>event
WELL-00005,WELL-00005_20170627100055,4,2017-06-27T10:00:55.000000000,10746,unlabeled>event
WELL-00005,WELL-00005_20170627120016,4,2017-06-27T12:00:16.000000000,10785,unlabeled>event
WELL-00005,WELL-00005_20170627140050,4,2017-06-27T14:00:50.000000000,10751,unlabeled>event
WELL-00005,WELL-00005_20170627160112,4,2017-06-27T16:01:12.000000000,10729,unlabeled>event
WELL-00005,WELL-00005_20170627180112,4,2017-06-27T18:01:12.000000000,10729,unlabeled>event
WELL-00005,WELL-00005_20170627200038,4,2017-06-27T20:00:38.000000000,10763,unlabeled>event
WELL-00007,WELL-00007_20170517200012,4,2017-05-17T20:00:12.000000000,10789,unlabeled>event
WELL-00007,WELL-00007_20170517220025,4,2017-05-17T22:00:25.000000000,10776,unlabeled>event
WELL-00007,WELL-00007_20170518000012,4,2017-05-18T00:00:12.000000000,10789,unlabeled>event
WELL-00007,WELL-00007_20170518020016,4,2017-05-18T02:00:16.000000000,10785,unlabeled>event
WELL-00007,WELL-00007_20170518040016,4,2017-05-18T04:00:16.000000000,10785,unlabeled>event
WELL-00007,WELL-00007_20170518060124,4,2017-05-18T06:01:24.000000000,10717,unlabeled>event
WELL-00007,WELL-00007_20170518080021,4,2017-05-18T08:00:21.000000000,10780,unlabeled>event
WELL-00007,WELL-00007_20170518100129,4,2017-05-18T10:01:29.000000000,10712,unlabeled>event
WELL-00007,WELL-00007_20170518120103,4,2017-05-18T12:01:03.000000000,10738,unlabeled>event
WELL-00007,WELL-00007_20170518140021,4,2017-05-18T14:00:21.000000000,10780,unlabeled>event
WELL-00010,WELL-00010_20180416070150,4,2018-04-16T07:01:50.000000000,10691,unlabeled>event
WELL-00010,WELL-00010_20180416090133,4,2018-04-16T09:01:33.000000000,10708,unlabeled>event
WELL-00010,WELL-00010_20180416110120,4,2018-04-16T11:01:20.000000000,10721,unlabeled>event
WELL-00010,WELL-00010_20180416130038,4,2018-04-16T13:00:38.000000000,10763,unlabeled>event
WELL-00010,WELL-00010_20180416150107,4,2018-04-16T15:01:07.000000000,10734,unlabeled>event
WELL-00010,WELL-00010_20180416170029,4,2018-04-16T17:00:29.000000000,10772,unlabeled>event
WELL-00010,WELL-00010_20180416190008,4,2018-04-16T19:00:08.000000000,10793,unlabeled>event
WELL-00010,WELL-00010_20180416210141,4,2018-04-16T21:01:41.000000000,10700,unlabeled>event
WELL-00010,WELL-00010_20180416230055,4,2018-04-16T23:00:55.000000000,10746,unlabeled>event
WELL-00010,WELL-00010_20180417010107,4,2018-04-17T01:01:07.000000000,10734,unlabeled>event
WELL-00010,WELL-00010_20180417030033,4,2018-04-17T03:00:33.000000000,10768,unlabeled>event
WELL-00010,WELL-00010_20180417050046,4,2018-04-17T05:00:46.000000000,10755,unlabeled>event
WELL-00010,WELL-00010_20180422170012,4,2018-04-22T17:00:12.000000000,10789,unlabeled>event
WELL-00010,WELL-00010_20180422190158,4,2018-04-22T19:01:58.000000000,10683,unlabeled>event
WELL-00010,WELL-00010_20180422210038,4,2018-04-22T21:00:38.000000000,10763,unlabeled>event
WELL-00010,WELL-00010_20180422230029,4,2018-04-22T23:00:29.000000000,10772,unlabeled>event
WELL-00010,WELL-00010_20180423010129,4,2018-04-23T01:01:29.000000000,10712,unlabeled>event
WELL-00010,WELL-00010_20180423030021,4,2018-04-23T03:00:21.000000000,10780,unlabeled>event
WELL-00010,WELL-00010_20180423050353,4,2018-04-23T05:03:53.000000000,10568,unlabeled>event
WELL-00010,WELL-00010_20180423070107,4,2018-04-23T07:01:07.000000000,10734,unlabeled>event
WELL-00010,WELL-00010_20180423090050,4,2018-04-23T09:00:50.000000000,10751,unlabeled>event
WELL-00010,WELL-00010_20180423110112,4,2018-04-23T11:01:12.000000000,10729,unlabeled>event
WELL-00010,WELL-00010_20180423130025,4,2018-04-23T13:00:25.000000000,10776,unlabeled>event
WELL-00010,WELL-00010_20180423150129,4,2018-04-23T15:01:29.000000000,10712,unlabeled>event
WELL-00010,WELL-00010_20180423170042,4,2018-04-23T17:00:42.000000000,10759,unlabeled>event
WELL-00010,WELL-00010_20180423190021,4,2018-04-23T19:00:21.000000000,10780,unlabeled>event
WELL-00010,WELL-00010_20180423210016,4,2018-04-23T21:00:16.000000000,10785,unlabeled>event
WELL-00010,WELL-00010_20180423230033,4,2018-04-23T23:00:33.000000000,10768,unlabeled>event
WELL-00010,WELL-00010_20180424010059,4,2018-04-24T01:00:59.000000000,10742,unlabeled>event
WELL-00010,WELL-00010_20180424030012,4,2018-04-24T03:00:12.000000000,10789,unlabeled>event
WELL-00010,WELL-00010_20180424050029,4,2018-04-24T05:00:29.000000000,10772,unlabeled>event
WELL-00010,WELL-00010_20180424070107,4,2018-04-24T07:01:07.000000000,10700,unlabeled>event
WELL-00010,WELL-00010_20180424090046,4,2018-04-24T09:00:46.000000000,10755,unlabeled>event
WELL-00010,WELL-00010_20180424110050,4,2018-04-24T11:00:50.000000000,10683,unlabeled>event
WELL-00010,WELL-00010_20180424130033,4,2018-04-24T13:00:33.000000000,10639,unlabeled>event
WELL-00010,WELL-00010_20180424150129,4,2018-04-24T15:01:29.000000000,10712,unlabeled>event
WELL-00010,WELL-00010_20180424170033,4,2018-04-24T17:00:33.000000000,10768,unlabeled>event
WELL-00010,WELL-00010_20180424190133,4,2018-04-24T19:01:33.000000000,10708,unlabeled>event
WELL-00010,WELL-00010_20180424210211,4,2018-04-24T21:02:11.000000000,10670,unlabeled>event
WELL-00010,WELL-00010_20180424230232,4,2018-04-24T23:02:32.000000000,10649,unlabeled>event
WELL-00010,WELL-00010_20180425010050,4,2018-04-25T01:00:50.000000000,10751,unlabeled>event
WELL-00010,WELL-00010_20180425030224,4,2018-04-25T03:02:24.000000000,10657,unlabeled>event
WELL-00010,WELL-00010_20180425050158,4,2018-04-25T05:01:58.000000000,10683,unlabeled>event
WELL-00010,WELL-00010_20180425070141,4,2018-04-25T07:01:41.000000000,10700,unlabeled>event
WELL-00010,WELL-00010_20180425090033,4,2018-04-25T09:00:33.000000000,10768,unlabeled>event
WELL-00010,WELL-00010_20180425110029,4,2018-04-25T11:00:29.000000000,10772,unlabeled>event
WELL-00010,WELL-00010_20180425130016,4,2018-04-25T13:00:16.000000000,10785,unlabeled>event
WELL-00010,WELL-00010_20180425150107,4,2018-04-25T15:01:07.000000000,10734,unlabeled>event
WELL-00010,WELL-00010_20180425170046,4,2018-04-25T17:00:46.000000000,10755,unlabeled>event
WELL-00010,WELL-00010_20180425190116,4,2018-04-25T19:01:16.000000000,10725,unlabeled>event
WELL-00010,WELL-00010_20180425210046,4,2018-04-25T21:00:46.000000000,10755,unlabeled>event
WELL-00010,WELL-00010_20180425230124,4,2018-04-25T23:01:24.000000000,10717,unlabeled>event
WELL-00010,WELL-00010_20180426010124,4,2018-04-26T01:01:24.000000000,10717,unlabeled>event
WELL-00010,WELL-00010_20180426030033,4,2018-04-26T03:00:33.000000000,10768,unlabeled>event
WELL-00010,WELL-00010_20180426050029,4,2018-04-26T05:00:29.000000000,10772,unlabeled>event
WELL-00010,WELL-00010_20180426070025,4,2018-04-26T07:00:25.000000000,10776,unlabeled>event
WELL-00010,WELL-00010_20180426090042,4,2018-04-26T09:00:42.000000000,10759,unlabeled>event
WELL-00010,WELL-00010_20180426110107,4,2018-04-26T11:01:07.000000000,10734,unlabeled>event
WELL-00010,WELL-00010_20180426130141,4,2018-04-26T13:01:41.000000000,10700,unlabeled>event
WELL-00010,WELL-00010_20180426150008,4,2018-04-26T15:00:08.000000000,10793,unlabeled>event
WELL-00010,WELL-00010_20180426170103,4,2018-04-26T17:01:03.000000000,10738,unlabeled>event
WELL-00010,WELL-00010_20180426190107,4,2018-04-26T19:01:07.000000000,10734,unlabeled>event
WELL-00010,WELL-00010_20180426210116,4,2018-04-26T21:01:16.000000000,10725,unlabeled>event
WELL-00010,WELL-00010_20180426230008,4,2018-04-26T23:00:08.000000000,10793,unlabeled>event
WELL-00010,WELL-00010_20180427010029,4,2018-04-27T01:00:29.000000000,10771,unlabeled>event
WELL-00010,WELL-00010_20180427030025,4,2018-04-27T03:00:25.000000000,10776,unlabeled>event
WELL-00010,WELL-00010_20180427050042,4,2018-04-27T05:00:42.000000000,10759,unlabeled>event
WELL-00010,WELL-00010_20180427070107,4,2018-04-27T07:01:07.000000000,10734,unlabeled>event
WELL-00010,WELL-00010_20180427090107,4,2018-04-27T09:01:07.000000000,10734,unlabeled>event
WELL-00010,WELL-00010_20180427110016,4,2018-04-27T11:00:16.000000000,10785,unlabeled>event
WELL-00010,WELL-00010_20180427130112,4,2018-04-27T13:01:12.000000000,10729,unlabeled>event
WELL-00010,WELL-00010_20180427150025,4,2018-04-27T15:00:25.000000000,10776,unlabeled>event
WELL-00010,WELL-00010_20180427170042,4,2018-04-27T17:00:42.000000000,10759,unlabeled>event
WELL-00010,WELL-00010_20180427190340,4,2018-04-27T19:03:40.000000000,10581,unlabeled>event
WELL-00010,WELL-00010_20180427210055,4,2018-04-27T21:00:55.000000000,10746,unlabeled>event
WELL-00010,WELL-00010_20180427230016,4,2018-04-27T23:00:16.000000000,10785,unlabeled>event
WELL-00010,WELL-00010_20180428010211,4,2018-04-28T01:02:11.000000000,10670,unlabeled>event
WELL-00010,WELL-00010_20180428030137,4,2018-04-28T03:01:37.000000000,10704,unlabeled>event
WELL-00010,WELL-00010_20180428050033,4,2018-04-28T05:00:33.000000000,10768,unlabeled>event
WELL-00010,WELL-00010_20180428070033,4,2018-04-28T07:00:33.000000000,10768,unlabeled>event
WELL-00010,WELL-00010_20180428090116,4,2018-04-28T09:01:16.000000000,10725,unlabeled>event
WELL-00010,WELL-00010_20180428110207,4,2018-04-28T11:02:07.000000000,10674,unlabeled>event
WELL-00010,WELL-00010_20180428130249,4,2018-04-28T13:02:49.000000000,10632,unlabeled>event
WELL-00014,WELL-00014_20170915080021,4,2017-09-15T08:00:21.000000000,10780,unlabeled>event
WELL-00014,WELL-00014_20170915100033,4,2017-09-15T10:00:33.000000000,10768,unlabeled>event
WELL-00014,WELL-00014_20170915120107,4,2017-09-15T12:01:07.000000000,10734,unlabeled>event
WELL-00014,WELL-00014_20170915140059,4,2017-09-15T14:00:59.000000000,10742,unlabeled>event
WELL-00014,WELL-00014_20170915160012,4,2017-09-15T16:00:12.000000000,10789,unlabeled>event
WELL-00014,WELL-00014_20170915180050,4,2017-09-15T18:00:50.000000000,10751,unlabeled>event
WELL-00014,WELL-00014_20170915200116,4,2017-09-15T20:01:16.000000000,10725,unlabeled>event
WELL-00014,WELL-00014_20170916170016,4,2017-09-16T17:00:16.000000000,10785,unlabeled>event
WELL-00014,WELL-00014_20170916190112,4,2017-09-16T19:01:12.000000000,10729,unlabeled>event
WELL-00014,WELL-00014_20170916210059,4,2017-09-16T21:00:59.000000000,10742,unlabeled>event
WELL-00014,WELL-00014_20170916230042,4,2017-09-16T23:00:42.000000000,10759,unlabeled>event
WELL-00014,WELL-00014_20170917010012,4,2017-09-17T01:00:12.000000000,10721,unlabeled>event
WELL-00014,WELL-00014_20170917030228,4,2017-09-17T03:02:28.000000000,10653,unlabeled>event
WELL-00014,WELL-00014_20170917050111,4,2017-09-17T05:01:11.000000000,10650,unlabeled>event
WELL-00014,WELL-00014_20170917070112,4,2017-09-17T07:01:12.000000000,10729,unlabeled>event
WELL-00014,WELL-00014_20170917090055,4,2017-09-17T09:00:55.000000000,10746,unlabeled>event
WELL-00014,WELL-00014_20170917110016,4,2017-09-17T11:00:16.000000000,10763,unlabeled>event
WELL-00014,WELL-00014_20170923150033,4,2017-09-23T15:00:33.000000000,10768,unlabeled>event
WELL-00014,WELL-00014_20170923170059,4,2017-09-23T17:00:59.000000000,10742,unlabeled>event
WELL-00014,WELL-00014_20170923190120,4,2017-09-23T19:01:20.000000000,10721,unlabeled>event
WELL-00014,WELL-00014_20170924160050,4,2017-09-24T16:00:50.000000000,10751,unlabeled>event
WELL-00015,WELL-00015_20170620122925,5,2017-06-20T12:29:25.000000000,24868,unlabeled>normal>transient>event
WELL-00016,WELL-00016_20180405005319,5,2018-04-05T00:53:19.000000000,7537,unlabeled>normal>transient>event
WELL-00016,WELL-00016_20180426131710,5,2018-04-26T13:17:10.000000000,5215,unlabeled>normal>transient
WELL-00016,WELL-00016_20180426135108,5,2018-04-26T13:51:08.000000000,6793,unlabeled>normal>transient>event
WELL-00016,WELL-00016_20180517212322,5,2018-05-17T21:23:22.000000000,15574,unlabeled>normal>transient>event
WELL-00020,WELL-00020_20140314144539,5,2014-03-14T14:45:39.000000000,150456,unlabeled>normal>transient>event
WELL-00020,WELL-00020_20140317130658,5,2014-03-17T13:06:58.000000000,44583,unlabeled>normal>transient>event
WELL-00020,WELL-00020_20140318005900,5,2014-03-18T00:59:00.000000000,46739,unlabeled>normal>transient
WELL-00020,WELL-00020_20140318135038,5,2014-03-18T13:50:38.000000000,43763,unlabeled>normal>transient
WELL-00020,WELL-00020_20140319021600,5,2014-03-19T02:16:00.000000000,31441,unlabeled>normal>transient
WELL-00020,WELL-00020_20140319110000,5,2014-03-19T11:00:00.000000000,62439,unlabeled>normal>transient>event
WELL-00002,WELL-00002_20140212160333,6,2014-02-12T16:03:33.000000000,27970,unlabeled>normal>transient>event
WELL-00002,WELL-00002_20140301141700,6,2014-03-01T14:17:00.000000000,15078,unlabeled>normal>transient>event
WELL-00002,WELL-00002_20140325160304,6,2014-03-25T16:03:04.000000000,15621,unlabeled>normal>transient>event
WELL-00004,WELL-00004_20171031171509,6,2017-10-31T17:15:09.000000000,7186,unlabeled>normal>transient>event
WELL-00004,WELL-00004_20171031181500,6,2017-10-31T18:15:00.000000000,5604,unlabeled>normal>transient>event
WELL-00004,WELL-00004_20171031184839,6,2017-10-31T18:48:39.000000000,6018,unlabeled>normal>transient>event
WELL-00001,WELL-00001_20170226130146,7,2017-02-26T13:01:46.000000000,76633,unlabeled>normal>transient>event
WELL-00006,WELL-00006_20180618103000,7,2018-06-18T10:30:00.000000000,131769,unlabeled>normal>transient>event
WELL-00006,WELL-00006_20180620152903,7,2018-06-20T15:29:03.000000000,116848,unlabeled>normal>transient>event
WELL-00021,WELL-00021_20180611011218,7,2018-06-11T01:12:18.000000000,46574,unlabeled>normal>transient>event
WELL-00021,WELL-00021_20190403013307,7,2019-04-03T01:33:07.000000000,48414,unlabeled>normal>transient
WELL-00022,WELL-00022_20180802233838,7,2018-08-02T23:38:38.000000000,303683,unlabeled>normal>transient
WELL-00022,WELL-00022_20180912025800,7,2018-09-12T02:58:00.000000000,561721,unlabeled>normal>transient
WELL-00022,WELL-00022_20180919003240,7,2018-09-19T00:32:40.000000000,289641,unlabeled>normal>transient
WELL-00022,WELL-00022_20180925003447,7,2018-09-25T00:34:47.000000000,768314,unlabeled>normal>transient
WELL-00022,WELL-00022_20181007080700,7,2018-10-07T08:07:00.000000000,395581,unlabeled>normal>transient
WELL-00022,WELL-00022_20181020133850,7,2018-10-20T13:38:50.000000000,179400,unlabeled>normal>transient
WELL-00022,WELL-00022_20181026005827,7,2018-10-26T00:58:27.000000000,487883,unlabeled>normal>transient
WELL-00022,WELL-00022_20181101193049,7,2018-11-01T19:30:49.000000000,116952,unlabeled>normal>transient
WELL-00023,WELL-00023_20180826212652,7,2018-08-26T21:26:52.000000000,559989,unlabeled>normal>transient
WELL-00023,WELL-00023_20181014121654,7,2018-10-14T12:16:54.000000000,286987,unlabeled>normal>transient
WELL-00023,WELL-00023_20181019115124,7,2018-10-19T11:51:24.000000000,486517,unlabeled>normal>transient
WELL-00023,WELL-00023_20181030045054,7,2018-10-30T04:50:54.000000000,227337,unlabeled>normal>transient
WELL-00024,WELL-00024_20160704180000,7,2016-07-04T18:00:00.000000000,154801,unlabeled>normal>transient
WELL-00024,WELL-00024_20160708024918,7,2016-07-08T02:49:18.000000000,207592,unlabeled>normal>transient
WELL-00024,WELL-00024_20160712123044,7,2016-07-12T12:30:44.000000000,398146,unlabeled>normal>transient
WELL-00024,WELL-00024_20160720230624,7,2016-07-20T23:06:24.000000000,120217,unlabeled>normal>transient
WELL-00024,WELL-00024_20160722105543,7,2016-07-22T10:55:43.000000000,194613,unlabeled>normal>transient
WELL-00024,WELL-00024_20160729172014,7,2016-07-29T17:20:14.000000000,137813,unlabeled>normal>transient
WELL-00024,WELL-00024_20160802001614,7,2016-08-02T00:16:14.000000000,292290,unlabeled>normal>transient
WELL-00024,WELL-00024_20160810123500,7,2016-08-10T12:35:00.000000000,104101,unlabeled>normal>transient
WELL-00024,WELL-00024_20160825100303,7,2016-08-25T10:03:03.000000000,82618,unlabeled>normal>transient
WELL-00024,WELL-00024_20160828150330,7,2016-08-28T15:03:30.000000000,64591,unlabeled>normal>transient
WELL-00024,WELL-00024_20160830190958,7,2016-08-30T19:09:58.000000000,98403,unlabeled>normal>transient
WELL-00024,WELL-00024_20160906211412,7,2016-09-06T21:14:12.000000000,125149,unlabeled>normal>transient
WELL-00024,WELL-00024_20160909220000,7,2016-09-09T22:00:00.000000000,118801,unlabeled>normal>transient
WELL-00024,WELL-00024_20160911063934,7,2016-09-11T06:39:34.000000000,48001,unlabeled>normal>transient
WELL-00024,WELL-00024_20160920153331,7,2016-09-20T15:33:31.000000000,24990,unlabeled>normal>transient
WELL-00024,WELL-00024_20160923141645,7,2016-09-23T14:16:45.000000000,56167,unlabeled>normal>transient>event
WELL-00024,WELL-00024_20160926072123,7,2016-09-26T07:21:23.000000000,189303,unlabeled>normal>transient
WELL-00024,WELL-00024_20161001112049,7,2016-10-01T11:20:49.000000000,185952,unlabeled>normal>transient
WELL-00024,WELL-00024_20161026065657,7,2016-10-26T06:56:57.000000000,177154,unlabeled>normal>transient
WELL-00019,WELL-00019_20120601165020,8,2012-06-01T16:50:20.000000000,243137,unlabeled>normal>transient>event
WELL-00019,WELL-00019_20141117190526,8,2014-11-17T19:05:26.000000000,314604,unlabeled>normal>transient>event
WELL-00019,WELL-00019_20150614025713,8,2015-06-14T02:57:13.000000000,167599,unlabeled>normal>transient>event
WELL-00019,WELL-00019_20210617032654,8,2021-06-17T03:26:54.000000000,254804,unlabeled>normal>transient>event
WELL-00025,WELL-00025_20200629194141,8,2020-06-29T19:41:41.000000000,722192,unlabeled>normal>transient>event
WELL-00026,WELL-00026_20160601130000,8,2016-06-01T13:00:00.000000000,187201,unlabeled>normal>transient>event
WELL-00026,WELL-00026_20170207230000,8,2017-02-07T23:00:00.000000000,586201,unlabeled>normal>transient
WELL-00026,WELL-00026_20170608230000,8,2017-06-08T23:00:00.000000000,522001,unlabeled>normal>transient
WELL-00027,WELL-00027_20230918170106,8,2023-09-18T17:01:06.000000000,680420,unlabeled>normal>transient>event
WELL-00028,WELL-00028_20210617053128,8,2021-06-17T05:31:28.000000000,325379,unlabeled>normal>transient>event
WELL-00029,WELL-00029_20201020231724,8,2020-10-20T23:17:24.000000000,147226,unlabeled>normal>transient>event
WELL-00030,WELL-00030_20141108012623,8,2014-11-08T01:26:23.000000000,161538,unlabeled>normal>transient>event
WELL-00031,WELL-00031_20140403170404,8,2014-04-03T17:04:04.000000000,362531,unlabeled>normal>transient>event
WELL-00032,WELL-00032_20110830235321,8,2011-08-30T23:53:21.000000000,134202,unlabeled>normal>transient>event
WELL-00010,WELL-00010_20180517000402,9,2018-05-17T00:04:02.000000000,76722,unlabeled>normal
WELL-00010,WELL-00010_20180715083053,9,2018-07-15T08:30:53.000000000,19694,unlabeled>normal
WELL-00010,WELL-00010_20180717234051,9,2018-07-17T23:40:51.000000000,18996,unlabeled>normal
WELL-00010,WELL-00010_20180720234103,9,2018-07-20T23:41:03.000000000,22674,unlabeled>normal
WELL-00010,WELL-00010_20180723134436,9,2018-07-23T13:44:36.000000000,87048,unlabeled>normal
WELL-00014,WELL-00014_20160304155906,9,2016-03-04T15:59:06.000000000,70944,unlabeled>normal>transient
WELL-00014,WELL-00014_20160306070000,9,2016-03-06T07:00:00.000000000,37369,unlabeled>normal>transient
WELL-00014,WELL-00014_20170214190000,9,2017-02-14T19:00:00.000000000,21601,unlabeled>normal>transient>event
WELL-00015,WELL-00015_20190922060029,9,2019-09-22T06:00:29.000000000,12542,unlabeled>normal
WELL-00016,WELL-00016_20150418132043,9,2015-04-18T13:20:43.000000000,12471,unlabeled>normal>transient>event
WELL-00016,WELL-00016_20190924191606,9,2019-09-24T19:16:06.000000000,45465,unlabeled>normal
WELL-00016,WELL-00016_20190925110952,9,2019-09-25T11:09:52.000000000,17101,unlabeled>normal
WELL-00020,WELL-00020_20131004225400,9,2013-10-04T22:54:00.000000000,7424,unlabeled>normal>transient
WELL-00033,WELL-00033_20190925190420,9,2019-09-25T19:04:20.000000000,42706,unlabeled>normal
WELL-00033,WELL-00033_20190926065206,9,2019-09-26T06:52:06.000000000,21023,unlabeled>normal
WELL-00033,WELL-00033_20190928030111,9,2019-09-28T03:01:11.000000000,25058,unlabeled>normal
WELL-00033,WELL-00033_20190928210207,9,2019-09-28T21:02:07.000000000,35767,unlabeled>normal
WELL-00033,WELL-00033_20190930190000,9,2019-09-30T19:00:00.000000000,32135,unlabeled>normal
WELL-00033,WELL-00033_20191004020000,9,2019-10-04T02:00:00.000000000,12432,unlabeled>normal
WELL-00034,WELL-00034_20190825004401,9,2019-08-25T00:44:01.000000000,18906,unlabeled>normal
WELL-00034,WELL-00034_20190825150318,9,2019-08-25T15:03:18.000000000,17698,unlabeled>normal
WELL-00034,WELL-00034_20190826050146,9,2019-08-26T05:01:46.000000000,35788,unlabeled>normal
WELL-00034,WELL-00034_20190831210153,9,2019-08-31T21:01:53.000000000,32174,unlabeled>normal
WELL-00034,WELL-00034_20190901060904,9,2019-09-01T06:09:04.000000000,85475,unlabeled>normal
WELL-00034,WELL-00034_20191003180056,9,2019-10-03T18:00:56.000000000,17897,unlabeled>normal
WELL-00035,WELL-00035_20190819093245,9,2019-08-19T09:32:45.000000000,53670,unlabeled>normal
WELL-00035,WELL-00035_20190823193122,9,2019-08-23T19:31:22.000000000,28636,unlabeled>normal
WELL-00035,WELL-00035_20190824140503,9,2019-08-24T14:05:03.000000000,14003,unlabeled>normal
WELL-00035,WELL-00035_20190827090706,9,2019-08-27T09:07:06.000000000,56997,unlabeled>normal
WELL-00035,WELL-00035_20190923023106,9,2019-09-23T02:31:06.000000000,10735,unlabeled>normal
WELL-00035,WELL-00035_20190925061122,9,2019-09-25T06:11:22.000000000,117740,unlabeled>normal
WELL-00036,WELL-00036_20190925100042,9,2019-09-25T10:00:42.000000000,10735,unlabeled>normal
WELL-00036,WELL-00036_20190930013035,9,2019-09-30T01:30:35.000000000,7144,unlabeled>normal
WELL-00036,WELL-00036_20190930083101,9,2019-09-30T08:31:01.000000000,10668,unlabeled>normal
WELL-00037,WELL-00037_20181011071238,9,2018-10-11T07:12:38.000000000,31643,unlabeled>normal>transient
WELL-00037,WELL-00037_20181013022427,9,2018-10-13T02:24:27.000000000,21844,unlabeled>normal>transient
WELL-00037,WELL-00037_20190924193953,9,2019-09-24T19:39:53.000000000,10208,unlabeled>normal
WELL-00037,WELL-00037_20190924213000,9,2019-09-24T21:30:00.000000000,31120,unlabeled>normal
WELL-00038,WELL-00038_20190924212924,9,2019-09-24T21:29:24.000000000,34083,unlabeled>normal
WELL-00038,WELL-00038_20190925093222,9,2019-09-25T09:32:22.000000000,93628,unlabeled>normal
WELL-00039,WELL-00039_20190918150111,9,2019-09-18T15:01:11.000000000,25058,unlabeled>normal
WELL-00039,WELL-00039_20190924200204,9,2019-09-24T20:02:04.000000000,41152,unlabeled>normal
WELL-00040,WELL-00040_20181013160242,9,2018-10-13T16:02:42.000000000,34417,unlabeled>normal>transient
WELL-00041,WELL-00041_20181013160201,9,2018-10-13T16:02:01.000000000,33265,unlabeled>normal>transient
WELL-00041,WELL-00041_20190814154301,9,2019-08-14T15:43:01.000000000,101494,unlabeled>normal
WELL-00041,WELL-00041_20190817173916,9,2019-08-17T17:39:16.000000000,171465,unlabeled>normal
WELL-00041,WELL-00041_20190819163753,9,2019-08-19T16:37:53.000000000,145328,unlabeled>normal
WELL-00041,WELL-00041_20190822143519,9,2019-08-22T14:35:19.000000000,100162,unlabeled>normal
WELL-00041,WELL-00041_20190906051807,9,2019-09-06T05:18:07.000000000,184906,unlabeled>normal
WELL-00041,WELL-00041_20190917161232,9,2019-09-17T16:12:32.000000000,192581,unlabeled>normal
WELL-00041,WELL-00041_20190924202109,9,2019-09-24T20:21:09.000000000,41932,unlabeled>normal
WELL-00041,WELL-00041_20190925111412,9,2019-09-25T11:14:12.000000000,40400,unlabeled>normal
WELL-00042,WELL-00042_20141217142745,9,2014-12-17T14:27:45.000000000,37545,unlabeled>normal>transient
WELL-00042,WELL-00042_20141218004109,9,2014-12-18T00:41:09.000000000,11473,unlabeled>normal>transient
WELL-00042,WELL-00042_20141218051903,9,2014-12-18T05:19:03.000000000,56686,unlabeled>normal>transient>event
WELL-00042,WELL-00042_20141221190219,9,2014-12-21T19:02:19.000000000,30920,unlabeled>normal>transient
WELL-00042,WELL-00042_20141222024535,9,2014-12-22T02:45:35.000000000,26624,unlabeled>normal>transient
