channel,dataset,field,frequency_bin,value
0,three_w,discriminative,0,0.053737394511699677
0,three_w,discriminative,1,0.04004356637597084
0,three_w,discriminative,2,0.06807030737400055
0,three_w,discriminative,3,0.06656394898891449
0,three_w,discriminative,4,0.06619810312986374
0,three_w,discriminative,5,0.06622565537691116
0,three_w,discriminative,6,0.07057077437639236
0,three_w,discriminative,7,0.07063000649213791
0,three_w,discriminative,8,0.0766817107796669
0,three_w,discriminative,9,0.07222860306501389
0,three_w,discriminative,10,0.056995492428541183
0,three_w,discriminative,11,0.0730513408780098
0,three_w,discriminative,12,0.07972678542137146
0,three_w,discriminative,13,0.07321242988109589
0,three_w,discriminative,14,0.06928731501102448
0,three_w,discriminative,15,0.07074430584907532
0,three_w,discriminative,16,0.07590499520301819
0,three_w,discriminative,17,0.07099134474992752
0,three_w,discriminative,18,0.07956254482269287
0,three_w,discriminative,19,0.07356914132833481
0,three_w,discriminative,20,0.06224812567234039
0,three_w,discriminative,21,0.07401160895824432
0,three_w,discriminative,22,0.07950947433710098
0,three_w,discriminative,23,0.07397858053445816
0,three_w,discriminative,24,0.06711692363023758
0,three_w,discriminative,25,0.07186990976333618
0,three_w,discriminative,26,0.07724100351333618
0,three_w,discriminative,27,0.06915153563022614
0,three_w,discriminative,28,0.07843185216188431
0,three_w,discriminative,29,0.07306108623743057
0,three_w,discriminative,30,0.06450212001800537
0,three_w,discriminative,31,0.07431073486804962
0,three_w,discriminative,32,0.07947731763124466
1,three_w,discriminative,0,0.04700448736548424
1,three_w,discriminative,1,0.00213241926394403
1,three_w,discriminative,2,0.006222640164196491
1,three_w,discriminative,3,0.003603990888223052
1,three_w,discriminative,4,0.009132636711001396
1,three_w,discriminative,5,0.005868563428521156
1,three_w,discriminative,6,0.0014388406416401267
1,three_w,discriminative,7,6.700364610878751e-05
1,three_w,discriminative,8,0.0020453406032174826
1,three_w,discriminative,9,0.01725466549396515
1,three_w,discriminative,10,0.009091867133975029
1,three_w,discriminative,11,2.249357567052357e-05
1,three_w,discriminative,12,0.00030705888639204204
1,three_w,discriminative,13,1.5717549104010686e-05
1,three_w,discriminative,14,0.0002705527876969427
1,three_w,discriminative,15,0.0004968339926563203
1,three_w,discriminative,16,0.009008894674479961
1,three_w,discriminative,17,0.0027273527812212706
1,three_w,discriminative,18,0.0062977951020002365
1,three_w,discriminative,19,0.013744802214205265
1,three_w,discriminative,20,0.003180284984409809
1,three_w,discriminative,21,0.00035776171716861427
1,three_w,discriminative,22,0.0008505581063218415
1,three_w,discriminative,23,0.0010082912631332874
1,three_w,discriminative,24,0.0024258631747215986
1,three_w,discriminative,25,0.005435659550130367
1,three_w,discriminative,26,0.00585416192188859
1,three_w,discriminative,27,0.004227556753903627
1,three_w,discriminative,28,0.0056892335414886475
1,three_w,discriminative,29,0.007428654469549656
1,three_w,discriminative,30,0.0017331745475530624
1,three_w,discriminative,31,0.0016350980149582028
1,three_w,discriminative,32,0.010020866990089417
2,three_w,discriminative,0,0.0036648160312324762
2,three_w,discriminative,1,0.0
2,three_w,discriminative,2,0.0
2,three_w,discriminative,3,0.0
2,three_w,discriminative,4,0.0
2,three_w,discriminative,5,0.0
2,three_w,discriminative,6,0.0
2,three_w,discriminative,7,0.0
2,three_w,discriminative,8,0.0
2,three_w,discriminative,9,0.0
2,three_w,discriminative,10,0.0
2,three_w,discriminative,11,0.0
2,three_w,discriminative,12,0.0
2,three_w,discriminative,13,0.0
2,three_w,discriminative,14,0.0
2,three_w,discriminative,15,0.0
2,three_w,discriminative,16,0.0
2,three_w,discriminative,17,0.0
2,three_w,discriminative,18,0.0
2,three_w,discriminative,19,0.0
2,three_w,discriminative,20,0.0
2,three_w,discriminative,21,0.0
2,three_w,discriminative,22,0.0
2,three_w,discriminative,23,0.0
2,three_w,discriminative,24,0.0
2,three_w,discriminative,25,0.0
2,three_w,discriminative,26,0.0
2,three_w,discriminative,27,0.0
2,three_w,discriminative,28,0.0
2,three_w,discriminative,29,0.0
2,three_w,discriminative,30,0.0
2,three_w,discriminative,31,0.0
2,three_w,discriminative,32,0.0
3,three_w,discriminative,0,0.8255099058151245
3,three_w,discriminative,1,0.09999975562095642
3,three_w,discriminative,2,0.099998839199543
3,three_w,discriminative,3,0.09999967366456985
3,three_w,discriminative,4,0.099998839199543
3,three_w,discriminative,5,0.09999954700469971
3,three_w,discriminative,6,0.099998839199543
3,three_w,discriminative,7,0.09999992698431015
3,three_w,discriminative,8,0.0
3,three_w,discriminative,9,0.09999944269657135
3,three_w,discriminative,10,0.099998839199543
3,three_w,discriminative,11,0.09999919682741165
3,three_w,discriminative,12,0.099998839199543
3,three_w,discriminative,13,0.09999947994947433
3,three_w,discriminative,14,0.099998839199543
3,three_w,discriminative,15,0.09999911487102509
3,three_w,discriminative,16,0.0
3,three_w,discriminative,17,0.0999997928738594
3,three_w,discriminative,18,0.099998839199543
3,three_w,discriminative,19,0.09999913722276688
3,three_w,discriminative,20,0.0999988242983818
3,three_w,discriminative,21,0.09999989718198776
3,three_w,discriminative,22,0.099998839199543
3,three_w,discriminative,23,0.09999999403953552
3,three_w,discriminative,24,0.0
3,three_w,discriminative,25,0.09999891370534897
3,three_w,discriminative,26,0.099998839199543
3,three_w,discriminative,27,0.10000000149011612
3,three_w,discriminative,28,0.099998839199543
3,three_w,discriminative,29,0.0999990850687027
3,three_w,discriminative,30,0.099998839199543
3,three_w,discriminative,31,0.09999947994947433
3,three_w,discriminative,32,0.0
4,three_w,discriminative,0,0.024564288556575775
4,three_w,discriminative,1,0.0
4,three_w,discriminative,2,0.0
4,three_w,discriminative,3,0.0
4,three_w,discriminative,4,0.0
4,three_w,discriminative,5,0.0
4,three_w,discriminative,6,0.0
4,three_w,discriminative,7,0.0
4,three_w,discriminative,8,0.0
4,three_w,discriminative,9,0.0
4,three_w,discriminative,10,0.0
4,three_w,discriminative,11,0.0
4,three_w,discriminative,12,0.0
4,three_w,discriminative,13,0.0
4,three_w,discriminative,14,0.0
4,three_w,discriminative,15,0.0
4,three_w,discriminative,16,0.0
4,three_w,discriminative,17,0.0
4,three_w,discriminative,18,0.0
4,three_w,discriminative,19,0.0
4,three_w,discriminative,20,0.0
4,three_w,discriminative,21,0.0
4,three_w,discriminative,22,0.0
4,three_w,discriminative,23,0.0
4,three_w,discriminative,24,0.0
4,three_w,discriminative,25,0.0
4,three_w,discriminative,26,0.0
4,three_w,discriminative,27,0.0
4,three_w,discriminative,28,0.0
4,three_w,discriminative,29,0.0
4,three_w,discriminative,30,0.0
4,three_w,discriminative,31,0.0
4,three_w,discriminative,32,0.0
5,three_w,discriminative,0,0.010334109887480736
5,three_w,discriminative,1,0.0
5,three_w,discriminative,2,0.0
5,three_w,discriminative,3,0.0
5,three_w,discriminative,4,0.0
5,three_w,discriminative,5,0.0
5,three_w,discriminative,6,0.0
5,three_w,discriminative,7,0.0
5,three_w,discriminative,8,0.0
5,three_w,discriminative,9,0.0
5,three_w,discriminative,10,0.0
5,three_w,discriminative,11,0.0
5,three_w,discriminative,12,0.0
5,three_w,discriminative,13,0.0
5,three_w,discriminative,14,0.0
5,three_w,discriminative,15,0.0
5,three_w,discriminative,16,0.0
5,three_w,discriminative,17,0.0
5,three_w,discriminative,18,0.0
5,three_w,discriminative,19,0.0
5,three_w,discriminative,20,0.0
5,three_w,discriminative,21,0.0
5,three_w,discriminative,22,0.0
5,three_w,discriminative,23,0.0
5,three_w,discriminative,24,0.0
5,three_w,discriminative,25,0.0
5,three_w,discriminative,26,0.0
5,three_w,discriminative,27,0.0
5,three_w,discriminative,28,0.0
5,three_w,discriminative,29,0.0
5,three_w,discriminative,30,0.0
5,three_w,discriminative,31,0.0
5,three_w,discriminative,32,0.0
6,three_w,discriminative,0,0.0022846991196274757
6,three_w,discriminative,1,0.1000000461935997
6,three_w,discriminative,2,0.09999991208314896
6,three_w,discriminative,3,0.10000010579824448
6,three_w,discriminative,4,0.10000003129243851
6,three_w,discriminative,5,0.09999995678663254
6,three_w,discriminative,6,0.09999995678663254
6,three_w,discriminative,7,0.09999992698431015
6,three_w,discriminative,8,0.10000008344650269
6,three_w,discriminative,9,0.1000000387430191
6,three_w,discriminative,10,0.09999991953372955
6,three_w,discriminative,11,0.09999998658895493
6,three_w,discriminative,12,0.09999998658895493
6,three_w,discriminative,13,0.10000001639127731
6,three_w,discriminative,14,0.09999999403953552
6,three_w,discriminative,15,0.1000000387430191
6,three_w,discriminative,16,0.10000008344650269
6,three_w,discriminative,17,0.10000003129243851
6,three_w,discriminative,18,0.10000010579824448
6,three_w,discriminative,19,0.09999993443489075
6,three_w,discriminative,20,0.09999997168779373
6,three_w,discriminative,21,0.1000000536441803
6,three_w,discriminative,22,0.10000002384185791
6,three_w,discriminative,23,0.09999991208314896
6,three_w,discriminative,24,0.10000008344650269
6,three_w,discriminative,25,0.09999995678663254
6,three_w,discriminative,26,0.09999997913837433
6,three_w,discriminative,27,0.09999997913837433
6,three_w,discriminative,28,0.1000000387430191
6,three_w,discriminative,29,0.09999995678663254
6,three_w,discriminative,30,0.09999998658895493
6,three_w,discriminative,31,0.09999994188547134
6,three_w,discriminative,32,0.10000008344650269
7,three_w,discriminative,0,0.43315744400024414
7,three_w,discriminative,1,0.23588603734970093
7,three_w,discriminative,2,0.2286881059408188
7,three_w,discriminative,3,0.2427932322025299
7,three_w,discriminative,4,0.28592076897621155
7,three_w,discriminative,5,0.2423906773328781
7,three_w,discriminative,6,0.20572783052921295
7,three_w,discriminative,7,0.21832096576690674
7,three_w,discriminative,8,0.23054239153862
7,three_w,discriminative,9,0.23983977735042572
7,three_w,discriminative,10,0.24761882424354553
7,three_w,discriminative,11,0.24882256984710693
7,three_w,discriminative,12,0.22193817794322968
7,three_w,discriminative,13,0.25719037652015686
7,three_w,discriminative,14,0.25026804208755493
7,three_w,discriminative,15,0.2518407106399536
7,three_w,discriminative,16,0.17079614102840424
7,three_w,discriminative,17,0.2525172233581543
7,three_w,discriminative,18,0.25482288002967834
7,three_w,discriminative,19,0.26409855484962463
7,three_w,discriminative,20,0.23676101863384247
7,three_w,discriminative,21,0.24258090555667877
7,three_w,discriminative,22,0.25113847851753235
7,three_w,discriminative,23,0.20955920219421387
7,three_w,discriminative,24,0.2088695466518402
7,three_w,discriminative,25,0.24190077185630798
7,three_w,discriminative,26,0.27205929160118103
7,three_w,discriminative,27,0.24797913432121277
7,three_w,discriminative,28,0.23454169929027557
7,three_w,discriminative,29,0.20688293874263763
7,three_w,discriminative,30,0.2615199387073517
7,three_w,discriminative,31,0.24334290623664856
7,three_w,discriminative,32,0.25109022855758667
8,three_w,discriminative,0,0.8146451115608215
8,three_w,discriminative,1,0.1652081459760666
8,three_w,discriminative,2,0.1641799956560135
8,three_w,discriminative,3,0.16201402246952057
8,three_w,discriminative,4,0.1571594476699829
8,three_w,discriminative,5,0.13993507623672485
8,three_w,discriminative,6,0.15860553085803986
8,three_w,discriminative,7,0.16477876901626587
8,three_w,discriminative,8,0.1713918000459671
8,three_w,discriminative,9,0.21242846548557281
8,three_w,discriminative,10,0.14829525351524353
8,three_w,discriminative,11,0.1626611053943634
8,three_w,discriminative,12,0.16302593052387238
8,three_w,discriminative,13,0.16065853834152222
8,three_w,discriminative,14,0.15399719774723053
8,three_w,discriminative,15,0.14406679570674896
8,three_w,discriminative,16,0.1613544374704361
8,three_w,discriminative,17,0.1727960854768753
8,three_w,discriminative,18,0.208792582154274
8,three_w,discriminative,19,0.1708584427833557
8,three_w,discriminative,20,0.1489313840866089
8,three_w,discriminative,21,0.16042132675647736
8,three_w,discriminative,22,0.1617897003889084
8,three_w,discriminative,23,0.159678652882576
8,three_w,discriminative,24,0.1516960710287094
8,three_w,discriminative,25,0.14867879450321198
8,three_w,discriminative,26,0.16843686997890472
8,three_w,discriminative,27,0.20168617367744446
8,three_w,discriminative,28,0.1898009181022644
8,three_w,discriminative,29,0.15568669140338898
8,three_w,discriminative,30,0.15004096925258636
8,three_w,discriminative,31,0.1595233827829361
8,three_w,discriminative,32,0.1613544374704361
9,three_w,discriminative,0,0.014162016101181507
9,three_w,discriminative,1,0.1258542835712433
9,three_w,discriminative,2,0.1257593184709549
9,three_w,discriminative,3,0.12559165060520172
9,three_w,discriminative,4,0.12533244490623474
9,three_w,discriminative,5,0.12494800984859467
9,three_w,discriminative,6,0.12437275797128677
9,three_w,discriminative,7,0.12346344441175461
9,three_w,discriminative,8,0.12182500958442688
9,three_w,discriminative,9,0.11758129298686981
9,three_w,discriminative,10,0.12064877152442932
9,three_w,discriminative,11,0.12218419462442398
9,three_w,discriminative,12,0.12279894202947617
9,three_w,discriminative,13,0.1229979395866394
9,three_w,discriminative,14,0.122910276055336
9,three_w,discriminative,15,0.12254634499549866
9,three_w,discriminative,16,0.12182500958442688
9,three_w,discriminative,17,0.1204952672123909
9,three_w,discriminative,18,0.11770004034042358
9,three_w,discriminative,19,0.11908899992704391
9,three_w,discriminative,20,0.12084383517503738
9,three_w,discriminative,21,0.1216641366481781
9,three_w,discriminative,22,0.12202402949333191
9,three_w,discriminative,23,0.12206840515136719
9,three_w,discriminative,24,0.12182500958442688
9,three_w,discriminative,25,0.121239572763443
9,three_w,discriminative,26,0.12012863904237747
9,three_w,discriminative,27,0.11792967468500137
9,three_w,discriminative,28,0.11833871155977249
9,three_w,discriminative,29,0.12025167047977448
9,three_w,discriminative,30,0.12120771408081055
9,three_w,discriminative,31,0.12168064713478088
9,three_w,discriminative,32,0.12182500958442688
10,three_w,discriminative,0,0.0
10,three_w,discriminative,1,0.0
10,three_w,discriminative,2,0.0
10,three_w,discriminative,3,0.0
10,three_w,discriminative,4,0.0
10,three_w,discriminative,5,0.0
10,three_w,discriminative,6,0.0
10,three_w,discriminative,7,0.0
10,three_w,discriminative,8,0.0
10,three_w,discriminative,9,0.0
10,three_w,discriminative,10,0.0
10,three_w,discriminative,11,0.0
10,three_w,discriminative,12,0.0
10,three_w,discriminative,13,0.0
10,three_w,discriminative,14,0.0
10,three_w,discriminative,15,0.0
10,three_w,discriminative,16,0.0
10,three_w,discriminative,17,0.0
10,three_w,discriminative,18,0.0
10,three_w,discriminative,19,0.0
10,three_w,discriminative,20,0.0
10,three_w,discriminative,21,0.0
10,three_w,discriminative,22,0.0
10,three_w,discriminative,23,0.0
10,three_w,discriminative,24,0.0
10,three_w,discriminative,25,0.0
10,three_w,discriminative,26,0.0
10,three_w,discriminative,27,0.0
10,three_w,discriminative,28,0.0
10,three_w,discriminative,29,0.0
10,three_w,discriminative,30,0.0
10,three_w,discriminative,31,0.0
10,three_w,discriminative,32,0.0
11,three_w,discriminative,0,0.025432826951146126
11,three_w,discriminative,1,0.10261968523263931
11,three_w,discriminative,2,0.09599281847476959
11,three_w,discriminative,3,0.10410524904727936
11,three_w,discriminative,4,0.09170828759670258
11,three_w,discriminative,5,0.09909240901470184
11,three_w,discriminative,6,0.0928301215171814
11,three_w,discriminative,7,0.09209456294775009
11,three_w,discriminative,8,0.08959884941577911
11,three_w,discriminative,9,0.09427843987941742
11,three_w,discriminative,10,0.09386647492647171
11,three_w,discriminative,11,0.08702684193849564
11,three_w,discriminative,12,0.08764981478452682
11,three_w,discriminative,13,0.08493752777576447
11,three_w,discriminative,14,0.08427698910236359
11,three_w,discriminative,15,0.08435595780611038
11,three_w,discriminative,16,0.09022081643342972
11,three_w,discriminative,17,0.08564768731594086
11,three_w,discriminative,18,0.08300778269767761
11,three_w,discriminative,19,0.08618157356977463
11,three_w,discriminative,20,0.08611354976892471
11,three_w,discriminative,21,0.085487499833107
11,three_w,discriminative,22,0.08439958840608597
11,three_w,discriminative,23,0.08693547546863556
11,three_w,discriminative,24,0.08604047447443008
11,three_w,discriminative,25,0.08526372164487839
11,three_w,discriminative,26,0.08291212469339371
11,three_w,discriminative,27,0.08481010049581528
11,three_w,discriminative,28,0.08509048819541931
11,three_w,discriminative,29,0.08294523507356644
11,three_w,discriminative,30,0.08702036738395691
11,three_w,discriminative,31,0.08595407009124756
11,three_w,discriminative,32,0.08676785975694656
12,three_w,discriminative,0,0.058815211057662964
12,three_w,discriminative,1,0.07490568608045578
12,three_w,discriminative,2,0.08849726617336273
12,three_w,discriminative,3,0.12789863348007202
12,three_w,discriminative,4,0.14277473092079163
12,three_w,discriminative,5,0.1580376774072647
12,three_w,discriminative,6,0.15775157511234283
12,three_w,discriminative,7,0.15526127815246582
12,three_w,discriminative,8,0.15723589062690735
12,three_w,discriminative,9,0.1576377898454666
12,three_w,discriminative,10,0.1627693623304367
12,three_w,discriminative,11,0.16680289804935455
12,three_w,discriminative,12,0.1638905555009842
12,three_w,discriminative,13,0.1614910513162613
12,three_w,discriminative,14,0.16300605237483978
12,three_w,discriminative,15,0.16528791189193726
12,three_w,discriminative,16,0.16297195851802826
12,three_w,discriminative,17,0.16321095824241638
12,three_w,discriminative,18,0.16591742634773254
12,three_w,discriminative,19,0.16597680747509003
12,three_w,discriminative,20,0.16436775028705597
12,three_w,discriminative,21,0.16576778888702393
12,three_w,discriminative,22,0.1686236709356308
12,three_w,discriminative,23,0.167327418923378
12,three_w,discriminative,24,0.1668657660484314
12,three_w,discriminative,25,0.16546207666397095
12,three_w,discriminative,26,0.16739550232887268
12,three_w,discriminative,27,0.16477204859256744
12,three_w,discriminative,28,0.16717727482318878
12,three_w,discriminative,29,0.16737981140613556
12,three_w,discriminative,30,0.16615357995033264
12,three_w,discriminative,31,0.16659483313560486
12,three_w,discriminative,32,0.16934095323085785
13,three_w,discriminative,0,0.04256303608417511
13,three_w,discriminative,1,0.009865408763289452
13,three_w,discriminative,2,0.010672137141227722
13,three_w,discriminative,3,0.010085448622703552
13,three_w,discriminative,4,0.010656040161848068
13,three_w,discriminative,5,0.01104231271892786
13,three_w,discriminative,6,0.011160243302583694
13,three_w,discriminative,7,0.011023487895727158
13,three_w,discriminative,8,0.011242241598665714
13,three_w,discriminative,9,0.01107927318662405
13,three_w,discriminative,10,0.010945801623165607
13,three_w,discriminative,11,0.011020646430552006
13,three_w,discriminative,12,0.010937822051346302
13,three_w,discriminative,13,0.011101015843451023
13,three_w,discriminative,14,0.011100653558969498
13,three_w,discriminative,15,0.011211573146283627
13,three_w,discriminative,16,0.011184467002749443
13,three_w,discriminative,17,0.011217501945793629
13,three_w,discriminative,18,0.011132362298667431
13,three_w,discriminative,19,0.011171180754899979
13,three_w,discriminative,20,0.011147704906761646
13,three_w,discriminative,21,0.011130629107356071
13,three_w,discriminative,22,0.011070609092712402
13,three_w,discriminative,23,0.011117905378341675
13,three_w,discriminative,24,0.011110649444162846
13,three_w,discriminative,25,0.01118256151676178
13,three_w,discriminative,26,0.011202843859791756
13,three_w,discriminative,27,0.0111707653850317
13,three_w,discriminative,28,0.011184599250555038
13,three_w,discriminative,29,0.011178221553564072
13,three_w,discriminative,30,0.011156444437801838
13,three_w,discriminative,31,0.01105816662311554
13,three_w,discriminative,32,0.011043626815080643
14,three_w,discriminative,0,0.03104260005056858
14,three_w,discriminative,1,0.03838706389069557
14,three_w,discriminative,2,0.06027990207076073
14,three_w,discriminative,3,0.051748864352703094
14,three_w,discriminative,4,0.043940454721450806
14,three_w,discriminative,5,0.02668817527592182
14,three_w,discriminative,6,0.01511792279779911
14,three_w,discriminative,7,0.009513609111309052
14,three_w,discriminative,8,0.010643105022609234
14,three_w,discriminative,9,0.016623707488179207
14,three_w,discriminative,10,0.008396429009735584
14,three_w,discriminative,11,0.0070221698842942715
14,three_w,discriminative,12,0.004235680680721998
14,three_w,discriminative,13,0.0036967790219932795
14,three_w,discriminative,14,0.002119566546753049
14,three_w,discriminative,15,0.005141834262758493
14,three_w,discriminative,16,0.004594871774315834
14,three_w,discriminative,17,0.0051381210796535015
14,three_w,discriminative,18,0.004668843001127243
14,three_w,discriminative,19,0.0035778330639004707
14,three_w,discriminative,20,0.003438814776018262
14,three_w,discriminative,21,0.0034527492243796587
14,three_w,discriminative,22,0.00504950201138854
14,three_w,discriminative,23,0.0061174300499260426
14,three_w,discriminative,24,0.005013443063944578
14,three_w,discriminative,25,0.0031544750090688467
14,three_w,discriminative,26,0.0034664804115891457
14,three_w,discriminative,27,0.00373955350369215
14,three_w,discriminative,28,0.004666378255933523
14,three_w,discriminative,29,0.0032904527615755796
14,three_w,discriminative,30,0.0025871240068227053
14,three_w,discriminative,31,0.0022205745335668325
14,three_w,discriminative,32,0.0020138961263000965
15,three_w,discriminative,0,0.0076055279932916164
15,three_w,discriminative,1,0.0027644408401101828
15,three_w,discriminative,2,0.0003785009030252695
15,three_w,discriminative,3,0.0014604004099965096
15,three_w,discriminative,4,0.0006662061205133796
15,three_w,discriminative,5,0.000567144132219255
15,three_w,discriminative,6,5.8212415751768276e-05
15,three_w,discriminative,7,0.00021443569858092815
15,three_w,discriminative,8,0.00014328130055218935
15,three_w,discriminative,9,0.00010542113886913285
15,three_w,discriminative,10,2.887234768422786e-05
15,three_w,discriminative,11,2.9897708373027854e-05
15,three_w,discriminative,12,4.062788502778858e-05
15,three_w,discriminative,13,0.00022940545750316232
15,three_w,discriminative,14,5.065201185061596e-05
15,three_w,discriminative,15,3.436110489474231e-07
15,three_w,discriminative,16,5.136188701726496e-05
15,three_w,discriminative,17,6.322421540971845e-06
15,three_w,discriminative,18,2.0822260921704583e-05
15,three_w,discriminative,19,5.979438356007449e-05
15,three_w,discriminative,20,2.059928374364972e-05
15,three_w,discriminative,21,6.988929817453027e-05
15,three_w,discriminative,22,5.1873037591576576e-05
15,three_w,discriminative,23,9.71262920756999e-07
15,three_w,discriminative,24,1.136849732574774e-05
15,three_w,discriminative,25,0.0002690822584554553
15,three_w,discriminative,26,0.00023633039381820709
15,three_w,discriminative,27,7.470276614185423e-05
15,three_w,discriminative,28,4.5357144699664786e-05
15,three_w,discriminative,29,4.111141606699675e-06
15,three_w,discriminative,30,7.553143223049119e-05
15,three_w,discriminative,31,0.00025077012833207846
15,three_w,discriminative,32,0.000637605378869921
16,three_w,discriminative,0,0.016598524525761604
16,three_w,discriminative,1,0.16233740746974945
16,three_w,discriminative,2,0.14030122756958008
16,three_w,discriminative,3,0.1514924168586731
16,three_w,discriminative,4,0.17698946595191956
16,three_w,discriminative,5,0.17859314382076263
16,three_w,discriminative,6,0.17812734842300415
16,three_w,discriminative,7,0.17865176498889923
16,three_w,discriminative,8,0.17960527539253235
16,three_w,discriminative,9,0.19528472423553467
16,three_w,discriminative,10,0.18863174319267273
16,three_w,discriminative,11,0.1911654770374298
16,three_w,discriminative,12,0.19087907671928406
16,three_w,discriminative,13,0.18978051841259003
16,three_w,discriminative,14,0.18916504085063934
16,three_w,discriminative,15,0.19611762464046478
16,three_w,discriminative,16,0.19347940385341644
16,three_w,discriminative,17,0.1984785497188568
16,three_w,discriminative,18,0.19264934957027435
16,three_w,discriminative,19,0.18996453285217285
16,three_w,discriminative,20,0.19460874795913696
16,three_w,discriminative,21,0.19292671978473663
16,three_w,discriminative,22,0.1994890719652176
16,three_w,discriminative,23,0.19551301002502441
16,three_w,discriminative,24,0.19691580533981323
16,three_w,discriminative,25,0.1975073367357254
16,three_w,discriminative,26,0.19616477191448212
16,three_w,discriminative,27,0.19837231934070587
16,three_w,discriminative,28,0.20393620431423187
16,three_w,discriminative,29,0.19637203216552734
16,three_w,discriminative,30,0.1992417275905609
16,three_w,discriminative,31,0.20173214375972748
16,three_w,discriminative,32,0.19317714869976044
17,three_w,discriminative,0,0.22222000360488892
17,three_w,discriminative,1,0.01929469220340252
17,three_w,discriminative,2,0.03016616776585579
17,three_w,discriminative,3,0.02371787466108799
17,three_w,discriminative,4,0.011814555153250694
17,three_w,discriminative,5,0.01612335443496704
17,three_w,discriminative,6,0.011699083261191845
17,three_w,discriminative,7,0.011057578027248383
17,three_w,discriminative,8,0.012258721515536308
17,three_w,discriminative,9,0.010755191557109356
17,three_w,discriminative,10,0.012698855251073837
17,three_w,discriminative,11,0.012592000886797905
17,three_w,discriminative,12,0.010829072445631027
17,three_w,discriminative,13,0.010476815514266491
17,three_w,discriminative,14,0.010336562991142273
17,three_w,discriminative,15,0.01202949695289135
17,three_w,discriminative,16,0.01251756027340889
17,three_w,discriminative,17,0.012493296526372433
17,three_w,discriminative,18,0.00960934441536665
17,three_w,discriminative,19,0.009808855131268501
17,three_w,discriminative,20,0.010044318623840809
17,three_w,discriminative,21,0.0097911162301898
17,three_w,discriminative,22,0.011334407143294811
17,three_w,discriminative,23,0.010558885522186756
17,three_w,discriminative,24,0.011180787347257137
17,three_w,discriminative,25,0.00984162837266922
17,three_w,discriminative,26,0.010375050827860832
17,three_w,discriminative,27,0.009381167590618134
17,three_w,discriminative,28,0.010758085176348686
17,three_w,discriminative,29,0.010475995019078255
17,three_w,discriminative,30,0.010018715634942055
17,three_w,discriminative,31,0.01042106468230486
17,three_w,discriminative,32,0.009817308746278286
18,three_w,discriminative,0,0.004321120213717222
18,three_w,discriminative,1,0.014835785143077374
18,three_w,discriminative,2,0.02658066526055336
18,three_w,discriminative,3,0.03683360293507576
18,three_w,discriminative,4,0.038335129618644714
18,three_w,discriminative,5,0.04048749804496765
18,three_w,discriminative,6,0.04188830405473709
18,three_w,discriminative,7,0.04074927046895027
18,three_w,discriminative,8,0.04100041091442108
18,three_w,discriminative,9,0.04300951585173607
18,three_w,discriminative,10,0.04226178675889969
18,three_w,discriminative,11,0.042438115924596786
18,three_w,discriminative,12,0.042870476841926575
18,three_w,discriminative,13,0.04266773536801338
18,three_w,discriminative,14,0.04270986467599869
18,three_w,discriminative,15,0.0426851324737072
18,three_w,discriminative,16,0.04355703666806221
18,three_w,discriminative,17,0.04338911920785904
18,three_w,discriminative,18,0.04284168779850006
18,three_w,discriminative,19,0.04348012059926987
18,three_w,discriminative,20,0.04310915991663933
18,three_w,discriminative,21,0.043157752603292465
18,three_w,discriminative,22,0.043432995676994324
18,three_w,discriminative,23,0.043736349791288376
18,three_w,discriminative,24,0.04368356242775917
18,three_w,discriminative,25,0.04281652718782425
18,three_w,discriminative,26,0.04345732182264328
18,three_w,discriminative,27,0.043508343398571014
18,three_w,discriminative,28,0.04351327568292618
18,three_w,discriminative,29,0.04400387033820152
18,three_w,discriminative,30,0.04372555762529373
18,three_w,discriminative,31,0.04318757727742195
18,three_w,discriminative,32,0.0435611717402935
19,three_w,discriminative,0,0.015163140371441841
19,three_w,discriminative,1,0.02047165296971798
19,three_w,discriminative,2,0.024588411673903465
19,three_w,discriminative,3,0.026595167815685272
19,three_w,discriminative,4,0.027299359440803528
19,three_w,discriminative,5,0.02762048877775669
19,three_w,discriminative,6,0.028136959299445152
19,three_w,discriminative,7,0.02835431694984436
19,three_w,discriminative,8,0.029192980378866196
19,three_w,discriminative,9,0.028981298208236694
19,three_w,discriminative,10,0.02901524305343628
19,three_w,discriminative,11,0.02915949746966362
19,three_w,discriminative,12,0.029213055968284607
19,three_w,discriminative,13,0.029264172539114952
19,three_w,discriminative,14,0.02895078994333744
19,three_w,discriminative,15,0.029528476297855377
19,three_w,discriminative,16,0.02940008044242859
19,three_w,discriminative,17,0.029387395828962326
19,three_w,discriminative,18,0.029258795082569122
19,three_w,discriminative,19,0.030026040971279144
19,three_w,discriminative,20,0.029738401994109154
19,three_w,discriminative,21,0.029849356040358543
19,three_w,discriminative,22,0.029796306043863297
19,three_w,discriminative,23,0.029607463628053665
19,three_w,discriminative,24,0.029628939926624298
19,three_w,discriminative,25,0.029765699058771133
19,three_w,discriminative,26,0.029762644320726395
19,three_w,discriminative,27,0.02966337278485298
19,three_w,discriminative,28,0.029928578063845634
19,three_w,discriminative,29,0.02992285043001175
19,three_w,discriminative,30,0.029986243695020676
19,three_w,discriminative,31,0.030122069641947746
19,three_w,discriminative,32,0.029932307079434395
20,three_w,discriminative,0,0.010714812204241753
20,three_w,discriminative,1,0.0
20,three_w,discriminative,2,0.0
20,three_w,discriminative,3,0.0
20,three_w,discriminative,4,0.0
20,three_w,discriminative,5,0.0
20,three_w,discriminative,6,0.0
20,three_w,discriminative,7,0.0
20,three_w,discriminative,8,0.0
20,three_w,discriminative,9,0.0
20,three_w,discriminative,10,0.0
20,three_w,discriminative,11,0.0
20,three_w,discriminative,12,0.0
20,three_w,discriminative,13,0.0
20,three_w,discriminative,14,0.0
20,three_w,discriminative,15,0.0
20,three_w,discriminative,16,0.0
20,three_w,discriminative,17,0.0
20,three_w,discriminative,18,0.0
20,three_w,discriminative,19,0.0
20,three_w,discriminative,20,0.0
20,three_w,discriminative,21,0.0
20,three_w,discriminative,22,0.0
20,three_w,discriminative,23,0.0
20,three_w,discriminative,24,0.0
20,three_w,discriminative,25,0.0
20,three_w,discriminative,26,0.0
20,three_w,discriminative,27,0.0
20,three_w,discriminative,28,0.0
20,three_w,discriminative,29,0.0
20,three_w,discriminative,30,0.0
20,three_w,discriminative,31,0.0
20,three_w,discriminative,32,0.0
21,three_w,discriminative,0,0.47134116291999817
21,three_w,discriminative,1,0.25977376103401184
21,three_w,discriminative,2,0.2573210299015045
21,three_w,discriminative,3,0.22327299416065216
21,three_w,discriminative,4,0.17080888152122498
21,three_w,discriminative,5,0.1463136523962021
21,three_w,discriminative,6,0.12142924964427948
21,three_w,discriminative,7,0.13823367655277252
21,three_w,discriminative,8,0.14251331984996796
21,three_w,discriminative,9,0.14370964467525482
21,three_w,discriminative,10,0.12010937184095383
21,three_w,discriminative,11,0.06948049366474152
21,three_w,discriminative,12,0.037600625306367874
21,three_w,discriminative,13,0.050166286528110504
21,three_w,discriminative,14,0.07803326845169067
21,three_w,discriminative,15,0.12440726161003113
21,three_w,discriminative,16,0.1537088304758072
21,three_w,discriminative,17,0.1413903385400772
21,three_w,discriminative,18,0.11093813925981522
21,three_w,discriminative,19,0.09008485078811646
21,three_w,discriminative,20,0.07375290244817734
21,three_w,discriminative,21,0.10977697372436523
21,three_w,discriminative,22,0.16274906694889069
21,three_w,discriminative,23,0.1906714290380478
21,three_w,discriminative,24,0.2011100947856903
21,three_w,discriminative,25,0.20810768008232117
21,three_w,discriminative,26,0.2002202272415161
21,three_w,discriminative,27,0.2174762338399887
21,three_w,discriminative,28,0.22743064165115356
21,three_w,discriminative,29,0.23472972214221954
21,three_w,discriminative,30,0.23322241008281708
21,three_w,discriminative,31,0.23298591375350952
21,three_w,discriminative,32,0.23415881395339966
0,three_w,early,0,0.052080120891332626
0,three_w,early,1,0.03216645121574402
0,three_w,early,2,0.05162229761481285
0,three_w,early,3,0.05575485900044441
0,three_w,early,4,0.05653240531682968
0,three_w,early,5,0.05741153284907341
0,three_w,early,6,0.058920346200466156
0,three_w,early,7,0.05969783291220665
0,three_w,early,8,0.05885506421327591
0,three_w,early,9,0.0594579353928566
0,three_w,early,10,0.05624169483780861
0,three_w,early,11,0.05965134873986244
0,three_w,early,12,0.06031484156847
0,three_w,early,13,0.060671597719192505
0,three_w,early,14,0.06092451140284538
0,three_w,early,15,0.060354940593242645
0,three_w,early,16,0.06255776435136795
0,three_w,early,17,0.0606028288602829
0,three_w,early,18,0.06242420896887779
0,three_w,early,19,0.06102946028113365
0,three_w,early,20,0.059560541063547134
0,three_w,early,21,0.06052949279546738
0,three_w,early,22,0.05992575362324715
0,three_w,early,23,0.06092165410518646
0,three_w,early,24,0.06058875843882561
0,three_w,early,25,0.06061982735991478
0,three_w,early,26,0.06232580170035362
0,three_w,early,27,0.05974403768777847
0,three_w,early,28,0.06224328652024269
0,three_w,early,29,0.06116671487689018
0,three_w,early,30,0.05990023910999298
0,three_w,early,31,0.06111235171556473
0,three_w,early,32,0.05964738875627518
1,three_w,early,0,0.046952225267887115
1,three_w,early,1,0.0026858896017074585
1,three_w,early,2,0.006915697827935219
1,three_w,early,3,0.004172340966761112
1,three_w,early,4,0.010039889253675938
1,three_w,early,5,0.00658784294500947
1,three_w,early,6,0.0018631104612722993
1,three_w,early,7,0.00019855792925227433
1,three_w,early,8,0.0014691087417304516
1,three_w,early,9,0.01486899983137846
1,three_w,early,10,0.0074867429211735725
1,three_w,early,11,3.1813317491469206e-07
1,three_w,early,12,0.0004905433743260801
1,three_w,early,13,8.138245902955532e-05
1,three_w,early,14,0.00043745155562646687
1,three_w,early,15,0.0002860893728211522
1,three_w,early,16,0.0075393435545265675
1,three_w,early,17,0.002108913380652666
1,three_w,early,18,0.005258786957710981
1,three_w,early,19,0.011939704418182373
1,three_w,early,20,0.002560701221227646
1,three_w,early,21,0.00020732621487695724
1,three_w,early,22,0.0005802453961223364
1,three_w,early,23,0.0007050050189718604
1,three_w,early,24,0.001915001543238759
1,three_w,early,25,0.004554938990622759
1,three_w,early,26,0.004914918448776007
1,three_w,early,27,0.0034927751403301954
1,three_w,early,28,0.004784842487424612
1,three_w,early,29,0.006286092568188906
1,three_w,early,30,0.0013361945748329163
1,three_w,early,31,0.0012615035520866513
1,three_w,early,32,0.008709351532161236
2,three_w,early,0,0.003664814867079258
2,three_w,early,1,0.0
2,three_w,early,2,0.0
2,three_w,early,3,0.0
2,three_w,early,4,0.0
2,three_w,early,5,0.0
2,three_w,early,6,0.0
2,three_w,early,7,0.0
2,three_w,early,8,0.0
2,three_w,early,9,0.0
2,three_w,early,10,0.0
2,three_w,early,11,0.0
2,three_w,early,12,0.0
2,three_w,early,13,0.0
2,three_w,early,14,0.0
2,three_w,early,15,0.0
2,three_w,early,16,0.0
2,three_w,early,17,0.0
2,three_w,early,18,0.0
2,three_w,early,19,0.0
2,three_w,early,20,0.0
2,three_w,early,21,0.0
2,three_w,early,22,0.0
2,three_w,early,23,0.0
2,three_w,early,24,0.0
2,three_w,early,25,0.0
2,three_w,early,26,0.0
2,three_w,early,27,0.0
2,three_w,early,28,0.0
2,three_w,early,29,0.0
2,three_w,early,30,0.0
2,three_w,early,31,0.0
2,three_w,early,32,0.0
3,three_w,early,0,0.8268652558326721
3,three_w,early,1,0.09999975562095642
3,three_w,early,2,0.09999894350767136
3,three_w,early,3,0.09999965876340866
3,three_w,early,4,0.09999894350767136
3,three_w,early,5,0.09999994933605194
3,three_w,early,6,0.09999894350767136
3,three_w,early,7,0.09999962151050568
3,three_w,early,8,0.0
3,three_w,early,9,0.09999950975179672
3,three_w,early,10,0.09999894350767136
3,three_w,early,11,0.09999930113554001
3,three_w,early,12,0.09999894350767136
3,three_w,early,13,0.09999985247850418
3,three_w,early,14,0.09999894350767136
3,three_w,early,15,0.09999918192625046
3,three_w,early,16,0.0
3,three_w,early,17,0.10000021010637283
3,three_w,early,18,0.09999894350767136
3,three_w,early,19,0.09999925643205643
3,three_w,early,20,0.09999895095825195
3,three_w,early,21,0.09999964386224747
3,three_w,early,22,0.09999894350767136
3,three_w,early,23,0.09999970346689224
3,three_w,early,24,0.0
3,three_w,early,25,0.09999914467334747
3,three_w,early,26,0.09999894350767136
3,three_w,early,27,0.10000033676624298
3,three_w,early,28,0.09999894350767136
3,three_w,early,29,0.09999929368495941
3,three_w,early,30,0.09999894350767136
3,three_w,early,31,0.09999915212392807
3,three_w,early,32,0.0
4,three_w,early,0,0.025202179327607155
4,three_w,early,1,0.0
4,three_w,early,2,0.0
4,three_w,early,3,0.0
4,three_w,early,4,0.0
4,three_w,early,5,0.0
4,three_w,early,6,0.0
4,three_w,early,7,0.0
4,three_w,early,8,0.0
4,three_w,early,9,0.0
4,three_w,early,10,0.0
4,three_w,early,11,0.0
4,three_w,early,12,0.0
4,three_w,early,13,0.0
4,three_w,early,14,0.0
4,three_w,early,15,0.0
4,three_w,early,16,0.0
4,three_w,early,17,0.0
4,three_w,early,18,0.0
4,three_w,early,19,0.0
4,three_w,early,20,0.0
4,three_w,early,21,0.0
4,three_w,early,22,0.0
4,three_w,early,23,0.0
4,three_w,early,24,0.0
4,three_w,early,25,0.0
4,three_w,early,26,0.0
4,three_w,early,27,0.0
4,three_w,early,28,0.0
4,three_w,early,29,0.0
4,three_w,early,30,0.0
4,three_w,early,31,0.0
4,three_w,early,32,0.0
5,three_w,early,0,0.009495878592133522
5,three_w,early,1,0.0
5,three_w,early,2,0.0
5,three_w,early,3,0.0
5,three_w,early,4,0.0
5,three_w,early,5,0.0
5,three_w,early,6,0.0
5,three_w,early,7,0.0
5,three_w,early,8,0.0
5,three_w,early,9,0.0
5,three_w,early,10,0.0
5,three_w,early,11,0.0
5,three_w,early,12,0.0
5,three_w,early,13,0.0
5,three_w,early,14,0.0
5,three_w,early,15,0.0
5,three_w,early,16,0.0
5,three_w,early,17,0.0
5,three_w,early,18,0.0
5,three_w,early,19,0.0
5,three_w,early,20,0.0
5,three_w,early,21,0.0
5,three_w,early,22,0.0
5,three_w,early,23,0.0
5,three_w,early,24,0.0
5,three_w,early,25,0.0
5,three_w,early,26,0.0
5,three_w,early,27,0.0
5,three_w,early,28,0.0
5,three_w,early,29,0.0
5,three_w,early,30,0.0
5,three_w,early,31,0.0
5,three_w,early,32,0.0
6,three_w,early,0,7.922752411104739e-05
6,three_w,early,1,0.09999995678663254
6,three_w,early,2,0.09999991208314896
6,three_w,early,3,0.10000001639127731
6,three_w,early,4,0.1000000387430191
6,three_w,early,5,0.09999995678663254
6,three_w,early,6,0.0999998152256012
6,three_w,early,7,0.09999995678663254
6,three_w,early,8,0.10000009089708328
6,three_w,early,9,0.10000002384185791
6,three_w,early,10,0.09999997168779373
6,three_w,early,11,0.09999997913837433
6,three_w,early,12,0.09999996423721313
6,three_w,early,13,0.10000003129243851
6,three_w,early,14,0.09999997168779373
6,three_w,early,15,0.10000002384185791
6,three_w,early,16,0.10000007599592209
6,three_w,early,17,0.10000001639127731
6,three_w,early,18,0.10000018775463104
6,three_w,early,19,0.09999993443489075
6,three_w,early,20,0.10000000149011612
6,three_w,early,21,0.10000009089708328
6,three_w,early,22,0.09999999403953552
6,three_w,early,23,0.09999992698431015
6,three_w,early,24,0.10000007599592209
6,three_w,early,25,0.10000003129243851
6,three_w,early,26,0.09999996423721313
6,three_w,early,27,0.09999997913837433
6,three_w,early,28,0.10000000149011612
6,three_w,early,29,0.09999997168779373
6,three_w,early,30,0.09999998658895493
6,three_w,early,31,0.09999994188547134
6,three_w,early,32,0.10000007599592209
7,three_w,early,0,0.3109953701496124
7,three_w,early,1,0.2377631664276123
7,three_w,early,2,0.23177121579647064
7,three_w,early,3,0.25349387526512146
7,three_w,early,4,0.27038899064064026
7,three_w,early,5,0.24840623140335083
7,three_w,early,6,0.21616533398628235
7,three_w,early,7,0.22925807535648346
7,three_w,early,8,0.21953053772449493
7,three_w,early,9,0.2592608332633972
7,three_w,early,10,0.25946244597435
7,three_w,early,11,0.24799400568008423
7,three_w,early,12,0.2194410264492035
7,three_w,early,13,0.24772241711616516
7,three_w,early,14,0.27784213423728943
7,three_w,early,15,0.23857241868972778
7,three_w,early,16,0.16611897945404053
7,three_w,early,17,0.23103223741054535
7,three_w,early,18,0.3040357232093811
7,three_w,early,19,0.2544490396976471
7,three_w,early,20,0.2365126758813858
7,three_w,early,21,0.24464106559753418
7,three_w,early,22,0.24776573479175568
7,three_w,early,23,0.22060222923755646
7,three_w,early,24,0.21803663671016693
7,three_w,early,25,0.2607349157333374
7,three_w,early,26,0.24572496116161346
7,three_w,early,27,0.257813036441803
7,three_w,early,28,0.26269063353538513
7,three_w,early,29,0.20842613279819489
7,three_w,early,30,0.21047000586986542
7,three_w,early,31,0.2468767613172531
7,three_w,early,32,0.17225319147109985
8,three_w,early,0,0.8136450052261353
8,three_w,early,1,0.09999778121709824
8,three_w,early,2,0.0999971404671669
8,three_w,early,3,0.09999705851078033
8,three_w,early,4,0.09999627619981766
8,three_w,early,5,0.0999695286154747
8,three_w,early,6,0.09999862313270569
8,three_w,early,7,0.09999829530715942
8,three_w,early,8,0.09999765455722809
8,three_w,early,9,0.09999988228082657
8,three_w,early,10,0.09999313950538635
8,three_w,early,11,0.0999961867928505
8,three_w,early,12,0.09999901801347733
8,three_w,early,13,0.09999750554561615
8,three_w,early,14,0.09999311715364456
8,three_w,early,15,0.09999057650566101
8,three_w,early,16,0.09999673813581467
8,three_w,early,17,0.0999990776181221
8,three_w,early,18,0.09999800473451614
8,three_w,early,19,0.09999815374612808
8,three_w,early,20,0.09999416023492813
8,three_w,early,21,0.09999719262123108
8,three_w,early,22,0.09999788552522659
8,three_w,early,23,0.09999874234199524
8,three_w,early,24,0.09999418258666992
8,three_w,early,25,0.09999579191207886
8,three_w,early,26,0.09999880939722061
8,three_w,early,27,0.09999936819076538
8,three_w,early,28,0.09999750554561615
8,three_w,early,29,0.09999705851078033
8,three_w,early,30,0.09999679028987885
8,three_w,early,31,0.0999956727027893
8,three_w,early,32,0.09999673813581467
9,three_w,early,0,0.017364557832479477
9,three_w,early,1,1.91599994536773e-07
9,three_w,early,2,1.1240999953088249e-07
9,three_w,early,3,8.673610274456678e-09
9,three_w,early,4,1.4658401603639959e-08
9,three_w,early,5,1.9515633553623957e-08
9,three_w,early,6,1.9160005138019187e-07
9,three_w,early,7,1.6792087365047337e-07
9,three_w,early,8,2.5066723807753988e-08
9,three_w,early,9,1.2490001033427234e-08
9,three_w,early,10,7.294497805787614e-08
9,three_w,early,11,2.5066754005820258e-08
9,three_w,early,12,3.469442788617272e-10
9,three_w,early,13,1.700028562368061e-08
9,three_w,early,14,2.220446049250313e-08
9,three_w,early,15,2.168400925484093e-07
9,three_w,early,16,2.5066723807753988e-08
9,three_w,early,17,2.2204424965366343e-08
9,three_w,early,18,2.1684030127033793e-09
9,three_w,early,19,4.250067409117264e-09
9,three_w,early,20,3.469444731507565e-10
9,three_w,early,21,7.806253421449583e-08
9,three_w,early,22,1.8353351549649233e-07
9,three_w,early,23,1.0495075919436658e-08
9,three_w,early,24,2.5066723807753988e-08
9,three_w,early,25,1.387777892603026e-09
9,three_w,early,26,3.1225002583568084e-09
9,three_w,early,27,5.4210083533234865e-08
9,three_w,early,28,1.465839627456944e-08
9,three_w,early,29,6.323054435597442e-08
9,three_w,early,30,2.529222342673165e-07
9,three_w,early,31,3.4694426886971996e-08
9,three_w,early,32,2.5066723807753988e-08
10,three_w,early,0,0.0
10,three_w,early,1,0.0
10,three_w,early,2,0.0
10,three_w,early,3,0.0
10,three_w,early,4,0.0
10,three_w,early,5,0.0
10,three_w,early,6,0.0
10,three_w,early,7,0.0
10,three_w,early,8,0.0
10,three_w,early,9,0.0
10,three_w,early,10,0.0
10,three_w,early,11,0.0
10,three_w,early,12,0.0
10,three_w,early,13,0.0
10,three_w,early,14,0.0
10,three_w,early,15,0.0
10,three_w,early,16,0.0
10,three_w,early,17,0.0
10,three_w,early,18,0.0
10,three_w,early,19,0.0
10,three_w,early,20,0.0
10,three_w,early,21,0.0
10,three_w,early,22,0.0
10,three_w,early,23,0.0
10,three_w,early,24,0.0
10,three_w,early,25,0.0
10,three_w,early,26,0.0
10,three_w,early,27,0.0
10,three_w,early,28,0.0
10,three_w,early,29,0.0
10,three_w,early,30,0.0
10,three_w,early,31,0.0
10,three_w,early,32,0.0
11,three_w,early,0,0.02221709117293358
11,three_w,early,1,0.08891433477401733
11,three_w,early,2,0.0808761715888977
11,three_w,early,3,0.08701787143945694
11,three_w,early,4,0.07380525022745132
11,three_w,early,5,0.07971018552780151
11,three_w,early,6,0.07253412157297134
11,three_w,early,7,0.07168009132146835
11,three_w,early,8,0.06927823275327682
11,three_w,early,9,0.07295022904872894
11,three_w,early,10,0.07258137315511703
11,three_w,early,11,0.06606517732143402
11,three_w,early,12,0.06636378914117813
11,three_w,early,13,0.06395136564970016
11,three_w,early,14,0.06303206086158752
11,three_w,early,15,0.06328581273555756
11,three_w,early,16,0.06835411489009857
11,three_w,early,17,0.06422355026006699
11,three_w,early,18,0.06183221563696861
11,three_w,early,19,0.06447344273328781
11,three_w,early,20,0.06448182463645935
11,three_w,early,21,0.06379860639572144
11,three_w,early,22,0.06284089386463165
11,three_w,early,23,0.06491859257221222
11,three_w,early,24,0.0640590488910675
11,three_w,early,25,0.06342998147010803
11,three_w,early,26,0.061447031795978546
11,three_w,early,27,0.06310173124074936
11,three_w,early,28,0.06297518312931061
11,three_w,early,29,0.061389435082674026
11,three_w,early,30,0.06502800434827805
11,three_w,early,31,0.0639967992901802
11,three_w,early,32,0.06468828022480011
12,three_w,early,0,0.06502369791269302
12,three_w,early,1,0.076178178191185
12,three_w,early,2,0.08906428515911102
12,three_w,early,3,0.1318397969007492
12,three_w,early,4,0.14266863465309143
12,three_w,early,5,0.15698374807834625
12,three_w,early,6,0.15779782831668854
12,three_w,early,7,0.1553599089384079
12,three_w,early,8,0.15634773671627045
12,three_w,early,9,0.15683837234973907
12,three_w,early,10,0.1618000566959381
12,three_w,early,11,0.16543890535831451
12,three_w,early,12,0.16337524354457855
12,three_w,early,13,0.16077864170074463
12,three_w,early,14,0.16123364865779877
12,three_w,early,15,0.1641446202993393
12,three_w,early,16,0.16197322309017181
12,three_w,early,17,0.16218708455562592
12,three_w,early,18,0.16493767499923706
12,three_w,early,19,0.1649032086133957
12,three_w,early,20,0.16301853954792023
12,three_w,early,21,0.16456885635852814
12,three_w,early,22,0.16714629530906677
12,three_w,early,23,0.16676537692546844
12,three_w,early,24,0.16609908640384674
12,three_w,early,25,0.1644248366355896
12,three_w,early,26,0.16627024114131927
12,three_w,early,27,0.1639702171087265
12,three_w,early,28,0.16636766493320465
12,three_w,early,29,0.1664697527885437
12,three_w,early,30,0.16539646685123444
12,three_w,early,31,0.16546811163425446
12,three_w,early,32,0.16738076508045197
13,three_w,early,0,0.042592283338308334
13,three_w,early,1,0.009925971738994122
13,three_w,early,2,0.010731975547969341
13,three_w,early,3,0.010148604400455952
13,three_w,early,4,0.01071847788989544
13,three_w,early,5,0.011099918745458126
13,three_w,early,6,0.011222649365663528
13,three_w,early,7,0.011082235723733902
13,three_w,early,8,0.011305502615869045
13,three_w,early,9,0.01113907340914011
13,three_w,early,10,0.011005057953298092
13,three_w,early,11,0.011080581694841385
13,three_w,early,12,0.010998577810823917
13,three_w,early,13,0.011161833070218563
13,three_w,early,14,0.01115996390581131
13,three_w,early,15,0.011272264644503593
13,three_w,early,16,0.011242925189435482
13,three_w,early,17,0.011278362944722176
13,three_w,early,18,0.011192155070602894
13,three_w,early,19,0.011230194941163063
13,three_w,early,20,0.011207317002117634
13,three_w,early,21,0.011192325502634048
13,three_w,early,22,0.011129556223750114
13,three_w,early,23,0.011177183128893375
13,three_w,early,24,0.011170382611453533
13,three_w,early,25,0.01124304998666048
13,three_w,early,26,0.011263730004429817
13,three_w,early,27,0.011230685748159885
13,three_w,early,28,0.011244352906942368
13,three_w,early,29,0.01123893167823553
13,three_w,early,30,0.011216173879802227
13,three_w,early,31,0.011117770336568356
13,three_w,early,32,0.011103716678917408
14,three_w,early,0,0.02435048669576645
14,three_w,early,1,0.027485137805342674
14,three_w,early,2,0.045606959611177444
14,three_w,early,3,0.04266894981265068
14,three_w,early,4,0.03378462418913841
14,three_w,early,5,0.01968166045844555
14,three_w,early,6,0.009579566307365894
14,three_w,early,7,0.0053294687531888485
14,three_w,early,8,0.006336057558655739
14,three_w,early,9,0.011340068653225899
14,three_w,early,10,0.004338044673204422
14,three_w,early,11,0.0035654697567224503
14,three_w,early,12,0.0017491142498329282
14,three_w,early,13,0.0013938021147623658
14,three_w,early,14,0.0006201200885698199
14,three_w,early,15,0.002352857729420066
14,three_w,early,16,0.0021937109995633364
14,three_w,early,17,0.002354373224079609
14,three_w,early,18,0.0020173422526568174
14,three_w,early,19,0.001366913435049355
14,three_w,early,20,0.0011680154129862785
14,three_w,early,21,0.0013212882913649082
14,three_w,early,22,0.0023193254601210356
14,three_w,early,23,0.0031682015396654606
14,three_w,early,24,0.0023359651677310467
14,three_w,early,25,0.0011602479498833418
14,three_w,early,26,0.0013178925728425384
14,three_w,early,27,0.0015344548737630248
14,three_w,early,28,0.0020936194341629744
14,three_w,early,29,0.0012290271697565913
14,three_w,early,30,0.0008785888203419745
14,three_w,early,31,0.0006426955224014819
14,three_w,early,32,0.0005969040794298053
15,three_w,early,0,0.007615557871758938
15,three_w,early,1,0.012085949070751667
15,three_w,early,2,0.005470949690788984
15,three_w,early,3,0.008732658810913563
15,three_w,early,4,0.005908948369324207
15,three_w,early,5,0.005353817716240883
15,three_w,early,6,0.001614116015844047
15,three_w,early,7,0.001266855513677001
15,three_w,early,8,0.003641505492851138
15,three_w,early,9,0.0034266153816133738
15,three_w,early,10,0.0028909966349601746
15,three_w,early,11,0.0017413911409676075
15,three_w,early,12,0.0016081627691164613
15,three_w,early,13,0.0010201489785686135
15,three_w,early,14,0.003057743888348341
15,three_w,early,15,0.0021119113080203533
15,three_w,early,16,0.001554024638608098
15,three_w,early,17,0.001958635402843356
15,three_w,early,18,0.0017493024934083223
15,three_w,early,19,0.0016322922892868519
15,three_w,early,20,0.0018297350034117699
15,three_w,early,21,0.001456466387026012
15,three_w,early,22,0.001520747784525156
15,three_w,early,23,0.0023126411251723766
15,three_w,early,24,0.0018788453890010715
15,three_w,early,25,0.0009290666785091162
15,three_w,early,26,0.0009914642432704568
15,three_w,early,27,0.0013805658090859652
15,three_w,early,28,0.001574481837451458
15,three_w,early,29,0.002074763411656022
15,three_w,early,30,0.0014595043612644076
15,three_w,early,31,0.0009543148335069418
15,three_w,early,32,0.0004558169166557491
16,three_w,early,0,0.018597843125462532
16,three_w,early,1,0.15655291080474854
16,three_w,early,2,0.13753493130207062
16,three_w,early,3,0.14769414067268372
16,three_w,early,4,0.17061203718185425
16,three_w,early,5,0.17066343128681183
16,three_w,early,6,0.16927188634872437
16,three_w,early,7,0.16879041492938995
16,three_w,early,8,0.1700994372367859
16,three_w,early,9,0.18364956974983215
16,three_w,early,10,0.17710541188716888
16,three_w,early,11,0.1789523959159851
16,three_w,early,12,0.17842847108840942
16,three_w,early,13,0.17724092304706573
16,three_w,early,14,0.17670467495918274
16,three_w,early,15,0.1833091825246811
16,three_w,early,16,0.1807963252067566
16,three_w,early,17,0.18575936555862427
16,three_w,early,18,0.18042859435081482
16,three_w,early,19,0.17821794748306274
16,three_w,early,20,0.1823464334011078
16,three_w,early,21,0.18018676340579987
16,three_w,early,22,0.18652969598770142
16,three_w,early,23,0.1825704127550125
16,three_w,early,24,0.18365441262722015
16,three_w,early,25,0.1843627542257309
16,three_w,early,26,0.18318727612495422
16,three_w,early,27,0.18521393835544586
16,three_w,early,28,0.1901925653219223
16,three_w,early,29,0.18364177644252777
16,three_w,early,30,0.18594856560230255
16,three_w,early,31,0.1884855329990387
16,three_w,early,32,0.18044975399971008
17,three_w,early,0,0.21352419257164001
17,three_w,early,1,0.020567426458001137
17,three_w,early,2,0.03192385286092758
17,three_w,early,3,0.025711767375469208
17,three_w,early,4,0.012896856293082237
17,three_w,early,5,0.017296919599175453
17,three_w,early,6,0.01264602318406105
17,three_w,early,7,0.011780946515500546
17,three_w,early,8,0.013188340701162815
17,three_w,early,9,0.011686493642628193
17,three_w,early,10,0.013654152862727642
17,three_w,early,11,0.013434489257633686
17,three_w,early,12,0.011604095809161663
17,three_w,early,13,0.011189445853233337
17,three_w,early,14,0.011033646762371063
17,three_w,early,15,0.012778017669916153
17,three_w,early,16,0.013393012806773186
17,three_w,early,17,0.013334213756024837
17,three_w,early,18,0.010334263555705547
17,three_w,early,19,0.010515611618757248
17,three_w,early,20,0.010735848918557167
17,three_w,early,21,0.010492399334907532
17,three_w,early,22,0.012144641019403934
17,three_w,early,23,0.011332408525049686
17,three_w,early,24,0.011903391219675541
17,three_w,early,25,0.010516496375203133
17,three_w,early,26,0.01106626633554697
17,three_w,early,27,0.010010308586061
17,three_w,early,28,0.011480477638542652
17,three_w,early,29,0.011210448108613491
17,three_w,early,30,0.010727779939770699
17,three_w,early,31,0.011104459874331951
17,three_w,early,32,0.010477682575583458
18,three_w,early,0,0.004279658664017916
18,three_w,early,1,0.01576024293899536
18,three_w,early,2,0.027899429202079773
18,three_w,early,3,0.03848857060074806
18,three_w,early,4,0.040002744644880295
18,three_w,early,5,0.0421905480325222
18,three_w,early,6,0.04364649951457977
18,three_w,early,7,0.042455654591321945
18,three_w,early,8,0.042709849774837494
18,three_w,early,9,0.04474475979804993
18,three_w,early,10,0.043983343988657
18,three_w,early,11,0.04417143017053604
18,three_w,early,12,0.0446021594107151
18,three_w,early,13,0.04439372196793556
18,three_w,early,14,0.04444275423884392
18,three_w,early,15,0.04438519477844238
18,three_w,early,16,0.045293811708688736
18,three_w,early,17,0.04510878771543503
18,three_w,early,18,0.044561631977558136
18,three_w,early,19,0.04520905017852783
18,three_w,early,20,0.04483278840780258
18,three_w,early,21,0.04487484693527222
18,three_w,early,22,0.04515848308801651
18,three_w,early,23,0.04545997828245163
18,three_w,early,24,0.04539630562067032
18,three_w,early,25,0.044515352696180344
18,three_w,early,26,0.04517310485243797
18,three_w,early,27,0.04522566497325897
18,three_w,early,28,0.04523508623242378
18,three_w,early,29,0.0457286462187767
18,three_w,early,30,0.0454457551240921
18,three_w,early,31,0.04489127919077873
18,three_w,early,32,0.045284029096364975
19,three_w,early,0,0.011624687351286411
19,three_w,early,1,0.01943131536245346
19,three_w,early,2,0.023490285500884056
19,three_w,early,3,0.02532658353447914
19,three_w,early,4,0.02605225332081318
19,three_w,early,5,0.02634260430932045
19,three_w,early,6,0.026881352066993713
19,three_w,early,7,0.02711852826178074
19,three_w,early,8,0.027903804555535316
19,three_w,early,9,0.027743501588702202
19,three_w,early,10,0.027771320194005966
19,three_w,early,11,0.027915513142943382
19,three_w,early,12,0.027925141155719757
19,three_w,early,13,0.02799091674387455
19,three_w,early,14,0.027704743668437004
19,three_w,early,15,0.028265971690416336
19,three_w,early,16,0.028137359768152237
19,three_w,early,17,0.02815091796219349
19,three_w,early,18,0.02801642008125782
19,three_w,early,19,0.028771312907338142
19,three_w,early,20,0.028492823243141174
19,three_w,early,21,0.028611933812499046
19,three_w,early,22,0.028564097359776497
19,three_w,early,23,0.02837207168340683
19,three_w,early,24,0.028383338823914528
19,three_w,early,25,0.028514524921774864
19,three_w,early,26,0.02850782498717308
19,three_w,early,27,0.028409443795681
19,three_w,early,28,0.028685584664344788
19,three_w,early,29,0.028673874214291573
19,three_w,early,30,0.028746068477630615
19,three_w,early,31,0.028878815472126007
19,three_w,early,32,0.028698084875941277
20,three_w,early,0,0.011656361632049084
20,three_w,early,1,0.0
20,three_w,early,2,0.0
20,three_w,early,3,0.0
20,three_w,early,4,0.0
20,three_w,early,5,0.0
20,three_w,early,6,0.0
20,three_w,early,7,0.0
20,three_w,early,8,0.0
20,three_w,early,9,0.0
20,three_w,early,10,0.0
20,three_w,early,11,0.0
20,three_w,early,12,0.0
20,three_w,early,13,0.0
20,three_w,early,14,0.0
20,three_w,early,15,0.0
20,three_w,early,16,0.0
20,three_w,early,17,0.0
20,three_w,early,18,0.0
20,three_w,early,19,0.0
20,three_w,early,20,0.0
20,three_w,early,21,0.0
20,three_w,early,22,0.0
20,three_w,early,23,0.0
20,three_w,early,24,0.0
20,three_w,early,25,0.0
20,three_w,early,26,0.0
20,three_w,early,27,0.0
20,three_w,early,28,0.0
20,three_w,early,29,0.0
20,three_w,early,30,0.0
20,three_w,early,31,0.0
20,three_w,early,32,0.0
21,three_w,early,0,0.4658840000629425
21,three_w,early,1,0.2761576473712921
21,three_w,early,2,0.26741573214530945
21,three_w,early,3,0.22892969846725464
21,three_w,early,4,0.1782652735710144
21,three_w,early,5,0.15427839756011963
21,three_w,early,6,0.13409635424613953
21,three_w,early,7,0.14755962789058685
21,three_w,early,8,0.15456874668598175
21,three_w,early,9,0.15792715549468994
21,three_w,early,10,0.13627523183822632
21,three_w,early,11,0.08829741179943085
21,three_w,early,12,0.05315008386969566
21,three_w,early,13,0.06890419125556946
21,three_w,early,14,0.09797006100416183
21,three_w,early,15,0.14384132623672485
21,three_w,early,16,0.17251895368099213
21,three_w,early,17,0.16089187562465668
21,three_w,early,18,0.13200515508651733
21,three_w,early,19,0.11240705847740173
21,three_w,early,20,0.09640282392501831
21,three_w,early,21,0.13501420617103577
21,three_w,early,22,0.1831282377243042
21,three_w,early,23,0.20823107659816742
21,three_w,early,24,0.2167602777481079
21,three_w,early,25,0.22212716937065125
21,three_w,early,26,0.21776695549488068
21,three_w,early,27,0.23072926700115204
21,three_w,early,28,0.24307681620121002
21,three_w,early,29,0.2538412809371948
21,three_w,early,30,0.25453364849090576
21,three_w,early,31,0.2548440098762512
21,three_w,early,32,0.2559269964694977
0,three_w,composite,0,0.24518261849880219
0,three_w,composite,1,0.08845825493335724
0,three_w,composite,2,0.30271580815315247
0,three_w,composite,3,0.3170916438102722
0,three_w,composite,4,0.3194524645805359
0,three_w,composite,5,0.3239631652832031
0,three_w,composite,6,0.349642813205719
0,three_w,composite,7,0.35377752780914307
0,three_w,composite,8,0.37482208013534546
0,three_w,composite,9,0.35925018787384033
0,three_w,composite,10,0.2795892655849457
0,three_w,composite,11,0.36365121603012085
0,three_w,composite,12,0.39483049511909485
0,three_w,composite,13,0.36942487955093384
0,three_w,composite,14,0.3543069064617157
0,three_w,composite,15,0.35754016041755676
0,three_w,composite,16,0.39009395241737366
0,three_w,composite,17,0.3598107099533081
0,three_w,composite,18,0.4046919345855713
0,three_w,composite,19,0.37270301580429077
0,three_w,composite,20,0.318107008934021
0,three_w,composite,21,0.3720499277114868
0,three_w,composite,22,0.39197802543640137
0,three_w,composite,23,0.37387287616729736
0,three_w,composite,24,0.34356939792633057
0,three_w,composite,25,0.36356261372566223
0,three_w,composite,26,0.39451032876968384
0,three_w,composite,27,0.34783774614334106
0,three_w,composite,28,0.39906805753707886
0,three_w,composite,29,0.3712688088417053
0,three_w,composite,30,0.32921314239501953
0,three_w,composite,31,0.3762127161026001
0,three_w,composite,32,0.39045196771621704
1,three_w,composite,0,0.19144123792648315
1,three_w,composite,1,-0.21717867255210876
1,three_w,composite,2,-0.1789577603340149
1,three_w,composite,3,-0.2036043405532837
1,three_w,composite,4,-0.15119096636772156
1,three_w,composite,5,-0.1820748895406723
1,three_w,composite,6,-0.2241874635219574
1,three_w,composite,7,-0.23823605477809906
1,three_w,composite,8,-0.22362609207630157
1,three_w,composite,9,-0.09314564615488052
1,three_w,composite,10,-0.16412699222564697
1,three_w,composite,11,-0.2394130378961563
1,three_w,composite,12,-0.2357741743326187
1,three_w,composite,13,-0.23903599381446838
1,three_w,composite,14,-0.2361920028924942
1,three_w,composite,15,-0.23600438237190247
1,three_w,composite,16,-0.16421030461788177
1,three_w,composite,17,-0.21758048236370087
1,three_w,composite,18,-0.18692871928215027
1,three_w,composite,19,-0.12244164943695068
1,three_w,composite,20,-0.21343106031417847
1,three_w,composite,21,-0.2369786500930786
1,three_w,composite,22,-0.23305721580982208
1,three_w,composite,23,-0.23177507519721985
1,three_w,composite,24,-0.2198083996772766
1,three_w,composite,25,-0.19404636323451996
1,three_w,composite,26,-0.1904997080564499
1,three_w,composite,27,-0.20439958572387695
1,three_w,composite,28,-0.19183847308158875
1,three_w,composite,29,-0.1770721971988678
1,three_w,composite,30,-0.22559359669685364
1,three_w,composite,31,-0.22637638449668884
1,three_w,composite,32,-0.15413644909858704
2,three_w,composite,0,-0.20588812232017517
2,three_w,composite,1,-0.2395085096359253
2,three_w,composite,2,-0.2395085096359253
2,three_w,composite,3,-0.2395085096359253
2,three_w,composite,4,-0.2395085096359253
2,three_w,composite,5,-0.2395085096359253
2,three_w,composite,6,-0.2395085096359253
2,three_w,composite,7,-0.2395085096359253
2,three_w,composite,8,-0.2395085096359253
2,three_w,composite,9,-0.2395085096359253
2,three_w,composite,10,-0.2395085096359253
2,three_w,composite,11,-0.2395085096359253
2,three_w,composite,12,-0.2395085096359253
2,three_w,composite,13,-0.2395085096359253
2,three_w,composite,14,-0.2395085096359253
2,three_w,composite,15,-0.2395085096359253
2,three_w,composite,16,-0.2395085096359253
2,three_w,composite,17,-0.2395085096359253
2,three_w,composite,18,-0.2395085096359253
2,three_w,composite,19,-0.2395085096359253
2,three_w,composite,20,-0.2395085096359253
2,three_w,composite,21,-0.2395085096359253
2,three_w,composite,22,-0.2395085096359253
2,three_w,composite,23,-0.2395085096359253
2,three_w,composite,24,-0.2395085096359253
2,three_w,composite,25,-0.2395085096359253
2,three_w,composite,26,-0.2395085096359253
2,three_w,composite,27,-0.2395085096359253
2,three_w,composite,28,-0.2395085096359253
2,three_w,composite,29,-0.2395085096359253
2,three_w,composite,30,-0.2395085096359253
2,three_w,composite,31,-0.2395085096359253
2,three_w,composite,32,-0.2395085096359253
3,three_w,composite,0,7.320252418518066
3,three_w,composite,1,0.6778720021247864
3,three_w,composite,2,0.6778640747070312
3,three_w,composite,3,0.6778711676597595
3,three_w,composite,4,0.6778640747070312
3,three_w,composite,5,0.6778720617294312
3,three_w,composite,6,0.6778640747070312
3,three_w,composite,7,0.6778720617294312
3,three_w,composite,8,-0.2395085096359253
3,three_w,composite,9,0.677869439125061
3,three_w,composite,10,0.6778640747070312
3,three_w,composite,11,0.6778674125671387
3,three_w,composite,12,0.6778640747070312
3,three_w,composite,13,0.6778713464736938
3,three_w,composite,14,0.6778640747070312
3,three_w,composite,15,0.6778664588928223
3,three_w,composite,16,-0.2395085096359253
3,three_w,composite,17,0.6778744459152222
3,three_w,composite,18,0.6778640747070312
3,three_w,composite,19,0.6778669357299805
3,three_w,composite,20,0.6778640747070312
3,three_w,composite,21,0.6778720617294312
3,three_w,composite,22,0.6778640747070312
3,three_w,composite,23,0.6778727173805237
3,three_w,composite,24,-0.2395085096359253
3,three_w,composite,25,0.6778654456138611
3,three_w,composite,26,0.6778640747070312
3,three_w,composite,27,0.6778759360313416
3,three_w,composite,28,0.6778640747070312
3,three_w,composite,29,0.6778669357299805
3,three_w,composite,30,0.6778640747070312
3,three_w,composite,31,0.6778678297996521
3,three_w,composite,32,-0.2395085096359253
4,three_w,composite,0,-0.010970478877425194
4,three_w,composite,1,-0.2395085096359253
4,three_w,composite,2,-0.2395085096359253
4,three_w,composite,3,-0.2395085096359253
4,three_w,composite,4,-0.2395085096359253
4,three_w,composite,5,-0.2395085096359253
4,three_w,composite,6,-0.2395085096359253
4,three_w,composite,7,-0.2395085096359253
4,three_w,composite,8,-0.2395085096359253
4,three_w,composite,9,-0.2395085096359253
4,three_w,composite,10,-0.2395085096359253
4,three_w,composite,11,-0.2395085096359253
4,three_w,composite,12,-0.2395085096359253
4,three_w,composite,13,-0.2395085096359253
4,three_w,composite,14,-0.2395085096359253
4,three_w,composite,15,-0.2395085096359253
4,three_w,composite,16,-0.2395085096359253
4,three_w,composite,17,-0.2395085096359253
4,three_w,composite,18,-0.2395085096359253
4,three_w,composite,19,-0.2395085096359253
4,three_w,composite,20,-0.2395085096359253
4,three_w,composite,21,-0.2395085096359253
4,three_w,composite,22,-0.2395085096359253
4,three_w,composite,23,-0.2395085096359253
4,three_w,composite,24,-0.2395085096359253
4,three_w,composite,25,-0.2395085096359253
4,three_w,composite,26,-0.2395085096359253
4,three_w,composite,27,-0.2395085096359253
4,three_w,composite,28,-0.2395085096359253
4,three_w,composite,29,-0.2395085096359253
4,three_w,composite,30,-0.2395085096359253
4,three_w,composite,31,-0.2395085096359253
4,three_w,composite,32,-0.2395085096359253
5,three_w,composite,0,-0.14889636635780334
5,three_w,composite,1,-0.2395085096359253
5,three_w,composite,2,-0.2395085096359253
5,three_w,composite,3,-0.2395085096359253
5,three_w,composite,4,-0.2395085096359253
5,three_w,composite,5,-0.2395085096359253
5,three_w,composite,6,-0.2395085096359253
5,three_w,composite,7,-0.2395085096359253
5,three_w,composite,8,-0.2395085096359253
5,three_w,composite,9,-0.2395085096359253
5,three_w,composite,10,-0.2395085096359253
5,three_w,composite,11,-0.2395085096359253
5,three_w,composite,12,-0.2395085096359253
5,three_w,composite,13,-0.2395085096359253
5,three_w,composite,14,-0.2395085096359253
5,three_w,composite,15,-0.2395085096359253
5,three_w,composite,16,-0.2395085096359253
5,three_w,composite,17,-0.2395085096359253
5,three_w,composite,18,-0.2395085096359253
5,three_w,composite,19,-0.2395085096359253
5,three_w,composite,20,-0.2395085096359253
5,three_w,composite,21,-0.2395085096359253
5,three_w,composite,22,-0.2395085096359253
5,three_w,composite,23,-0.2395085096359253
5,three_w,composite,24,-0.2395085096359253
5,three_w,composite,25,-0.2395085096359253
5,three_w,composite,26,-0.2395085096359253
5,three_w,composite,27,-0.2395085096359253
5,three_w,composite,28,-0.2395085096359253
5,three_w,composite,29,-0.2395085096359253
5,three_w,composite,30,-0.2395085096359253
5,three_w,composite,31,-0.2395085096359253
5,three_w,composite,32,-0.2395085096359253
6,three_w,composite,0,-0.22957655787467957
6,three_w,composite,1,0.6778742074966431
6,three_w,composite,2,0.677873432636261
6,three_w,composite,3,0.6778748035430908
6,three_w,composite,4,0.6778745651245117
6,three_w,composite,5,0.6778738498687744
6,three_w,composite,6,0.6778731346130371
6,three_w,composite,7,0.6778737306594849
6,three_w,composite,8,0.6778750419616699
6,three_w,composite,9,0.6778745055198669
6,three_w,composite,10,0.6778737306594849
6,three_w,composite,11,0.6778740882873535
6,three_w,composite,12,0.677873969078064
6,three_w,composite,13,0.6778744459152222
6,three_w,composite,14,0.6778740882873535
6,three_w,composite,15,0.6778745055198669
6,three_w,composite,16,0.6778749823570251
6,three_w,composite,17,0.6778744459152222
6,three_w,composite,18,0.6778756380081177
6,three_w,composite,19,0.6778736114501953
6,three_w,composite,20,0.6778740882873535
6,three_w,composite,21,0.6778749227523804
6,three_w,composite,22,0.6778743267059326
6,three_w,composite,23,0.6778734922409058
6,three_w,composite,24,0.6778749823570251
6,three_w,composite,25,0.6778742074966431
6,three_w,composite,26,0.677873969078064
6,three_w,composite,27,0.6778740882873535
6,three_w,composite,28,0.6778743863105774
6,three_w,composite,29,0.6778739094734192
6,three_w,composite,30,0.6778740882873535
6,three_w,composite,31,0.6778737306594849
6,three_w,composite,32,0.6778749823570251
7,three_w,composite,0,3.1233861446380615
7,three_w,composite,1,1.9338550567626953
7,three_w,composite,2,1.8738524913787842
7,three_w,composite,3,2.0413384437561035
7,three_w,composite,4,2.305819511413574
7,three_w,composite,5,2.0142197608947754
7,three_w,composite,6,1.699991226196289
7,three_w,composite,7,1.818016529083252
7,three_w,composite,8,1.8203877210617065
7,three_w,composite,9,2.0578465461730957
7,three_w,composite,10,2.091322660446167
7,three_w,composite,11,2.039003849029541
7,three_w,composite,12,1.7840280532836914
7,three_w,composite,13,2.072571277618408
7,three_w,composite,14,2.194279193878174
7,three_w,composite,15,2.0044925212860107
7,three_w,composite,16,1.3039597272872925
7,three_w,composite,17,1.9696147441864014
7,three_w,composite,18,2.34425950050354
7,three_w,composite,19,2.135037899017334
7,three_w,composite,20,1.9312543869018555
7,three_w,composite,21,1.996187686920166
7,three_w,composite,22,2.0475287437438965
7,three_w,composite,23,1.7381671667099
7,three_w,composite,24,1.7224606275558472
7,three_w,composite,25,2.073819160461426
7,three_w,composite,26,2.124643325805664
7,three_w,composite,27,2.0845794677734375
7,three_w,composite,28,2.052882671356201
7,three_w,composite,29,1.6661159992218018
7,three_w,composite,30,1.904377818107605
7,three_w,composite,31,2.0105466842651367
7,three_w,composite,32,1.6697604656219482
8,three_w,composite,0,7.228904724121094
8,three_w,composite,1,0.9500272274017334
8,three_w,composite,2,0.9457327127456665
8,three_w,composite,3,0.9366919994354248
8,three_w,composite,4,0.9164261817932129
8,three_w,composite,5,0.8444018363952637
8,three_w,composite,6,0.9224735498428345
8,three_w,composite,7,0.9482376575469971
8,three_w,composite,8,0.9758357405662537
8,three_w,composite,9,1.1471245288848877
8,three_w,composite,10,0.879413366317749
8,three_w,composite,11,0.9393883943557739
8,three_w,composite,12,0.9409253001213074
8,three_w,composite,13,0.9310368299484253
8,three_w,composite,14,0.9032118916511536
8,three_w,composite,15,0.861751914024353
8,three_w,composite,16,0.9339374303817749
8,three_w,composite,17,0.9817039966583252
8,three_w,composite,18,1.1319398880004883
8,three_w,composite,19,0.9736120700836182
8,three_w,composite,20,0.8820735216140747
8,three_w,composite,21,0.9300451278686523
8,three_w,composite,22,0.9357598423957825
8,three_w,composite,23,0.926953136920929
8,three_w,composite,24,0.8936128616333008
8,three_w,composite,25,0.8810274600982666
8,three_w,composite,26,0.9635082483291626
8,three_w,composite,27,1.1022861003875732
8,three_w,composite,28,1.0526704788208008
8,three_w,composite,29,0.9102831482887268
8,three_w,composite,30,0.8867179155349731
8,three_w,composite,31,0.9262896776199341
8,three_w,composite,32,0.9339374303817749
9,three_w,composite,0,-0.09357573091983795
9,three_w,composite,1,0.2857797145843506
9,three_w,composite,2,0.2853829562664032
9,three_w,composite,3,0.28468266129493713
9,three_w,composite,4,0.2836008071899414
9,three_w,composite,5,0.2819962799549103
9,three_w,composite,6,0.27959614992141724
9,three_w,composite,7,0.27580076456069946
9,three_w,composite,8,0.2689616084098816
9,three_w,composite,9,0.251249223947525
9,three_w,composite,10,0.26405248045921326
9,three_w,composite,11,0.27046075463294983
9,three_w,composite,12,0.2730264663696289
9,three_w,composite,13,0.27385711669921875
9,three_w,composite,14,0.2734912633895874
9,three_w,composite,15,0.27197325229644775
9,three_w,composite,16,0.2689616084098816
9,three_w,composite,17,0.2634115517139435
9,three_w,composite,18,0.25174480676651
9,three_w,composite,19,0.25754204392433167
9,three_w,composite,20,0.26486629247665405
9,three_w,composite,21,0.2682904303073883
9,three_w,composite,22,0.2697930634021759
9,three_w,composite,23,0.2699774205684662
9,three_w,composite,24,0.2689616084098816
9,three_w,composite,25,0.2665179967880249
9,three_w,composite,26,0.2618812620639801
9,three_w,composite,27,0.2527035176753998
9,three_w,composite,28,0.2544105648994446
9,three_w,composite,29,0.26239505410194397
9,three_w,composite,30,0.26638633012771606
9,three_w,composite,31,0.26835912466049194
9,three_w,composite,32,0.2689616084098816
10,three_w,composite,0,-0.2395085096359253
10,three_w,composite,1,-0.2395085096359253
10,three_w,composite,2,-0.2395085096359253
10,three_w,composite,3,-0.2395085096359253
10,three_w,composite,4,-0.2395085096359253
10,three_w,composite,5,-0.2395085096359253
10,three_w,composite,6,-0.2395085096359253
10,three_w,composite,7,-0.2395085096359253
10,three_w,composite,8,-0.2395085096359253
10,three_w,composite,9,-0.2395085096359253
10,three_w,composite,10,-0.2395085096359253
10,three_w,composite,11,-0.2395085096359253
10,three_w,composite,12,-0.2395085096359253
10,three_w,composite,13,-0.2395085096359253
10,three_w,composite,14,-0.2395085096359253
10,three_w,composite,15,-0.2395085096359253
10,three_w,composite,16,-0.2395085096359253
10,three_w,composite,17,-0.2395085096359253
10,three_w,composite,18,-0.2395085096359253
10,three_w,composite,19,-0.2395085096359253
10,three_w,composite,20,-0.2395085096359253
10,three_w,composite,21,-0.2395085096359253
10,three_w,composite,22,-0.2395085096359253
10,three_w,composite,23,-0.2395085096359253
10,three_w,composite,24,-0.2395085096359253
10,three_w,composite,25,-0.2395085096359253
10,three_w,composite,26,-0.2395085096359253
10,three_w,composite,27,-0.2395085096359253
10,three_w,composite,28,-0.2395085096359253
10,three_w,composite,29,-0.2395085096359253
10,three_w,composite,30,-0.2395085096359253
10,three_w,composite,31,-0.2395085096359253
10,three_w,composite,32,-0.2395085096359253
11,three_w,composite,0,-0.02227099798619747
11,three_w,composite,1,0.6333792805671692
11,three_w,composite,2,0.5655289888381958
11,three_w,composite,3,0.6300972700119019
11,three_w,composite,4,0.5122913122177124
11,three_w,composite,5,0.5726360082626343
11,three_w,composite,6,0.5106179118156433
11,three_w,composite,7,0.5032776594161987
11,three_w,composite,8,0.4808517098426819
11,three_w,composite,9,0.5187433958053589
11,three_w,composite,10,0.5151796936988831
11,three_w,composite,11,0.45405125617980957
11,three_w,composite,12,0.45814448595046997
11,three_w,composite,13,0.43476176261901855
11,three_w,composite,14,0.42740827798843384
11,three_w,composite,15,0.4290066361427307
11,three_w,composite,16,0.47882699966430664
11,three_w,composite,17,0.4390867352485657
11,three_w,composite,18,0.4161115884780884
11,three_w,composite,19,0.44256454706192017
11,three_w,composite,20,0.4423225522041321
11,three_w,composite,21,0.43629342317581177
11,three_w,composite,22,0.4269641041755676
11,three_w,composite,23,0.4479369521141052
11,three_w,composite,24,0.4399036467075348
11,three_w,composite,25,0.4335162937641144
11,three_w,composite,26,0.4137864112854004
11,three_w,composite,27,0.42998170852661133
11,three_w,composite,28,0.4305192232131958
11,three_w,composite,29,0.41363662481307983
11,three_w,composite,30,0.44883832335472107
11,three_w,composite,31,0.4392317533493042
11,three_w,composite,32,0.44608575105667114
12,three_w,composite,0,0.3310948610305786
12,three_w,composite,1,0.45402586460113525
12,three_w,composite,2,0.5751852989196777
12,three_w,composite,3,0.953517496585846
12,three_w,composite,4,1.0697517395019531
12,three_w,composite,5,1.2050321102142334
12,three_w,composite,6,1.2079085111618042
12,three_w,composite,7,1.185324788093567
12,three_w,composite,8,1.1985056400299072
12,three_w,composite,9,1.2026362419128418
12,three_w,composite,10,1.2488629817962646
12,three_w,composite,11,1.2838923931121826
12,three_w,composite,12,1.2614185810089111
12,three_w,composite,13,1.2384204864501953
12,three_w,composite,14,1.247018814086914
12,three_w,composite,15,1.2710976600646973
12,three_w,composite,16,1.2505743503570557
12,three_w,composite,17,1.252641201019287
12,three_w,composite,18,1.2776905298233032
12,three_w,composite,19,1.2777659893035889
12,three_w,composite,20,1.2616267204284668
12,three_w,composite,21,1.275221824645996
12,three_w,composite,22,1.3000290393829346
12,three_w,composite,23,1.2927141189575195
12,three_w,composite,24,1.2874557971954346
12,three_w,composite,25,1.2732257843017578
12,three_w,composite,26,1.290522575378418
12,three_w,composite,27,1.2680726051330566
12,three_w,composite,28,1.2900989055633545
12,three_w,composite,29,1.2914546728134155
12,three_w,composite,30,1.2809700965881348
12,three_w,composite,31,1.2831699848175049
12,three_w,composite,32,1.3041951656341553
13,three_w,composite,0,0.151103675365448
13,three_w,composite,1,-0.14870214462280273
13,three_w,composite,2,-0.14130496978759766
13,three_w,composite,3,-0.14667056500911713
13,three_w,composite,4,-0.14143964648246765
13,three_w,composite,5,-0.13792020082473755
13,three_w,composite,6,-0.13681432604789734
13,three_w,composite,7,-0.138087198138237
13,three_w,composite,8,-0.1360578089952469
13,three_w,composite,9,-0.13757017254829407
13,three_w,composite,10,-0.138797327876091
13,three_w,composite,11,-0.1381073147058487
13,three_w,composite,12,-0.13886302709579468
13,three_w,composite,13,-0.13736560940742493
13,three_w,composite,14,-0.13737647235393524
13,three_w,composite,15,-0.13635201752185822
13,three_w,composite,16,-0.13661184906959534
13,three_w,composite,17,-0.13629676401615143
13,three_w,composite,18,-0.13708317279815674
13,three_w,composite,19,-0.13673095405101776
13,three_w,composite,20,-0.13694331049919128
13,three_w,composite,21,-0.1370895504951477
13,three_w,composite,22,-0.1376539170742035
13,three_w,composite,23,-0.13721837103366852
13,three_w,composite,24,-0.13728265464305878
13,three_w,composite,25,-0.1366191804409027
13,three_w,composite,26,-0.13643111288547516
13,three_w,composite,27,-0.13673023879528046
13,three_w,composite,28,-0.1366041600704193
13,three_w,composite,29,-0.13665787875652313
13,three_w,composite,30,-0.13686256110668182
13,three_w,composite,31,-0.13776478171348572
13,three_w,composite,32,-0.13789573311805725
14,three_w,composite,0,0.011810016818344593
14,three_w,composite,1,0.058137573301792145
14,three_w,composite,2,0.24012339115142822
14,three_w,composite,3,0.1898265779018402
14,three_w,composite,4,0.11281393468379974
14,three_w,composite,5,-0.029708748683333397
14,three_w,composite,6,-0.12851136922836304
14,three_w,composite,7,-0.17315322160720825
14,three_w,composite,8,-0.16340596973896027
14,three_w,composite,9,-0.11342396587133408
14,three_w,composite,10,-0.18277326226234436
14,three_w,composite,11,-0.19237202405929565
14,three_w,composite,12,-0.21308407187461853
14,three_w,composite,13,-0.21710990369319916
14,three_w,composite,14,-0.22756129503250122
14,three_w,composite,15,-0.20628324151039124
14,three_w,composite,16,-0.20936188101768494
14,three_w,composite,17,-0.20629116892814636
14,three_w,composite,18,-0.2099350094795227
14,three_w,composite,19,-0.21774080395698547
14,three_w,composite,20,-0.2193155288696289
14,three_w,composite,21,-0.21849101781845093
14,three_w,composite,22,-0.2068362832069397
14,three_w,composite,23,-0.19813457131385803
14,three_w,composite,24,-0.2069035768508911
14,three_w,composite,25,-0.22054114937782288
14,three_w,composite,26,-0.218450665473938
14,three_w,composite,27,-0.21622809767723083
14,three_w,composite,28,-0.20956389605998993
14,three_w,composite,29,-0.21962970495224
14,three_w,composite,30,-0.22431744635105133
14,three_w,composite,31,-0.2270268201828003
14,three_w,composite,32,-0.2281184196472168
15,three_w,composite,0,-0.16968655586242676
15,three_w,composite,1,-0.16753995418548584
15,three_w,composite,2,-0.2105736881494522
15,three_w,composite,3,-0.1897493600845337
15,three_w,composite,4,-0.2071828544139862
15,three_w,composite,5,-0.21037200093269348
15,three_w,composite,6,-0.2311948835849762
15,three_w,composite,7,-0.23227915167808533
15,three_w,composite,8,-0.22070276737213135
15,three_w,composite,9,-0.2219352424144745
15,three_w,composite,10,-0.22493286430835724
15,three_w,composite,11,-0.23067668080329895
15,three_w,composite,12,-0.2312980443239212
15,three_w,composite,13,-0.23345023393630981
15,three_w,composite,14,-0.2240082174539566
15,three_w,composite,15,-0.22894740104675293
15,three_w,composite,16,-0.23152393102645874
15,three_w,composite,17,-0.2296888530254364
15,three_w,composite,18,-0.23067498207092285
15,three_w,composite,19,-0.23109740018844604
15,three_w,composite,20,-0.2302737534046173
15,three_w,composite,21,-0.23193439841270447
15,three_w,composite,22,-0.23168818652629852
15,three_w,composite,23,-0.2279411256313324
15,three_w,composite,24,-0.23006674647331238
15,three_w,composite,25,-0.23374003171920776
15,three_w,composite,26,-0.23356474936008453
15,three_w,composite,27,-0.23229381442070007
15,three_w,composite,28,-0.23144671320915222
15,three_w,composite,29,-0.22911742329597473
15,three_w,composite,30,-0.23189565539360046
15,three_w,composite,31,-0.23369023203849792
15,three_w,composite,32,-0.23456817865371704
16,three_w,composite,0,-0.07723981142044067
16,three_w,composite,1,1.2208240032196045
16,three_w,composite,2,1.0337591171264648
16,three_w,composite,3,1.1312651634216309
16,three_w,composite,4,1.352274775505066
16,three_w,composite,5,1.3592252731323242
16,three_w,composite,6,1.35032320022583
16,three_w,composite,7,1.3501046895980835
16,three_w,composite,8,1.3606295585632324
16,three_w,composite,9,1.493823528289795
16,three_w,composite,10,1.4333343505859375
16,three_w,composite,11,1.4531445503234863
16,three_w,composite,12,1.4493296146392822
16,three_w,composite,13,1.4388065338134766
16,three_w,composite,14,1.433556318283081
16,three_w,composite,15,1.4955978393554688
16,three_w,composite,16,1.4720220565795898
16,three_w,composite,17,1.5177028179168701
16,three_w,composite,18,1.4667189121246338
16,three_w,composite,19,1.4444596767425537
16,three_w,composite,20,1.4844863414764404
16,three_w,composite,21,1.4666674137115479
16,three_w,composite,22,1.525772213935852
16,three_w,composite,23,1.4893804788589478
16,three_w,composite,24,1.5006554126739502
16,three_w,composite,25,1.5066661834716797
16,three_w,composite,26,1.495185136795044
16,three_w,composite,27,1.5145323276519775
16,three_w,composite,28,1.562648057937622
16,three_w,composite,29,1.4983227252960205
16,three_w,composite,30,1.521834135055542
16,three_w,composite,31,1.5449135303497314
16,three_w,composite,32,1.4690276384353638
17,three_w,composite,0,1.755620002746582
17,three_w,composite,1,-0.056138597428798676
17,three_w,composite,2,0.04601922631263733
17,three_w,composite,3,-0.011955250054597855
17,three_w,composite,4,-0.12571226060390472
17,three_w,composite,5,-0.0857277512550354
17,three_w,composite,6,-0.12744839489459991
17,three_w,composite,7,-0.13445131480693817
17,three_w,composite,8,-0.12240096926689148
17,three_w,composite,9,-0.1361856758594513
17,three_w,composite,10,-0.11823485791683197
17,three_w,composite,11,-0.11977917701005936
17,three_w,composite,12,-0.1362893134355545
17,three_w,composite,13,-0.13983282446861267
17,three_w,composite,14,-0.14119720458984375
17,three_w,composite,15,-0.125409334897995
17,three_w,composite,16,-0.12029726803302765
17,three_w,composite,17,-0.12069253623485565
17,three_w,composite,18,-0.14772941172122955
17,three_w,composite,19,-0.14598995447158813
17,three_w,composite,20,-0.14390596747398376
17,three_w,composite,21,-0.14618004858493805
17,three_w,composite,22,-0.13147741556167603
17,three_w,composite,23,-0.13877546787261963
17,three_w,composite,24,-0.13332484662532806
17,three_w,composite,25,-0.14584873616695404
17,three_w,composite,26,-0.14087346196174622
17,three_w,composite,27,-0.15030156075954437
17,three_w,composite,28,-0.13720369338989258
17,three_w,composite,29,-0.13973122835159302
17,three_w,composite,30,-0.14405317604541779
17,three_w,composite,31,-0.14049044251441956
17,three_w,composite,32,-0.1461443156003952
18,three_w,composite,0,-0.20007461309432983
18,three_w,composite,1,-0.09878523647785187
18,three_w,composite,2,0.010931815952062607
18,three_w,composite,3,0.1066715344786644
18,three_w,composite,4,0.12050952017307281
18,three_w,composite,5,0.14043214917182922
18,three_w,composite,6,0.1535586416721344
18,three_w,composite,7,0.14285027980804443
18,three_w,composite,8,0.1451694667339325
18,three_w,composite,9,0.16372966766357422
18,three_w,composite,10,0.15680170059204102
18,three_w,composite,11,0.15847811102867126
18,three_w,composite,12,0.1624363511800766
18,three_w,composite,13,0.16054795682430267
18,three_w,composite,14,0.16096895933151245
18,three_w,composite,15,0.1605779230594635
18,three_w,composite,16,0.16876019537448883
18,three_w,composite,17,0.16713421046733856
18,three_w,composite,18,0.16211354732513428
18,three_w,composite,19,0.16801536083221436
18,three_w,composite,20,0.16458570957183838
18,three_w,composite,21,0.1649988293647766
18,three_w,composite,22,0.16756582260131836
18,three_w,composite,23,0.1703394502401352
18,three_w,composite,24,0.1698007583618164
18,three_w,composite,25,0.16177713871002197
18,three_w,composite,26,0.16774046421051025
18,three_w,composite,27,0.16821622848510742
18,three_w,composite,28,0.16828392446041107
18,three_w,composite,29,0.17279937863349915
18,three_w,composite,30,0.17022329568862915
18,three_w,composite,31,0.1652054786682129
18,three_w,composite,32,0.1687285453081131
19,three_w,composite,0,-0.11809693276882172
19,three_w,composite,1,-0.056906841695308685
19,three_w,composite,2,-0.01942935585975647
19,three_w,composite,3,-0.001872020773589611
19,three_w,composite,4,0.00469550397247076
19,three_w,composite,5,0.007487595081329346
19,three_w,composite,6,0.012336994521319866
19,three_w,composite,7,0.01443009078502655
19,three_w,composite,8,0.02185690402984619
19,three_w,composite,9,0.020171867683529854
19,three_w,composite,10,0.02045263908803463
19,three_w,composite,11,0.02177569828927517
19,three_w,composite,12,0.0220473799854517
19,three_w,composite,13,0.022589610889554024
19,three_w,composite,14,0.01985074020922184
19,three_w,composite,15,0.025068044662475586
19,three_w,composite,16,0.023889081552624702
19,three_w,composite,17,0.02390393055975437
19,three_w,composite,18,0.02269468456506729
19,three_w,composite,19,0.029671497642993927
19,three_w,composite,20,0.027078494429588318
19,three_w,composite,21,0.028137153014540672
19,three_w,composite,22,0.027676548808813095
19,three_w,composite,23,0.025928225368261337
19,three_w,composite,24,0.02607419714331627
19,three_w,composite,25,0.027300937101244926
19,three_w,composite,26,0.027254687622189522
19,three_w,composite,27,0.02634843997657299
19,three_w,composite,28,0.028836065903306007
19,three_w,composite,29,0.028753606602549553
19,three_w,composite,30,0.02937917225062847
19,three_w,composite,31,0.030609818175435066
19,three_w,composite,32,0.028914131224155426
20,three_w,composite,0,-0.1365048736333847
20,three_w,composite,1,-0.2395085096359253
20,three_w,composite,2,-0.2395085096359253
20,three_w,composite,3,-0.2395085096359253
20,three_w,composite,4,-0.2395085096359253
20,three_w,composite,5,-0.2395085096359253
20,three_w,composite,6,-0.2395085096359253
20,three_w,composite,7,-0.2395085096359253
20,three_w,composite,8,-0.2395085096359253
20,three_w,composite,9,-0.2395085096359253
20,three_w,composite,10,-0.2395085096359253
20,three_w,composite,11,-0.2395085096359253
20,three_w,composite,12,-0.2395085096359253
20,three_w,composite,13,-0.2395085096359253
20,three_w,composite,14,-0.2395085096359253
20,three_w,composite,15,-0.2395085096359253
20,three_w,composite,16,-0.2395085096359253
20,three_w,composite,17,-0.2395085096359253
20,three_w,composite,18,-0.2395085096359253
20,three_w,composite,19,-0.2395085096359253
20,three_w,composite,20,-0.2395085096359253
20,three_w,composite,21,-0.2395085096359253
20,three_w,composite,22,-0.2395085096359253
20,three_w,composite,23,-0.2395085096359253
20,three_w,composite,24,-0.2395085096359253
20,three_w,composite,25,-0.2395085096359253
20,three_w,composite,26,-0.2395085096359253
20,three_w,composite,27,-0.2395085096359253
20,three_w,composite,28,-0.2395085096359253
20,three_w,composite,29,-0.2395085096359253
20,three_w,composite,30,-0.2395085096359253
20,three_w,composite,31,-0.2395085096359253
20,three_w,composite,32,-0.2395085096359253
21,three_w,composite,0,4.057208061218262
21,three_w,composite,1,2.2255313396453857
21,three_w,composite,2,2.171584129333496
21,three_w,composite,3,1.837043285369873
21,three_w,composite,4,1.364745020866394
21,three_w,composite,5,1.1425719261169434
21,three_w,composite,6,0.9377986788749695
21,three_w,composite,7,1.0752536058425903
21,three_w,composite,8,1.128161907196045
21,three_w,composite,9,1.1499472856521606
21,three_w,composite,10,0.9431842565536499
21,three_w,composite,11,0.4919791519641876
21,three_w,composite,12,0.1831812560558319
21,three_w,composite,13,0.3143988847732544
21,three_w,composite,14,0.5760402679443359
21,three_w,composite,15,0.9989535808563232
21,three_w,composite,16,1.2646414041519165
21,three_w,composite,17,1.1550908088684082
21,three_w,composite,18,0.8835550546646118
21,three_w,composite,19,0.6985266208648682
21,three_w,composite,20,0.5503387451171875
21,three_w,composite,21,0.8937540054321289
21,three_w,composite,22,1.3554203510284424
21,three_w,composite,23,1.5974774360656738
21,three_w,composite,24,1.683692455291748
21,three_w,composite,25,1.7397336959838867
21,three_w,composite,26,1.685011863708496
21,three_w,composite,27,1.821846842765808
21,three_w,composite,28,1.9251326322555542
21,three_w,composite,29,2.009420156478882
21,three_w,composite,30,2.0065910816192627
21,three_w,composite,31,2.007155656814575
21,three_w,composite,32,2.0174660682678223
0,three_w,soft_mask,0,0.38328924775123596
0,three_w,soft_mask,1,0.34346646070480347
0,three_w,soft_mask,2,0.3983442187309265
0,three_w,soft_mask,3,0.40213751792907715
0,three_w,soft_mask,4,0.4027615487575531
0,three_w,soft_mask,5,0.40395480394363403
0,three_w,soft_mask,6,0.41076934337615967
0,three_w,soft_mask,7,0.4118697941303253
0,three_w,soft_mask,8,0.41748446226119995
0,three_w,soft_mask,9,0.41332778334617615
0,three_w,soft_mask,10,0.39226770401000977
0,three_w,soft_mask,11,0.4145013093948364
0,three_w,soft_mask,12,0.4228425621986389
0,three_w,soft_mask,13,0.41604238748550415
0,three_w,soft_mask,14,0.4120107889175415
0,three_w,soft_mask,15,0.4128720462322235
0,three_w,soft_mask,16,0.4215725064277649
0,three_w,soft_mask,17,0.4134771525859833
0,three_w,soft_mask,18,0.42549023032188416
0,three_w,soft_mask,19,0.4169180989265442
0,three_w,soft_mask,20,0.40240588784217834
0,three_w,soft_mask,21,0.41674357652664185
0,three_w,soft_mask,22,0.42207759618759155
0,three_w,soft_mask,23,0.4172307550907135
0,three_w,soft_mask,24,0.4091544449329376
0,three_w,soft_mask,25,0.41447773575782776
0,three_w,soft_mask,26,0.42275673151016235
0,three_w,soft_mask,27,0.4102891683578491
0,three_w,soft_mask,28,0.423979789018631
0,three_w,soft_mask,29,0.4165349006652832
0,three_w,soft_mask,30,0.40534505248069763
0,three_w,soft_mask,31,0.41785624623298645
0,three_w,soft_mask,32,0.4216684401035309
1,three_w,soft_mask,0,0.3694251477718353
1,three_w,soft_mask,1,0.27212950587272644
1,three_w,soft_mask,2,0.2805304229259491
1,three_w,soft_mask,3,0.27509504556655884
1,three_w,soft_mask,4,0.2867317497730255
1,three_w,soft_mask,5,0.2798393666744232
1,three_w,soft_mask,6,0.2706061899662018
1,three_w,soft_mask,7,0.26756900548934937
1,three_w,soft_mask,8,0.2707279920578003
1,three_w,soft_mask,9,0.2999562919139862
1,three_w,soft_mask,10,0.28383249044418335
1,three_w,soft_mask,11,0.267315536737442
1,three_w,soft_mask,12,0.2680996358394623
1,three_w,soft_mask,13,0.2673967182636261
1,three_w,soft_mask,14,0.2680095434188843
1,three_w,soft_mask,15,0.26805004477500916
1,three_w,soft_mask,16,0.28381386399269104
1,three_w,soft_mask,17,0.27204200625419617
1,three_w,soft_mask,18,0.27876541018486023
1,three_w,soft_mask,19,0.29323816299438477
1,three_w,soft_mask,20,0.27294620871543884
1,three_w,soft_mask,21,0.2678399682044983
1,three_w,soft_mask,22,0.26868608593940735
1,three_w,soft_mask,23,0.26896312832832336
1,three_w,soft_mask,24,0.2715573012828827
1,three_w,soft_mask,25,0.2771950960159302
1,three_w,soft_mask,26,0.2779769003391266
1,three_w,soft_mask,27,0.2749207317829132
1,three_w,soft_mask,28,0.2776816189289093
1,three_w,soft_mask,29,0.2809489369392395
1,three_w,soft_mask,30,0.2703012228012085
1,three_w,soft_mask,31,0.27013149857521057
1,three_w,soft_mask,32,0.2860700488090515
2,three_w,soft_mask,0,0.27459466457366943
2,three_w,soft_mask,1,0.2672949433326721
2,three_w,soft_mask,2,0.2672949433326721
2,three_w,soft_mask,3,0.2672949433326721
2,three_w,soft_mask,4,0.2672949433326721
2,three_w,soft_mask,5,0.2672949433326721
2,three_w,soft_mask,6,0.2672949433326721
2,three_w,soft_mask,7,0.2672949433326721
2,three_w,soft_mask,8,0.2672949433326721
2,three_w,soft_mask,9,0.2672949433326721
2,three_w,soft_mask,10,0.2672949433326721
2,three_w,soft_mask,11,0.2672949433326721
2,three_w,soft_mask,12,0.2672949433326721
2,three_w,soft_mask,13,0.2672949433326721
2,three_w,soft_mask,14,0.2672949433326721
2,three_w,soft_mask,15,0.2672949433326721
2,three_w,soft_mask,16,0.2672949433326721
2,three_w,soft_mask,17,0.2672949433326721
2,three_w,soft_mask,18,0.2672949433326721
2,three_w,soft_mask,19,0.2672949433326721
2,three_w,soft_mask,20,0.2672949433326721
2,three_w,soft_mask,21,0.2672949433326721
2,three_w,soft_mask,22,0.2672949433326721
2,three_w,soft_mask,23,0.2672949433326721
2,three_w,soft_mask,24,0.2672949433326721
2,three_w,soft_mask,25,0.2672949433326721
2,three_w,soft_mask,26,0.2672949433326721
2,three_w,soft_mask,27,0.2672949433326721
2,three_w,soft_mask,28,0.2672949433326721
2,three_w,soft_mask,29,0.2672949433326721
2,three_w,soft_mask,30,0.2672949433326721
2,three_w,soft_mask,31,0.2672949433326721
2,three_w,soft_mask,32,0.2672949433326721
3,three_w,soft_mask,0,0.9993258714675903
3,three_w,soft_mask,1,0.5000022053718567
3,three_w,soft_mask,2,0.5
3,three_w,soft_mask,3,0.5000019669532776
3,three_w,soft_mask,4,0.5
3,three_w,soft_mask,5,0.5000022053718567
3,three_w,soft_mask,6,0.5
3,three_w,soft_mask,7,0.5000022053718567
3,three_w,soft_mask,8,0.2672949433326721
3,three_w,soft_mask,9,0.5000014901161194
3,three_w,soft_mask,10,0.5
3,three_w,soft_mask,11,0.5000008940696716
3,three_w,soft_mask,12,0.5
3,three_w,soft_mask,13,0.5000019669532776
3,three_w,soft_mask,14,0.5
3,three_w,soft_mask,15,0.5000006556510925
3,three_w,soft_mask,16,0.2672949433326721
3,three_w,soft_mask,17,0.5000028610229492
3,three_w,soft_mask,18,0.5
3,three_w,soft_mask,19,0.5000007748603821
3,three_w,soft_mask,20,0.5
3,three_w,soft_mask,21,0.5000022053718567
3,three_w,soft_mask,22,0.5
3,three_w,soft_mask,23,0.500002384185791
3,three_w,soft_mask,24,0.2672949433326721
3,three_w,soft_mask,25,0.5000003576278687
3,three_w,soft_mask,26,0.5
3,three_w,soft_mask,27,0.5000032782554626
3,three_w,soft_mask,28,0.5
3,three_w,soft_mask,29,0.5000007748603821
3,three_w,soft_mask,30,0.5
3,three_w,soft_mask,31,0.5000010132789612
3,three_w,soft_mask,32,0.2672949433326721
4,three_w,soft_mask,0,0.3192593455314636
4,three_w,soft_mask,1,0.2672949433326721
4,three_w,soft_mask,2,0.2672949433326721
4,three_w,soft_mask,3,0.2672949433326721
4,three_w,soft_mask,4,0.2672949433326721
4,three_w,soft_mask,5,0.2672949433326721
4,three_w,soft_mask,6,0.2672949433326721
4,three_w,soft_mask,7,0.2672949433326721
4,three_w,soft_mask,8,0.2672949433326721
4,three_w,soft_mask,9,0.2672949433326721
4,three_w,soft_mask,10,0.2672949433326721
4,three_w,soft_mask,11,0.2672949433326721
4,three_w,soft_mask,12,0.2672949433326721
4,three_w,soft_mask,13,0.2672949433326721
4,three_w,soft_mask,14,0.2672949433326721
4,three_w,soft_mask,15,0.2672949433326721
4,three_w,soft_mask,16,0.2672949433326721
4,three_w,soft_mask,17,0.2672949433326721
4,three_w,soft_mask,18,0.2672949433326721
4,three_w,soft_mask,19,0.2672949433326721
4,three_w,soft_mask,20,0.2672949433326721
4,three_w,soft_mask,21,0.2672949433326721
4,three_w,soft_mask,22,0.2672949433326721
4,three_w,soft_mask,23,0.2672949433326721
4,three_w,soft_mask,24,0.2672949433326721
4,three_w,soft_mask,25,0.2672949433326721
4,three_w,soft_mask,26,0.2672949433326721
4,three_w,soft_mask,27,0.2672949433326721
4,three_w,soft_mask,28,0.2672949433326721
4,three_w,soft_mask,29,0.2672949433326721
4,three_w,soft_mask,30,0.2672949433326721
4,three_w,soft_mask,31,0.2672949433326721
4,three_w,soft_mask,32,0.2672949433326721
5,three_w,soft_mask,0,0.287247896194458
5,three_w,soft_mask,1,0.2672949433326721
5,three_w,soft_mask,2,0.2672949433326721
5,three_w,soft_mask,3,0.2672949433326721
5,three_w,soft_mask,4,0.2672949433326721
5,three_w,soft_mask,5,0.2672949433326721
5,three_w,soft_mask,6,0.2672949433326721
5,three_w,soft_mask,7,0.2672949433326721
5,three_w,soft_mask,8,0.2672949433326721
5,three_w,soft_mask,9,0.2672949433326721
5,three_w,soft_mask,10,0.2672949433326721
5,three_w,soft_mask,11,0.2672949433326721
5,three_w,soft_mask,12,0.2672949433326721
5,three_w,soft_mask,13,0.2672949433326721
5,three_w,soft_mask,14,0.2672949433326721
5,three_w,soft_mask,15,0.2672949433326721
5,three_w,soft_mask,16,0.2672949433326721
5,three_w,soft_mask,17,0.2672949433326721
5,three_w,soft_mask,18,0.2672949433326721
5,three_w,soft_mask,19,0.2672949433326721
5,three_w,soft_mask,20,0.2672949433326721
5,three_w,soft_mask,21,0.2672949433326721
5,three_w,soft_mask,22,0.2672949433326721
5,three_w,soft_mask,23,0.2672949433326721
5,three_w,soft_mask,24,0.2672949433326721
5,three_w,soft_mask,25,0.2672949433326721
5,three_w,soft_mask,26,0.2672949433326721
5,three_w,soft_mask,27,0.2672949433326721
5,three_w,soft_mask,28,0.2672949433326721
5,three_w,soft_mask,29,0.2672949433326721
5,three_w,soft_mask,30,0.2672949433326721
5,three_w,soft_mask,31,0.2672949433326721
5,three_w,soft_mask,32,0.2672949433326721
6,three_w,soft_mask,0,0.2694385349750519
6,three_w,soft_mask,1,0.5000028014183044
6,three_w,soft_mask,2,0.5000025629997253
6,three_w,soft_mask,3,0.5000029802322388
6,three_w,soft_mask,4,0.500002920627594
6,three_w,soft_mask,5,0.5000026822090149
6,three_w,soft_mask,6,0.5000025033950806
6,three_w,soft_mask,7,0.5000026226043701
6,three_w,soft_mask,8,0.5000030398368835
6,three_w,soft_mask,9,0.5000028610229492
6,three_w,soft_mask,10,0.5000026226043701
6,three_w,soft_mask,11,0.5000027418136597
6,three_w,soft_mask,12,0.5000027418136597
6,three_w,soft_mask,13,0.5000028610229492
6,three_w,soft_mask,14,0.5000027418136597
6,three_w,soft_mask,15,0.5000028610229492
6,three_w,soft_mask,16,0.5000030398368835
6,three_w,soft_mask,17,0.5000028610229492
6,three_w,soft_mask,18,0.5000031590461731
6,three_w,soft_mask,19,0.5000026226043701
6,three_w,soft_mask,20,0.5000027418136597
6,three_w,soft_mask,21,0.5000029802322388
6,three_w,soft_mask,22,0.5000028014183044
6,three_w,soft_mask,23,0.5000026226043701
6,three_w,soft_mask,24,0.5000030398368835
6,three_w,soft_mask,25,0.5000028014183044
6,three_w,soft_mask,26,0.5000027418136597
6,three_w,soft_mask,27,0.5000027418136597
6,three_w,soft_mask,28,0.5000028610229492
6,three_w,soft_mask,29,0.5000027418136597
6,three_w,soft_mask,30,0.5000027418136597
6,three_w,soft_mask,31,0.5000026226043701
6,three_w,soft_mask,32,0.5000030398368835
7,three_w,soft_mask,0,0.9363241791725159
7,three_w,soft_mask,1,0.799088180065155
7,three_w,soft_mask,2,0.7882900834083557
7,three_w,soft_mask,3,0.8173883557319641
7,three_w,soft_mask,4,0.8568627834320068
7,three_w,soft_mask,5,0.812896728515625
7,three_w,soft_mask,6,0.7546444535255432
7,three_w,soft_mask,7,0.777866005897522
7,three_w,soft_mask,8,0.778316080570221
7,three_w,soft_mask,9,0.820081353187561
7,three_w,soft_mask,10,0.8254469037055969
7,three_w,soft_mask,11,0.8170050382614136
7,three_w,soft_mask,12,0.771343469619751
7,three_w,soft_mask,13,0.8224571347236633
7,three_w,soft_mask,14,0.8411576747894287
7,three_w,soft_mask,15,0.8112649917602539
7,three_w,soft_mask,16,0.665569543838501
7,three_w,soft_mask,17,0.8053247332572937
7,three_w,soft_mask,18,0.8619675040245056
7,three_w,soft_mask,19,0.8322626352310181
7,three_w,soft_mask,20,0.7986287474632263
7,three_w,soft_mask,21,0.8098633289337158
7,three_w,soft_mask,22,0.8184018135070801
7,three_w,soft_mask,23,0.7623310089111328
7,three_w,soft_mask,24,0.7591887712478638
7,three_w,soft_mask,25,0.8226573467254639
7,three_w,soft_mask,26,0.8306615352630615
7,three_w,soft_mask,27,0.8243763446807861
7,three_w,soft_mask,28,0.8192747831344604
7,three_w,soft_mask,29,0.7476847767829895
7,three_w,soft_mask,30,0.7938356995582581
7,three_w,soft_mask,31,0.8122817873954773
7,three_w,soft_mask,32,0.7484397888183594
8,three_w,soft_mask,0,0.9992546439170837
8,three_w,soft_mask,1,0.574238657951355
8,three_w,soft_mask,2,0.5730841159820557
8,three_w,soft_mask,3,0.5706510543823242
8,three_w,soft_mask,4,0.5651847124099731
8,three_w,soft_mask,5,0.545637845993042
8,three_w,soft_mask,6,0.566817581653595
8,three_w,soft_mask,7,0.5737575888633728
8,three_w,soft_mask,8,0.5811595320701599
8,three_w,soft_mask,9,0.6261694431304932
8,three_w,soft_mask,10,0.5551611185073853
8,three_w,soft_mask,11,0.5713770389556885
8,three_w,soft_mask,12,0.5717907547950745
8,three_w,soft_mask,13,0.5691273212432861
8,three_w,soft_mask,14,0.5616117119789124
8,three_w,soft_mask,15,0.5503617525100708
8,three_w,soft_mask,16,0.5699089765548706
8,three_w,soft_mask,17,0.5827288627624512
8,three_w,soft_mask,18,0.6222542524337769
8,three_w,soft_mask,19,0.5805644392967224
8,three_w,soft_mask,20,0.5558831691741943
8,three_w,soft_mask,21,0.5688599348068237
8,three_w,soft_mask,22,0.5703999400138855
8,three_w,soft_mask,23,0.5680262446403503
8,three_w,soft_mask,24,0.5590122938156128
8,three_w,soft_mask,25,0.5555992126464844
8,three_w,soft_mask,26,0.5778575539588928
8,three_w,soft_mask,27,0.614562451839447
8,three_w,soft_mask,28,0.6015657186508179
8,three_w,soft_mask,29,0.5635245442390442
8,three_w,soft_mask,30,0.5571431517601013
8,three_w,soft_mask,31,0.5678472518920898
8,three_w,soft_mask,32,0.5699089765548706
9,three_w,soft_mask,0,0.2998570203781128
9,three_w,soft_mask,1,0.3938910663127899
9,three_w,soft_mask,2,0.3937869966030121
9,three_w,soft_mask,3,0.3936031758785248
9,three_w,soft_mask,4,0.39331942796707153
9,three_w,soft_mask,5,0.39289864897727966
9,three_w,soft_mask,6,0.392269492149353
9,three_w,soft_mask,7,0.39127540588378906
9,three_w,soft_mask,8,0.38948631286621094
9,three_w,soft_mask,9,0.38486674427986145
9,three_w,soft_mask,10,0.388203889131546
9,three_w,soft_mask,11,0.38987821340560913
9,three_w,soft_mask,12,0.39054927229881287
9,three_w,soft_mask,13,0.3907666504383087
9,three_w,soft_mask,14,0.39067092537879944
9,three_w,soft_mask,15,0.390273779630661
9,three_w,soft_mask,16,0.38948631286621094
9,three_w,soft_mask,17,0.3880366086959839
9,three_w,soft_mask,18,0.384995698928833
9,three_w,soft_mask,19,0.3865056335926056
9,three_w,soft_mask,20,0.3884164094924927
9,three_w,soft_mask,21,0.38931089639663696
9,three_w,soft_mask,22,0.3897036612033844
9,three_w,soft_mask,23,0.3897518217563629
9,three_w,soft_mask,24,0.38948631286621094
9,three_w,soft_mask,25,0.38884779810905457
9,three_w,soft_mask,26,0.38763725757598877
9,three_w,soft_mask,27,0.38524526357650757
9,three_w,soft_mask,28,0.38568976521492004
9,three_w,soft_mask,29,0.38777127861976624
9,three_w,soft_mask,30,0.3888133764266968
9,three_w,soft_mask,31,0.38932880759239197
9,three_w,soft_mask,32,0.38948631286621094
10,three_w,soft_mask,0,0.2672949433326721
10,three_w,soft_mask,1,0.2672949433326721
10,three_w,soft_mask,2,0.2672949433326721
10,three_w,soft_mask,3,0.2672949433326721
10,three_w,soft_mask,4,0.2672949433326721
10,three_w,soft_mask,5,0.2672949433326721
10,three_w,soft_mask,6,0.2672949433326721
10,three_w,soft_mask,7,0.2672949433326721
10,three_w,soft_mask,8,0.2672949433326721
10,three_w,soft_mask,9,0.2672949433326721
10,three_w,soft_mask,10,0.2672949433326721
10,three_w,soft_mask,11,0.2672949433326721
10,three_w,soft_mask,12,0.2672949433326721
10,three_w,soft_mask,13,0.2672949433326721
10,three_w,soft_mask,14,0.2672949433326721
10,three_w,soft_mask,15,0.2672949433326721
10,three_w,soft_mask,16,0.2672949433326721
10,three_w,soft_mask,17,0.2672949433326721
10,three_w,soft_mask,18,0.2672949433326721
10,three_w,soft_mask,19,0.2672949433326721
10,three_w,soft_mask,20,0.2672949433326721
10,three_w,soft_mask,21,0.2672949433326721
10,three_w,soft_mask,22,0.2672949433326721
10,three_w,soft_mask,23,0.2672949433326721
10,three_w,soft_mask,24,0.2672949433326721
10,three_w,soft_mask,25,0.2672949433326721
10,three_w,soft_mask,26,0.2672949433326721
10,three_w,soft_mask,27,0.2672949433326721
10,three_w,soft_mask,28,0.2672949433326721
10,three_w,soft_mask,29,0.2672949433326721
10,three_w,soft_mask,30,0.2672949433326721
10,three_w,soft_mask,31,0.2672949433326721
10,three_w,soft_mask,32,0.2672949433326721
11,three_w,soft_mask,0,0.31656575202941895
11,three_w,soft_mask,1,0.48777782917022705
11,three_w,soft_mask,2,0.46916908025741577
11,three_w,soft_mask,3,0.486876517534256
11,three_w,soft_mask,4,0.45462509989738464
11,three_w,soft_mask,5,0.4711151123046875
11,three_w,soft_mask,6,0.45416906476020813
11,three_w,soft_mask,7,0.45216965675354004
11,three_w,soft_mask,8,0.4460708200931549
11,three_w,soft_mask,9,0.45638415217399597
11,three_w,soft_mask,10,0.45541244745254517
11,three_w,soft_mask,11,0.43880367279052734
11,three_w,soft_mask,12,0.43991199135780334
11,three_w,soft_mask,13,0.43358924984931946
11,three_w,soft_mask,14,0.4316052198410034
11,three_w,soft_mask,15,0.43203628063201904
11,three_w,soft_mask,16,0.44552096724510193
11,three_w,soft_mask,17,0.43475714325904846
11,three_w,soft_mask,18,0.4285615384578705
11,three_w,soft_mask,19,0.4356968402862549
11,three_w,soft_mask,20,0.4356314539909363
11,three_w,soft_mask,21,0.4340027868747711
11,three_w,soft_mask,22,0.4314854145050049
11,three_w,soft_mask,23,0.437149316072464
11,three_w,soft_mask,24,0.43497779965400696
11,three_w,soft_mask,25,0.43325307965278625
11,three_w,soft_mask,26,0.42793571949005127
11,three_w,soft_mask,27,0.43229931592941284
11,three_w,soft_mask,28,0.432444304227829
11,three_w,soft_mask,29,0.4278954267501831
11,three_w,soft_mask,30,0.4373931288719177
11,three_w,soft_mask,31,0.4347963333129883
11,three_w,soft_mask,32,0.4366486668586731
12,three_w,soft_mask,0,0.4058437645435333
12,three_w,soft_mask,1,0.4387967884540558
12,three_w,soft_mask,2,0.4718133807182312
12,three_w,soft_mask,3,0.5751763582229614
12,three_w,soft_mask,4,0.606057345867157
12,three_w,soft_mask,5,0.6409457921981812
12,three_w,soft_mask,6,0.6416730880737305
12,three_w,soft_mask,7,0.6359453797340393
12,three_w,soft_mask,8,0.6392931342124939
12,three_w,soft_mask,9,0.6403394341468811
12,three_w,soft_mask,10,0.6519566178321838
12,three_w,soft_mask,11,0.6606418490409851
12,three_w,soft_mask,12,0.6550816893577576
12,three_w,soft_mask,13,0.6493475437164307
12,three_w,soft_mask,14,0.6514965295791626
12,three_w,soft_mask,15,0.6574817299842834
12,three_w,soft_mask,16,0.6523833870887756
12,three_w,soft_mask,17,0.6528984904289246
12,three_w,soft_mask,18,0.6591118574142456
12,three_w,soft_mask,19,0.6591304540634155
12,three_w,soft_mask,20,0.6551333665847778
12,three_w,soft_mask,21,0.6585018038749695
12,three_w,soft_mask,22,0.6646071076393127
12,three_w,soft_mask,23,0.6628124713897705
12,three_w,soft_mask,24,0.661519467830658
12,three_w,soft_mask,25,0.6580082774162292
12,three_w,soft_mask,26,0.6622738242149353
12,three_w,soft_mask,27,0.656732439994812
12,three_w,soft_mask,28,0.6621696949005127
12,three_w,soft_mask,29,0.6625030040740967
12,three_w,soft_mask,30,0.6599212884902954
12,three_w,soft_mask,31,0.660463809967041
12,three_w,soft_mask,32,0.665627121925354
13,three_w,soft_mask,0,0.3591573238372803
13,three_w,soft_mask,1,0.28729161620140076
13,three_w,soft_mask,2,0.2889593541622162
13,three_w,soft_mask,3,0.2877490520477295
13,three_w,soft_mask,4,0.28892892599105835
13,three_w,soft_mask,5,0.2897244095802307
13,three_w,soft_mask,6,0.289974570274353
13,three_w,soft_mask,7,0.2896866500377655
13,three_w,soft_mask,8,0.2901458740234375
13,three_w,soft_mask,9,0.2898035943508148
13,three_w,soft_mask,10,0.2895260453224182
13,three_w,soft_mask,11,0.2896820604801178
13,three_w,soft_mask,12,0.28951117396354675
13,three_w,soft_mask,13,0.2898498475551605
13,three_w,soft_mask,14,0.28984740376472473
13,three_w,soft_mask,15,0.290079265832901
13,three_w,soft_mask,16,0.2900204360485077
13,three_w,soft_mask,17,0.29009175300598145
13,three_w,soft_mask,18,0.28991377353668213
13,three_w,soft_mask,19,0.2899934947490692
13,three_w,soft_mask,20,0.28994542360305786
13,three_w,soft_mask,21,0.2899123430252075
13,three_w,soft_mask,22,0.28978464007377625
13,three_w,soft_mask,23,0.28988316655158997
13,three_w,soft_mask,24,0.28986862301826477
13,three_w,soft_mask,25,0.290018767118454
13,three_w,soft_mask,26,0.290061354637146
13,three_w,soft_mask,27,0.28999361395835876
13,three_w,soft_mask,28,0.2900221645832062
13,three_w,soft_mask,29,0.2900100350379944
13,three_w,soft_mask,30,0.28996366262435913
13,three_w,soft_mask,31,0.2897595465183258
13,three_w,soft_mask,32,0.28972992300987244
14,three_w,soft_mask,0,0.3247258961200714
14,three_w,soft_mask,1,0.3359905779361725
14,three_w,soft_mask,2,0.38197556138038635
14,three_w,soft_mask,3,0.369011789560318
14,three_w,soft_mask,4,0.34952858090400696
14,three_w,soft_mask,5,0.31479957699775696
14,three_w,soft_mask,6,0.2918573319911957
14,three_w,soft_mask,7,0.28181999921798706
14,three_w,soft_mask,8,0.2839936316013336
14,three_w,soft_mask,9,0.29529666900634766
14,three_w,soft_mask,10,0.2796846926212311
14,three_w,soft_mask,11,0.27756401896476746
14,three_w,soft_mask,12,0.2730219066143036
14,three_w,soft_mask,13,0.27214446663856506
14,three_w,soft_mask,14,0.26987481117248535
14,three_w,soft_mask,15,0.27450817823410034
14,three_w,soft_mask,16,0.2738347351551056
14,three_w,soft_mask,17,0.27450647950172424
14,three_w,soft_mask,18,0.2737095057964325
14,three_w,soft_mask,19,0.2720071077346802
14,three_w,soft_mask,20,0.27166450023651123
14,three_w,soft_mask,21,0.2718438506126404
14,three_w,soft_mask,22,0.2743871510028839
14,three_w,soft_mask,23,0.27629563212394714
14,three_w,soft_mask,24,0.2743724286556244
14,three_w,soft_mask,25,0.27139800786972046
14,three_w,soft_mask,26,0.27185264229774475
14,three_w,soft_mask,27,0.27233651280403137
14,three_w,soft_mask,28,0.2737905979156494
14,three_w,soft_mask,29,0.27159616351127625
14,three_w,soft_mask,30,0.270577996969223
14,three_w,soft_mask,31,0.26999059319496155
14,three_w,soft_mask,32,0.2697541415691376
15,three_w,soft_mask,0,0.28259187936782837
15,three_w,soft_mask,1,0.28307050466537476
15,three_w,soft_mask,2,0.2735699713230133
15,three_w,soft_mask,3,0.27814245223999023
15,three_w,soft_mask,4,0.27431127429008484
15,three_w,soft_mask,5,0.2736140489578247
15,three_w,soft_mask,6,0.2690885066986084
15,three_w,soft_mask,7,0.26885417103767395
15,three_w,soft_mask,8,0.27136287093162537
15,three_w,soft_mask,9,0.2710950970649719
15,three_w,soft_mask,10,0.27044448256492615
15,three_w,soft_mask,11,0.26920056343078613
15,three_w,soft_mask,12,0.2690662443637848
15,three_w,soft_mask,13,0.2686012089252472
15,three_w,soft_mask,14,0.27064505219459534
15,three_w,soft_mask,15,0.26957470178604126
15,three_w,soft_mask,16,0.26901739835739136
15,three_w,soft_mask,17,0.2694142162799835
15,three_w,soft_mask,18,0.2692009210586548
15,three_w,soft_mask,19,0.2691096067428589
15,three_w,soft_mask,20,0.26928773522377014
15,three_w,soft_mask,21,0.2689286768436432
15,three_w,soft_mask,22,0.2689819037914276
15,three_w,soft_mask,23,0.2697925269603729
15,three_w,soft_mask,24,0.26933249831199646
15,three_w,soft_mask,25,0.2685386538505554
15,three_w,soft_mask,26,0.2685764729976654
15,three_w,soft_mask,27,0.26885098218917847
15,three_w,soft_mask,28,0.26903408765792847
15,three_w,soft_mask,29,0.26953789591789246
15,three_w,soft_mask,30,0.26893705129623413
15,three_w,soft_mask,31,0.268549382686615
15,three_w,soft_mask,32,0.26835986971855164
16,three_w,soft_mask,0,0.3036403954029083
16,three_w,soft_mask,1,0.6449307799339294
16,three_w,soft_mask,2,0.5965728759765625
16,three_w,soft_mask,3,0.6220799088478088
16,three_w,soft_mask,4,0.6772850751876831
16,three_w,soft_mask,5,0.678952693939209
16,three_w,soft_mask,6,0.6768160462379456
16,three_w,soft_mask,7,0.6767634749412537
16,three_w,soft_mask,8,0.6792890429496765
16,three_w,soft_mask,9,0.7103152275085449
16,three_w,soft_mask,10,0.6964448094367981
16,three_w,soft_mask,11,0.70102858543396
16,three_w,soft_mask,12,0.70014888048172
16,three_w,soft_mask,13,0.6977148652076721
16,three_w,soft_mask,14,0.696496307849884
16,three_w,soft_mask,15,0.7107163667678833
16,three_w,soft_mask,16,0.7053593397140503
16,three_w,soft_mask,17,0.7156863808631897
16,three_w,soft_mask,18,0.7041464447975159
16,three_w,soft_mask,19,0.6990238428115845
16,three_w,soft_mask,20,0.7081987857818604
16,three_w,soft_mask,21,0.7041346430778503
16,three_w,soft_mask,22,0.7174877524375916
16,three_w,soft_mask,23,0.7093092203140259
16,three_w,soft_mask,24,0.7118579745292664
16,three_w,soft_mask,25,0.7132113575935364
16,three_w,soft_mask,26,0.7106230854988098
16,three_w,soft_mask,27,0.7149766683578491
16,three_w,soft_mask,28,0.7256311178207397
16,three_w,soft_mask,29,0.7113317847251892
16,three_w,soft_mask,30,0.716609537601471
16,three_w,soft_mask,31,0.721733033657074
16,three_w,soft_mask,32,0.7046748399734497
17,three_w,soft_mask,0,0.7657893300056458
17,three_w,soft_mask,1,0.30856698751449585
17,three_w,soft_mask,2,0.3330252766609192
17,three_w,soft_mask,3,0.31902408599853516
17,three_w,soft_mask,4,0.292493611574173
17,three_w,soft_mask,5,0.30167123675346375
17,three_w,soft_mask,6,0.29209887981414795
17,three_w,soft_mask,7,0.2905097007751465
17,three_w,soft_mask,8,0.29324740171432495
17,three_w,soft_mask,9,0.29011690616607666
17,three_w,soft_mask,10,0.2941974103450775
17,three_w,soft_mask,11,0.2938450574874878
17,three_w,soft_mask,12,0.29009345173835754
17,three_w,soft_mask,13,0.28929194808006287
17,three_w,soft_mask,14,0.28898367285728455
17,three_w,soft_mask,15,0.2925625443458557
17,three_w,soft_mask,16,0.29372692108154297
17,three_w,soft_mask,17,0.2936367690563202
17,three_w,soft_mask,18,0.28751057386398315
17,three_w,soft_mask,19,0.28790244460105896
17,three_w,soft_mask,20,0.288372278213501
17,three_w,soft_mask,21,0.28785958886146545
17,three_w,soft_mask,22,0.2911839485168457
17,three_w,soft_mask,23,0.2895309627056122
17,three_w,soft_mask,24,0.2907649874687195
17,three_w,soft_mask,25,0.28793424367904663
17,three_w,soft_mask,26,0.28905683755874634
17,three_w,soft_mask,27,0.28693175315856934
17,three_w,soft_mask,28,0.2898865044116974
17,three_w,soft_mask,29,0.2893148958683014
17,three_w,soft_mask,30,0.2883390784263611
17,three_w,soft_mask,31,0.2891433537006378
17,three_w,soft_mask,32,0.28786763548851013
18,three_w,soft_mask,0,0.2758694291114807
18,three_w,soft_mask,1,0.2986561954021454
18,three_w,soft_mask,2,0.3245142698287964
18,three_w,soft_mask,3,0.34799501299858093
18,three_w,soft_mask,4,0.3514542877674103
18,three_w,soft_mask,5,0.35646194219589233
18,three_w,soft_mask,6,0.3597787022590637
18,three_w,soft_mask,7,0.3570719361305237
18,three_w,soft_mask,8,0.35765743255615234
18,three_w,soft_mask,9,0.3623579442501068
18,three_w,soft_mask,10,0.36060020327568054
18,three_w,soft_mask,11,0.36102521419525146
18,three_w,soft_mask,12,0.3620295226573944
18,three_w,soft_mask,13,0.3615502417087555
18,three_w,soft_mask,14,0.361657053232193
18,three_w,soft_mask,15,0.36155784130096436
18,three_w,soft_mask,16,0.3636365532875061
18,three_w,soft_mask,17,0.36322304606437683
18,three_w,soft_mask,18,0.36194756627082825
18,three_w,soft_mask,19,0.3634470999240875
18,three_w,soft_mask,20,0.36257535219192505
18,three_w,soft_mask,21,0.3626803159713745
18,three_w,soft_mask,22,0.3633328080177307
18,three_w,soft_mask,23,0.364038348197937
18,three_w,soft_mask,24,0.3639012575149536
18,three_w,soft_mask,25,0.3618621826171875
18,three_w,soft_mask,26,0.3633772134780884
18,three_w,soft_mask,27,0.3634982109069824
18,three_w,soft_mask,28,0.3635154068470001
18,three_w,soft_mask,29,0.36466458439826965
18,three_w,soft_mask,30,0.36400875449180603
18,three_w,soft_mask,31,0.362732857465744
18,three_w,soft_mask,32,0.36362847685813904
19,three_w,soft_mask,0,0.2942288815975189
19,three_w,soft_mask,1,0.3083868622779846
19,three_w,soft_mask,2,0.31724193692207336
19,three_w,soft_mask,3,0.3214368224143982
19,three_w,soft_mask,4,0.32301342487335205
19,three_w,soft_mask,5,0.3236849308013916
19,three_w,soft_mask,6,0.32485294342041016
19,three_w,soft_mask,7,0.3253577947616577
19,three_w,soft_mask,8,0.3271522521972656
19,three_w,soft_mask,9,0.3267446756362915
19,three_w,soft_mask,10,0.3268125355243683
19,three_w,soft_mask,11,0.32713261246681213
19,three_w,soft_mask,12,0.3271983563899994
19,three_w,soft_mask,13,0.32732954621315
19,three_w,soft_mask,14,0.32666701078414917
19,three_w,soft_mask,15,0.32792970538139343
19,three_w,soft_mask,16,0.3276441693305969
19,three_w,soft_mask,17,0.32764771580696106
19,three_w,soft_mask,18,0.3273549973964691
19,three_w,soft_mask,19,0.3290458917617798
19,three_w,soft_mask,20,0.3284169137477875
19,three_w,soft_mask,21,0.32867366075515747
19,three_w,soft_mask,22,0.328561931848526
19,three_w,soft_mask,23,0.3281381130218506
19,three_w,soft_mask,24,0.3281734883785248
19,three_w,soft_mask,25,0.3284708559513092
19,three_w,soft_mask,26,0.32845965027809143
19,three_w,soft_mask,27,0.32823994755744934
19,three_w,soft_mask,28,0.3288431763648987
19,three_w,soft_mask,29,0.32882317900657654
19,three_w,soft_mask,30,0.32897496223449707
19,three_w,soft_mask,31,0.32927367091178894
19,three_w,soft_mask,32,0.32886213064193726
20,three_w,soft_mask,0,0.2900446355342865
20,three_w,soft_mask,1,0.2672949433326721
20,three_w,soft_mask,2,0.2672949433326721
20,three_w,soft_mask,3,0.2672949433326721
20,three_w,soft_mask,4,0.2672949433326721
20,three_w,soft_mask,5,0.2672949433326721
20,three_w,soft_mask,6,0.2672949433326721
20,three_w,soft_mask,7,0.2672949433326721
20,three_w,soft_mask,8,0.2672949433326721
20,three_w,soft_mask,9,0.2672949433326721
20,three_w,soft_mask,10,0.2672949433326721
20,three_w,soft_mask,11,0.2672949433326721
20,three_w,soft_mask,12,0.2672949433326721
20,three_w,soft_mask,13,0.2672949433326721
20,three_w,soft_mask,14,0.2672949433326721
20,three_w,soft_mask,15,0.2672949433326721
20,three_w,soft_mask,16,0.2672949433326721
20,three_w,soft_mask,17,0.2672949433326721
20,three_w,soft_mask,18,0.2672949433326721
20,three_w,soft_mask,19,0.2672949433326721
20,three_w,soft_mask,20,0.2672949433326721
20,three_w,soft_mask,21,0.2672949433326721
20,three_w,soft_mask,22,0.2672949433326721
20,three_w,soft_mask,23,0.2672949433326721
20,three_w,soft_mask,24,0.2672949433326721
20,three_w,soft_mask,25,0.2672949433326721
20,three_w,soft_mask,26,0.2672949433326721
20,three_w,soft_mask,27,0.2672949433326721
20,three_w,soft_mask,28,0.2672949433326721
20,three_w,soft_mask,29,0.2672949433326721
20,three_w,soft_mask,30,0.2672949433326721
20,three_w,soft_mask,31,0.2672949433326721
20,three_w,soft_mask,32,0.2672949433326721
21,three_w,soft_mask,0,0.9762150645256042
21,three_w,soft_mask,1,0.8456940054893494
21,three_w,soft_mask,2,0.837796151638031
21,three_w,soft_mask,3,0.7814587950706482
21,three_w,soft_mask,4,0.6802738308906555
21,three_w,soft_mask,5,0.6249973177909851
21,three_w,soft_mask,6,0.5709490180015564
21,three_w,soft_mask,7,0.6075002551078796
21,three_w,soft_mask,8,0.6212775707244873
21,three_w,soft_mask,9,0.6268954873085022
21,three_w,soft_mask,10,0.5723986029624939
21,three_w,soft_mask,11,0.44909510016441345
21,three_w,soft_mask,12,0.36731263995170593
21,three_w,soft_mask,13,0.4014260470867157
21,three_w,soft_mask,14,0.4720475673675537
21,three_w,soft_mask,15,0.5873318910598755
21,three_w,soft_mask,16,0.6558817028999329
21,three_w,soft_mask,17,0.6282169818878174
21,three_w,soft_mask,18,0.5562851428985596
21,three_w,soft_mask,19,0.5056778788566589
21,three_w,soft_mask,20,0.4650128185749054
21,three_w,soft_mask,21,0.5590505599975586
21,three_w,soft_mask,22,0.6780403256416321
21,three_w,soft_mask,23,0.733187198638916
21,three_w,soft_mask,24,0.7513121366500854
21,three_w,soft_mask,25,0.7626428604125977
21,three_w,soft_mask,26,0.7515829205513
21,three_w,soft_mask,27,0.7785926461219788
21,three_w,soft_mask,28,0.7975444793701172
21,three_w,soft_mask,29,0.8120929002761841
21,three_w,soft_mask,30,0.8116179704666138
21,three_w,soft_mask,31,0.8117128014564514
21,three_w,soft_mask,32,0.813438892364502
0,tep,discriminative,0,0.5178486704826355
0,tep,discriminative,1,0.2506827414035797
0,tep,discriminative,2,0.09019049257040024
0,tep,discriminative,3,0.04811430349946022
0,tep,discriminative,4,0.027178315445780754
0,tep,discriminative,5,0.006384067703038454
0,tep,discriminative,6,0.015850145369768143
0,tep,discriminative,7,0.03494757041335106
0,tep,discriminative,8,0.004699316341429949
0,tep,discriminative,9,0.0011079281102865934
0,tep,discriminative,10,0.06999632716178894
0,tep,discriminative,11,0.049318019300699234
0,tep,discriminative,12,9.167004009213997e-07
0,tep,discriminative,13,0.01354651153087616
0,tep,discriminative,14,0.01773105189204216
0,tep,discriminative,15,0.0003024332982022315
0,tep,discriminative,16,0.0008252417901530862
0,tep,discriminative,17,0.002781100571155548
0,tep,discriminative,18,0.004835344851016998
0,tep,discriminative,19,0.01985209807753563
0,tep,discriminative,20,0.005969523917883635
0,tep,discriminative,21,0.09669289737939835
0,tep,discriminative,22,0.11659014970064163
0,tep,discriminative,23,0.02358136512339115
0,tep,discriminative,24,0.07867347449064255
0,tep,discriminative,25,0.06700663268566132
0,tep,discriminative,26,0.0765228122472763
0,tep,discriminative,27,0.07388606667518616
0,tep,discriminative,28,0.12806759774684906
0,tep,discriminative,29,0.11008790135383606
0,tep,discriminative,30,0.16208355128765106
0,tep,discriminative,31,0.2533971667289734
0,tep,discriminative,32,0.03648529574275017
1,tep,discriminative,0,0.32169267535209656
1,tep,discriminative,1,0.08452441543340683
1,tep,discriminative,2,2.739238652793574e-06
1,tep,discriminative,3,0.03966405242681503
1,tep,discriminative,4,0.15154552459716797
1,tep,discriminative,5,0.08069394528865814
1,tep,discriminative,6,0.04888588935136795
1,tep,discriminative,7,0.041588153690099716
1,tep,discriminative,8,0.010927073657512665
1,tep,discriminative,9,0.05183699354529381
1,tep,discriminative,10,0.06911902129650116
1,tep,discriminative,11,0.13022026419639587
1,tep,discriminative,12,0.06723184138536453
1,tep,discriminative,13,0.06743965297937393
1,tep,discriminative,14,0.08687840402126312
1,tep,discriminative,15,0.08101431280374527
1,tep,discriminative,16,0.11575950682163239
1,tep,discriminative,17,0.09421084821224213
1,tep,discriminative,18,0.06871727854013443
1,tep,discriminative,19,0.053596533834934235
1,tep,discriminative,20,0.02303195558488369
1,tep,discriminative,21,0.15495449304580688
1,tep,discriminative,22,0.015492672100663185
1,tep,discriminative,23,0.0675809234380722
1,tep,discriminative,24,0.005013902671635151
1,tep,discriminative,25,0.015223872847855091
1,tep,discriminative,26,0.028787344694137573
1,tep,discriminative,27,0.02407127246260643
1,tep,discriminative,28,0.07358399033546448
1,tep,discriminative,29,0.03880799934267998
1,tep,discriminative,30,0.0604400709271431
1,tep,discriminative,31,0.0028141671791672707
1,tep,discriminative,32,0.00983736477792263
2,tep,discriminative,0,0.5838335752487183
2,tep,discriminative,1,0.39898887276649475
2,tep,discriminative,2,0.1388707011938095
2,tep,discriminative,3,0.04447410628199577
2,tep,discriminative,4,0.03882795572280884
2,tep,discriminative,5,0.0003417343832552433
2,tep,discriminative,6,0.004854003433138132
2,tep,discriminative,7,0.03201225772500038
2,tep,discriminative,8,0.005339881405234337
2,tep,discriminative,9,0.030163906514644623
2,tep,discriminative,10,0.019415758550167084
2,tep,discriminative,11,0.014870991930365562
2,tep,discriminative,12,0.029717721045017242
2,tep,discriminative,13,0.017064590007066727
2,tep,discriminative,14,0.0008267477969639003
2,tep,discriminative,15,0.014334704726934433
2,tep,discriminative,16,0.0011109261540696025
2,tep,discriminative,17,8.59749416122213e-05
2,tep,discriminative,18,1.4498867528800474e-07
2,tep,discriminative,19,0.001108138938434422
2,tep,discriminative,20,0.011972322128713131
2,tep,discriminative,21,0.004690853878855705
2,tep,discriminative,22,0.0025947352405637503
2,tep,discriminative,23,0.00670229084789753
2,tep,discriminative,24,0.00017536005179863423
2,tep,discriminative,25,7.412351260427386e-05
2,tep,discriminative,26,0.0010303043527528644
2,tep,discriminative,27,0.01661720685660839
2,tep,discriminative,28,0.0012633275473490357
2,tep,discriminative,29,0.08544283360242844
2,tep,discriminative,30,0.01269157137721777
2,tep,discriminative,31,0.00656965933740139
2,tep,discriminative,32,0.0018746264977380633
3,tep,discriminative,0,0.6644471883773804
3,tep,discriminative,1,0.3696476221084595
3,tep,discriminative,2,0.24037279188632965
3,tep,discriminative,3,0.2050754725933075
3,tep,discriminative,4,0.08147095888853073
3,tep,discriminative,5,0.06173013523221016
3,tep,discriminative,6,0.08198430389165878
3,tep,discriminative,7,0.03039148822426796
3,tep,discriminative,8,0.012340179644525051
3,tep,discriminative,9,0.009963281452655792
3,tep,discriminative,10,0.006513758562505245
3,tep,discriminative,11,0.0131409652531147
3,tep,discriminative,12,0.00039630522951483727
3,tep,discriminative,13,0.009076165966689587
3,tep,discriminative,14,0.0003750441246666014
3,tep,discriminative,15,0.013450299389660358
3,tep,discriminative,16,0.008837250992655754
3,tep,discriminative,17,0.004378208424896002
3,tep,discriminative,18,0.04537186771631241
3,tep,discriminative,19,0.00023002998204901814
3,tep,discriminative,20,0.005985350348055363
3,tep,discriminative,21,0.0199116263538599
3,tep,discriminative,22,0.0016854788409546018
3,tep,discriminative,23,0.00342696369625628
3,tep,discriminative,24,0.0010277701076120138
3,tep,discriminative,25,0.006865731440484524
3,tep,discriminative,26,0.0016078733606263995
3,tep,discriminative,27,0.003396269166842103
3,tep,discriminative,28,0.0011598989367485046
3,tep,discriminative,29,0.0012251571752130985
3,tep,discriminative,30,0.00015133223496377468
3,tep,discriminative,31,0.024953121319413185
3,tep,discriminative,32,0.008076249621808529
4,tep,discriminative,0,0.007436451502144337
4,tep,discriminative,1,0.0490429513156414
4,tep,discriminative,2,0.02990875393152237
4,tep,discriminative,3,0.010241777636110783
4,tep,discriminative,4,0.016102446243166924
4,tep,discriminative,5,0.01731933280825615
4,tep,discriminative,6,0.014232449233531952
4,tep,discriminative,7,0.006378704681992531
4,tep,discriminative,8,0.027241071686148643
4,tep,discriminative,9,0.0005761120119132102
4,tep,discriminative,10,0.014821524731814861
4,tep,discriminative,11,0.01141942385584116
4,tep,discriminative,12,0.03351650759577751
4,tep,discriminative,13,0.022696342319250107
4,tep,discriminative,14,0.009175131097435951
4,tep,discriminative,15,0.008759093470871449
4,tep,discriminative,16,0.024697398766875267
4,tep,discriminative,17,0.019794266670942307
4,tep,discriminative,18,0.01734950765967369
4,tep,discriminative,19,0.010215366259217262
4,tep,discriminative,20,0.022185271605849266
4,tep,discriminative,21,0.012522561475634575
4,tep,discriminative,22,0.012433130294084549
4,tep,discriminative,23,0.0059819575399160385
4,tep,discriminative,24,0.02517625316977501
4,tep,discriminative,25,0.020497068762779236
4,tep,discriminative,26,0.042174551635980606
4,tep,discriminative,27,0.03203292936086655
4,tep,discriminative,28,0.03368018567562103
4,tep,discriminative,29,0.005825456231832504
4,tep,discriminative,30,0.01644553802907467
4,tep,discriminative,31,0.008245701901614666
4,tep,discriminative,32,0.004469863139092922
5,tep,discriminative,0,0.36501115560531616
5,tep,discriminative,1,0.17640186846256256
5,tep,discriminative,2,0.019013933837413788
5,tep,discriminative,3,0.009713423438370228
5,tep,discriminative,4,0.06208857521414757
5,tep,discriminative,5,0.03009159117937088
5,tep,discriminative,6,0.03159318119287491
5,tep,discriminative,7,0.01988323964178562
5,tep,discriminative,8,0.008493072353303432
5,tep,discriminative,9,0.016049113124608994
5,tep,discriminative,10,0.00502589950338006
5,tep,discriminative,11,0.04484652355313301
5,tep,discriminative,12,0.037452101707458496
5,tep,discriminative,13,0.07560256123542786
5,tep,discriminative,14,0.03221277892589569
5,tep,discriminative,15,0.00931763555854559
5,tep,discriminative,16,0.018798433244228363
5,tep,discriminative,17,0.12352930009365082
5,tep,discriminative,18,9.094038250623271e-05
5,tep,discriminative,19,0.0025785667821764946
5,tep,discriminative,20,0.05986817181110382
5,tep,discriminative,21,0.01731909066438675
5,tep,discriminative,22,0.00012036079715471715
5,tep,discriminative,23,0.0421963632106781
5,tep,discriminative,24,0.035109177231788635
5,tep,discriminative,25,0.0568840354681015
5,tep,discriminative,26,0.06412290781736374
5,tep,discriminative,27,0.07937454432249069
5,tep,discriminative,28,0.06495650112628937
5,tep,discriminative,29,0.01805790886282921
5,tep,discriminative,30,0.05098516866564751
5,tep,discriminative,31,0.022125741466879845
5,tep,discriminative,32,0.016234420239925385
6,tep,discriminative,0,0.22428767383098602
6,tep,discriminative,1,0.4842164218425751
6,tep,discriminative,2,0.5550974607467651
6,tep,discriminative,3,0.4976651668548584
6,tep,discriminative,4,0.4432099461555481
6,tep,discriminative,5,0.41872555017471313
6,tep,discriminative,6,0.42149829864501953
6,tep,discriminative,7,0.42530909180641174
6,tep,discriminative,8,0.48665910959243774
6,tep,discriminative,9,0.5165616869926453
6,tep,discriminative,10,0.5391955375671387
6,tep,discriminative,11,0.5161293148994446
6,tep,discriminative,12,0.5679608583450317
6,tep,discriminative,13,0.48941943049430847
6,tep,discriminative,14,0.5563766956329346
6,tep,discriminative,15,0.5314261317253113
6,tep,discriminative,16,0.5659309029579163
6,tep,discriminative,17,0.6268702745437622
6,tep,discriminative,18,0.595071017742157
6,tep,discriminative,19,0.6212791204452515
6,tep,discriminative,20,0.5715582370758057
6,tep,discriminative,21,0.5972405672073364
6,tep,discriminative,22,0.5941386222839355
6,tep,discriminative,23,0.5731208920478821
6,tep,discriminative,24,0.5481165051460266
6,tep,discriminative,25,0.5806888341903687
6,tep,discriminative,26,0.5705854296684265
6,tep,discriminative,27,0.5661500692367554
6,tep,discriminative,28,0.5709806084632874
6,tep,discriminative,29,0.6807324886322021
6,tep,discriminative,30,0.5820751786231995
6,tep,discriminative,31,0.5820092558860779
6,tep,discriminative,32,0.6114327311515808
7,tep,discriminative,0,0.625810444355011
7,tep,discriminative,1,0.361816942691803
7,tep,discriminative,2,0.19920790195465088
7,tep,discriminative,3,0.06058293208479881
7,tep,discriminative,4,0.059852976351976395
7,tep,discriminative,5,0.0107536930590868
7,tep,discriminative,6,0.0022755898535251617
7,tep,discriminative,7,0.006811216007918119
7,tep,discriminative,8,0.00601000152528286
7,tep,discriminative,9,0.00761707779020071
7,tep,discriminative,10,0.017374403774738312
7,tep,discriminative,11,0.0034994592424482107
7,tep,discriminative,12,0.004740449599921703
7,tep,discriminative,13,0.036126092076301575
7,tep,discriminative,14,0.0043108644895255566
7,tep,discriminative,15,0.012806477025151253
7,tep,discriminative,16,0.016848910599946976
7,tep,discriminative,17,0.04382652789354324
7,tep,discriminative,18,0.004766179248690605
7,tep,discriminative,19,0.00453453604131937
7,tep,discriminative,20,0.01146357785910368
7,tep,discriminative,21,0.12008272856473923
7,tep,discriminative,22,0.06397443264722824
7,tep,discriminative,23,0.02671157754957676
7,tep,discriminative,24,0.04927428066730499
7,tep,discriminative,25,0.1564376801252365
7,tep,discriminative,26,0.003982848487794399
7,tep,discriminative,27,0.0509491041302681
7,tep,discriminative,28,0.007013924885541201
7,tep,discriminative,29,0.01892567053437233
7,tep,discriminative,30,0.08135642111301422
7,tep,discriminative,31,0.02871844358742237
7,tep,discriminative,32,0.026876434683799744
8,tep,discriminative,0,0.5026432275772095
8,tep,discriminative,1,0.4683357775211334
8,tep,discriminative,2,0.23319996893405914
8,tep,discriminative,3,0.18556898832321167
8,tep,discriminative,4,0.12192458659410477
8,tep,discriminative,5,0.15160316228866577
8,tep,discriminative,6,0.14814728498458862
8,tep,discriminative,7,0.14260612428188324
8,tep,discriminative,8,0.19899368286132812
8,tep,discriminative,9,0.14353258907794952
8,tep,discriminative,10,0.13725121319293976
8,tep,discriminative,11,0.07787966728210449
8,tep,discriminative,12,0.10967010259628296
8,tep,discriminative,13,0.10415006428956985
8,tep,discriminative,14,0.07257063686847687
8,tep,discriminative,15,0.08691302686929703
8,tep,discriminative,16,0.06417661905288696
8,tep,discriminative,17,0.06362345814704895
8,tep,discriminative,18,0.07713281363248825
8,tep,discriminative,19,0.07201509922742844
8,tep,discriminative,20,0.07000128924846649
8,tep,discriminative,21,0.06444942951202393
8,tep,discriminative,22,0.07585666328668594
8,tep,discriminative,23,0.05466604605317116
8,tep,discriminative,24,0.06560266762971878
8,tep,discriminative,25,0.058955930173397064
8,tep,discriminative,26,0.052606001496315
8,tep,discriminative,27,0.0541653111577034
8,tep,discriminative,28,0.036589767783880234
8,tep,discriminative,29,0.04716826230287552
8,tep,discriminative,30,0.01595395803451538
8,tep,discriminative,31,0.03664594143629074
8,tep,discriminative,32,0.061938535422086716
9,tep,discriminative,0,0.46206095814704895
9,tep,discriminative,1,0.3589710295200348
9,tep,discriminative,2,0.194211944937706
9,tep,discriminative,3,0.12616311013698578
9,tep,discriminative,4,0.20987524092197418
9,tep,discriminative,5,0.017042741179466248
9,tep,discriminative,6,0.007219140417873859
9,tep,discriminative,7,0.002353597665205598
9,tep,discriminative,8,0.0008747383253648877
9,tep,discriminative,9,0.005488056689500809
9,tep,discriminative,10,0.030423197895288467
9,tep,discriminative,11,0.0021708591375499964
9,tep,discriminative,12,0.0009021400474011898
9,tep,discriminative,13,0.011399482376873493
9,tep,discriminative,14,0.023926829919219017
9,tep,discriminative,15,0.0684148371219635
9,tep,discriminative,16,0.07528013736009598
9,tep,discriminative,17,0.06745920330286026
9,tep,discriminative,18,0.044165581464767456
9,tep,discriminative,19,0.03859179839491844
9,tep,discriminative,20,0.015623185783624649
9,tep,discriminative,21,0.055392686277627945
9,tep,discriminative,22,0.08045238256454468
9,tep,discriminative,23,0.02454686164855957
9,tep,discriminative,24,0.043527744710445404
9,tep,discriminative,25,0.05320015922188759
9,tep,discriminative,26,0.11013998836278915
9,tep,discriminative,27,0.1334216594696045
9,tep,discriminative,28,0.2440052479505539
9,tep,discriminative,29,0.20072393119335175
9,tep,discriminative,30,0.1400507539510727
9,tep,discriminative,31,0.2931484282016754
9,tep,discriminative,32,0.0020679004956036806
10,tep,discriminative,0,0.25241997838020325
10,tep,discriminative,1,0.527305006980896
10,tep,discriminative,2,0.6726865768432617
10,tep,discriminative,3,0.6399457454681396
10,tep,discriminative,4,0.5223419666290283
10,tep,discriminative,5,0.3505202531814575
10,tep,discriminative,6,0.23476266860961914
10,tep,discriminative,7,0.21251362562179565
10,tep,discriminative,8,0.22567357122898102
10,tep,discriminative,9,0.235921710729599
10,tep,discriminative,10,0.11643018573522568
10,tep,discriminative,11,0.11399486660957336
10,tep,discriminative,12,0.19635948538780212
10,tep,discriminative,13,0.1561688780784607
10,tep,discriminative,14,0.2923109531402588
10,tep,discriminative,15,0.24715623259544373
10,tep,discriminative,16,0.30733147263526917
10,tep,discriminative,17,0.3205091953277588
10,tep,discriminative,18,0.38782647252082825
10,tep,discriminative,19,0.3496747314929962
10,tep,discriminative,20,0.2799079716205597
10,tep,discriminative,21,0.33724555373191833
10,tep,discriminative,22,0.3591957688331604
10,tep,discriminative,23,0.3407941460609436
10,tep,discriminative,24,0.3963620066642761
10,tep,discriminative,25,0.41059738397598267
10,tep,discriminative,26,0.37092554569244385
10,tep,discriminative,27,0.4070301949977875
10,tep,discriminative,28,0.39140716195106506
10,tep,discriminative,29,0.45066043734550476
10,tep,discriminative,30,0.3688558340072632
10,tep,discriminative,31,0.40528470277786255
10,tep,discriminative,32,0.37343645095825195
11,tep,discriminative,0,0.11077147722244263
11,tep,discriminative,1,0.0001064629468601197
11,tep,discriminative,2,0.02553097903728485
11,tep,discriminative,3,0.07745397090911865
11,tep,discriminative,4,0.0012612129794433713
11,tep,discriminative,5,0.06003647297620773
11,tep,discriminative,6,0.10879804193973541
11,tep,discriminative,7,0.05577144771814346
11,tep,discriminative,8,0.00028730896883644164
11,tep,discriminative,9,0.04657791554927826
11,tep,discriminative,10,0.07136666029691696
11,tep,discriminative,11,0.06931480765342712
11,tep,discriminative,12,0.022298572584986687
11,tep,discriminative,13,0.06413944065570831
11,tep,discriminative,14,0.0029284534975886345
11,tep,discriminative,15,0.03741247579455376
11,tep,discriminative,16,0.01984992064535618
11,tep,discriminative,17,0.06698517501354218
11,tep,discriminative,18,0.04864678531885147
11,tep,discriminative,19,0.04858292266726494
11,tep,discriminative,20,0.14839379489421844
11,tep,discriminative,21,0.10930341482162476
11,tep,discriminative,22,0.05254349485039711
11,tep,discriminative,23,0.03340692073106766
11,tep,discriminative,24,0.016326192766427994
11,tep,discriminative,25,0.028252048417925835
11,tep,discriminative,26,0.09496409446001053
11,tep,discriminative,27,0.03659762814640999
11,tep,discriminative,28,0.01598922163248062
11,tep,discriminative,29,0.051219429820775986
11,tep,discriminative,30,0.09582675993442535
11,tep,discriminative,31,0.04661620780825615
11,tep,discriminative,32,0.028661109507083893
12,tep,discriminative,0,0.2992936074733734
12,tep,discriminative,1,0.5132657289505005
12,tep,discriminative,2,0.6395848989486694
12,tep,discriminative,3,0.5734618902206421
12,tep,discriminative,4,0.5199798345565796
12,tep,discriminative,5,0.5173115730285645
12,tep,discriminative,6,0.49596327543258667
12,tep,discriminative,7,0.4777275323867798
12,tep,discriminative,8,0.524581253528595
12,tep,discriminative,9,0.545860230922699
12,tep,discriminative,10,0.5630622506141663
12,tep,discriminative,11,0.524522602558136
12,tep,discriminative,12,0.6272376179695129
12,tep,discriminative,13,0.514134407043457
12,tep,discriminative,14,0.5503732562065125
12,tep,discriminative,15,0.5560792088508606
12,tep,discriminative,16,0.5671953558921814
12,tep,discriminative,17,0.6496949791908264
12,tep,discriminative,18,0.6298795938491821
12,tep,discriminative,19,0.5905246138572693
12,tep,discriminative,20,0.5754498243331909
12,tep,discriminative,21,0.5946304202079773
12,tep,discriminative,22,0.6077241897583008
12,tep,discriminative,23,0.5578191876411438
12,tep,discriminative,24,0.5748165845870972
12,tep,discriminative,25,0.5490061640739441
12,tep,discriminative,26,0.5648326873779297
12,tep,discriminative,27,0.5510806441307068
12,tep,discriminative,28,0.5990230441093445
12,tep,discriminative,29,0.6808186173439026
12,tep,discriminative,30,0.6134664416313171
12,tep,discriminative,31,0.589126706123352
12,tep,discriminative,32,0.6018366813659668
13,tep,discriminative,0,0.13137869536876678
13,tep,discriminative,1,0.024428362026810646
13,tep,discriminative,2,0.00998991634696722
13,tep,discriminative,3,0.04248923063278198
13,tep,discriminative,4,0.029323451220989227
13,tep,discriminative,5,0.032175783067941666
13,tep,discriminative,6,0.03214728832244873
13,tep,discriminative,7,2.0550869521684945e-05
13,tep,discriminative,8,0.04680174961686134
13,tep,discriminative,9,0.10955319553613663
13,tep,discriminative,10,0.0806134045124054
13,tep,discriminative,11,0.09844379127025604
13,tep,discriminative,12,0.07343879342079163
13,tep,discriminative,13,0.06953753530979156
13,tep,discriminative,14,0.1948142945766449
13,tep,discriminative,15,0.15103155374526978
13,tep,discriminative,16,0.06937544047832489
13,tep,discriminative,17,0.09797823429107666
13,tep,discriminative,18,0.08346918225288391
13,tep,discriminative,19,0.10374913364648819
13,tep,discriminative,20,0.07536343485116959
13,tep,discriminative,21,0.14879056811332703
13,tep,discriminative,22,0.1188950315117836
13,tep,discriminative,23,0.11933272331953049
13,tep,discriminative,24,0.047977596521377563
13,tep,discriminative,25,0.02760753221809864
13,tep,discriminative,26,0.08175596594810486
13,tep,discriminative,27,0.07692202925682068
13,tep,discriminative,28,0.2056184560060501
13,tep,discriminative,29,0.10061874240636826
13,tep,discriminative,30,0.08632208406925201
13,tep,discriminative,31,0.13905121386051178
13,tep,discriminative,32,0.03284618258476257
14,tep,discriminative,0,0.08280833065509796
14,tep,discriminative,1,0.0011142842704430223
14,tep,discriminative,2,0.010770243592560291
14,tep,discriminative,3,0.041401833295822144
14,tep,discriminative,4,0.009935167618095875
14,tep,discriminative,5,0.013497969135642052
14,tep,discriminative,6,0.04561281204223633
14,tep,discriminative,7,0.053987808525562286
14,tep,discriminative,8,0.12044267356395721
14,tep,discriminative,9,0.10865750163793564
14,tep,discriminative,10,0.006307283882051706
14,tep,discriminative,11,0.04549047723412514
14,tep,discriminative,12,0.030392223969101906
14,tep,discriminative,13,0.04258953779935837
14,tep,discriminative,14,0.01806541718542576
14,tep,discriminative,15,0.0743798315525055
14,tep,discriminative,16,0.04537510871887207
14,tep,discriminative,17,0.02395077608525753
14,tep,discriminative,18,0.06369663774967194
14,tep,discriminative,19,0.051699232310056686
14,tep,discriminative,20,0.060869500041007996
14,tep,discriminative,21,0.09293582290410995
14,tep,discriminative,22,0.028137175366282463
14,tep,discriminative,23,0.06368687748908997
14,tep,discriminative,24,0.052123282104730606
14,tep,discriminative,25,0.06187109276652336
14,tep,discriminative,26,0.03168296441435814
14,tep,discriminative,27,0.07932855933904648
14,tep,discriminative,28,0.08304194360971451
14,tep,discriminative,29,0.05472402647137642
14,tep,discriminative,30,0.10615458339452744
14,tep,discriminative,31,0.11719311028718948
14,tep,discriminative,32,0.08511563390493393
15,tep,discriminative,0,0.18922729790210724
15,tep,discriminative,1,0.47762736678123474
15,tep,discriminative,2,0.5130088925361633
15,tep,discriminative,3,0.4451867640018463
15,tep,discriminative,4,0.39721810817718506
15,tep,discriminative,5,0.34652620553970337
15,tep,discriminative,6,0.33404314517974854
15,tep,discriminative,7,0.3766669034957886
15,tep,discriminative,8,0.43958306312561035
15,tep,discriminative,9,0.4519622027873993
15,tep,discriminative,10,0.4971197247505188
15,tep,discriminative,11,0.44353699684143066
15,tep,discriminative,12,0.5252944231033325
15,tep,discriminative,13,0.49006399512290955
15,tep,discriminative,14,0.48650676012039185
15,tep,discriminative,15,0.48943284153938293
15,tep,discriminative,16,0.47438275814056396
15,tep,discriminative,17,0.5888633131980896
15,tep,discriminative,18,0.5687025785446167
15,tep,discriminative,19,0.5590529441833496
15,tep,discriminative,20,0.5169034600257874
15,tep,discriminative,21,0.5368897318840027
15,tep,discriminative,22,0.521742045879364
15,tep,discriminative,23,0.5328404307365417
15,tep,discriminative,24,0.5011632442474365
15,tep,discriminative,25,0.549525260925293
15,tep,discriminative,26,0.5101661682128906
15,tep,discriminative,27,0.5256021022796631
15,tep,discriminative,28,0.542792797088623
15,tep,discriminative,29,0.5780986547470093
15,tep,discriminative,30,0.5061848163604736
15,tep,discriminative,31,0.5472472906112671
15,tep,discriminative,32,0.5204901099205017
16,tep,discriminative,0,0.09094130247831345
16,tep,discriminative,1,0.011315221898257732
16,tep,discriminative,2,0.007079492323100567
16,tep,discriminative,3,0.0017898943042382598
16,tep,discriminative,4,0.059622615575790405
16,tep,discriminative,5,0.023480210453271866
16,tep,discriminative,6,0.01701880618929863
16,tep,discriminative,7,0.06362400203943253
16,tep,discriminative,8,0.08122409135103226
16,tep,discriminative,9,0.059033751487731934
16,tep,discriminative,10,0.027384988963603973
16,tep,discriminative,11,0.03342492878437042
16,tep,discriminative,12,0.05710326507687569
16,tep,discriminative,13,0.06063179671764374
16,tep,discriminative,14,0.0443953275680542
16,tep,discriminative,15,0.027116689831018448
16,tep,discriminative,16,0.12314505130052567
16,tep,discriminative,17,0.13194753229618073
16,tep,discriminative,18,0.021145958453416824
16,tep,discriminative,19,0.09183891117572784
16,tep,discriminative,20,0.048898033797740936
16,tep,discriminative,21,0.012232896871864796
16,tep,discriminative,22,0.048180777579545975
16,tep,discriminative,23,0.01351682748645544
16,tep,discriminative,24,0.056992847472429276
16,tep,discriminative,25,0.16106300055980682
16,tep,discriminative,26,0.04331763833761215
16,tep,discriminative,27,0.11593085527420044
16,tep,discriminative,28,0.1430012434720993
16,tep,discriminative,29,0.057065512984991074
16,tep,discriminative,30,0.07209820300340652
16,tep,discriminative,31,0.08356969803571701
16,tep,discriminative,32,0.10071519017219543
17,tep,discriminative,0,0.7904285192489624
17,tep,discriminative,1,0.5208898782730103
17,tep,discriminative,2,0.682133674621582
17,tep,discriminative,3,0.7614550590515137
17,tep,discriminative,4,0.7323914170265198
17,tep,discriminative,5,0.7206457257270813
17,tep,discriminative,6,0.597240686416626
17,tep,discriminative,7,0.6372597813606262
17,tep,discriminative,8,0.5974383354187012
17,tep,discriminative,9,0.6240258812904358
17,tep,discriminative,10,0.5885204076766968
17,tep,discriminative,11,0.5527525544166565
17,tep,discriminative,12,0.5966823697090149
17,tep,discriminative,13,0.6052702069282532
17,tep,discriminative,14,0.6246926188468933
17,tep,discriminative,15,0.6122438311576843
17,tep,discriminative,16,0.6430721282958984
17,tep,discriminative,17,0.6249077916145325
17,tep,discriminative,18,0.6390129923820496
17,tep,discriminative,19,0.6431391835212708
17,tep,discriminative,20,0.6138083934783936
17,tep,discriminative,21,0.6071127653121948
17,tep,discriminative,22,0.6300927400588989
17,tep,discriminative,23,0.6232725977897644
17,tep,discriminative,24,0.6285954713821411
17,tep,discriminative,25,0.6217743754386902
17,tep,discriminative,26,0.6124130487442017
17,tep,discriminative,27,0.6249552965164185
17,tep,discriminative,28,0.6215338706970215
17,tep,discriminative,29,0.6235740184783936
17,tep,discriminative,30,0.6230591535568237
17,tep,discriminative,31,0.6256023049354553
17,tep,discriminative,32,0.6329782009124756
18,tep,discriminative,0,0.5720598101615906
18,tep,discriminative,1,0.5365507006645203
18,tep,discriminative,2,0.6817683577537537
18,tep,discriminative,3,0.7803547382354736
18,tep,discriminative,4,0.7019738554954529
18,tep,discriminative,5,0.7977684140205383
18,tep,discriminative,6,0.7985670566558838
18,tep,discriminative,7,0.7579047679901123
18,tep,discriminative,8,0.7562686204910278
18,tep,discriminative,9,0.7788249254226685
18,tep,discriminative,10,0.762545108795166
18,tep,discriminative,11,0.7358129024505615
18,tep,discriminative,12,0.6979445219039917
18,tep,discriminative,13,0.6864905953407288
18,tep,discriminative,14,0.646790623664856
18,tep,discriminative,15,0.6787088513374329
18,tep,discriminative,16,0.6854418516159058
18,tep,discriminative,17,0.6583642363548279
18,tep,discriminative,18,0.6532592177391052
18,tep,discriminative,19,0.6370630860328674
18,tep,discriminative,20,0.6503994464874268
18,tep,discriminative,21,0.6639231443405151
18,tep,discriminative,22,0.6716670393943787
18,tep,discriminative,23,0.6735891699790955
18,tep,discriminative,24,0.6011935472488403
18,tep,discriminative,25,0.6242145299911499
18,tep,discriminative,26,0.6713628768920898
18,tep,discriminative,27,0.6595894694328308
18,tep,discriminative,28,0.674789547920227
18,tep,discriminative,29,0.5973310470581055
18,tep,discriminative,30,0.6268307566642761
18,tep,discriminative,31,0.6322566866874695
18,tep,discriminative,32,0.6139843463897705
19,tep,discriminative,0,0.5139473676681519
19,tep,discriminative,1,0.4454992711544037
19,tep,discriminative,2,0.5275367498397827
19,tep,discriminative,3,0.5690608620643616
19,tep,discriminative,4,0.5904260873794556
19,tep,discriminative,5,0.5979270339012146
19,tep,discriminative,6,0.6248028874397278
19,tep,discriminative,7,0.6166536808013916
19,tep,discriminative,8,0.6454031467437744
19,tep,discriminative,9,0.6287811398506165
19,tep,discriminative,10,0.6487454175949097
19,tep,discriminative,11,0.636056125164032
19,tep,discriminative,12,0.7092406749725342
19,tep,discriminative,13,0.619743287563324
19,tep,discriminative,14,0.6999775171279907
19,tep,discriminative,15,0.6893033385276794
19,tep,discriminative,16,0.6484277844429016
19,tep,discriminative,17,0.6252619028091431
19,tep,discriminative,18,0.6782228946685791
19,tep,discriminative,19,0.6162000894546509
19,tep,discriminative,20,0.673564612865448
19,tep,discriminative,21,0.6736233830451965
19,tep,discriminative,22,0.641532838344574
19,tep,discriminative,23,0.611762523651123
19,tep,discriminative,24,0.608265221118927
19,tep,discriminative,25,0.6414671540260315
19,tep,discriminative,26,0.5947343111038208
19,tep,discriminative,27,0.6553615927696228
19,tep,discriminative,28,0.6220982670783997
19,tep,discriminative,29,0.7069677114486694
19,tep,discriminative,30,0.6374955177307129
19,tep,discriminative,31,0.6659298539161682
19,tep,discriminative,32,0.6452044248580933
20,tep,discriminative,0,0.30890750885009766
20,tep,discriminative,1,0.611595630645752
20,tep,discriminative,2,0.34085237979888916
20,tep,discriminative,3,0.2289017140865326
20,tep,discriminative,4,0.15112677216529846
20,tep,discriminative,5,0.20569661259651184
20,tep,discriminative,6,0.1741805225610733
20,tep,discriminative,7,0.19369778037071228
20,tep,discriminative,8,0.23650901019573212
20,tep,discriminative,9,0.1679249256849289
20,tep,discriminative,10,0.20855461061000824
20,tep,discriminative,11,0.16943033039569855
20,tep,discriminative,12,0.16257919371128082
20,tep,discriminative,13,0.18398573994636536
20,tep,discriminative,14,0.1458090841770172
20,tep,discriminative,15,0.15794701874256134
20,tep,discriminative,16,0.13815076649188995
20,tep,discriminative,17,0.14564558863639832
20,tep,discriminative,18,0.15219534933567047
20,tep,discriminative,19,0.15258274972438812
20,tep,discriminative,20,0.16747766733169556
20,tep,discriminative,21,0.1588539481163025
20,tep,discriminative,22,0.1429542750120163
20,tep,discriminative,23,0.1485893726348877
20,tep,discriminative,24,0.15252567827701569
20,tep,discriminative,25,0.12423834949731827
20,tep,discriminative,26,0.1526286005973816
20,tep,discriminative,27,0.14182284474372864
20,tep,discriminative,28,0.1284957081079483
20,tep,discriminative,29,0.11469929665327072
20,tep,discriminative,30,0.1009039431810379
20,tep,discriminative,31,0.09496252238750458
20,tep,discriminative,32,0.06127386912703514
21,tep,discriminative,0,0.24196583032608032
21,tep,discriminative,1,0.5667771697044373
21,tep,discriminative,2,0.409554123878479
21,tep,discriminative,3,0.36430415511131287
21,tep,discriminative,4,0.25162240862846375
21,tep,discriminative,5,0.14828893542289734
21,tep,discriminative,6,0.09164915978908539
21,tep,discriminative,7,0.0984581857919693
21,tep,discriminative,8,0.11652998626232147
21,tep,discriminative,9,0.10890647023916245
21,tep,discriminative,10,0.013355497270822525
21,tep,discriminative,11,0.00033056316897273064
21,tep,discriminative,12,0.05124067887663841
21,tep,discriminative,13,0.004400484263896942
21,tep,discriminative,14,0.035521313548088074
21,tep,discriminative,15,0.026245219632983208
21,tep,discriminative,16,0.062469083815813065
21,tep,discriminative,17,0.06135203316807747
21,tep,discriminative,18,0.06296271830797195
21,tep,discriminative,19,0.02914273925125599
21,tep,discriminative,20,0.04861902818083763
21,tep,discriminative,21,0.007917722687125206
21,tep,discriminative,22,0.04168669134378433
21,tep,discriminative,23,0.006625909358263016
21,tep,discriminative,24,0.01118698250502348
21,tep,discriminative,25,0.06946723163127899
21,tep,discriminative,26,0.06999639421701431
21,tep,discriminative,27,0.0466245673596859
21,tep,discriminative,28,0.003097315551713109
21,tep,discriminative,29,0.016531407833099365
21,tep,discriminative,30,0.04179321974515915
21,tep,discriminative,31,0.06185203790664673
21,tep,discriminative,32,0.06101790815591812
22,tep,discriminative,0,0.25238704681396484
22,tep,discriminative,1,0.5499249696731567
22,tep,discriminative,2,0.2735844850540161
22,tep,discriminative,3,0.26735684275627136
22,tep,discriminative,4,0.38211795687675476
22,tep,discriminative,5,0.13766375184059143
22,tep,discriminative,6,0.3740217685699463
22,tep,discriminative,7,0.35202813148498535
22,tep,discriminative,8,0.18005047738552094
22,tep,discriminative,9,0.10048791021108627
22,tep,discriminative,10,0.5796973705291748
22,tep,discriminative,11,0.5431290864944458
22,tep,discriminative,12,0.0956808403134346
22,tep,discriminative,13,0.25447362661361694
22,tep,discriminative,14,0.01034315675497055
22,tep,discriminative,15,0.08117583394050598
22,tep,discriminative,16,0.01057364884763956
22,tep,discriminative,17,0.10427198559045792
22,tep,discriminative,18,0.030623784288764
22,tep,discriminative,19,0.23187583684921265
22,tep,discriminative,20,0.14094886183738708
22,tep,discriminative,21,0.42810481786727905
22,tep,discriminative,22,0.5499424338340759
22,tep,discriminative,23,0.2123664915561676
22,tep,discriminative,24,0.274527370929718
22,tep,discriminative,25,0.3454447090625763
22,tep,discriminative,26,0.2825854420661926
22,tep,discriminative,27,0.21334399282932281
22,tep,discriminative,28,0.40173742175102234
22,tep,discriminative,29,0.3472568690776825
22,tep,discriminative,30,0.39144423604011536
22,tep,discriminative,31,0.4848693609237671
22,tep,discriminative,32,0.12570366263389587
23,tep,discriminative,0,0.5419221520423889
23,tep,discriminative,1,0.5633113980293274
23,tep,discriminative,2,0.2247243970632553
23,tep,discriminative,3,0.101681649684906
23,tep,discriminative,4,0.29740670323371887
23,tep,discriminative,5,0.11532043665647507
23,tep,discriminative,6,0.0039051882922649384
23,tep,discriminative,7,0.10310602188110352
23,tep,discriminative,8,0.007535883691161871
23,tep,discriminative,9,0.0103739770129323
23,tep,discriminative,10,0.0037669034209102392
23,tep,discriminative,11,0.007494582794606686
23,tep,discriminative,12,0.006364463362842798
23,tep,discriminative,13,0.0027425377629697323
23,tep,discriminative,14,0.036843158304691315
23,tep,discriminative,15,0.013275197707116604
23,tep,discriminative,16,0.011032874695956707
23,tep,discriminative,17,0.03771947696805
23,tep,discriminative,18,0.017329016700387
23,tep,discriminative,19,0.004935695324093103
23,tep,discriminative,20,0.009299568831920624
23,tep,discriminative,21,0.05325114727020264
23,tep,discriminative,22,0.018236670643091202
23,tep,discriminative,23,0.0008474736241623759
23,tep,discriminative,24,0.0028848270885646343
23,tep,discriminative,25,0.05735476687550545
23,tep,discriminative,26,0.015741752460598946
23,tep,discriminative,27,0.13461175560951233
23,tep,discriminative,28,0.21131892502307892
23,tep,discriminative,29,0.07337817549705505
23,tep,discriminative,30,0.13320903480052948
23,tep,discriminative,31,0.21296773850917816
23,tep,discriminative,32,0.003906469326466322
24,tep,discriminative,0,0.20218589901924133
24,tep,discriminative,1,0.551583468914032
24,tep,discriminative,2,0.37947189807891846
24,tep,discriminative,3,0.4218672811985016
24,tep,discriminative,4,0.23552604019641876
24,tep,discriminative,5,0.5215424299240112
24,tep,discriminative,6,0.356814980506897
24,tep,discriminative,7,0.2859461307525635
24,tep,discriminative,8,0.245340958237648
24,tep,discriminative,9,0.09527532011270523
24,tep,discriminative,10,0.11922314763069153
24,tep,discriminative,11,0.29880988597869873
24,tep,discriminative,12,0.10997975617647171
24,tep,discriminative,13,0.31859907507896423
24,tep,discriminative,14,0.11366595327854156
24,tep,discriminative,15,0.06367091089487076
24,tep,discriminative,16,0.007888815365731716
24,tep,discriminative,17,0.06121625751256943
24,tep,discriminative,18,0.21272382140159607
24,tep,discriminative,19,0.2546432316303253
24,tep,discriminative,20,0.21514488756656647
24,tep,discriminative,21,0.3265818953514099
24,tep,discriminative,22,0.20150302350521088
24,tep,discriminative,23,0.24877113103866577
24,tep,discriminative,24,0.32439351081848145
24,tep,discriminative,25,0.2860424816608429
24,tep,discriminative,26,0.39035823941230774
24,tep,discriminative,27,0.3496164083480835
24,tep,discriminative,28,0.39127376675605774
24,tep,discriminative,29,0.3403014540672302
24,tep,discriminative,30,0.33417612314224243
24,tep,discriminative,31,0.4009719789028168
24,tep,discriminative,32,0.1617467701435089
25,tep,discriminative,0,0.43052127957344055
25,tep,discriminative,1,0.4574267268180847
25,tep,discriminative,2,0.11179260909557343
25,tep,discriminative,3,0.012192570604383945
25,tep,discriminative,4,0.29531756043434143
25,tep,discriminative,5,0.027444202452898026
25,tep,discriminative,6,0.010203531011939049
25,tep,discriminative,7,0.0024742591194808483
25,tep,discriminative,8,0.21710243821144104
25,tep,discriminative,9,0.02648933231830597
25,tep,discriminative,10,0.07144707441329956
25,tep,discriminative,11,0.0001949770376086235
25,tep,discriminative,12,0.048664793372154236
25,tep,discriminative,13,0.044310279190540314
25,tep,discriminative,14,0.02171224169433117
25,tep,discriminative,15,0.056457147002220154
25,tep,discriminative,16,0.02149335667490959
25,tep,discriminative,17,0.03139606490731239
25,tep,discriminative,18,0.04453558474779129
25,tep,discriminative,19,0.051068712025880814
25,tep,discriminative,20,0.026117606088519096
25,tep,discriminative,21,0.03407833352684975
25,tep,discriminative,22,0.06396398693323135
25,tep,discriminative,23,0.0009391199564561248
25,tep,discriminative,24,0.16811145842075348
25,tep,discriminative,25,0.00029127064044587314
25,tep,discriminative,26,0.008022850379347801
25,tep,discriminative,27,0.015266284346580505
25,tep,discriminative,28,0.0336509607732296
25,tep,discriminative,29,0.000504397670738399
25,tep,discriminative,30,0.0018656451720744371
25,tep,discriminative,31,0.03236272931098938
25,tep,discriminative,32,0.012252244167029858
26,tep,discriminative,0,0.6906065344810486
26,tep,discriminative,1,0.6560676097869873
26,tep,discriminative,2,0.40869882702827454
26,tep,discriminative,3,0.2387225180864334
26,tep,discriminative,4,0.19396217167377472
26,tep,discriminative,5,0.04255728796124458
26,tep,discriminative,6,0.14297813177108765
26,tep,discriminative,7,0.2408440113067627
26,tep,discriminative,8,0.1635906845331192
26,tep,discriminative,9,0.09489604830741882
26,tep,discriminative,10,0.07758468389511108
26,tep,discriminative,11,0.0682295486330986
26,tep,discriminative,12,0.04889150336384773
26,tep,discriminative,13,0.004381071776151657
26,tep,discriminative,14,0.18099164962768555
26,tep,discriminative,15,0.12174217402935028
26,tep,discriminative,16,0.052843473851680756
26,tep,discriminative,17,0.12673377990722656
26,tep,discriminative,18,0.22135508060455322
26,tep,discriminative,19,0.023153765127062798
26,tep,discriminative,20,0.08113884180784225
26,tep,discriminative,21,0.1034877598285675
26,tep,discriminative,22,0.12624986469745636
26,tep,discriminative,23,0.27749907970428467
26,tep,discriminative,24,0.31308022141456604
26,tep,discriminative,25,0.2742188572883606
26,tep,discriminative,26,0.1637631207704544
26,tep,discriminative,27,0.14887507259845734
26,tep,discriminative,28,0.1895700842142105
26,tep,discriminative,29,0.2925737202167511
26,tep,discriminative,30,0.29905733466148376
26,tep,discriminative,31,0.3476942181587219
26,tep,discriminative,32,0.14986149966716766
27,tep,discriminative,0,0.29163500666618347
27,tep,discriminative,1,0.5197198390960693
27,tep,discriminative,2,0.3822841942310333
27,tep,discriminative,3,0.6532288789749146
27,tep,discriminative,4,0.06539982557296753
27,tep,discriminative,5,0.018536314368247986
27,tep,discriminative,6,0.009543797001242638
27,tep,discriminative,7,4.0619259380036965e-05
27,tep,discriminative,8,0.03315874934196472
27,tep,discriminative,9,0.03698122128844261
27,tep,discriminative,10,0.0040334113873541355
27,tep,discriminative,11,0.025940269231796265
27,tep,discriminative,12,0.009918922558426857
27,tep,discriminative,13,0.052269309759140015
27,tep,discriminative,14,0.013639097101986408
27,tep,discriminative,15,0.000216552842175588
27,tep,discriminative,16,0.00319367996416986
27,tep,discriminative,17,0.008330391719937325
27,tep,discriminative,18,0.06677049398422241
27,tep,discriminative,19,0.011664223857223988
27,tep,discriminative,20,0.01327221468091011
27,tep,discriminative,21,0.011835669167339802
27,tep,discriminative,22,0.006025645881891251
27,tep,discriminative,23,0.08270338177680969
27,tep,discriminative,24,0.11360760033130646
27,tep,discriminative,25,0.010760966688394547
27,tep,discriminative,26,0.0537354052066803
27,tep,discriminative,27,0.10534690320491791
27,tep,discriminative,28,0.12349110096693039
27,tep,discriminative,29,0.10929465293884277
27,tep,discriminative,30,0.10212770849466324
27,tep,discriminative,31,0.20755799114704132
27,tep,discriminative,32,0.004232143983244896
28,tep,discriminative,0,0.19103778898715973
28,tep,discriminative,1,0.5949984788894653
28,tep,discriminative,2,0.4395489990711212
28,tep,discriminative,3,0.3166942298412323
28,tep,discriminative,4,0.4766688048839569
28,tep,discriminative,5,0.5034573078155518
28,tep,discriminative,6,0.11815016716718674
28,tep,discriminative,7,0.24163034558296204
28,tep,discriminative,8,0.21579083800315857
28,tep,discriminative,9,0.13812075555324554
28,tep,discriminative,10,0.22038818895816803
28,tep,discriminative,11,0.20536571741104126
28,tep,discriminative,12,0.28565606474876404
28,tep,discriminative,13,0.10687872022390366
28,tep,discriminative,14,0.12787814438343048
28,tep,discriminative,15,0.3213031589984894
28,tep,discriminative,16,0.08749056607484818
28,tep,discriminative,17,0.3880517780780792
28,tep,discriminative,18,0.18307320773601532
28,tep,discriminative,19,0.15928588807582855
28,tep,discriminative,20,0.30599814653396606
28,tep,discriminative,21,0.2882198095321655
28,tep,discriminative,22,0.30656856298446655
28,tep,discriminative,23,0.24802060425281525
28,tep,discriminative,24,0.29641783237457275
28,tep,discriminative,25,0.3249864876270294
28,tep,discriminative,26,0.260738343000412
28,tep,discriminative,27,0.4016599953174591
28,tep,discriminative,28,0.4442145526409149
28,tep,discriminative,29,0.4062976837158203
28,tep,discriminative,30,0.31194499135017395
28,tep,discriminative,31,0.44758909940719604
28,tep,discriminative,32,0.28017452359199524
29,tep,discriminative,0,0.6277991533279419
29,tep,discriminative,1,0.518474280834198
29,tep,discriminative,2,0.30817219614982605
29,tep,discriminative,3,0.2052050530910492
29,tep,discriminative,4,0.6840224266052246
29,tep,discriminative,5,0.10951253026723862
29,tep,discriminative,6,0.10919469594955444
29,tep,discriminative,7,0.06516976654529572
29,tep,discriminative,8,0.05112471058964729
29,tep,discriminative,9,0.05710839107632637
29,tep,discriminative,10,0.2715703547000885
29,tep,discriminative,11,0.07735899835824966
29,tep,discriminative,12,0.049445345997810364
29,tep,discriminative,13,0.11150473356246948
29,tep,discriminative,14,0.1367047280073166
29,tep,discriminative,15,0.36969175934791565
29,tep,discriminative,16,0.14646540582180023
29,tep,discriminative,17,0.3656971752643585
29,tep,discriminative,18,0.20506851375102997
29,tep,discriminative,19,0.18404684960842133
29,tep,discriminative,20,0.07286738604307175
29,tep,discriminative,21,0.15531040728092194
29,tep,discriminative,22,0.41850778460502625
29,tep,discriminative,23,0.12928852438926697
29,tep,discriminative,24,0.1895952969789505
29,tep,discriminative,25,0.20704811811447144
29,tep,discriminative,26,0.2494678795337677
29,tep,discriminative,27,0.29784488677978516
29,tep,discriminative,28,0.5668445229530334
29,tep,discriminative,29,0.42109715938568115
29,tep,discriminative,30,0.48027729988098145
29,tep,discriminative,31,0.4074544906616211
29,tep,discriminative,32,0.14431090652942657
30,tep,discriminative,0,0.18590892851352692
30,tep,discriminative,1,0.5598995089530945
30,tep,discriminative,2,0.5253491401672363
30,tep,discriminative,3,0.4308595359325409
30,tep,discriminative,4,0.4550701081752777
30,tep,discriminative,5,0.5531737208366394
30,tep,discriminative,6,0.5487121343612671
30,tep,discriminative,7,0.41644400358200073
30,tep,discriminative,8,0.24610263109207153
30,tep,discriminative,9,0.41871193051338196
30,tep,discriminative,10,0.30405402183532715
30,tep,discriminative,11,0.4446261525154114
30,tep,discriminative,12,0.4090801477432251
30,tep,discriminative,13,0.19009433686733246
30,tep,discriminative,14,0.4545852243900299
30,tep,discriminative,15,0.4338717460632324
30,tep,discriminative,16,0.30723047256469727
30,tep,discriminative,17,0.4238213300704956
30,tep,discriminative,18,0.5036266446113586
30,tep,discriminative,19,0.22387351095676422
30,tep,discriminative,20,0.356781929731369
30,tep,discriminative,21,0.44139525294303894
30,tep,discriminative,22,0.356812447309494
30,tep,discriminative,23,0.4819529950618744
30,tep,discriminative,24,0.3936211168766022
30,tep,discriminative,25,0.5158961415290833
30,tep,discriminative,26,0.4843074679374695
30,tep,discriminative,27,0.4990771412849426
30,tep,discriminative,28,0.43456393480300903
30,tep,discriminative,29,0.3753056526184082
30,tep,discriminative,30,0.4704494774341583
30,tep,discriminative,31,0.48261168599128723
30,tep,discriminative,32,0.44395241141319275
31,tep,discriminative,0,0.2771095633506775
31,tep,discriminative,1,0.45380061864852905
31,tep,discriminative,2,0.024608632549643517
31,tep,discriminative,3,0.009199407882988453
31,tep,discriminative,4,0.06281843036413193
31,tep,discriminative,5,0.0002534623199608177
31,tep,discriminative,6,0.01093368697911501
31,tep,discriminative,7,0.0516766794025898
31,tep,discriminative,8,0.01325399149209261
31,tep,discriminative,9,0.027895379811525345
31,tep,discriminative,10,0.0142520098015666
31,tep,discriminative,11,0.07790354639291763
31,tep,discriminative,12,0.0556282103061676
31,tep,discriminative,13,0.03400866314768791
31,tep,discriminative,14,0.005092911422252655
31,tep,discriminative,15,0.0022268425673246384
31,tep,discriminative,16,0.0249922014772892
31,tep,discriminative,17,3.842289515887387e-06
31,tep,discriminative,18,0.008561219088733196
31,tep,discriminative,19,0.03616788238286972
31,tep,discriminative,20,0.026793671771883965
31,tep,discriminative,21,0.0954597070813179
31,tep,discriminative,22,0.03461572527885437
31,tep,discriminative,23,0.008420906029641628
31,tep,discriminative,24,0.035260073840618134
31,tep,discriminative,25,0.04139859229326248
31,tep,discriminative,26,0.02602246031165123
31,tep,discriminative,27,0.0033745691180229187
31,tep,discriminative,28,0.08018358051776886
31,tep,discriminative,29,0.05613061040639877
31,tep,discriminative,30,0.11519379168748856
31,tep,discriminative,31,0.13371148705482483
31,tep,discriminative,32,0.014147419482469559
32,tep,discriminative,0,0.5608012080192566
32,tep,discriminative,1,0.64635169506073
32,tep,discriminative,2,0.5008236765861511
32,tep,discriminative,3,0.4221668541431427
32,tep,discriminative,4,0.44514694809913635
32,tep,discriminative,5,0.2284846007823944
32,tep,discriminative,6,0.24607473611831665
32,tep,discriminative,7,0.22817346453666687
32,tep,discriminative,8,0.23579095304012299
32,tep,discriminative,9,0.1504322588443756
32,tep,discriminative,10,0.08915534615516663
32,tep,discriminative,11,0.13052216172218323
32,tep,discriminative,12,0.2287454456090927
32,tep,discriminative,13,0.11914347857236862
32,tep,discriminative,14,0.24597248435020447
32,tep,discriminative,15,0.212624654173851
32,tep,discriminative,16,0.3550730049610138
32,tep,discriminative,17,0.17432422935962677
32,tep,discriminative,18,0.2889477014541626
32,tep,discriminative,19,0.1519274115562439
32,tep,discriminative,20,0.26978081464767456
32,tep,discriminative,21,0.24399754405021667
32,tep,discriminative,22,0.11650629341602325
32,tep,discriminative,23,0.24732705950737
32,tep,discriminative,24,0.289968878030777
32,tep,discriminative,25,0.36367905139923096
32,tep,discriminative,26,0.307237833738327
32,tep,discriminative,27,0.29548367857933044
32,tep,discriminative,28,0.4051467478275299
32,tep,discriminative,29,0.43839719891548157
32,tep,discriminative,30,0.34184905886650085
32,tep,discriminative,31,0.49828851222991943
32,tep,discriminative,32,0.2496098130941391
33,tep,discriminative,0,0.3310821056365967
33,tep,discriminative,1,0.7030081152915955
33,tep,discriminative,2,0.5645335912704468
33,tep,discriminative,3,0.3796456456184387
33,tep,discriminative,4,0.22069114446640015
33,tep,discriminative,5,0.2958886921405792
33,tep,discriminative,6,0.2522946000099182
33,tep,discriminative,7,0.14784321188926697
33,tep,discriminative,8,0.059881843626499176
33,tep,discriminative,9,0.0367283821105957
33,tep,discriminative,10,0.1826402246952057
33,tep,discriminative,11,0.11268022656440735
33,tep,discriminative,12,0.15341396629810333
33,tep,discriminative,13,0.45472073554992676
33,tep,discriminative,14,0.16650007665157318
33,tep,discriminative,15,0.18516935408115387
33,tep,discriminative,16,0.006682885345071554
33,tep,discriminative,17,0.20926012098789215
33,tep,discriminative,18,0.24544359743595123
33,tep,discriminative,19,0.43024760484695435
33,tep,discriminative,20,0.25560203194618225
33,tep,discriminative,21,0.20219333469867706
33,tep,discriminative,22,0.25285518169403076
33,tep,discriminative,23,0.17549505829811096
33,tep,discriminative,24,0.1480475664138794
33,tep,discriminative,25,0.2573024332523346
33,tep,discriminative,26,0.5006803870201111
33,tep,discriminative,27,0.36732080578804016
33,tep,discriminative,28,0.29614678025245667
33,tep,discriminative,29,0.41526439785957336
33,tep,discriminative,30,0.4690413177013397
33,tep,discriminative,31,0.5384277105331421
33,tep,discriminative,32,0.22022993862628937
34,tep,discriminative,0,0.2659546732902527
34,tep,discriminative,1,0.5599697232246399
34,tep,discriminative,2,0.453840970993042
34,tep,discriminative,3,0.45924103260040283
34,tep,discriminative,4,0.46653541922569275
34,tep,discriminative,5,0.3175312876701355
34,tep,discriminative,6,0.25110408663749695
34,tep,discriminative,7,0.3568767011165619
34,tep,discriminative,8,0.16788266599178314
34,tep,discriminative,9,0.2363257110118866
34,tep,discriminative,10,0.23036833107471466
34,tep,discriminative,11,0.38455408811569214
34,tep,discriminative,12,0.07248294353485107
34,tep,discriminative,13,0.2960652709007263
34,tep,discriminative,14,0.2634934186935425
34,tep,discriminative,15,0.2077653706073761
34,tep,discriminative,16,0.297015905380249
34,tep,discriminative,17,0.2985242009162903
34,tep,discriminative,18,0.32834526896476746
34,tep,discriminative,19,0.3238487243652344
34,tep,discriminative,20,0.18316952884197235
34,tep,discriminative,21,0.5370099544525146
34,tep,discriminative,22,0.2996511161327362
34,tep,discriminative,23,0.26266390085220337
34,tep,discriminative,24,0.2863093912601471
34,tep,discriminative,25,0.32015109062194824
34,tep,discriminative,26,0.3816072642803192
34,tep,discriminative,27,0.3064509630203247
34,tep,discriminative,28,0.39236581325531006
34,tep,discriminative,29,0.3949323892593384
34,tep,discriminative,30,0.395656943321228
34,tep,discriminative,31,0.39974701404571533
34,tep,discriminative,32,0.2539793848991394
35,tep,discriminative,0,0.2648068070411682
35,tep,discriminative,1,0.5121759176254272
35,tep,discriminative,2,0.39694443345069885
35,tep,discriminative,3,0.4224030077457428
35,tep,discriminative,4,0.40101978182792664
35,tep,discriminative,5,0.16350048780441284
35,tep,discriminative,6,0.16446144878864288
35,tep,discriminative,7,0.2793629467487335
35,tep,discriminative,8,0.2651617228984833
35,tep,discriminative,9,0.035604722797870636
35,tep,discriminative,10,0.026140375062823296
35,tep,discriminative,11,0.23787131905555725
35,tep,discriminative,12,0.09438169002532959
35,tep,discriminative,13,0.00012031868391204625
35,tep,discriminative,14,0.059622861444950104
35,tep,discriminative,15,0.010549447499215603
35,tep,discriminative,16,0.015203412622213364
35,tep,discriminative,17,0.012110118754208088
35,tep,discriminative,18,0.03509172052145004
35,tep,discriminative,19,4.7886118409223855e-05
35,tep,discriminative,20,0.1289578229188919
35,tep,discriminative,21,0.16754835844039917
35,tep,discriminative,22,0.03969159722328186
35,tep,discriminative,23,0.0719941258430481
35,tep,discriminative,24,0.335239440202713
35,tep,discriminative,25,0.24566394090652466
35,tep,discriminative,26,0.21175582706928253
35,tep,discriminative,27,0.21249039471149445
35,tep,discriminative,28,0.295761376619339
35,tep,discriminative,29,0.22920921444892883
35,tep,discriminative,30,0.22039975225925446
35,tep,discriminative,31,0.27294212579727173
35,tep,discriminative,32,0.09696999937295914
36,tep,discriminative,0,0.12114547938108444
36,tep,discriminative,1,0.10885448753833771
36,tep,discriminative,2,0.054236896336078644
36,tep,discriminative,3,0.0005483459681272507
36,tep,discriminative,4,0.15871161222457886
36,tep,discriminative,5,0.024029163643717766
36,tep,discriminative,6,0.0018032954540103674
36,tep,discriminative,7,0.015202672220766544
36,tep,discriminative,8,0.004740733653306961
36,tep,discriminative,9,0.23806461691856384
36,tep,discriminative,10,0.00035225984174758196
36,tep,discriminative,11,0.03134521096944809
36,tep,discriminative,12,0.11018671095371246
36,tep,discriminative,13,0.11207834631204605
36,tep,discriminative,14,0.28615641593933105
36,tep,discriminative,15,0.028087500482797623
36,tep,discriminative,16,0.003907565493136644
36,tep,discriminative,17,0.10289467126131058
36,tep,discriminative,18,1.5298281141440384e-05
36,tep,discriminative,19,0.010177253745496273
36,tep,discriminative,20,0.0018758946098387241
36,tep,discriminative,21,0.015809856355190277
36,tep,discriminative,22,0.00015418721886817366
36,tep,discriminative,23,0.01120268926024437
36,tep,discriminative,24,0.019632786512374878
36,tep,discriminative,25,0.013086031191051006
36,tep,discriminative,26,0.0028874867130070925
36,tep,discriminative,27,0.01617145724594593
36,tep,discriminative,28,0.03261592611670494
36,tep,discriminative,29,0.0002049879403784871
36,tep,discriminative,30,0.09915351122617722
36,tep,discriminative,31,0.0001849420223152265
36,tep,discriminative,32,0.0014593817759305239
37,tep,discriminative,0,0.6982755661010742
37,tep,discriminative,1,0.6411741375923157
37,tep,discriminative,2,0.6630905866622925
37,tep,discriminative,3,0.5747284293174744
37,tep,discriminative,4,0.4748522639274597
37,tep,discriminative,5,0.3591681122779846
37,tep,discriminative,6,0.444080650806427
37,tep,discriminative,7,0.4036247432231903
37,tep,discriminative,8,0.41559934616088867
37,tep,discriminative,9,0.4404318928718567
37,tep,discriminative,10,0.5538375377655029
37,tep,discriminative,11,0.5549971461296082
37,tep,discriminative,12,0.6545233130455017
37,tep,discriminative,13,0.5965120792388916
37,tep,discriminative,14,0.6076549291610718
37,tep,discriminative,15,0.5354579091072083
37,tep,discriminative,16,0.48844051361083984
37,tep,discriminative,17,0.6065192818641663
37,tep,discriminative,18,0.47431036829948425
37,tep,discriminative,19,0.5610484480857849
37,tep,discriminative,20,0.45185819268226624
37,tep,discriminative,21,0.47023695707321167
37,tep,discriminative,22,0.4762812554836273
37,tep,discriminative,23,0.5209280252456665
37,tep,discriminative,24,0.5598097443580627
37,tep,discriminative,25,0.5764533877372742
37,tep,discriminative,26,0.5595481991767883
37,tep,discriminative,27,0.5791831612586975
37,tep,discriminative,28,0.5299758315086365
37,tep,discriminative,29,0.4911360740661621
37,tep,discriminative,30,0.5204688310623169
37,tep,discriminative,31,0.4902873635292053
37,tep,discriminative,32,0.5132873058319092
38,tep,discriminative,0,0.36475732922554016
38,tep,discriminative,1,0.3943922221660614
38,tep,discriminative,2,0.012421594001352787
38,tep,discriminative,3,0.04756299778819084
38,tep,discriminative,4,0.08649005740880966
38,tep,discriminative,5,0.012308917939662933
38,tep,discriminative,6,0.02182631753385067
38,tep,discriminative,7,0.012975480407476425
38,tep,discriminative,8,0.00752857094630599
38,tep,discriminative,9,0.06373445689678192
38,tep,discriminative,10,0.0060090553015470505
38,tep,discriminative,11,0.0015294012846425176
38,tep,discriminative,12,0.11222851276397705
38,tep,discriminative,13,0.03105638176202774
38,tep,discriminative,14,0.05518261343240738
38,tep,discriminative,15,0.0001732215314405039
38,tep,discriminative,16,0.043924883008003235
38,tep,discriminative,17,0.010570785030722618
38,tep,discriminative,18,0.0009395020315423608
38,tep,discriminative,19,0.008524992503225803
38,tep,discriminative,20,0.000989962718449533
38,tep,discriminative,21,0.0015619888436049223
38,tep,discriminative,22,0.11766276508569717
38,tep,discriminative,23,0.02826046198606491
38,tep,discriminative,24,0.005312460009008646
38,tep,discriminative,25,0.06760028749704361
38,tep,discriminative,26,0.06008964031934738
38,tep,discriminative,27,0.03173431381583214
38,tep,discriminative,28,0.00836869515478611
38,tep,discriminative,29,0.03507627174258232
38,tep,discriminative,30,7.263312727445737e-05
38,tep,discriminative,31,0.0008909011958166957
38,tep,discriminative,32,0.004849845077842474
39,tep,discriminative,0,0.28752806782722473
39,tep,discriminative,1,0.1752835363149643
39,tep,discriminative,2,0.011835348792374134
39,tep,discriminative,3,0.027337729930877686
39,tep,discriminative,4,0.0002296240854775533
39,tep,discriminative,5,0.17117641866207123
39,tep,discriminative,6,0.0023120285477489233
39,tep,discriminative,7,0.016807978972792625
39,tep,discriminative,8,0.20847037434577942
39,tep,discriminative,9,0.001975093502551317
39,tep,discriminative,10,0.05627801641821861
39,tep,discriminative,11,0.0033376968931406736
39,tep,discriminative,12,0.05557500198483467
39,tep,discriminative,13,0.004597021732479334
39,tep,discriminative,14,0.03440047428011894
39,tep,discriminative,15,0.00219712033867836
39,tep,discriminative,16,0.009599837474524975
39,tep,discriminative,17,0.0020000769291073084
39,tep,discriminative,18,0.15037629008293152
39,tep,discriminative,19,0.0011926774168387055
39,tep,discriminative,20,0.014494997449219227
39,tep,discriminative,21,0.006663012783974409
39,tep,discriminative,22,0.0007074357708916068
39,tep,discriminative,23,0.01515716128051281
39,tep,discriminative,24,0.005865573883056641
39,tep,discriminative,25,0.02803950570523739
39,tep,discriminative,26,0.013968599028885365
39,tep,discriminative,27,0.008660577237606049
39,tep,discriminative,28,0.01683649607002735
39,tep,discriminative,29,1.3360964885578142e-06
39,tep,discriminative,30,0.0043146321550011635
39,tep,discriminative,31,0.06386123597621918
39,tep,discriminative,32,0.00014273978013079613
40,tep,discriminative,0,0.09290817379951477
40,tep,discriminative,1,0.1371430903673172
40,tep,discriminative,2,0.12776371836662292
40,tep,discriminative,3,0.026890520006418228
40,tep,discriminative,4,0.03489745408296585
40,tep,discriminative,5,0.012500999495387077
40,tep,discriminative,6,0.1877887099981308
40,tep,discriminative,7,0.19106270372867584
40,tep,discriminative,8,0.00931832380592823
40,tep,discriminative,9,0.016384273767471313
40,tep,discriminative,10,0.21820901334285736
40,tep,discriminative,11,0.07799976319074631
40,tep,discriminative,12,0.3028249144554138
40,tep,discriminative,13,0.222573384642601
40,tep,discriminative,14,0.12804019451141357
40,tep,discriminative,15,0.05390235036611557
40,tep,discriminative,16,0.13398702442646027
40,tep,discriminative,17,0.04185958579182625
40,tep,discriminative,18,0.08016936480998993
40,tep,discriminative,19,0.10697080194950104
40,tep,discriminative,20,0.12493760138750076
40,tep,discriminative,21,0.0244710985571146
40,tep,discriminative,22,0.04387163743376732
40,tep,discriminative,23,0.110987089574337
40,tep,discriminative,24,0.2032143622636795
40,tep,discriminative,25,0.2300642430782318
40,tep,discriminative,26,0.2898782193660736
40,tep,discriminative,27,0.11883790791034698
40,tep,discriminative,28,0.1086558923125267
40,tep,discriminative,29,0.04036348685622215
40,tep,discriminative,30,0.06402601301670074
40,tep,discriminative,31,0.22526778280735016
40,tep,discriminative,32,0.11550615727901459
41,tep,discriminative,0,0.3796215057373047
41,tep,discriminative,1,0.3789195120334625
41,tep,discriminative,2,0.22531403601169586
41,tep,discriminative,3,0.07385655492544174
41,tep,discriminative,4,0.013482416048645973
41,tep,discriminative,5,0.23555532097816467
41,tep,discriminative,6,0.10210384428501129
41,tep,discriminative,7,0.02826797217130661
41,tep,discriminative,8,0.22874853014945984
41,tep,discriminative,9,0.02210991270840168
41,tep,discriminative,10,0.07671594619750977
41,tep,discriminative,11,0.12822486460208893
41,tep,discriminative,12,0.0991717129945755
41,tep,discriminative,13,0.12222827970981598
41,tep,discriminative,14,0.007158128544688225
41,tep,discriminative,15,0.09582864493131638
41,tep,discriminative,16,0.0016453043790534139
41,tep,discriminative,17,0.0032310746610164642
41,tep,discriminative,18,0.0029042295645922422
41,tep,discriminative,19,0.12668989598751068
41,tep,discriminative,20,0.015005956403911114
41,tep,discriminative,21,0.026239171624183655
41,tep,discriminative,22,0.059486083686351776
41,tep,discriminative,23,0.004255146253854036
41,tep,discriminative,24,0.012166939675807953
41,tep,discriminative,25,0.0291509460657835
41,tep,discriminative,26,0.01972397416830063
41,tep,discriminative,27,0.043165672570466995
41,tep,discriminative,28,9.447370393900201e-05
41,tep,discriminative,29,0.016521470621228218
41,tep,discriminative,30,0.005661927629262209
41,tep,discriminative,31,0.12330333143472672
41,tep,discriminative,32,0.014802232384681702
42,tep,discriminative,0,0.4585334360599518
42,tep,discriminative,1,0.743972659111023
42,tep,discriminative,2,0.4404487609863281
42,tep,discriminative,3,0.2671298384666443
42,tep,discriminative,4,0.16904416680335999
42,tep,discriminative,5,0.13253115117549896
42,tep,discriminative,6,0.25194844603538513
42,tep,discriminative,7,0.1909555345773697
42,tep,discriminative,8,0.18743164837360382
42,tep,discriminative,9,0.20081256330013275
42,tep,discriminative,10,0.22091686725616455
42,tep,discriminative,11,0.0814710408449173
42,tep,discriminative,12,0.12403424829244614
42,tep,discriminative,13,0.05880601704120636
42,tep,discriminative,14,0.237244114279747
42,tep,discriminative,15,0.045568086206912994
42,tep,discriminative,16,0.04998377710580826
42,tep,discriminative,17,0.11094065755605698
42,tep,discriminative,18,0.14788243174552917
42,tep,discriminative,19,0.06225080043077469
42,tep,discriminative,20,0.12623363733291626
42,tep,discriminative,21,0.051265619695186615
42,tep,discriminative,22,0.22542321681976318
42,tep,discriminative,23,0.0735517293214798
42,tep,discriminative,24,0.12159962952136993
42,tep,discriminative,25,0.1906474530696869
42,tep,discriminative,26,0.07973729819059372
42,tep,discriminative,27,0.13098010420799255
42,tep,discriminative,28,0.13058894872665405
42,tep,discriminative,29,0.3631669580936432
42,tep,discriminative,30,0.13234487175941467
42,tep,discriminative,31,0.19633689522743225
42,tep,discriminative,32,0.09679075330495834
43,tep,discriminative,0,0.1273118108510971
43,tep,discriminative,1,0.3257955014705658
43,tep,discriminative,2,0.14120201766490936
43,tep,discriminative,3,0.09730876237154007
43,tep,discriminative,4,0.08804255723953247
43,tep,discriminative,5,0.025696268305182457
43,tep,discriminative,6,0.06023770943284035
43,tep,discriminative,7,0.07662329822778702
43,tep,discriminative,8,0.023344727233052254
43,tep,discriminative,9,0.001858019968494773
43,tep,discriminative,10,0.1404905915260315
43,tep,discriminative,11,0.13024811446666718
43,tep,discriminative,12,0.007730466313660145
43,tep,discriminative,13,0.034344978630542755
43,tep,discriminative,14,0.00618139049038291
43,tep,discriminative,15,0.010903551243245602
43,tep,discriminative,16,0.0049321032129228115
43,tep,discriminative,17,0.01400804240256548
43,tep,discriminative,18,0.0038309190422296524
43,tep,discriminative,19,0.0866846814751625
43,tep,discriminative,20,0.04809797182679176
43,tep,discriminative,21,0.13556677103042603
43,tep,discriminative,22,0.19578108191490173
43,tep,discriminative,23,0.04799123480916023
43,tep,discriminative,24,0.08678018301725388
43,tep,discriminative,25,0.09825024008750916
43,tep,discriminative,26,0.13616108894348145
43,tep,discriminative,27,0.08946102112531662
43,tep,discriminative,28,0.1838068664073944
43,tep,discriminative,29,0.14787128567695618
43,tep,discriminative,30,0.18244759738445282
43,tep,discriminative,31,0.294620543718338
43,tep,discriminative,32,0.10490825772285461
44,tep,discriminative,0,0.20813129842281342
44,tep,discriminative,1,0.6076104640960693
44,tep,discriminative,2,0.32548725605010986
44,tep,discriminative,3,0.2384287565946579
44,tep,discriminative,4,0.16125337779521942
44,tep,discriminative,5,0.19860194623470306
44,tep,discriminative,6,0.17518045008182526
44,tep,discriminative,7,0.09694912284612656
44,tep,discriminative,8,0.008624877780675888
44,tep,discriminative,9,0.1545485258102417
44,tep,discriminative,10,1.6066125851921242e-07
44,tep,discriminative,11,0.029889864847064018
44,tep,discriminative,12,0.02197704091668129
44,tep,discriminative,13,0.003810842987149954
44,tep,discriminative,14,4.677609103964642e-05
44,tep,discriminative,15,0.027362365275621414
44,tep,discriminative,16,0.025238927453756332
44,tep,discriminative,17,0.031482994556427
44,tep,discriminative,18,0.05840616300702095
44,tep,discriminative,19,0.018139667809009552
44,tep,discriminative,20,0.020743411034345627
44,tep,discriminative,21,0.0024271525908261538
44,tep,discriminative,22,0.05954057350754738
44,tep,discriminative,23,0.02094196155667305
44,tep,discriminative,24,0.017941296100616455
44,tep,discriminative,25,0.0088712302967906
44,tep,discriminative,26,0.010977441444993019
44,tep,discriminative,27,0.006919488776475191
44,tep,discriminative,28,0.0039082919247448444
44,tep,discriminative,29,2.001059147005435e-05
44,tep,discriminative,30,0.004698410630226135
44,tep,discriminative,31,0.031906433403491974
44,tep,discriminative,32,0.059048131108284
45,tep,discriminative,0,0.5363796353340149
45,tep,discriminative,1,0.6450771689414978
45,tep,discriminative,2,0.6800201535224915
45,tep,discriminative,3,0.6646127700805664
45,tep,discriminative,4,0.67790287733078
45,tep,discriminative,5,0.6614824533462524
45,tep,discriminative,6,0.6031603217124939
45,tep,discriminative,7,0.5928708910942078
45,tep,discriminative,8,0.5353066921234131
45,tep,discriminative,9,0.5577284693717957
45,tep,discriminative,10,0.5609565377235413
45,tep,discriminative,11,0.5347747802734375
45,tep,discriminative,12,0.5389851331710815
45,tep,discriminative,13,0.45307686924934387
45,tep,discriminative,14,0.5075036883354187
45,tep,discriminative,15,0.5252091288566589
45,tep,discriminative,16,0.6086835861206055
45,tep,discriminative,17,0.6058303713798523
45,tep,discriminative,18,0.6028968691825867
45,tep,discriminative,19,0.5302417874336243
45,tep,discriminative,20,0.588698148727417
45,tep,discriminative,21,0.5582109689712524
45,tep,discriminative,22,0.46409833431243896
45,tep,discriminative,23,0.48549848794937134
45,tep,discriminative,24,0.49886271357536316
45,tep,discriminative,25,0.6213797926902771
45,tep,discriminative,26,0.4071122109889984
45,tep,discriminative,27,0.421988844871521
45,tep,discriminative,28,0.4138820171356201
45,tep,discriminative,29,0.5916590094566345
45,tep,discriminative,30,0.47126635909080505
45,tep,discriminative,31,0.4557572603225708
45,tep,discriminative,32,0.5309501886367798
46,tep,discriminative,0,0.48224174976348877
46,tep,discriminative,1,0.6047302484512329
46,tep,discriminative,2,0.458462119102478
46,tep,discriminative,3,0.45858973264694214
46,tep,discriminative,4,0.7031576037406921
46,tep,discriminative,5,0.23809167742729187
46,tep,discriminative,6,0.289853036403656
46,tep,discriminative,7,0.2041991800069809
46,tep,discriminative,8,0.23848991096019745
46,tep,discriminative,9,0.22216951847076416
46,tep,discriminative,10,0.39073729515075684
46,tep,discriminative,11,0.2809348702430725
46,tep,discriminative,12,0.23046700656414032
46,tep,discriminative,13,0.35440710186958313
46,tep,discriminative,14,0.3585437536239624
46,tep,discriminative,15,0.5162075757980347
46,tep,discriminative,16,0.4114058315753937
46,tep,discriminative,17,0.4622562825679779
46,tep,discriminative,18,0.31108641624450684
46,tep,discriminative,19,0.3639480471611023
46,tep,discriminative,20,0.21699711680412292
46,tep,discriminative,21,0.3209722340106964
46,tep,discriminative,22,0.36712801456451416
46,tep,discriminative,23,0.32052168250083923
46,tep,discriminative,24,0.2467600405216217
46,tep,discriminative,25,0.34944382309913635
46,tep,discriminative,26,0.4226020574569702
46,tep,discriminative,27,0.38590914011001587
46,tep,discriminative,28,0.49730417132377625
46,tep,discriminative,29,0.41915249824523926
46,tep,discriminative,30,0.43953269720077515
46,tep,discriminative,31,0.5803777575492859
46,tep,discriminative,32,0.4003359079360962
47,tep,discriminative,0,0.1694210022687912
47,tep,discriminative,1,0.007520642131567001
47,tep,discriminative,2,0.06191304698586464
47,tep,discriminative,3,0.07821375131607056
47,tep,discriminative,4,0.002354020718485117
47,tep,discriminative,5,0.060876958072185516
47,tep,discriminative,6,0.06909966468811035
47,tep,discriminative,7,0.06781936436891556
47,tep,discriminative,8,0.00426880270242691
47,tep,discriminative,9,0.04962128773331642
47,tep,discriminative,10,0.03935445472598076
47,tep,discriminative,11,0.10655410587787628
47,tep,discriminative,12,0.03654206171631813
47,tep,discriminative,13,0.07239796966314316
47,tep,discriminative,14,0.00718329893425107
47,tep,discriminative,15,0.037959832698106766
47,tep,discriminative,16,0.028377851471304893
47,tep,discriminative,17,0.08495228737592697
47,tep,discriminative,18,0.09170152246952057
47,tep,discriminative,19,0.023388048633933067
47,tep,discriminative,20,0.11652546375989914
47,tep,discriminative,21,0.09053158760070801
47,tep,discriminative,22,0.06831922382116318
47,tep,discriminative,23,0.027804454788565636
47,tep,discriminative,24,0.012502597644925117
47,tep,discriminative,25,0.03209974244236946
47,tep,discriminative,26,0.07989227026700974
47,tep,discriminative,27,0.03629015386104584
47,tep,discriminative,28,0.01436321809887886
47,tep,discriminative,29,0.04132402688264847
47,tep,discriminative,30,0.07961415499448776
47,tep,discriminative,31,0.02686234936118126
47,tep,discriminative,32,0.054101914167404175
48,tep,discriminative,0,0.12444928288459778
48,tep,discriminative,1,0.003321294207125902
48,tep,discriminative,2,0.0109965018928051
48,tep,discriminative,3,0.04741094261407852
48,tep,discriminative,4,0.013091102242469788
48,tep,discriminative,5,0.0139504699036479
48,tep,discriminative,6,0.025327717885375023
48,tep,discriminative,7,0.07178118079900742
48,tep,discriminative,8,0.12284867465496063
48,tep,discriminative,9,0.07907941937446594
48,tep,discriminative,10,0.008470168337225914
48,tep,discriminative,11,0.028823383152484894
48,tep,discriminative,12,0.03695792332291603
48,tep,discriminative,13,0.023776454851031303
48,tep,discriminative,14,0.01980801671743393
48,tep,discriminative,15,0.07335399836301804
48,tep,discriminative,16,0.057175491005182266
48,tep,discriminative,17,0.01682475581765175
48,tep,discriminative,18,0.09867390990257263
48,tep,discriminative,19,0.046706367284059525
48,tep,discriminative,20,0.06001124531030655
48,tep,discriminative,21,0.05205729976296425
48,tep,discriminative,22,0.03697711601853371
48,tep,discriminative,23,0.07644890248775482
48,tep,discriminative,24,0.024524960666894913
48,tep,discriminative,25,0.04786209389567375
48,tep,discriminative,26,0.026013284921646118
48,tep,discriminative,27,0.057105325162410736
48,tep,discriminative,28,0.06970788538455963
48,tep,discriminative,29,0.0426296666264534
48,tep,discriminative,30,0.07129587233066559
48,tep,discriminative,31,0.09430698305368423
48,tep,discriminative,32,0.0705086886882782
49,tep,discriminative,0,0.6620118618011475
49,tep,discriminative,1,0.5165001749992371
49,tep,discriminative,2,0.6387116312980652
49,tep,discriminative,3,0.6881715059280396
49,tep,discriminative,4,0.6675738096237183
49,tep,discriminative,5,0.6919557452201843
49,tep,discriminative,6,0.6989492774009705
49,tep,discriminative,7,0.6975830793380737
49,tep,discriminative,8,0.6774951815605164
49,tep,discriminative,9,0.7016072869300842
49,tep,discriminative,10,0.6815726161003113
49,tep,discriminative,11,0.6611693501472473
49,tep,discriminative,12,0.6762663722038269
49,tep,discriminative,13,0.6824378967285156
49,tep,discriminative,14,0.6639220714569092
49,tep,discriminative,15,0.6814526319503784
49,tep,discriminative,16,0.6598944067955017
49,tep,discriminative,17,0.6554861068725586
49,tep,discriminative,18,0.6622930765151978
49,tep,discriminative,19,0.6727393269538879
49,tep,discriminative,20,0.6521874070167542
49,tep,discriminative,21,0.6667475700378418
49,tep,discriminative,22,0.6484646201133728
49,tep,discriminative,23,0.6328516006469727
49,tep,discriminative,24,0.6638208627700806
49,tep,discriminative,25,0.6482521295547485
49,tep,discriminative,26,0.6502159833908081
49,tep,discriminative,27,0.6407861113548279
49,tep,discriminative,28,0.6457152366638184
49,tep,discriminative,29,0.6598786115646362
49,tep,discriminative,30,0.6547092199325562
49,tep,discriminative,31,0.6455654501914978
49,tep,discriminative,32,0.640333354473114
50,tep,discriminative,0,0.12157945334911346
50,tep,discriminative,1,0.9939789175987244
50,tep,discriminative,2,0.5925437808036804
50,tep,discriminative,3,0.44261565804481506
50,tep,discriminative,4,0.36624065041542053
50,tep,discriminative,5,0.3997790217399597
50,tep,discriminative,6,0.3077837824821472
50,tep,discriminative,7,0.33625441789627075
50,tep,discriminative,8,0.3235713243484497
50,tep,discriminative,9,0.27730366587638855
50,tep,discriminative,10,0.2675243318080902
50,tep,discriminative,11,0.21812261641025543
50,tep,discriminative,12,0.2719121277332306
50,tep,discriminative,13,0.23845691978931427
50,tep,discriminative,14,0.1893295794725418
50,tep,discriminative,15,0.190560981631279
50,tep,discriminative,16,0.16095338761806488
50,tep,discriminative,17,0.20107752084732056
50,tep,discriminative,18,0.15164050459861755
50,tep,discriminative,19,0.17609180510044098
50,tep,discriminative,20,0.14248964190483093
50,tep,discriminative,21,0.1707478016614914
50,tep,discriminative,22,0.18073895573616028
50,tep,discriminative,23,0.14284870028495789
50,tep,discriminative,24,0.1339021474123001
50,tep,discriminative,25,0.14096404612064362
50,tep,discriminative,26,0.14098882675170898
50,tep,discriminative,27,0.1475432962179184
50,tep,discriminative,28,0.08619217574596405
50,tep,discriminative,29,0.08499867469072342
50,tep,discriminative,30,0.06740915030241013
50,tep,discriminative,31,0.08407491445541382
50,tep,discriminative,32,0.14352859556674957
51,tep,discriminative,0,0.3089798390865326
51,tep,discriminative,1,0.2420467585325241
51,tep,discriminative,2,0.0941983014345169
51,tep,discriminative,3,0.08852312713861465
51,tep,discriminative,4,0.0086905462667346
51,tep,discriminative,5,0.008662045001983643
51,tep,discriminative,6,0.0034496551379561424
51,tep,discriminative,7,0.029442835599184036
51,tep,discriminative,8,0.0781291127204895
51,tep,discriminative,9,0.009769978001713753
51,tep,discriminative,10,4.439573604031466e-05
51,tep,discriminative,11,0.00722305104136467
51,tep,discriminative,12,0.022193852812051773
51,tep,discriminative,13,0.012903503142297268
51,tep,discriminative,14,0.027501307427883148
51,tep,discriminative,15,7.243353593366919e-06
51,tep,discriminative,16,0.05007018893957138
51,tep,discriminative,17,0.07719587534666061
51,tep,discriminative,18,0.005774583667516708
51,tep,discriminative,19,0.027996521443128586
51,tep,discriminative,20,0.01139472983777523
51,tep,discriminative,21,0.0029762652702629566
51,tep,discriminative,22,0.015720942988991737
51,tep,discriminative,23,0.003845266532152891
51,tep,discriminative,24,0.01625361666083336
51,tep,discriminative,25,0.03736326843500137
51,tep,discriminative,26,0.012578810565173626
51,tep,discriminative,27,0.10012434422969818
51,tep,discriminative,28,0.1764550805091858
51,tep,discriminative,29,0.0015960094751790166
51,tep,discriminative,30,0.018564747646450996
51,tep,discriminative,31,0.039275214076042175
51,tep,discriminative,32,0.05068965628743172
0,tep,early,0,0.36317119002342224
0,tep,early,1,0.11008059233427048
0,tep,early,2,0.09619399160146713
0,tep,early,3,0.09013424813747406
0,tep,early,4,0.08150354772806168
0,tep,early,5,0.051938146352767944
0,tep,early,6,0.011337684467434883
0,tep,early,7,0.10756410658359528
0,tep,early,8,0.04867863282561302
0,tep,early,9,0.0026531664188951254
0,tep,early,10,0.009120147675275803
0,tep,early,11,0.1034478098154068
0,tep,early,12,0.09393739700317383
0,tep,early,13,0.1812819242477417
0,tep,early,14,0.0044588129967451096
0,tep,early,15,0.0635322779417038
0,tep,early,16,0.048395268619060516
0,tep,early,17,0.06917282193899155
0,tep,early,18,0.0205033291131258
0,tep,early,19,0.14175117015838623
0,tep,early,20,0.1261233389377594
0,tep,early,21,0.16092564165592194
0,tep,early,22,0.07280128449201584
0,tep,early,23,0.04442965239286423
0,tep,early,24,0.14101585745811462
0,tep,early,25,0.16320018470287323
0,tep,early,26,0.1574920117855072
0,tep,early,27,0.1838037669658661
0,tep,early,28,0.23951348662376404
0,tep,early,29,0.23731879889965057
0,tep,early,30,0.18448376655578613
0,tep,early,31,0.2630901634693146
0,tep,early,32,0.12132157385349274
1,tep,early,0,0.12464539706707001
1,tep,early,1,0.32621392607688904
1,tep,early,2,0.6277170777320862
1,tep,early,3,0.004000609274953604
1,tep,early,4,0.06288795918226242
1,tep,early,5,0.0009967379737645388
1,tep,early,6,0.010698331519961357
1,tep,early,7,0.16991053521633148
1,tep,early,8,0.05512961372733116
1,tep,early,9,0.01335966493934393
1,tep,early,10,0.17752613127231598
1,tep,early,11,0.00045142718590795994
1,tep,early,12,0.03593873977661133
1,tep,early,13,0.0248677097260952
1,tep,early,14,0.097529835999012
1,tep,early,15,0.1326473504304886
1,tep,early,16,0.5210634469985962
1,tep,early,17,0.07879938930273056
1,tep,early,18,0.0059174466878175735
1,tep,early,19,0.0005801907391287386
1,tep,early,20,0.05747152864933014
1,tep,early,21,0.08879425376653671
1,tep,early,22,0.0010566575219854712
1,tep,early,23,0.056306228041648865
1,tep,early,24,0.02595759928226471
1,tep,early,25,0.1369258016347885
1,tep,early,26,0.30933457612991333
1,tep,early,27,0.05628001317381859
1,tep,early,28,0.01439296081662178
1,tep,early,29,0.0009892851812765002
1,tep,early,30,0.009864871390163898
1,tep,early,31,0.017149221152067184
1,tep,early,32,0.037096478044986725
2,tep,early,0,0.6324793100357056
2,tep,early,1,0.5649686455726624
2,tep,early,2,0.7253900170326233
2,tep,early,3,0.3961447477340698
2,tep,early,4,0.28226006031036377
2,tep,early,5,0.013508436270058155
2,tep,early,6,0.03749542310833931
2,tep,early,7,0.9729040861129761
2,tep,early,8,0.0003030463703908026
2,tep,early,9,0.016539745032787323
2,tep,early,10,0.022182244807481766
2,tep,early,11,0.008522163145244122
2,tep,early,12,0.014602522365748882
2,tep,early,13,0.04783789440989494
2,tep,early,14,0.2863754630088806
2,tep,early,15,0.06502070277929306
2,tep,early,16,0.00148388568777591
2,tep,early,17,0.13561132550239563
2,tep,early,18,0.2756434679031372
2,tep,early,19,0.12893155217170715
2,tep,early,20,0.021077249199151993
2,tep,early,21,6.760870746802539e-05
2,tep,early,22,0.03961228206753731
2,tep,early,23,0.13503971695899963
2,tep,early,24,0.04502781853079796
2,tep,early,25,0.19332104921340942
2,tep,early,26,0.040120821446180344
2,tep,early,27,0.005700878798961639
2,tep,early,28,0.19522492587566376
2,tep,early,29,0.136760875582695
2,tep,early,30,0.2065194547176361
2,tep,early,31,0.01682695932686329
2,tep,early,32,0.0014113925863057375
3,tep,early,0,0.509848415851593
3,tep,early,1,0.4906303584575653
3,tep,early,2,0.5169002413749695
3,tep,early,3,0.4893481433391571
3,tep,early,4,0.19363266229629517
3,tep,early,5,0.12149927020072937
3,tep,early,6,0.34036749601364136
3,tep,early,7,0.20999160408973694
3,tep,early,8,0.04978082329034805
3,tep,early,9,0.02398403361439705
3,tep,early,10,0.01780950091779232
3,tep,early,11,0.0786382406949997
3,tep,early,12,0.09361305832862854
3,tep,early,13,0.03488190472126007
3,tep,early,14,0.02641468681395054
3,tep,early,15,0.03459358587861061
3,tep,early,16,0.016298621892929077
3,tep,early,17,0.035626061260700226
3,tep,early,18,0.11762730032205582
3,tep,early,19,0.03073401376605034
3,tep,early,20,0.07494790852069855
3,tep,early,21,0.2313002645969391
3,tep,early,22,0.006262705195695162
3,tep,early,23,0.15911903977394104
3,tep,early,24,0.0011550411581993103
3,tep,early,25,0.00015640172932762653
3,tep,early,26,0.03834563493728638
3,tep,early,27,2.454590139677748e-05
3,tep,early,28,0.05591646209359169
3,tep,early,29,0.030640583485364914
3,tep,early,30,0.0002827544813044369
3,tep,early,31,0.09002750366926193
3,tep,early,32,0.026119345799088478
4,tep,early,0,0.013932005502283573
4,tep,early,1,0.1061224713921547
4,tep,early,2,0.01695891097187996
4,tep,early,3,0.09887469559907913
4,tep,early,4,0.08039834350347519
4,tep,early,5,0.006625257898122072
4,tep,early,6,0.060439612716436386
4,tep,early,7,0.04247325286269188
4,tep,early,8,0.045766785740852356
4,tep,early,9,0.03611988574266434
4,tep,early,10,0.027496596798300743
4,tep,early,11,0.13477078080177307
4,tep,early,12,0.001563198515214026
4,tep,early,13,0.0009579609031789005
4,tep,early,14,0.013148131780326366
4,tep,early,15,0.014358329586684704
4,tep,early,16,0.05255914479494095
4,tep,early,17,0.009327695704996586
4,tep,early,18,0.00011916024232050404
4,tep,early,19,0.0888526663184166
4,tep,early,20,9.995203072321601e-06
4,tep,early,21,0.14335694909095764
4,tep,early,22,0.0015970614040270448
4,tep,early,23,0.2877299189567566
4,tep,early,24,0.00015767349395900965
4,tep,early,25,0.00416065426543355
4,tep,early,26,7.05686179571785e-05
4,tep,early,27,0.017609329894185066
4,tep,early,28,0.0021927938796579838
4,tep,early,29,0.0055037192068994045
4,tep,early,30,0.01849074475467205
4,tep,early,31,0.1218545213341713
4,tep,early,32,0.04853625223040581
5,tep,early,0,0.29621338844299316
5,tep,early,1,0.37311556935310364
5,tep,early,2,0.18029946088790894
5,tep,early,3,4.982087921234779e-05
5,tep,early,4,0.04648427665233612
5,tep,early,5,0.02513248473405838
5,tep,early,6,0.10631007701158524
5,tep,early,7,0.04468100145459175
5,tep,early,8,0.02422826737165451
5,tep,early,9,0.09076909720897675
5,tep,early,10,0.06494573503732681
5,tep,early,11,0.02754911035299301
5,tep,early,12,0.005383167881518602
5,tep,early,13,0.026612527668476105
5,tep,early,14,0.01331117283552885
5,tep,early,15,0.037926722317934036
5,tep,early,16,0.005652814172208309
5,tep,early,17,0.04049898684024811
5,tep,early,18,0.11541074514389038
5,tep,early,19,0.33968934416770935
5,tep,early,20,0.05111262947320938
5,tep,early,21,0.05336109548807144
5,tep,early,22,0.436137855052948
5,tep,early,23,0.002269232179969549
5,tep,early,24,0.04601848125457764
5,tep,early,25,0.00018763639673125
5,tep,early,26,0.10796322673559189
5,tep,early,27,2.9239110972412163e-06
5,tep,early,28,0.003528999164700508
5,tep,early,29,0.2182554304599762
5,tep,early,30,0.013574148528277874
5,tep,early,31,0.0011494300561025739
5,tep,early,32,0.00927965808659792
6,tep,early,0,0.6258962154388428
6,tep,early,1,0.5906758904457092
6,tep,early,2,0.6958812475204468
6,tep,early,3,0.7374066710472107
6,tep,early,4,0.6255407929420471
6,tep,early,5,0.687896192073822
6,tep,early,6,0.6135679483413696
6,tep,early,7,0.7007362246513367
6,tep,early,8,0.6164717078208923
6,tep,early,9,0.8014763593673706
6,tep,early,10,0.6409053206443787
6,tep,early,11,0.5688287615776062
6,tep,early,12,0.7720885872840881
6,tep,early,13,0.7973237037658691
6,tep,early,14,0.6463543176651001
6,tep,early,15,0.6254676580429077
6,tep,early,16,0.6551275253295898
6,tep,early,17,0.6777563095092773
6,tep,early,18,0.6887618899345398
6,tep,early,19,0.7725381851196289
6,tep,early,20,0.6223946213722229
6,tep,early,21,0.7235862612724304
6,tep,early,22,0.7548638582229614
6,tep,early,23,0.6441076397895813
6,tep,early,24,0.6284599900245667
6,tep,early,25,0.7551665306091309
6,tep,early,26,0.6424395442008972
6,tep,early,27,0.6694409251213074
6,tep,early,28,0.6355200409889221
6,tep,early,29,0.7858403325080872
6,tep,early,30,0.7055919766426086
6,tep,early,31,0.6930134296417236
6,tep,early,32,0.6878688931465149
7,tep,early,0,0.5995584726333618
7,tep,early,1,0.41469606757164
7,tep,early,2,0.43458518385887146
7,tep,early,3,0.24133048951625824
7,tep,early,4,0.24930891394615173
7,tep,early,5,0.053652673959732056
7,tep,early,6,0.09637448936700821
7,tep,early,7,0.0689154714345932
7,tep,early,8,0.06449495255947113
7,tep,early,9,0.23736949265003204
7,tep,early,10,0.03741602972149849
7,tep,early,11,0.022600846365094185
7,tep,early,12,0.030799997970461845
7,tep,early,13,0.2399284392595291
7,tep,early,14,0.024104394018650055
7,tep,early,15,0.003391910344362259
7,tep,early,16,0.07129139453172684
7,tep,early,17,0.0020274368580430746
7,tep,early,18,0.7327304482460022
7,tep,early,19,0.003627969417721033
7,tep,early,20,0.12306895852088928
7,tep,early,21,0.057470355182886124
7,tep,early,22,0.0001496559998486191
7,tep,early,23,0.001221424899995327
7,tep,early,24,0.00029751681722700596
7,tep,early,25,0.11474882066249847
7,tep,early,26,0.04309065267443657
7,tep,early,27,0.09582945704460144
7,tep,early,28,0.030674945563077927
7,tep,early,29,0.0831703245639801
7,tep,early,30,0.07358584553003311
7,tep,early,31,0.015524131245911121
7,tep,early,32,0.22957457602024078
8,tep,early,0,0.40183916687965393
8,tep,early,1,0.7654092311859131
8,tep,early,2,0.29628702998161316
8,tep,early,3,0.2409200519323349
8,tep,early,4,0.2686712443828583
8,tep,early,5,0.19539904594421387
8,tep,early,6,0.17621564865112305
8,tep,early,7,0.2888794541358948
8,tep,early,8,0.2825796604156494
8,tep,early,9,0.15589600801467896
8,tep,early,10,0.1864047795534134
8,tep,early,11,0.1194305419921875
8,tep,early,12,0.19177140295505524
8,tep,early,13,0.22972069680690765
8,tep,early,14,0.12133082002401352
8,tep,early,15,0.2918357849121094
8,tep,early,16,0.04832339286804199
8,tep,early,17,0.08860678970813751
8,tep,early,18,0.09463527053594589
8,tep,early,19,0.1045815646648407
8,tep,early,20,0.16636605560779572
8,tep,early,21,0.14712212979793549
8,tep,early,22,0.22957846522331238
8,tep,early,23,0.10728701204061508
8,tep,early,24,0.09292890876531601
8,tep,early,25,0.08412788063287735
8,tep,early,26,0.06291428953409195
8,tep,early,27,0.13147757947444916
8,tep,early,28,0.08104753494262695
8,tep,early,29,0.09766940027475357
8,tep,early,30,0.006742934230715036
8,tep,early,31,0.04631495475769043
8,tep,early,32,0.10799749195575714
9,tep,early,0,0.31182581186294556
9,tep,early,1,0.42056676745414734
9,tep,early,2,0.3043663501739502
9,tep,early,3,0.3074072301387787
9,tep,early,4,0.2773369550704956
9,tep,early,5,0.2306426614522934
9,tep,early,6,0.10182200372219086
9,tep,early,7,0.03371168300509453
9,tep,early,8,0.06585308909416199
9,tep,early,9,0.007048431318253279
9,tep,early,10,0.0471445769071579
9,tep,early,11,0.0393255278468132
9,tep,early,12,0.008445646613836288
9,tep,early,13,0.27543577551841736
9,tep,early,14,0.02809019759297371
9,tep,early,15,0.23395967483520508
9,tep,early,16,0.310484379529953
9,tep,early,17,0.347438782453537
9,tep,early,18,0.020236769691109657
9,tep,early,19,0.25275474786758423
9,tep,early,20,0.05935162678360939
9,tep,early,21,0.1475229561328888
9,tep,early,22,0.10088621079921722
9,tep,early,23,0.04849526286125183
9,tep,early,24,0.11937341094017029
9,tep,early,25,0.10874516516923904
9,tep,early,26,0.21879169344902039
9,tep,early,27,0.27500760555267334
9,tep,early,28,0.23931626975536346
9,tep,early,29,0.3090633749961853
9,tep,early,30,0.23895852267742157
9,tep,early,31,0.3008400499820709
9,tep,early,32,0.025009632110595703
10,tep,early,0,0.3945755660533905
10,tep,early,1,0.6282666921615601
10,tep,early,2,0.8699491024017334
10,tep,early,3,0.8560810089111328
10,tep,early,4,0.8336942195892334
10,tep,early,5,0.6005218625068665
10,tep,early,6,0.5694906711578369
10,tep,early,7,0.7695735096931458
10,tep,early,8,0.25725257396698
10,tep,early,9,0.650143027305603
10,tep,early,10,0.211473286151886
10,tep,early,11,0.237559512257576
10,tep,early,12,0.4419180452823639
10,tep,early,13,0.20731815695762634
10,tep,early,14,0.32441577315330505
10,tep,early,15,0.398217111825943
10,tep,early,16,0.3875129818916321
10,tep,early,17,0.46509304642677307
10,tep,early,18,0.5892361402511597
10,tep,early,19,0.5659348368644714
10,tep,early,20,0.4548783302307129
10,tep,early,21,0.5896307826042175
10,tep,early,22,0.7548336386680603
10,tep,early,23,0.6300625205039978
10,tep,early,24,0.49249759316444397
10,tep,early,25,0.5640611052513123
10,tep,early,26,0.42021310329437256
10,tep,early,27,0.6977162957191467
10,tep,early,28,0.6931554675102234
10,tep,early,29,0.4574502408504486
10,tep,early,30,0.6288517117500305
10,tep,early,31,0.6773197650909424
10,tep,early,32,0.5377858281135559
11,tep,early,0,0.03560804948210716
11,tep,early,1,0.11465270817279816
11,tep,early,2,0.024114856496453285
11,tep,early,3,0.05442309007048607
11,tep,early,4,0.02049022726714611
11,tep,early,5,0.1583305448293686
11,tep,early,6,0.000106972292996943
11,tep,early,7,0.003339770482853055
11,tep,early,8,0.10734519362449646
11,tep,early,9,0.08758849650621414
11,tep,early,10,0.042016420513391495
11,tep,early,11,0.009695119224488735
11,tep,early,12,0.2806375324726105
11,tep,early,13,0.0179290771484375
11,tep,early,14,0.006359278690069914
11,tep,early,15,0.21970859169960022
11,tep,early,16,0.001669414690695703
11,tep,early,17,0.023433713242411613
11,tep,early,18,0.0011830648873001337
11,tep,early,19,0.00030997986323200166
11,tep,early,20,0.004545930307358503
11,tep,early,21,0.0656285360455513
11,tep,early,22,0.017675336450338364
11,tep,early,23,0.0008011845638975501
11,tep,early,24,0.007360964082181454
11,tep,early,25,0.0009975825669243932
11,tep,early,26,0.10110712796449661
11,tep,early,27,0.16647009551525116
11,tep,early,28,0.5259757041931152
11,tep,early,29,0.0011503975838422775
11,tep,early,30,0.039425138384103775
11,tep,early,31,0.00803992711007595
11,tep,early,32,0.0006817022804170847
12,tep,early,0,0.7405892610549927
12,tep,early,1,0.6239311099052429
12,tep,early,2,0.783185601234436
12,tep,early,3,0.8220211863517761
12,tep,early,4,0.76992267370224
12,tep,early,5,0.8686414957046509
12,tep,early,6,0.780791163444519
12,tep,early,7,0.8417233228683472
12,tep,early,8,0.6795347332954407
12,tep,early,9,0.8461587429046631
12,tep,early,10,0.6649200320243835
12,tep,early,11,0.5630592703819275
12,tep,early,12,0.8008456230163574
12,tep,early,13,0.8726412653923035
12,tep,early,14,0.6744186282157898
12,tep,early,15,0.7001329660415649
12,tep,early,16,0.7059038281440735
12,tep,early,17,0.7224748134613037
12,tep,early,18,0.7194239497184753
12,tep,early,19,0.7750489115715027
12,tep,early,20,0.6218392848968506
12,tep,early,21,0.7056054472923279
12,tep,early,22,0.8486528992652893
12,tep,early,23,0.7517939209938049
12,tep,early,24,0.680054247379303
12,tep,early,25,0.6913092732429504
12,tep,early,26,0.6598016023635864
12,tep,early,27,0.7206698656082153
12,tep,early,28,0.718842625617981
12,tep,early,29,0.826687216758728
12,tep,early,30,0.7691279053688049
12,tep,early,31,0.742456316947937
12,tep,early,32,0.8056733012199402
13,tep,early,0,0.007829766720533371
13,tep,early,1,0.1833684742450714
13,tep,early,2,0.0005728946416638792
13,tep,early,3,0.020616939291357994
13,tep,early,4,0.0001335008564637974
13,tep,early,5,0.05570842698216438
13,tep,early,6,0.09571119397878647
13,tep,early,7,0.061672382056713104
13,tep,early,8,0.0002867000875994563
13,tep,early,9,0.02589038759469986
13,tep,early,10,0.005325582344084978
13,tep,early,11,0.10581571608781815
13,tep,early,12,0.17824849486351013
13,tep,early,13,0.007854718714952469
13,tep,early,14,0.25275421142578125
13,tep,early,15,0.0960884615778923
13,tep,early,16,0.04404611513018608
13,tep,early,17,0.02301740273833275
13,tep,early,18,0.0012138746678829193
13,tep,early,19,0.21138297021389008
13,tep,early,20,0.0011302231578156352
13,tep,early,21,0.13923919200897217
13,tep,early,22,0.31766965985298157
13,tep,early,23,0.0073863142170012
13,tep,early,24,0.07852265238761902
13,tep,early,25,0.0987226814031601
13,tep,early,26,0.036585111171007156
13,tep,early,27,0.005465047433972359
13,tep,early,28,0.5011835098266602
13,tep,early,29,0.35254552960395813
13,tep,early,30,0.38013148307800293
13,tep,early,31,0.13308241963386536
13,tep,early,32,0.0367431677877903
14,tep,early,0,0.08375728875398636
14,tep,early,1,0.022779319435358047
14,tep,early,2,0.023409167304635048
14,tep,early,3,0.10466905683279037
14,tep,early,4,0.09290958940982819
14,tep,early,5,0.12879465520381927
14,tep,early,6,0.0873805433511734
14,tep,early,7,0.13311448693275452
14,tep,early,8,0.04557621106505394
14,tep,early,9,0.021977484226226807
14,tep,early,10,0.0077060675248503685
14,tep,early,11,0.08560614287853241
14,tep,early,12,0.039995282888412476
14,tep,early,13,0.06158623471856117
14,tep,early,14,0.005488137248903513
14,tep,early,15,0.038314223289489746
14,tep,early,16,0.06877061724662781
14,tep,early,17,0.10604872554540634
14,tep,early,18,0.2474823147058487
14,tep,early,19,0.040442779660224915
14,tep,early,20,0.014330259524285793
14,tep,early,21,0.06036912277340889
14,tep,early,22,0.02917715348303318
14,tep,early,23,0.004080302082002163
14,tep,early,24,0.0032306963112205267
14,tep,early,25,0.0006157634197734296
14,tep,early,26,0.00893412996083498
14,tep,early,27,0.049497053027153015
14,tep,early,28,0.0890917256474495
14,tep,early,29,0.06225195527076721
14,tep,early,30,0.0405016653239727
14,tep,early,31,0.027102205902338028
14,tep,early,32,0.0005669038509950042
15,tep,early,0,0.5255265831947327
15,tep,early,1,0.6008087992668152
15,tep,early,2,0.6737177968025208
15,tep,early,3,0.6711336970329285
15,tep,early,4,0.6489759087562561
15,tep,early,5,0.5902093648910522
15,tep,early,6,0.5687344074249268
15,tep,early,7,0.6698864698410034
15,tep,early,8,0.5437352061271667
15,tep,early,9,0.7157222628593445
15,tep,early,10,0.6086289882659912
15,tep,early,11,0.4803003668785095
15,tep,early,12,0.6696087121963501
15,tep,early,13,0.760429859161377
15,tep,early,14,0.6782708168029785
15,tep,early,15,0.5915902853012085
15,tep,early,16,0.5112192034721375
15,tep,early,17,0.6812938451766968
15,tep,early,18,0.6202715039253235
15,tep,early,19,0.6388932466506958
15,tep,early,20,0.5378408432006836
15,tep,early,21,0.6283035278320312
15,tep,early,22,0.5952853560447693
15,tep,early,23,0.6046133637428284
15,tep,early,24,0.5773681402206421
15,tep,early,25,0.5888550281524658
15,tep,early,26,0.5990159511566162
15,tep,early,27,0.5955291390419006
15,tep,early,28,0.5692288279533386
15,tep,early,29,0.6390429735183716
15,tep,early,30,0.6118279099464417
15,tep,early,31,0.5999764204025269
15,tep,early,32,0.5728030800819397
16,tep,early,0,0.1366558074951172
16,tep,early,1,0.140142560005188
16,tep,early,2,0.06100517883896828
16,tep,early,3,0.048144273459911346
16,tep,early,4,0.02058950439095497
16,tep,early,5,0.004258375149220228
16,tep,early,6,0.008052768185734749
16,tep,early,7,0.10591084510087967
16,tep,early,8,0.01346614584326744
16,tep,early,9,0.13755090534687042
16,tep,early,10,0.068790003657341
16,tep,early,11,0.0005859166267327964
16,tep,early,12,0.003038677852600813
16,tep,early,13,0.09017378836870193
16,tep,early,14,0.016172945499420166
16,tep,early,15,0.10148989409208298
16,tep,early,16,0.06241539120674133
16,tep,early,17,0.015983566641807556
16,tep,early,18,0.154737651348114
16,tep,early,19,0.045358579605817795
16,tep,early,20,0.001442587934434414
16,tep,early,21,0.16290591657161713
16,tep,early,22,0.04269435256719589
16,tep,early,23,0.09803768992424011
16,tep,early,24,1.0471163705005893e-06
16,tep,early,25,0.2392939180135727
16,tep,early,26,0.018060460686683655
16,tep,early,27,0.02956107072532177
16,tep,early,28,0.00994953978806734
16,tep,early,29,0.21063750982284546
16,tep,early,30,0.0016965215327218175
16,tep,early,31,0.013786550611257553
16,tep,early,32,0.002590412739664316
17,tep,early,0,0.32704031467437744
17,tep,early,1,0.3094581961631775
17,tep,early,2,0.5894346833229065
17,tep,early,3,0.6871989965438843
17,tep,early,4,0.6429101228713989
17,tep,early,5,0.7053878903388977
17,tep,early,6,0.7470440864562988
17,tep,early,7,0.9689134359359741
17,tep,early,8,0.5691442489624023
17,tep,early,9,0.6610577702522278
17,tep,early,10,0.5446810722351074
17,tep,early,11,0.4663374125957489
17,tep,early,12,0.5823951959609985
17,tep,early,13,0.4684278666973114
17,tep,early,14,0.46293574571609497
17,tep,early,15,0.5093886256217957
17,tep,early,16,0.5329458713531494
17,tep,early,17,0.531425416469574
17,tep,early,18,0.48658064007759094
17,tep,early,19,0.5084695219993591
17,tep,early,20,0.49789702892303467
17,tep,early,21,0.475350558757782
17,tep,early,22,0.47802451252937317
17,tep,early,23,0.48123398423194885
17,tep,early,24,0.48865801095962524
17,tep,early,25,0.481369286775589
17,tep,early,26,0.46495622396469116
17,tep,early,27,0.4816628098487854
17,tep,early,28,0.5005667209625244
17,tep,early,29,0.4894143044948578
17,tep,early,30,0.4876227080821991
17,tep,early,31,0.4675571620464325
17,tep,early,32,0.4833890199661255
18,tep,early,0,0.1812337189912796
18,tep,early,1,0.2338525652885437
18,tep,early,2,0.3692520260810852
18,tep,early,3,0.474751740694046
18,tep,early,4,0.36407554149627686
18,tep,early,5,0.47358497977256775
18,tep,early,6,0.4275030791759491
18,tep,early,7,0.4876762926578522
18,tep,early,8,0.4191632568836212
18,tep,early,9,0.42582616209983826
18,tep,early,10,0.40785154700279236
18,tep,early,11,0.4722498953342438
18,tep,early,12,0.3685970604419708
18,tep,early,13,0.3682200312614441
18,tep,early,14,0.3664175570011139
18,tep,early,15,0.3989028036594391
18,tep,early,16,0.35106131434440613
18,tep,early,17,0.32805269956588745
18,tep,early,18,0.3263413906097412
18,tep,early,19,0.29695743322372437
18,tep,early,20,0.38797226548194885
18,tep,early,21,0.3721195161342621
18,tep,early,22,0.40017297863960266
18,tep,early,23,0.3322570025920868
18,tep,early,24,0.3214573562145233
18,tep,early,25,0.3735305070877075
18,tep,early,26,0.3621003031730652
18,tep,early,27,0.41281476616859436
18,tep,early,28,0.3992140591144562
18,tep,early,29,0.32267916202545166
18,tep,early,30,0.32533973455429077
18,tep,early,31,0.33283907175064087
18,tep,early,32,0.38208648562431335
19,tep,early,0,0.4282941222190857
19,tep,early,1,0.4087596833705902
19,tep,early,2,0.5687836408615112
19,tep,early,3,0.6838653087615967
19,tep,early,4,0.6633314490318298
19,tep,early,5,0.6649640798568726
19,tep,early,6,0.5996077060699463
19,tep,early,7,0.6527888178825378
19,tep,early,8,0.6132435202598572
19,tep,early,9,0.6206837296485901
19,tep,early,10,0.6631430983543396
19,tep,early,11,0.5667946934700012
19,tep,early,12,0.5932246446609497
19,tep,early,13,0.5713315606117249
19,tep,early,14,0.5542358160018921
19,tep,early,15,0.5507457852363586
19,tep,early,16,0.6545026898384094
19,tep,early,17,0.6712422370910645
19,tep,early,18,0.5956573486328125
19,tep,early,19,0.5930874347686768
19,tep,early,20,0.6333267092704773
19,tep,early,21,0.5930233001708984
19,tep,early,22,0.6264938712120056
19,tep,early,23,0.5443346500396729
19,tep,early,24,0.6080373525619507
19,tep,early,25,0.580259382724762
19,tep,early,26,0.4895649552345276
19,tep,early,27,0.5289003849029541
19,tep,early,28,0.5892881155014038
19,tep,early,29,0.5886499881744385
19,tep,early,30,0.5487985610961914
19,tep,early,31,0.681030809879303
19,tep,early,32,0.5554431080818176
20,tep,early,0,0.29955896735191345
20,tep,early,1,0.783665120601654
20,tep,early,2,0.5257336497306824
20,tep,early,3,0.23058079183101654
20,tep,early,4,0.20499327778816223
20,tep,early,5,0.31110879778862
20,tep,early,6,0.1951006054878235
20,tep,early,7,0.35549792647361755
20,tep,early,8,0.2962023913860321
20,tep,early,9,0.1979905515909195
20,tep,early,10,0.18915551900863647
20,tep,early,11,0.1645115315914154
20,tep,early,12,0.23056241869926453
20,tep,early,13,0.25903257727622986
20,tep,early,14,0.16834929585456848
20,tep,early,15,0.14660155773162842
20,tep,early,16,0.12572544813156128
20,tep,early,17,0.12561477720737457
20,tep,early,18,0.14291539788246155
20,tep,early,19,0.2084672600030899
20,tep,early,20,0.2326134294271469
20,tep,early,21,0.1425042748451233
20,tep,early,22,0.1252763867378235
20,tep,early,23,0.20956498384475708
20,tep,early,24,0.17999543249607086
20,tep,early,25,0.1445981115102768
20,tep,early,26,0.20071348547935486
20,tep,early,27,0.1890445351600647
20,tep,early,28,0.12253798544406891
20,tep,early,29,0.11952657252550125
20,tep,early,30,0.08312884718179703
20,tep,early,31,0.13090422749519348
20,tep,early,32,0.051982179284095764
21,tep,early,0,0.38487139344215393
21,tep,early,1,0.8603338003158569
21,tep,early,2,0.7034584879875183
21,tep,early,3,0.5414496064186096
21,tep,early,4,0.5663836598396301
21,tep,early,5,0.3777349591255188
21,tep,early,6,0.3399476706981659
21,tep,early,7,0.5874775648117065
21,tep,early,8,0.1199563667178154
21,tep,early,9,0.4365665316581726
21,tep,early,10,0.0322701521217823
21,tep,early,11,0.03526309132575989
21,tep,early,12,0.42084282636642456
21,tep,early,13,0.055541619658470154
21,tep,early,14,0.1250964105129242
21,tep,early,15,0.1263948380947113
21,tep,early,16,0.20659233629703522
21,tep,early,17,0.11750559508800507
21,tep,early,18,0.211114764213562
21,tep,early,19,0.32102158665657043
21,tep,early,20,0.19948160648345947
21,tep,early,21,0.076904296875
21,tep,early,22,0.894191324710846
21,tep,early,23,0.09647366404533386
21,tep,early,24,0.09485087543725967
21,tep,early,25,0.05695930868387222
21,tep,early,26,0.22863472998142242
21,tep,early,27,0.15278418362140656
21,tep,early,28,0.11984824389219284
21,tep,early,29,0.12289013713598251
21,tep,early,30,0.2185669094324112
21,tep,early,31,0.11795616894960403
21,tep,early,32,0.22243782877922058
22,tep,early,0,0.17747488617897034
22,tep,early,1,0.29510506987571716
22,tep,early,2,0.19697968661785126
22,tep,early,3,0.24728786945343018
22,tep,early,4,0.3147728443145752
22,tep,early,5,0.18789920210838318
22,tep,early,6,0.12520937621593475
22,tep,early,7,0.5290388464927673
22,tep,early,8,0.4024229645729065
22,tep,early,9,0.12036915123462677
22,tep,early,10,0.08774807304143906
22,tep,early,11,0.31864598393440247
22,tep,early,12,0.1689681112766266
22,tep,early,13,0.6597819924354553
22,tep,early,14,0.059238169342279434
22,tep,early,15,0.33843794465065
22,tep,early,16,0.06753747910261154
22,tep,early,17,0.32861632108688354
22,tep,early,18,0.09612014144659042
22,tep,early,19,0.6404831409454346
22,tep,early,20,0.22686462104320526
22,tep,early,21,0.31225523352622986
22,tep,early,22,0.2750362753868103
22,tep,early,23,0.18024705350399017
22,tep,early,24,0.3828530013561249
22,tep,early,25,0.5291018486022949
22,tep,early,26,0.26723968982696533
22,tep,early,27,0.23871248960494995
22,tep,early,28,0.3176887333393097
22,tep,early,29,0.37310540676116943
22,tep,early,30,0.438306987285614
22,tep,early,31,0.48084330558776855
22,tep,early,32,0.1984824687242508
23,tep,early,0,0.31921711564064026
23,tep,early,1,0.4742506146430969
23,tep,early,2,0.29259005188941956
23,tep,early,3,0.08442728221416473
23,tep,early,4,0.030931472778320312
23,tep,early,5,0.11087457090616226
23,tep,early,6,0.004152599722146988
23,tep,early,7,0.07877080887556076
23,tep,early,8,0.030694108456373215
23,tep,early,9,0.006034417077898979
23,tep,early,10,0.007638874929398298
23,tep,early,11,0.03350305184721947
23,tep,early,12,0.015064300037920475
23,tep,early,13,0.13235922157764435
23,tep,early,14,0.3227527439594269
23,tep,early,15,0.11439862847328186
23,tep,early,16,0.029473261907696724
23,tep,early,17,0.08094839751720428
23,tep,early,18,0.2986185550689697
23,tep,early,19,0.11164867132902145
23,tep,early,20,0.008368768729269505
23,tep,early,21,0.08631392568349838
23,tep,early,22,0.01871725358068943
23,tep,early,23,2.051989213214256e-05
23,tep,early,24,3.934573760489002e-05
23,tep,early,25,0.0041235280223190784
23,tep,early,26,0.0025684270076453686
23,tep,early,27,0.03740750625729561
23,tep,early,28,0.03139691427350044
23,tep,early,29,0.066382497549057
23,tep,early,30,0.051784735172986984
23,tep,early,31,0.12597957253456116
23,tep,early,32,0.02114245481789112
24,tep,early,0,0.3694080710411072
24,tep,early,1,0.3981797397136688
24,tep,early,2,0.4410098195075989
24,tep,early,3,0.5061977505683899
24,tep,early,4,0.4026445746421814
24,tep,early,5,0.5722430348396301
24,tep,early,6,0.6412727236747742
24,tep,early,7,0.27036532759666443
24,tep,early,8,0.385292112827301
24,tep,early,9,0.049513980746269226
24,tep,early,10,0.02602771855890751
24,tep,early,11,0.04369942098855972
24,tep,early,12,0.18164114654064178
24,tep,early,13,0.23230817914009094
24,tep,early,14,0.09522316604852676
24,tep,early,15,0.23982535302639008
24,tep,early,16,0.050372254103422165
24,tep,early,17,0.24503105878829956
24,tep,early,18,0.15187771618366241
24,tep,early,19,0.2928444743156433
24,tep,early,20,0.2656378448009491
24,tep,early,21,0.14482459425926208
24,tep,early,22,0.09406686574220657
24,tep,early,23,0.18256336450576782
24,tep,early,24,0.35261112451553345
24,tep,early,25,0.280592679977417
24,tep,early,26,0.47197067737579346
24,tep,early,27,0.5969630479812622
24,tep,early,28,0.3395508825778961
24,tep,early,29,0.3531380593776703
24,tep,early,30,0.326503723859787
24,tep,early,31,0.3713332712650299
24,tep,early,32,0.2242174595594406
25,tep,early,0,0.4234412908554077
25,tep,early,1,0.4063373804092407
25,tep,early,2,0.48696014285087585
25,tep,early,3,0.00015299610095098615
25,tep,early,4,0.09089261293411255
25,tep,early,5,0.04338616505265236
25,tep,early,6,0.06761666387319565
25,tep,early,7,0.04124186933040619
25,tep,early,8,0.012527255341410637
25,tep,early,9,0.040417879819869995
25,tep,early,10,0.0007617824012413621
25,tep,early,11,0.019004225730895996
25,tep,early,12,0.011398063972592354
25,tep,early,13,0.10602431744337082
25,tep,early,14,0.05805172398686409
25,tep,early,15,0.17673884332180023
25,tep,early,16,0.5531942248344421
25,tep,early,17,0.2412354052066803
25,tep,early,18,0.1212819293141365
25,tep,early,19,0.030878625810146332
25,tep,early,20,0.00022545394313056022
25,tep,early,21,0.03436816483736038
25,tep,early,22,0.000415719929151237
25,tep,early,23,0.035429634153842926
25,tep,early,24,0.012658138759434223
25,tep,early,25,0.011835481971502304
25,tep,early,26,0.05777436122298241
25,tep,early,27,0.000995344016700983
25,tep,early,28,0.07410305738449097
25,tep,early,29,0.009700470604002476
25,tep,early,30,0.04632120952010155
25,tep,early,31,0.01685963198542595
25,tep,early,32,0.03521430864930153
26,tep,early,0,0.49591541290283203
26,tep,early,1,0.3848651647567749
26,tep,early,2,0.6185817718505859
26,tep,early,3,0.4715106785297394
26,tep,early,4,1.028531789779663
26,tep,early,5,0.056063517928123474
26,tep,early,6,0.06966027617454529
26,tep,early,7,0.39034226536750793
26,tep,early,8,0.02368030697107315
26,tep,early,9,0.1971939206123352
26,tep,early,10,0.15723033249378204
26,tep,early,11,0.136531800031662
26,tep,early,12,0.24665245413780212
26,tep,early,13,0.03823811560869217
26,tep,early,14,0.4906228184700012
26,tep,early,15,0.19630348682403564
26,tep,early,16,1.8593633285490796e-05
26,tep,early,17,0.17492146790027618
26,tep,early,18,0.3516291379928589
26,tep,early,19,0.006893769837915897
26,tep,early,20,0.17263226211071014
26,tep,early,21,0.13948851823806763
26,tep,early,22,0.1039428636431694
26,tep,early,23,0.406917542219162
26,tep,early,24,0.15999093651771545
26,tep,early,25,0.4176720082759857
26,tep,early,26,0.11762009561061859
26,tep,early,27,0.19595859944820404
26,tep,early,28,0.35054734349250793
26,tep,early,29,0.3106086254119873
26,tep,early,30,0.30004239082336426
26,tep,early,31,0.2785627841949463
26,tep,early,32,0.08591405302286148
27,tep,early,0,0.059183210134506226
27,tep,early,1,0.7073653936386108
27,tep,early,2,0.37464144825935364
27,tep,early,3,0.20879298448562622
27,tep,early,4,0.06265559792518616
27,tep,early,5,0.002263604197651148
27,tep,early,6,0.10553482174873352
27,tep,early,7,0.034566301852464676
27,tep,early,8,0.008604088798165321
27,tep,early,9,0.04644673690199852
27,tep,early,10,0.0266798697412014
27,tep,early,11,0.005572803784161806
27,tep,early,12,0.07788809388875961
27,tep,early,13,0.00916376430541277
27,tep,early,14,0.01446087658405304
27,tep,early,15,0.00047758989967405796
27,tep,early,16,0.0359962061047554
27,tep,early,17,0.008508088067173958
27,tep,early,18,0.002886098111048341
27,tep,early,19,0.04552428796887398
27,tep,early,20,0.11371356248855591
27,tep,early,21,0.0024136274587363005
27,tep,early,22,9.922118624672294e-05
27,tep,early,23,0.15578529238700867
27,tep,early,24,0.03899768367409706
27,tep,early,25,0.028753941878676414
27,tep,early,26,0.06047051399946213
27,tep,early,27,0.021823491901159286
27,tep,early,28,0.10483260452747345
27,tep,early,29,0.07341496646404266
27,tep,early,30,0.17648085951805115
27,tep,early,31,0.19015130400657654
27,tep,early,32,0.017469195649027824
28,tep,early,0,0.12701204419136047
28,tep,early,1,0.41114163398742676
28,tep,early,2,0.34716975688934326
28,tep,early,3,0.4064607322216034
28,tep,early,4,0.6324023008346558
28,tep,early,5,0.3134858310222626
28,tep,early,6,0.19291377067565918
28,tep,early,7,0.14353691041469574
28,tep,early,8,0.649126410484314
28,tep,early,9,0.26622840762138367
28,tep,early,10,0.14677338302135468
28,tep,early,11,0.09504853934049606
28,tep,early,12,0.10993706434965134
28,tep,early,13,0.02405974641442299
28,tep,early,14,0.03944963961839676
28,tep,early,15,0.0626697838306427
28,tep,early,16,0.14520478248596191
28,tep,early,17,0.0846007764339447
28,tep,early,18,0.07609111070632935
28,tep,early,19,0.06800813972949982
28,tep,early,20,0.12604910135269165
28,tep,early,21,0.14039850234985352
28,tep,early,22,0.23910462856292725
28,tep,early,23,0.24469265341758728
28,tep,early,24,0.3835992217063904
28,tep,early,25,0.22555094957351685
28,tep,early,26,0.23015372455120087
28,tep,early,27,0.24320770800113678
28,tep,early,28,0.41670700907707214
28,tep,early,29,0.3357376754283905
28,tep,early,30,0.3071309030056
28,tep,early,31,0.38938671350479126
28,tep,early,32,0.12477719783782959
29,tep,early,0,0.24723979830741882
29,tep,early,1,0.448036253452301
29,tep,early,2,0.16961665451526642
29,tep,early,3,0.2317093312740326
29,tep,early,4,0.23178896307945251
29,tep,early,5,0.03565237671136856
29,tep,early,6,0.12216875702142715
29,tep,early,7,4.117417483939789e-05
29,tep,early,8,0.0013867925154045224
29,tep,early,9,0.0006442007725127041
29,tep,early,10,0.0624297596514225
29,tep,early,11,0.008506545796990395
29,tep,early,12,0.03578004986047745
29,tep,early,13,0.14950814843177795
29,tep,early,14,0.022209439426660538
29,tep,early,15,0.1089768037199974
29,tep,early,16,0.2721666693687439
29,tep,early,17,0.09479594975709915
29,tep,early,18,0.0469890795648098
29,tep,early,19,0.1507014036178589
29,tep,early,20,0.013355630449950695
29,tep,early,21,0.026241086423397064
29,tep,early,22,0.10211770981550217
29,tep,early,23,0.0013501358916983008
29,tep,early,24,0.04106977581977844
29,tep,early,25,0.08889193087816238
29,tep,early,26,0.14507383108139038
29,tep,early,27,0.1535337120294571
29,tep,early,28,0.1566108763217926
29,tep,early,29,0.23412363231182098
29,tep,early,30,0.18933060765266418
29,tep,early,31,0.23444212973117828
29,tep,early,32,0.014658593572676182
30,tep,early,0,0.3165201246738434
30,tep,early,1,0.5213301181793213
30,tep,early,2,0.46997174620628357
30,tep,early,3,0.5943974852561951
30,tep,early,4,0.419072687625885
30,tep,early,5,0.30001282691955566
30,tep,early,6,0.427341490983963
30,tep,early,7,0.4993836283683777
30,tep,early,8,0.10784240812063217
30,tep,early,9,0.44162681698799133
30,tep,early,10,0.3118164837360382
30,tep,early,11,0.20346787571907043
30,tep,early,12,0.23584792017936707
30,tep,early,13,0.17876645922660828
30,tep,early,14,0.4217546582221985
30,tep,early,15,0.25521600246429443
30,tep,early,16,0.12316140532493591
30,tep,early,17,0.3251829743385315
30,tep,early,18,0.4189980626106262
30,tep,early,19,0.19190792739391327
30,tep,early,20,0.21438492834568024
30,tep,early,21,0.3042958080768585
30,tep,early,22,0.39707693457603455
30,tep,early,23,0.3752136826515198
30,tep,early,24,0.2647209167480469
30,tep,early,25,0.5349951386451721
30,tep,early,26,0.3979571759700775
30,tep,early,27,0.36354827880859375
30,tep,early,28,0.40662097930908203
30,tep,early,29,0.33841633796691895
30,tep,early,30,0.40211668610572815
30,tep,early,31,0.43513479828834534
30,tep,early,32,0.2987881302833557
31,tep,early,0,0.4999401569366455
31,tep,early,1,0.40516313910484314
31,tep,early,2,0.006398571655154228
31,tep,early,3,0.0004721299628727138
31,tep,early,4,0.00014842157543171197
31,tep,early,5,3.6249311961000785e-05
31,tep,early,6,0.07557856291532516
31,tep,early,7,0.00023393510491587222
31,tep,early,8,0.04102484881877899
31,tep,early,9,0.04951925948262215
31,tep,early,10,0.022311100736260414
31,tep,early,11,0.11428013443946838
31,tep,early,12,0.019008619710803032
31,tep,early,13,0.024037174880504608
31,tep,early,14,0.025961192324757576
31,tep,early,15,0.005021770019084215
31,tep,early,16,0.028508588671684265
31,tep,early,17,0.006558375433087349
31,tep,early,18,0.03236585482954979
31,tep,early,19,0.01565023511648178
31,tep,early,20,0.000948027940467
31,tep,early,21,0.08862040191888809
31,tep,early,22,0.008164728991687298
31,tep,early,23,0.00263971253298223
31,tep,early,24,0.006296947598457336
31,tep,early,25,0.0006713524926453829
31,tep,early,26,0.0012114685960114002
31,tep,early,27,0.003707250813022256
31,tep,early,28,0.011270607821643353
31,tep,early,29,0.030658651143312454
31,tep,early,30,0.006327580660581589
31,tep,early,31,0.014219789765775204
31,tep,early,32,0.0005139813292771578
32,tep,early,0,0.5936270952224731
32,tep,early,1,0.3873732388019562
32,tep,early,2,0.5155717730522156
32,tep,early,3,0.24976152181625366
32,tep,early,4,0.20155103504657745
32,tep,early,5,0.13251647353172302
32,tep,early,6,0.3533669710159302
32,tep,early,7,0.0066223288886249065
32,tep,early,8,0.47825369238853455
32,tep,early,9,0.04223925247788429
32,tep,early,10,0.021094273775815964
32,tep,early,11,0.3591881990432739
32,tep,early,12,0.15631793439388275
32,tep,early,13,0.004523080307990313
32,tep,early,14,4.964954132447019e-05
32,tep,early,15,0.08361482620239258
32,tep,early,16,0.06295407563447952
32,tep,early,17,0.09103493392467499
32,tep,early,18,0.011632416397333145
32,tep,early,19,4.595757127390243e-05
32,tep,early,20,0.20019493997097015
32,tep,early,21,0.536994457244873
32,tep,early,22,0.0226617231965065
32,tep,early,23,0.08644352853298187
32,tep,early,24,0.387223482131958
32,tep,early,25,0.10393054038286209
32,tep,early,26,0.2389717698097229
32,tep,early,27,0.1637079268693924
32,tep,early,28,0.26968780159950256
32,tep,early,29,0.3629724979400635
32,tep,early,30,0.2835845351219177
32,tep,early,31,0.3565387725830078
32,tep,early,32,0.17826546728610992
33,tep,early,0,0.1374550610780716
33,tep,early,1,0.6950278282165527
33,tep,early,2,0.31631818413734436
33,tep,early,3,0.32180050015449524
33,tep,early,4,0.38700902462005615
33,tep,early,5,0.22324280440807343
33,tep,early,6,0.26307520270347595
33,tep,early,7,0.16821783781051636
33,tep,early,8,0.17623645067214966
33,tep,early,9,0.04093479737639427
33,tep,early,10,0.13140302896499634
33,tep,early,11,0.17028893530368805
33,tep,early,12,0.0012093449477106333
33,tep,early,13,0.03690352663397789
33,tep,early,14,0.5102867484092712
33,tep,early,15,0.7139701843261719
33,tep,early,16,0.06004447489976883
33,tep,early,17,0.5676538944244385
33,tep,early,18,0.5132440328598022
33,tep,early,19,0.07157634943723679
33,tep,early,20,0.019389810040593147
33,tep,early,21,0.1860460489988327
33,tep,early,22,0.1760818064212799
33,tep,early,23,0.15993784368038177
33,tep,early,24,0.19652488827705383
33,tep,early,25,0.31923407316207886
33,tep,early,26,0.5495319366455078
33,tep,early,27,0.4760867655277252
33,tep,early,28,0.477009654045105
33,tep,early,29,0.38403263688087463
33,tep,early,30,0.4313434064388275
33,tep,early,31,0.5467972159385681
33,tep,early,32,0.17383606731891632
34,tep,early,0,0.35410791635513306
34,tep,early,1,0.6470657587051392
34,tep,early,2,0.5905359387397766
34,tep,early,3,0.570239782333374
34,tep,early,4,0.2716369926929474
34,tep,early,5,0.5880156755447388
34,tep,early,6,0.47067779302597046
34,tep,early,7,0.5947716236114502
34,tep,early,8,0.5820827484130859
34,tep,early,9,0.4804260730743408
34,tep,early,10,0.2258807122707367
34,tep,early,11,0.2020656168460846
34,tep,early,12,0.04388870671391487
34,tep,early,13,0.3385011851787567
34,tep,early,14,0.001543807564303279
34,tep,early,15,0.10263942182064056
34,tep,early,16,0.10483300685882568
34,tep,early,17,0.15513071417808533
34,tep,early,18,0.007036292925477028
34,tep,early,19,0.35933950543403625
34,tep,early,20,0.12743914127349854
34,tep,early,21,0.3837572932243347
34,tep,early,22,0.2945883870124817
34,tep,early,23,0.3693905770778656
34,tep,early,24,0.4947035014629364
34,tep,early,25,0.47893089056015015
34,tep,early,26,0.5036550164222717
34,tep,early,27,0.40484681725502014
34,tep,early,28,0.3372035324573517
34,tep,early,29,0.3950516879558563
34,tep,early,30,0.4265165627002716
34,tep,early,31,0.4043002128601074
34,tep,early,32,0.21034550666809082
35,tep,early,0,0.33444422483444214
35,tep,early,1,0.5411998629570007
35,tep,early,2,0.2907896339893341
35,tep,early,3,0.377662718296051
35,tep,early,4,0.30034109950065613
35,tep,early,5,0.2796882688999176
35,tep,early,6,0.1450880914926529
35,tep,early,7,0.173630028963089
35,tep,early,8,0.014940126799046993
35,tep,early,9,0.035369932651519775
35,tep,early,10,0.0029605915769934654
35,tep,early,11,0.3375834822654724
35,tep,early,12,0.06385340541601181
35,tep,early,13,0.04197351261973381
35,tep,early,14,0.16120097041130066
35,tep,early,15,0.05092325061559677
35,tep,early,16,0.01830095425248146
35,tep,early,17,0.05128798261284828
35,tep,early,18,0.13603249192237854
35,tep,early,19,0.0925166979432106
35,tep,early,20,0.027771873399615288
35,tep,early,21,0.3508818745613098
35,tep,early,22,0.02541183866560459
35,tep,early,23,0.0012605045922100544
35,tep,early,24,0.097017303109169
35,tep,early,25,0.13540026545524597
35,tep,early,26,0.18401667475700378
35,tep,early,27,0.18542250990867615
35,tep,early,28,0.2542083263397217
35,tep,early,29,0.2361600548028946
35,tep,early,30,0.15712572634220123
35,tep,early,31,0.31285378336906433
35,tep,early,32,0.014605946838855743
36,tep,early,0,0.0899115726351738
36,tep,early,1,0.35098686814308167
36,tep,early,2,0.06035500019788742
36,tep,early,3,0.11615057289600372
36,tep,early,4,0.20843319594860077
36,tep,early,5,0.03840121999382973
36,tep,early,6,0.05209219455718994
36,tep,early,7,0.007962043397128582
36,tep,early,8,0.007521413266658783
36,tep,early,9,0.10305222868919373
36,tep,early,10,0.10020908713340759
36,tep,early,11,0.03076106682419777
36,tep,early,12,0.019203249365091324
36,tep,early,13,0.0033271638676524162
36,tep,early,14,0.11667139083147049
36,tep,early,15,0.0029586979653686285
36,tep,early,16,0.03823394328355789
36,tep,early,17,0.05219078063964844
36,tep,early,18,0.00013553119788412005
36,tep,early,19,1.6910626072785817e-06
36,tep,early,20,0.007969013415277004
36,tep,early,21,0.004249153658747673
36,tep,early,22,0.007038528565317392
36,tep,early,23,0.009435194544494152
36,tep,early,24,0.0014802726218476892
36,tep,early,25,0.00019392621470615268
36,tep,early,26,0.001431863522157073
36,tep,early,27,0.006735871080309153
36,tep,early,28,0.015368885360658169
36,tep,early,29,0.0068212770856916904
36,tep,early,30,0.008882395923137665
36,tep,early,31,0.011647532694041729
36,tep,early,32,0.0015115479473024607
37,tep,early,0,0.3206269145011902
37,tep,early,1,0.27368107438087463
37,tep,early,2,0.4385516345500946
37,tep,early,3,0.41696879267692566
37,tep,early,4,0.2808356285095215
37,tep,early,5,0.1829454004764557
37,tep,early,6,0.6011038422584534
37,tep,early,7,0.5800316333770752
37,tep,early,8,0.31464505195617676
37,tep,early,9,0.39283570647239685
37,tep,early,10,0.3913359045982361
37,tep,early,11,0.4109673500061035
37,tep,early,12,0.4344584345817566
37,tep,early,13,0.406506210565567
37,tep,early,14,0.44601133465766907
37,tep,early,15,0.4503214657306671
37,tep,early,16,0.3009118139743805
37,tep,early,17,0.346034437417984
37,tep,early,18,0.33591654896736145
37,tep,early,19,0.6337882876396179
37,tep,early,20,0.28152716159820557
37,tep,early,21,0.33239680528640747
37,tep,early,22,0.30939725041389465
37,tep,early,23,0.32515183091163635
37,tep,early,24,0.36503851413726807
37,tep,early,25,0.3108941912651062
37,tep,early,26,0.3523126542568207
37,tep,early,27,0.43805384635925293
37,tep,early,28,0.34797966480255127
37,tep,early,29,0.33967870473861694
37,tep,early,30,0.33723214268684387
37,tep,early,31,0.3154229521751404
37,tep,early,32,0.5148404240608215
38,tep,early,0,0.06561122089624405
38,tep,early,1,0.07965611666440964
38,tep,early,2,0.04533696547150612
38,tep,early,3,0.008851914666593075
38,tep,early,4,0.0027992173563688993
38,tep,early,5,0.1803736537694931
38,tep,early,6,0.058011386543512344
38,tep,early,7,0.05979277193546295
38,tep,early,8,0.07795902341604233
38,tep,early,9,0.02087557315826416
38,tep,early,10,0.009376832284033298
38,tep,early,11,0.01634014956653118
38,tep,early,12,0.14765538275241852
38,tep,early,13,0.08733616769313812
38,tep,early,14,0.09540685266256332
38,tep,early,15,0.04785522446036339
38,tep,early,16,0.0018272030865773559
38,tep,early,17,0.042004767805337906
38,tep,early,18,0.21699991822242737
38,tep,early,19,0.023786624893546104
38,tep,early,20,0.00320887821726501
38,tep,early,21,0.0001528664433863014
38,tep,early,22,0.09297016263008118
38,tep,early,23,0.021323231980204582
38,tep,early,24,0.013947069644927979
38,tep,early,25,0.05591367930173874
38,tep,early,26,0.05806387588381767
38,tep,early,27,0.01724996417760849
38,tep,early,28,0.0011573431547731161
38,tep,early,29,0.03897789120674133
38,tep,early,30,0.0011578171979635954
38,tep,early,31,0.04728452116250992
38,tep,early,32,3.050789985081792e-07
39,tep,early,0,0.06462278962135315
39,tep,early,1,0.043106988072395325
39,tep,early,2,0.001081802067346871
39,tep,early,3,0.011027872562408447
39,tep,early,4,0.029899924993515015
39,tep,early,5,0.054098211228847504
39,tep,early,6,0.00034347610198892653
39,tep,early,7,0.02611970156431198
39,tep,early,8,0.04554581269621849
39,tep,early,9,0.0005741984350606799
39,tep,early,10,0.0016700095729902387
39,tep,early,11,0.0280400849878788
39,tep,early,12,0.0988156720995903
39,tep,early,13,0.021863996982574463
39,tep,early,14,0.006541970185935497
39,tep,early,15,0.06015031412243843
39,tep,early,16,0.11580827087163925
39,tep,early,17,0.0474589467048645
39,tep,early,18,0.03905048593878746
39,tep,early,19,0.10149196535348892
39,tep,early,20,0.0024654101580381393
39,tep,early,21,0.07763049751520157
39,tep,early,22,0.10054261237382889
39,tep,early,23,0.0006948766531422734
39,tep,early,24,0.01289407443255186
39,tep,early,25,0.06938377022743225
39,tep,early,26,0.05486566945910454
39,tep,early,27,0.0003804167208727449
39,tep,early,28,0.0022074980661273003
39,tep,early,29,0.14260266721248627
39,tep,early,30,0.08036094903945923
39,tep,early,31,0.0029442738741636276
39,tep,early,32,0.10440846532583237
40,tep,early,0,0.012473052367568016
40,tep,early,1,0.03322209045290947
40,tep,early,2,0.7707409858703613
40,tep,early,3,0.3765477240085602
40,tep,early,4,0.22062760591506958
40,tep,early,5,0.057955551892519
40,tep,early,6,0.05387101322412491
40,tep,early,7,0.13347584009170532
40,tep,early,8,0.03692356124520302
40,tep,early,9,0.17029932141304016
40,tep,early,10,0.5028041005134583
40,tep,early,11,0.19493652880191803
40,tep,early,12,0.14514461159706116
40,tep,early,13,0.08564507216215134
40,tep,early,14,0.013199917040765285
40,tep,early,15,0.22006569802761078
40,tep,early,16,0.17288386821746826
40,tep,early,17,0.184636652469635
40,tep,early,18,0.011136322282254696
40,tep,early,19,0.007294849958270788
40,tep,early,20,0.004366323817521334
40,tep,early,21,0.08593164384365082
40,tep,early,22,0.09443774819374084
40,tep,early,23,0.16517961025238037
40,tep,early,24,0.10667340457439423
40,tep,early,25,0.0635773092508316
40,tep,early,26,0.12284065037965775
40,tep,early,27,0.06456036120653152
40,tep,early,28,0.1682136505842209
40,tep,early,29,0.010602694004774094
40,tep,early,30,0.1024489551782608
40,tep,early,31,0.00023021914239507169
40,tep,early,32,0.01518223900347948
41,tep,early,0,0.21589496731758118
41,tep,early,1,0.3814389109611511
41,tep,early,2,0.37478703260421753
41,tep,early,3,0.022685514762997627
41,tep,early,4,0.032415300607681274
41,tep,early,5,0.13915970921516418
41,tep,early,6,0.06432867795228958
41,tep,early,7,0.007895438000559807
41,tep,early,8,0.001017979928292334
41,tep,early,9,0.0028234354685992002
41,tep,early,10,0.09377438575029373
41,tep,early,11,0.00886685773730278
41,tep,early,12,0.018138248473405838
41,tep,early,13,0.06777986884117126
41,tep,early,14,0.011820528656244278
41,tep,early,15,0.09958812594413757
41,tep,early,16,0.18483316898345947
41,tep,early,17,0.1856173425912857
41,tep,early,18,0.04094405472278595
41,tep,early,19,0.42534729838371277
41,tep,early,20,8.876961510395631e-05
41,tep,early,21,0.007768235169351101
41,tep,early,22,0.0011277222074568272
41,tep,early,23,0.14328241348266602
41,tep,early,24,0.04796535149216652
41,tep,early,25,4.6197714254958555e-05
41,tep,early,26,0.01293517742305994
41,tep,early,27,0.07272089272737503
41,tep,early,28,0.007229437120258808
41,tep,early,29,0.0007273725932464004
41,tep,early,30,0.0630788654088974
41,tep,early,31,0.06519334763288498
41,tep,early,32,0.01726899854838848
42,tep,early,0,0.3606926500797272
42,tep,early,1,0.5371365547180176
42,tep,early,2,0.486369788646698
42,tep,early,3,0.35856926441192627
42,tep,early,4,0.6301030516624451
42,tep,early,5,0.2250409722328186
42,tep,early,6,0.19359304010868073
42,tep,early,7,0.1776808351278305
42,tep,early,8,0.26117822527885437
42,tep,early,9,0.5955336689949036
42,tep,early,10,0.361754834651947
42,tep,early,11,0.1550024151802063
42,tep,early,12,0.09782081842422485
42,tep,early,13,0.004662017337977886
42,tep,early,14,0.29387372732162476
42,tep,early,15,0.006624545436352491
42,tep,early,16,0.026558270677924156
42,tep,early,17,0.001271375105716288
42,tep,early,18,0.2436027228832245
42,tep,early,19,0.021726304665207863
42,tep,early,20,0.00030862566200084984
42,tep,early,21,0.00988574605435133
42,tep,early,22,0.001843459322117269
42,tep,early,23,0.00041110458550974727
42,tep,early,24,0.006334655452519655
42,tep,early,25,0.03874208405613899
42,tep,early,26,0.020628929138183594
42,tep,early,27,0.012790676206350327
42,tep,early,28,0.0489141084253788
42,tep,early,29,0.5365027785301208
42,tep,early,30,0.08266697824001312
42,tep,early,31,0.08359134942293167
42,tep,early,32,0.02168557606637478
43,tep,early,0,0.06446918100118637
43,tep,early,1,0.18098273873329163
43,tep,early,2,0.19116413593292236
43,tep,early,3,0.25771069526672363
43,tep,early,4,0.19196388125419617
43,tep,early,5,0.19421499967575073
43,tep,early,6,0.07195288687944412
43,tep,early,7,0.2698710262775421
43,tep,early,8,0.13975362479686737
43,tep,early,9,0.019223054870963097
43,tep,early,10,0.058884769678115845
43,tep,early,11,0.20310498774051666
43,tep,early,12,0.12304037064313889
43,tep,early,13,0.3096711337566376
43,tep,early,14,0.016394460573792458
43,tep,early,15,0.15254506468772888
43,tep,early,16,0.09862030297517776
43,tep,early,17,0.1895046830177307
43,tep,early,18,0.0851600244641304
43,tep,early,19,0.3468865156173706
43,tep,early,20,0.2448807805776596
43,tep,early,21,0.36866524815559387
43,tep,early,22,0.1646060198545456
43,tep,early,23,0.09755641222000122
43,tep,early,24,0.2357024848461151
43,tep,early,25,0.3237006664276123
43,tep,early,26,0.2662637233734131
43,tep,early,27,0.1941738873720169
43,tep,early,28,0.3920406699180603
43,tep,early,29,0.30406320095062256
43,tep,early,30,0.2636202275753021
43,tep,early,31,0.3059259057044983
43,tep,early,32,0.2583303451538086
44,tep,early,0,0.055456265807151794
44,tep,early,1,0.562708854675293
44,tep,early,2,0.37272506952285767
44,tep,early,3,0.309851735830307
44,tep,early,4,0.14260676503181458
44,tep,early,5,0.038783833384513855
44,tep,early,6,0.4704107642173767
44,tep,early,7,0.24560807645320892
44,tep,early,8,0.00027018101536668837
44,tep,early,9,0.3650469481945038
44,tep,early,10,0.0029194096568971872
44,tep,early,11,0.007965673692524433
44,tep,early,12,0.0006864863680675626
44,tep,early,13,0.1272110641002655
44,tep,early,14,0.07720127701759338
44,tep,early,15,0.00030056049581617117
44,tep,early,16,0.10611510276794434
44,tep,early,17,0.00898054800927639
44,tep,early,18,0.0003157255705446005
44,tep,early,19,0.12748725712299347
44,tep,early,20,0.07074077427387238
44,tep,early,21,0.0030968179926276207
44,tep,early,22,0.10881157964468002
44,tep,early,23,0.04721759259700775
44,tep,early,24,0.00021670215937774628
44,tep,early,25,0.041696853935718536
44,tep,early,26,0.10608877241611481
44,tep,early,27,0.026038896292448044
44,tep,early,28,0.0008995065581984818
44,tep,early,29,0.10514292865991592
44,tep,early,30,0.2614709436893463
44,tep,early,31,0.05024535581469536
44,tep,early,32,0.08826891332864761
45,tep,early,0,0.7689911127090454
45,tep,early,1,0.5014039874076843
45,tep,early,2,0.6500362157821655
45,tep,early,3,0.7445229291915894
45,tep,early,4,0.7329480648040771
45,tep,early,5,0.796509325504303
45,tep,early,6,0.6840198040008545
45,tep,early,7,0.5765378475189209
45,tep,early,8,0.5195009112358093
45,tep,early,9,0.47706252336502075
45,tep,early,10,0.4243471622467041
45,tep,early,11,0.44241875410079956
45,tep,early,12,0.4075705409049988
45,tep,early,13,0.5612457990646362
45,tep,early,14,0.5538293719291687
45,tep,early,15,0.6782817840576172
45,tep,early,16,0.8156675696372986
45,tep,early,17,0.6676441431045532
45,tep,early,18,0.9415332078933716
45,tep,early,19,0.5910613536834717
45,tep,early,20,0.5216583609580994
45,tep,early,21,0.8020732998847961
45,tep,early,22,0.4756915867328644
45,tep,early,23,0.5683473348617554
45,tep,early,24,0.47981324791908264
45,tep,early,25,0.5409046411514282
45,tep,early,26,0.3519623279571533
45,tep,early,27,0.45950841903686523
45,tep,early,28,0.5006036162376404
45,tep,early,29,0.6848708987236023
45,tep,early,30,0.7303371429443359
45,tep,early,31,0.48658570647239685
45,tep,early,32,0.6024702787399292
46,tep,early,0,0.27272969484329224
46,tep,early,1,0.49874117970466614
46,tep,early,2,0.30750778317451477
46,tep,early,3,0.3703468441963196
46,tep,early,4,0.23632988333702087
46,tep,early,5,0.1834353357553482
46,tep,early,6,0.14282648265361786
46,tep,early,7,0.03763024881482124
46,tep,early,8,0.10611631721258163
46,tep,early,9,0.027637792751193047
46,tep,early,10,0.045074500143527985
46,tep,early,11,0.0677579715847969
46,tep,early,12,0.022235799580812454
46,tep,early,13,0.2439306378364563
46,tep,early,14,0.003347050631418824
46,tep,early,15,0.20395010709762573
46,tep,early,16,0.44466647505760193
46,tep,early,17,0.148711696267128
46,tep,early,18,0.014115885831415653
46,tep,early,19,0.20737919211387634
46,tep,early,20,0.0065198177471756935
46,tep,early,21,0.04335895925760269
46,tep,early,22,0.09779412299394608
46,tep,early,23,0.027592170983552933
46,tep,early,24,0.10008405148983002
46,tep,early,25,0.1235947534441948
46,tep,early,26,0.21695855259895325
46,tep,early,27,0.14957040548324585
46,tep,early,28,0.13558006286621094
46,tep,early,29,0.1628892570734024
46,tep,early,30,0.20986400544643402
46,tep,early,31,0.289367139339447
46,tep,early,32,0.09827989339828491
47,tep,early,0,0.024821190163493156
47,tep,early,1,0.025196366012096405
47,tep,early,2,0.00030489129130728543
47,tep,early,3,0.063091941177845
47,tep,early,4,0.04409822076559067
47,tep,early,5,0.11634161323308945
47,tep,early,6,0.0008042238187044859
47,tep,early,7,0.013012056238949299
47,tep,early,8,0.09801813215017319
47,tep,early,9,0.05502484738826752
47,tep,early,10,0.09933435171842575
47,tep,early,11,0.009917382150888443
47,tep,early,12,0.332745224237442
47,tep,early,13,0.03540908545255661
47,tep,early,14,0.0023472451139241457
47,tep,early,15,0.0626264289021492
47,tep,early,16,1.217941735376371e-05
47,tep,early,17,0.029836516827344894
47,tep,early,18,0.019034016877412796
47,tep,early,19,0.0714711993932724
47,tep,early,20,2.5592315068934113e-05
47,tep,early,21,0.09986802190542221
47,tep,early,22,0.0008884432027116418
47,tep,early,23,0.013321800157427788
47,tep,early,24,0.007513244636356831
47,tep,early,25,0.005341966636478901
47,tep,early,26,0.07235826551914215
47,tep,early,27,0.11316782236099243
47,tep,early,28,0.5111889839172363
47,tep,early,29,0.002594255842268467
47,tep,early,30,0.06443776190280914
47,tep,early,31,0.02518695779144764
47,tep,early,32,0.006178378127515316
48,tep,early,0,0.3067299723625183
48,tep,early,1,0.019825579598546028
48,tep,early,2,0.016968540847301483
48,tep,early,3,0.1459149569272995
48,tep,early,4,0.0913691595196724
48,tep,early,5,0.3148972690105438
48,tep,early,6,0.05611582472920418
48,tep,early,7,0.03109784424304962
48,tep,early,8,0.11229640990495682
48,tep,early,9,0.02604994736611843
48,tep,early,10,0.01142087485641241
48,tep,early,11,0.04225197061896324
48,tep,early,12,0.010513624176383018
48,tep,early,13,0.01242123357951641
48,tep,early,14,0.0032069378066807985
48,tep,early,15,0.022490745410323143
48,tep,early,16,0.028813308104872704
48,tep,early,17,0.20176351070404053
48,tep,early,18,0.1954907327890396
48,tep,early,19,0.013551495969295502
48,tep,early,20,0.011927786283195019
48,tep,early,21,0.007098857779055834
48,tep,early,22,0.0017584552988409996
48,tep,early,23,0.013373102992773056
48,tep,early,24,0.02114967443048954
48,tep,early,25,0.0027066192124038935
48,tep,early,26,0.012576591223478317
48,tep,early,27,0.01862187683582306
48,tep,early,28,0.02653476409614086
48,tep,early,29,0.06127440929412842
48,tep,early,30,0.03670305386185646
48,tep,early,31,0.036000870168209076
48,tep,early,32,0.01565587893128395
49,tep,early,0,0.23789888620376587
49,tep,early,1,0.19827651977539062
49,tep,early,2,0.3270716369152069
49,tep,early,3,0.3995935022830963
49,tep,early,4,0.2999149560928345
49,tep,early,5,0.37276792526245117
49,tep,early,6,0.4346007704734802
49,tep,early,7,0.4119776487350464
49,tep,early,8,0.3834250569343567
49,tep,early,9,0.3578343093395233
49,tep,early,10,0.3546968400478363
49,tep,early,11,0.3526778817176819
49,tep,early,12,0.34169670939445496
49,tep,early,13,0.3475395143032074
49,tep,early,14,0.3701574206352234
49,tep,early,15,0.35337379574775696
49,tep,early,16,0.3661668002605438
49,tep,early,17,0.3605559766292572
49,tep,early,18,0.36183053255081177
49,tep,early,19,0.3796423375606537
49,tep,early,20,0.33237117528915405
49,tep,early,21,0.37073802947998047
49,tep,early,22,0.3588670492172241
49,tep,early,23,0.34786128997802734
49,tep,early,24,0.3654809296131134
49,tep,early,25,0.33858439326286316
49,tep,early,26,0.3580314815044403
49,tep,early,27,0.35812443494796753
49,tep,early,28,0.3462747633457184
49,tep,early,29,0.3762112557888031
49,tep,early,30,0.3639993369579315
49,tep,early,31,0.3792620897293091
49,tep,early,32,0.34592461585998535
50,tep,early,0,0.0774875208735466
50,tep,early,1,0.7840769290924072
50,tep,early,2,0.5747847557067871
50,tep,early,3,0.2933853566646576
50,tep,early,4,0.2861488461494446
50,tep,early,5,0.39315128326416016
50,tep,early,6,0.2979032099246979
50,tep,early,7,0.4199715256690979
50,tep,early,8,0.29702115058898926
50,tep,early,9,0.2113981395959854
50,tep,early,10,0.1386311650276184
50,tep,early,11,0.14900650084018707
50,tep,early,12,0.21907231211662292
50,tep,early,13,0.21490724384784698
50,tep,early,14,0.12191224843263626
50,tep,early,15,0.13926216959953308
50,tep,early,16,0.1082250103354454
50,tep,early,17,0.1566341519355774
50,tep,early,18,0.12732474505901337
50,tep,early,19,0.127881720662117
50,tep,early,20,0.17297467589378357
50,tep,early,21,0.1313093900680542
50,tep,early,22,0.16946573555469513
50,tep,early,23,0.06802176684141159
50,tep,early,24,0.11063132435083389
50,tep,early,25,0.0939992293715477
50,tep,early,26,0.09686723351478577
50,tep,early,27,0.11688332259654999
50,tep,early,28,0.05863736942410469
50,tep,early,29,0.09541846811771393
50,tep,early,30,0.052419889718294144
50,tep,early,31,0.02880864217877388
50,tep,early,32,0.11336742341518402
51,tep,early,0,0.31685391068458557
51,tep,early,1,0.21494801342487335
51,tep,early,2,0.17531494796276093
51,tep,early,3,0.08486319333314896
51,tep,early,4,0.030063446611166
51,tep,early,5,0.05637194588780403
51,tep,early,6,0.03509018197655678
51,tep,early,7,0.004028361290693283
51,tep,early,8,0.020863110199570656
51,tep,early,9,0.1385844200849533
51,tep,early,10,0.1696135252714157
51,tep,early,11,0.0034457689616829157
51,tep,early,12,0.005641472060233355
51,tep,early,13,0.035760290920734406
51,tep,early,14,0.013384195975959301
51,tep,early,15,0.11919242888689041
51,tep,early,16,0.053036950528621674
51,tep,early,17,0.020584430545568466
51,tep,early,18,0.0645691305398941
51,tep,early,19,0.01736537180840969
51,tep,early,20,0.00040333662764169276
51,tep,early,21,0.1553959846496582
51,tep,early,22,0.005050340201705694
51,tep,early,23,0.07960022985935211
51,tep,early,24,0.005888022482395172
51,tep,early,25,0.07700077444314957
51,tep,early,26,0.0032390165142714977
51,tep,early,27,0.048146508634090424
51,tep,early,28,0.01674163155257702
51,tep,early,29,0.16827228665351868
51,tep,early,30,0.004027240909636021
51,tep,early,31,0.0042361728847026825
51,tep,early,32,2.1125895273144124e-06
0,tep,composite,0,0.8981658816337585
0,tep,composite,1,0.1402992606163025
0,tep,composite,2,-0.10505415499210358
0,tep,composite,3,-0.1730540692806244
0,tep,composite,4,-0.21542155742645264
0,tep,composite,5,-0.2894003391265869
0,tep,composite,6,-0.33786410093307495
0,tep,composite,7,-0.1649678647518158
0,tep,composite,8,-0.2967070937156677
0,tep,composite,9,-0.37165892124176025
0,tep,composite,10,-0.26557591557502747
0,tep,composite,11,-0.15114279091358185
0,tep,composite,12,-0.23450344800949097
0,tep,composite,13,-0.08286034315824509
0,tep,composite,14,-0.3456880748271942
0,tep,composite,15,-0.2802813649177551
0,tep,composite,16,-0.3025508522987366
0,tep,composite,17,-0.2682473957538605
0,tep,composite,18,-0.3393281400203705
0,tep,composite,19,-0.1341148316860199
0,tep,composite,20,-0.17725852131843567
0,tep,composite,21,0.0023883767426013947
0,tep,composite,22,-0.10371048003435135
0,tep,composite,23,-0.2767796516418457
0,tep,composite,24,-0.05304190143942833
0,tep,composite,25,-0.03563571348786354
0,tep,composite,26,-0.031012216582894325
0,tep,composite,27,0.005283020436763763
0,tep,composite,28,0.16563844680786133
0,tep,composite,29,0.13718096911907196
0,tep,composite,30,0.12955324351787567
0,tep,composite,31,0.3765832185745239
0,tep,composite,32,-0.14191536605358124
1,tep,composite,0,0.2616508901119232
1,tep,composite,1,0.23653364181518555
1,tep,composite,2,0.576553225517273
1,tep,composite,3,-0.31573766469955444
1,tep,composite,4,-0.06993071734905243
1,tep,composite,5,-0.2629714608192444
1,tep,composite,6,-0.2926752269268036
1,tep,composite,7,-0.06095648184418678
1,tep,composite,8,-0.27820318937301636
1,tep,composite,9,-0.2845079302787781
1,tep,composite,10,-0.010916478931903839
1,tep,composite,11,-0.19459766149520874
1,tep,composite,12,-0.2286890745162964
1,tep,composite,13,-0.2452206015586853
1,tep,composite,14,-0.10765232890844345
1,tep,composite,15,-0.06248665601015091
1,tep,composite,16,0.576242983341217
1,tep,composite,17,-0.12586688995361328
1,tep,composite,18,-0.27222949266433716
1,tep,composite,19,-0.3014671802520752
1,tep,composite,20,-0.25773078203201294
1,tep,composite,21,-0.025803975760936737
1,tep,composite,22,-0.35398516058921814
1,tep,composite,23,-0.19725382328033447
1,tep,composite,24,-0.3307911157608032
1,tep,composite,25,-0.14791370928287506
1,tep,composite,26,0.13300567865371704
1,tep,composite,27,-0.25808900594711304
1,tep,composite,28,-0.2525511384010315
1,tep,composite,29,-0.32150936126708984
1,tep,composite,30,-0.2777971625328064
1,tep,composite,31,-0.34724870324134827
1,tep,composite,32,-0.30712634325027466
2,tep,composite,0,1.3995671272277832
2,tep,composite,1,1.0387070178985596
2,tep,composite,2,0.9190009832382202
2,tep,composite,3,0.2868286967277527
2,tep,composite,4,0.10589675605297089
2,tep,composite,5,-0.35623541474342346
2,tep,composite,6,-0.3134833574295044
2,tep,composite,7,1.1457756757736206
2,tep,composite,8,-0.36931657791137695
2,tep,composite,9,-0.30995941162109375
2,tep,composite,10,-0.3164041042327881
2,tep,composite,11,-0.34351032972335815
2,tep,composite,12,-0.3135263919830322
2,tep,composite,13,-0.2807067632675171
2,tep,composite,14,0.05905142426490784
2,tep,composite,15,-0.2584126591682434
2,tep,composite,16,-0.37343138456344604
2,tep,composite,17,-0.17106296122074127
2,tep,composite,18,0.0415896475315094
2,tep,composite,19,-0.17978431284427643
2,tep,composite,20,-0.3284837007522583
2,tep,composite,21,-0.37058117985725403
2,tep,composite,22,-0.3134237229824066
2,tep,composite,23,-0.16268661618232727
2,tep,composite,24,-0.3085756003856659
2,tep,composite,25,-0.0833921879529953
2,tep,composite,26,-0.3148369789123535
2,tep,composite,27,-0.34535717964172363
2,tep,composite,28,-0.07883767783641815
2,tep,composite,29,-0.05004843324422836
2,tep,composite,30,-0.04570763558149338
2,tep,composite,31,-0.34249088168144226
2,tep,composite,32,-0.37247443199157715
3,tep,composite,0,1.3258750438690186
3,tep,composite,1,0.8847552537918091
3,tep,composite,2,0.744037389755249
3,tep,composite,3,0.6528528928756714
3,tep,composite,4,0.030815839767456055
3,tep,composite,5,-0.10637114942073822
3,tep,composite,6,0.25449007749557495
3,tep,composite,7,-0.015700042247772217
3,tep,composite,8,-0.28435590863227844
3,tep,composite,9,-0.3268741965293884
3,tep,composite,10,-0.3410760760307312
3,tep,composite,11,-0.23938944935798645
3,tep,composite,12,-0.2344438135623932
3,tep,composite,13,-0.3115549087524414
3,tep,composite,14,-0.3365783989429474
3,tep,composite,15,-0.3058810830116272
3,tep,composite,16,-0.3401252031326294
3,tep,composite,17,-0.31698858737945557
3,tep,composite,18,-0.13511158525943756
3,tep,composite,19,-0.33021798729896545
3,tep,composite,20,-0.2549951672554016
3,tep,composite,21,0.0020341426134109497
3,tep,composite,22,-0.3653673827648163
3,tep,composite,23,-0.13067573308944702
3,tep,composite,24,-0.3740472197532654
3,tep,composite,25,-0.36740732192993164
3,tep,composite,26,-0.31672725081443787
3,tep,composite,27,-0.37245553731918335
3,tep,composite,28,-0.29065513610839844
3,tep,composite,29,-0.32896947860717773
3,tep,composite,30,-0.3765972852706909
3,tep,composite,31,-0.20557904243469238
3,tep,composite,32,-0.32626640796661377
4,tep,composite,0,-0.3456784784793854
4,tep,composite,1,-0.1474630981683731
4,tep,composite,2,-0.3096790313720703
4,tep,composite,3,-0.2126920521259308
4,tep,composite,4,-0.23257701098918915
4,tep,composite,5,-0.342971533536911
4,tep,composite,6,-0.2655163109302521
4,tep,composite,7,-0.30378931760787964
4,tep,composite,8,-0.26963427662849426
4,tep,composite,9,-0.3215508460998535
4,tep,composite,10,-0.3147486448287964
4,tep,composite,11,-0.1565040647983551
4,tep,composite,12,-0.328031063079834
4,tep,composite,13,-0.34406954050064087
4,tep,composite,14,-0.3444401025772095
4,tep,composite,15,-0.3431825637817383
4,tep,composite,16,-0.26286780834198
4,tep,composite,17,-0.3354071378707886
4,tep,composite,18,-0.35281509160995483
4,tep,composite,19,-0.22795698046684265
4,tep,composite,20,-0.3462240397930145
4,tep,composite,21,-0.14191636443138123
4,tep,composite,22,-0.3574391007423401
4,tep,composite,23,0.06831276416778564
4,tep,composite,24,-0.3418204188346863
4,tep,composite,25,-0.3422761857509613
4,tep,composite,26,-0.31820130348205566
4,tep,composite,27,-0.3057226538658142
4,tep,composite,28,-0.3268457055091858
4,tep,composite,29,-0.3607358932495117
4,tep,composite,30,-0.3261634111404419
4,tep,composite,31,-0.18056434392929077
4,tep,composite,32,-0.29724404215812683
5,tep,composite,0,0.5828689932823181
5,tep,composite,1,0.43617749214172363
5,tep,composite,2,-0.07671359181404114
5,tep,composite,3,-0.363590270280838
5,tep,composite,4,-0.21985220909118652
5,tep,composite,5,-0.29700416326522827
5,tep,composite,6,-0.1715603470802307
5,tep,composite,7,-0.2815650701522827
5,tep,composite,8,-0.3285573720932007
5,tep,composite,9,-0.21689364314079285
5,tep,composite,10,-0.27153363823890686
5,tep,composite,11,-0.27271538972854614
5,tep,composite,12,-0.3167276382446289
5,tep,composite,13,-0.23116353154182434
5,tep,composite,14,-0.3120022416114807
5,tep,composite,15,-0.3065910339355469
5,tep,composite,16,-0.34238243103027344
5,tep,composite,17,-0.14309638738632202
5,tep,composite,18,-0.20174989104270935
5,tep,composite,19,0.14250725507736206
5,tep,composite,20,-0.21592216193675995
5,tep,composite,21,-0.2719588875770569
5,tep,composite,22,0.28562161326408386
5,tep,composite,23,-0.3148300349712372
5,tep,composite,24,-0.2582578659057617
5,tep,composite,25,-0.2974700927734375
5,tep,composite,26,-0.12359516322612762
5,tep,composite,27,-0.26632508635520935
5,tep,composite,28,-0.28111350536346436
5,tep,composite,29,-0.020377054810523987
5,tep,composite,30,-0.2853722870349884
5,tep,composite,31,-0.3445758819580078
5,tep,composite,32,-0.34045425057411194
6,tep,composite,0,0.8871763944625854
6,tep,composite,1,1.196855068206787
6,tep,composite,2,1.4557509422302246
6,tep,composite,3,1.4385976791381836
6,tep,composite,4,1.1925331354141235
6,tep,composite,5,1.2530677318572998
6,tep,composite,6,1.1440036296844482
6,tep,composite,7,1.2817766666412354
6,tep,composite,8,1.2394638061523438
6,tep,composite,9,1.5623524188995361
6,tep,composite,10,1.3499979972839355
6,tep,composite,11,1.2082507610321045
6,tep,composite,12,1.589518427848816
6,tep,composite,13,1.5181171894073486
6,tep,composite,14,1.38228440284729
6,tep,composite,15,1.3156850337982178
6,tep,composite,16,1.4089648723602295
6,tep,composite,17,1.5284979343414307
6,tep,composite,18,1.5007878541946411
6,tep,composite,19,1.664702296257019
6,tep,composite,20,1.3670916557312012
6,tep,composite,21,1.5567333698272705
6,tep,composite,22,1.5999239683151245
6,tep,composite,23,1.4022672176361084
6,tep,composite,24,1.343553066253662
6,tep,composite,25,1.5815906524658203
6,tep,composite,26,1.3961899280548096
6,tep,composite,27,1.4310197830200195
6,tep,composite,28,1.386228084564209
6,tep,composite,29,1.767987608909607
6,tep,composite,30,1.5082015991210938
6,tep,composite,31,1.4889967441558838
6,tep,composite,32,1.5222930908203125
7,tep,composite,0,1.4081990718841553
7,tep,composite,1,0.7584348320960999
7,tep,composite,2,0.5614443421363831
7,tep,composite,3,0.07410401850938797
7,tep,composite,4,0.08520691096782684
7,tep,composite,5,-0.2806895971298218
7,tep,composite,6,-0.22762203216552734
7,tep,composite,7,-0.2630072236061096
7,tep,composite,8,-0.270843505859375
7,tep,composite,9,-0.005922913551330566
7,tep,composite,10,-0.2961094081401825
7,tep,composite,11,-0.33800768852233887
7,tep,composite,12,-0.32381540536880493
7,tep,composite,13,0.03780050575733185
7,tep,composite,14,-0.3345893323421478
7,tep,composite,15,-0.35419023036956787
7,tep,composite,16,-0.24537158012390137
7,tep,composite,17,-0.31291964650154114
7,tep,composite,18,0.7427722215652466
7,tep,composite,19,-0.36538979411125183
7,tep,composite,20,-0.17422276735305786
7,tep,composite,21,-0.12212501466274261
7,tep,composite,22,-0.287620484828949
7,tep,composite,23,-0.33805879950523376
7,tep,composite,24,-0.3079361319541931
7,tep,composite,25,0.015705246478319168
7,tep,composite,26,-0.3061988949775696
7,tep,composite,27,-0.16043943166732788
7,tep,composite,28,-0.32082873582839966
7,tep,composite,29,-0.22442027926445007
7,tep,composite,30,-0.15174992382526398
7,tep,composite,31,-0.3135223090648651
7,tep,composite,32,0.009143874049186707
8,tep,composite,0,0.9356738328933716
8,tep,composite,1,1.4401648044586182
8,tep,composite,2,0.39880314469337463
8,tep,composite,3,0.2481214702129364
8,tep,composite,4,0.20135881006717682
8,tep,composite,5,0.1314944326877594
8,tep,composite,6,0.09751728177070618
8,tep,composite,7,0.26096227765083313
8,tep,composite,8,0.33017948269844055
8,tep,composite,9,0.060194455087184906
8,tep,composite,10,0.09777428954839706
8,tep,composite,11,-0.08694899082183838
8,tep,composite,12,0.06738996505737305
8,tep,composite,13,0.11733914911746979
8,tep,composite,14,-0.0914798304438591
8,tep,composite,15,0.1876351684331894
8,tep,composite,16,-0.2141401469707489
8,tep,composite,17,-0.15370427072048187
8,tep,composite,18,-0.12566785514354706
8,tep,composite,19,-0.1177058145403862
8,tep,composite,20,-0.02664092928171158
8,tep,composite,21,-0.06363873183727264
8,tep,composite,22,0.07758909463882446
8,tep,composite,23,-0.13783657550811768
8,tep,composite,24,-0.14437147974967957
8,tep,composite,25,-0.1670316457748413
8,tep,composite,26,-0.2081373929977417
8,tep,composite,27,-0.1017797589302063
8,tep,composite,28,-0.20296397805213928
8,tep,composite,29,-0.16292664408683777
8,tep,composite,30,-0.34470057487487793
8,tep,composite,31,-0.2556600868701935
8,tep,composite,32,-0.12659528851509094
9,tep,composite,0,0.7421975135803223
9,tep,composite,1,0.7633785009384155
9,tep,composite,2,0.35660192370414734
9,tep,composite,3,0.26613882184028625
9,tep,composite,4,0.3374180793762207
9,tep,composite,5,-0.002973690629005432
9,tep,composite,6,-0.2124372273683548
9,tep,composite,7,-0.3227263391017914
9,tep,composite,8,-0.27595531940460205
9,tep,composite,9,-0.3588602542877197
9,tep,composite,10,-0.2630944550037384
9,tep,composite,11,-0.3144516944885254
9,tep,composite,12,-0.36314505338668823
9,tep,composite,13,0.05720217525959015
9,tep,composite,14,-0.3011239767074585
9,tep,composite,15,0.07384779304265976
9,tep,composite,16,0.19971641898155212
9,tep,composite,17,0.2449389100074768
9,tep,composite,18,-0.28477761149406433
9,tep,composite,19,0.06073479354381561
9,tep,composite,20,-0.26522624492645264
9,tep,composite,21,-0.075684554874897
9,tep,composite,22,-0.11153145134449005
9,tep,composite,23,-0.26925307512283325
9,tep,composite,24,-0.1350352168083191
9,tep,composite,25,-0.13766923546791077
9,tep,composite,26,0.10910264402627945
9,tep,composite,27,0.22705130279064178
9,tep,composite,28,0.3273366689682007
9,tep,composite,29,0.37283796072006226
9,tep,composite,30,0.18153908848762512
9,tep,composite,31,0.48948630690574646
9,tep,composite,32,-0.33634793758392334
10,tep,composite,0,0.5750039219856262
10,tep,composite,1,1.3141796588897705
10,tep,composite,2,1.8845446109771729
10,tep,composite,3,1.8177244663238525
10,tep,composite,4,1.619382619857788
10,tep,composite,5,1.0250040292739868
10,tep,composite,6,0.8161072731018066
10,tep,composite,7,1.0890358686447144
10,tep,composite,8,0.32897549867630005
10,tep,composite,9,0.9402743577957153
10,tep,composite,10,0.10677185654640198
10,tep,composite,11,0.1430058628320694
10,tep,composite,12,0.5686062574386597
10,tep,composite,13,0.15598458051681519
10,tep,composite,14,0.524138331413269
10,tep,composite,15,0.5731821656227112
10,tep,composite,16,0.6409996747970581
10,tep,composite,17,0.7772921323776245
10,tep,composite,18,1.059983253479004
10,tep,composite,19,0.9712692499160767
10,tep,composite,20,0.7050398588180542
10,tep,composite,21,0.9899070262908936
10,tep,composite,22,1.271596074104309
10,tep,composite,23,1.0562996864318848
10,tep,composite,24,0.9249200820922852
10,tep,composite,25,1.0535484552383423
10,tep,composite,26,0.7795450687408447
10,tep,composite,27,1.2516471147537231
10,tep,composite,28,1.2228872776031494
10,tep,composite,29,0.9475375413894653
10,tep,composite,30,1.0936700105667114
10,tep,composite,31,1.2182164192199707
10,tep,composite,32,0.9616999626159668
11,tep,composite,0,-0.16835425794124603
11,tep,composite,1,-0.20287999510765076
11,tep,composite,2,-0.304922878742218
11,tep,composite,3,-0.18631969392299652
11,tep,composite,4,-0.34434211254119873
11,tep,composite,5,-0.05277421325445175
11,tep,composite,6,-0.22505399584770203
11,tep,composite,7,-0.2942351698875427
11,tep,composite,8,-0.21373073756694794
11,tep,composite,9,-0.17906899750232697
11,tep,composite,10,-0.21367678046226501
11,tep,composite,11,-0.2656545639038086
11,tep,composite,12,0.08033515512943268
11,tep,composite,13,-0.26037490367889404
11,tep,composite,14,-0.36348384618759155
11,tep,composite,15,0.008874796330928802
11,tep,composite,16,-0.3469657897949219
11,tep,composite,17,-0.2480345368385315
11,tep,composite,18,-0.30746734142303467
11,tep,composite,19,-0.3088831901550293
11,tep,composite,20,-0.16298267245292664
11,tep,composite,21,-0.12479078769683838
11,tep,composite,22,-0.2769632637500763
11,tep,composite,23,-0.3293420374393463
11,tep,composite,24,-0.3432413935661316
11,tep,composite,25,-0.33624643087387085
11,tep,composite,26,-0.09091877937316895
11,tep,composite,27,-0.07315728068351746
11,tep,composite,28,0.44429948925971985
11,tep,composite,29,-0.30392226576805115
11,tep,composite,30,-0.18343639373779297
11,tep,composite,31,-0.29988595843315125
11,tep,composite,32,-0.3361548185348511
12,tep,composite,0,1.1662518978118896
12,tep,composite,1,1.2879750728607178
12,tep,composite,2,1.7064589262008667
12,tep,composite,3,1.6730751991271973
12,tep,composite,4,1.5191843509674072
12,tep,composite,5,1.665454626083374
12,tep,composite,6,1.5021404027938843
12,tep,composite,7,1.5692435503005981
12,tep,composite,8,1.3882733583450317
12,tep,composite,9,1.6711838245391846
12,tep,composite,10,1.4198358058929443
12,tep,composite,11,1.211212158203125
12,tep,composite,12,1.7160398960113525
12,tep,composite,13,1.6670928001403809
12,tep,composite,14,1.4165384769439697
12,tep,composite,15,1.463582992553711
12,tep,composite,16,1.4878840446472168
12,tep,composite,17,1.62833833694458
12,tep,composite,18,1.5960149765014648
12,tep,composite,19,1.625544548034668
12,tep,composite,20,1.37168550491333
12,tep,composite,21,1.525765299797058
12,tep,composite,22,1.7614151239395142
12,tep,composite,23,1.544510841369629
12,tep,composite,24,1.4592558145523071
12,tep,composite,25,1.4402928352355957
12,tep,composite,26,1.4145324230194092
12,tep,composite,27,1.4878034591674805
12,tep,composite,28,1.552016258239746
12,tep,composite,29,1.8301727771759033
12,tep,composite,30,1.648604154586792
12,tep,composite,31,1.5740681886672974
12,tep,composite,32,1.6878830194473267
13,tep,composite,0,-0.18176795542240143
13,tep,composite,1,-0.06448487937450409
13,tep,composite,2,-0.3624091148376465
13,tep,composite,3,-0.28654229640960693
13,tep,composite,4,-0.33606231212615967
13,tep,composite,5,-0.2476332187652588
13,tep,composite,6,-0.1868906170129776
13,tep,composite,7,-0.2835012674331665
13,tep,composite,8,-0.3114073872566223
13,tep,composite,9,-0.18482209742069244
13,tep,composite,10,-0.2565065026283264
13,tep,composite,11,-0.07890217006206512
13,tep,composite,12,-0.0037829242646694183
13,tep,composite,13,-0.2681397795677185
13,tep,composite,14,0.2790212631225586
13,tep,composite,15,-0.020202219486236572
13,tep,composite,16,-0.2133750319480896
13,tep,composite,17,-0.20536097884178162
13,tep,composite,18,-0.25876373052597046
13,tep,composite,19,0.08891558647155762
13,tep,composite,20,-0.2702168822288513
13,tep,composite,21,0.04223207011818886
13,tep,composite,22,0.27157652378082275
13,tep,composite,23,-0.19927342236042023
13,tep,composite,24,-0.1908883899450302
13,tep,composite,25,-0.18865813314914703
13,tep,composite,26,-0.20741260051727295
13,tep,composite,27,-0.26145249605178833
13,tep,composite,28,0.6715948581695557
13,tep,composite,29,0.29903167486190796
13,tep,composite,30,0.3209708034992218
13,tep,composite,31,0.01926848478615284
13,tep,composite,32,-0.27551332116127014
14,tep,composite,0,-0.13426613807678223
14,tep,composite,1,-0.3410692811012268
14,tep,composite,2,-0.32662010192871094
14,tep,composite,3,-0.1603483259677887
14,tep,composite,4,-0.2221841812133789
14,tep,composite,5,-0.16268019378185272
14,tep,composite,6,-0.18073350191116333
14,tep,composite,7,-0.099540576338768
14,tep,composite,8,-0.1396946758031845
14,tep,composite,9,-0.19201910495758057
14,tep,composite,10,-0.3567162752151489
14,tep,composite,11,-0.1836005598306656
14,tep,composite,12,-0.27400076389312744
14,tep,composite,13,-0.22415116429328918
14,tep,composite,14,-0.34365683794021606
14,tep,composite,15,-0.21509183943271637
14,tep,composite,16,-0.2093425691127777
14,tep,composite,17,-0.1826360672712326
14,tep,composite,18,0.08780217170715332
14,tep,composite,19,-0.24354884028434753
14,tep,composite,20,-0.2704121470451355
14,tep,composite,21,-0.15565241873264313
14,tep,composite,22,-0.29358935356140137
14,tep,composite,23,-0.28204983472824097
14,tep,composite,24,-0.29949843883514404
14,tep,composite,25,-0.28985121846199036
14,tep,composite,26,-0.31939324736595154
14,tep,composite,27,-0.19118526577949524
14,tep,composite,28,-0.12583428621292114
14,tep,composite,29,-0.2061842978000641
14,tep,composite,30,-0.1673697531223297
14,tep,composite,31,-0.17230567336082458
14,tep,composite,32,-0.2574462294578552
15,tep,composite,0,0.6856799721717834
15,tep,composite,1,1.2030448913574219
15,tep,composite,2,1.3632649183273315
15,tep,composite,3,1.2645716667175293
15,tep,composite,4,1.163878083229065
15,tep,composite,5,1.003753900527954
15,tep,composite,6,0.953681230545044
15,tep,composite,7,1.1669347286224365
15,tep,composite,8,1.0631654262542725
15,tep,composite,9,1.3417891263961792
15,tep,composite,10,1.2421636581420898
15,tep,composite,11,0.9723038077354431
15,tep,composite,12,1.374187707901001
15,tep,composite,13,1.4629592895507812
15,tep,composite,14,1.333151936531067
15,tep,composite,15,1.2055332660675049
15,tep,composite,16,1.0623838901519775
15,tep,composite,17,1.4807665348052979
15,tep,composite,18,1.3598755598068237
15,tep,composite,19,1.3746871948242188
15,tep,composite,20,1.162247896194458
15,tep,composite,21,1.327628254890442
15,tep,composite,22,1.2562930583953857
15,tep,composite,23,1.2859740257263184
15,tep,composite,24,1.2003141641616821
15,tep,composite,25,1.2853434085845947
15,tep,composite,26,1.2457866668701172
15,tep,composite,27,1.2620570659637451
15,tep,composite,28,1.2461152076721191
15,tep,composite,29,1.401526927947998
15,tep,composite,30,1.259690761566162
15,tep,composite,31,1.2990589141845703
15,tep,composite,32,1.2203829288482666
16,tep,composite,0,-0.04252515360713005
16,tep,composite,1,-0.14848749339580536
16,tep,composite,2,-0.2746517062187195
16,tep,composite,3,-0.30158430337905884
16,tep,composite,4,-0.26264381408691406
16,tep,composite,5,-0.3379594087600708
16,tep,composite,6,-0.3412224054336548
16,tep,composite,7,-0.12741078436374664
16,tep,composite,8,-0.24328398704528809
16,tep,composite,9,-0.08574902266263962
16,tep,composite,10,-0.23445042967796326
16,tep,composite,11,-0.32964396476745605
16,tep,composite,12,-0.2928317189216614
16,tep,composite,13,-0.15550348162651062
16,tep,composite,14,-0.29063141345977783
16,tep,composite,15,-0.18513932824134827
16,tep,composite,16,-0.11033231765031815
16,tep,composite,17,-0.16858381032943726
16,tep,composite,18,-0.11257456988096237
16,tep,composite,19,-0.17999295890331268
16,tep,composite,20,-0.3067219853401184
16,tep,composite,21,-0.11261733621358871
16,tep,composite,22,-0.24504396319389343
16,tep,composite,23,-0.2093876600265503
16,tep,composite,24,-0.297601580619812
16,tep,composite,25,0.211408793926239
16,tep,composite,26,-0.28926923871040344
16,tep,composite,27,-0.17033325135707855
16,tep,composite,28,-0.16230705380439758
16,tep,composite,29,0.02255258709192276
16,tep,composite,30,-0.27391886711120605
16,tep,composite,31,-0.2395196557044983
16,tep,composite,32,-0.23257455229759216
17,tep,composite,0,1.2241382598876953
17,tep,composite,1,0.8208008408546448
17,tep,composite,2,1.4715158939361572
17,tep,composite,3,1.7308988571166992
17,tep,composite,4,1.6229937076568604
17,tep,composite,5,1.7015140056610107
17,tep,composite,6,1.5923765897750854
17,tep,composite,7,1.9854152202606201
17,tep,composite,8,1.322342038154602
17,tep,composite,9,1.4991509914398193
17,tep,composite,10,1.2727104425430298
17,tep,composite,11,1.1036930084228516
17,tep,composite,12,1.3414199352264404
17,tep,composite,13,1.1802513599395752
17,tep,composite,14,1.199044942855835
17,tep,composite,15,1.2522335052490234
17,tep,composite,16,1.3311036825180054
17,tep,composite,17,1.303412675857544
17,tep,composite,18,1.2549819946289062
17,tep,composite,19,1.294006586074829
17,tep,composite,20,1.2369587421417236
17,tep,composite,21,1.1933447122573853
17,tep,composite,22,1.2295172214508057
17,tep,composite,23,1.2248642444610596
17,tep,composite,24,1.2435822486877441
17,tep,composite,25,1.2229763269424438
17,tep,composite,26,1.1849570274353027
17,tep,composite,27,1.2278670072555542
17,tep,composite,28,1.25180983543396
17,tep,composite,29,1.2377150058746338
17,tep,composite,30,1.2342734336853027
17,tep,composite,31,1.2073380947113037
17,tep,composite,32,1.2417001724243164
18,tep,composite,0,0.6974684596061707
18,tep,composite,1,0.7278041243553162
18,tep,composite,2,1.1364479064941406
18,tep,composite,3,1.434503197669983
18,tep,composite,4,1.1568152904510498
18,tep,composite,5,1.4570622444152832
18,tep,composite,6,1.3881587982177734
18,tep,composite,7,1.4227724075317383
18,tep,composite,8,1.3163838386535645
18,tep,composite,9,1.3580254316329956
18,tep,composite,10,1.3079662322998047
18,tep,composite,11,1.3684639930725098
18,tep,composite,12,1.1580554246902466
18,tep,composite,13,1.1414780616760254
18,tep,composite,14,1.0832672119140625
18,tep,composite,15,1.1772258281707764
18,tep,composite,16,1.1139408349990845
18,tep,composite,17,1.0411452054977417
18,tep,composite,18,1.0314117670059204
18,tep,composite,19,0.9641335010528564
18,tep,composite,20,1.1210612058639526
18,tep,composite,21,1.1158701181411743
18,tep,composite,22,1.1693164110183716
18,tep,composite,23,1.0688070058822632
18,tep,composite,24,0.951240062713623
18,tep,composite,25,1.0625298023223877
18,tep,composite,26,1.111041784286499
18,tep,composite,27,1.1716492176055908
18,tep,composite,28,1.1722224950790405
18,tep,composite,29,0.9476995468139648
18,tep,composite,30,0.9929617047309875
18,tep,composite,31,1.0119380950927734
18,tep,composite,32,1.0612356662750244
19,tep,composite,0,0.9916660189628601
19,tep,composite,1,0.8663427829742432
19,tep,composite,2,1.2241216897964478
19,tep,composite,3,1.4570040702819824
19,tep,composite,4,1.4556572437286377
19,tep,composite,5,1.4686188697814941
19,tep,composite,6,1.4068659543991089
19,tep,composite,7,1.4762855768203735
19,tep,composite,8,1.456369400024414
19,tep,composite,9,1.444448709487915
19,tep,composite,10,1.5368597507476807
19,tep,composite,11,1.372732162475586
19,tep,composite,12,1.515150785446167
19,tep,composite,13,1.3568319082260132
19,tep,composite,14,1.4429657459259033
19,tep,composite,15,1.4227479696273804
19,tep,composite,16,1.5232871770858765
19,tep,composite,17,1.5163527727127075
19,tep,composite,18,1.4755065441131592
19,tep,composite,19,1.3849382400512695
19,tep,composite,20,1.5262343883514404
19,tep,composite,21,1.4650774002075195
19,tep,composite,22,1.4710948467254639
19,tep,composite,23,1.3046599626541138
19,tep,composite,24,1.39656662940979
19,tep,composite,25,1.4007518291473389
19,tep,composite,26,1.1976466178894043
19,tep,composite,27,1.3421285152435303
19,tep,composite,28,1.3874067068099976
19,tep,composite,29,1.5050239562988281
19,tep,composite,30,1.3473989963531494
19,tep,composite,31,1.5880508422851562
19,tep,composite,32,1.3682665824890137
20,tep,composite,0,0.509559690952301
20,tep,composite,1,1.6680786609649658
20,tep,composite,2,0.8978579640388489
20,tep,composite,3,0.2929595708847046
20,tep,composite,4,0.1454067826271057
20,tep,composite,5,0.3828940987586975
20,tep,composite,6,0.1625879555940628
20,tep,composite,7,0.4335756301879883
20,tep,composite,8,0.40329819917678833
20,tep,composite,9,0.1582382619380951
20,tep,composite,10,0.201585054397583
20,tep,composite,11,0.1094718724489212
20,tep,composite,12,0.2002602219581604
20,tep,composite,13,0.27343037724494934
20,tep,composite,14,0.08229757845401764
20,tep,composite,15,0.06621301919221878
20,tep,composite,16,0.006831716746091843
20,tep,composite,17,0.01713595725595951
20,tep,composite,18,0.05257534980773926
20,tep,composite,19,0.15271975100040436
20,tep,composite,20,0.21022120118141174
20,tep,composite,21,0.06125462427735329
20,tep,composite,22,0.012861257418990135
20,tep,composite,23,0.1488078087568283
20,tep,composite,24,0.10937835276126862
20,tep,composite,25,0.016068270429968834
20,tep,composite,26,0.14100231230258942
20,tep,composite,27,0.10817314684391022
20,tep,composite,28,-0.011502353474497795
20,tep,composite,29,-0.0353555753827095
20,tep,composite,30,-0.10993631184101105
20,tep,composite,31,-0.04564563184976578
20,tep,composite,32,-0.2126367688179016
21,tep,composite,0,0.5456514358520508
21,tep,composite,1,1.7219491004943848
21,tep,composite,2,1.2638988494873047
21,tep,composite,3,0.954506516456604
21,tep,composite,4,0.8349441289901733
21,tep,composite,5,0.4039146900177002
21,tep,composite,6,0.2673567235469818
21,tep,composite,7,0.6529814004898071
21,tep,composite,8,-0.03214452788233757
21,tep,composite,9,0.43827810883522034
21,tep,composite,10,-0.3095439076423645
21,tep,composite,11,-0.32319581508636475
21,tep,composite,12,0.3338111340999603
21,tep,composite,13,-0.2866966724395752
21,tep,composite,14,-0.13752663135528564
21,tep,composite,15,-0.14851507544517517
21,tep,composite,16,0.023956455290317535
21,tep,composite,17,-0.11296766996383667
21,tep,composite,18,0.03151782602071762
21,tep,composite,19,0.1512601226568222
21,tep,composite,20,-0.006200447678565979
21,tep,composite,21,-0.24932244420051575
21,tep,composite,22,1.0396932363510132
21,tep,composite,23,-0.22139272093772888
21,tep,composite,24,-0.21748533844947815
21,tep,composite,25,-0.1936257779598236
21,tep,composite,26,0.06796667724847794
21,tep,composite,27,-0.07994190603494644
21,tep,composite,28,-0.1908065378665924
21,tep,composite,29,-0.16741326451301575
21,tep,composite,30,0.013261206448078156
21,tep,composite,31,-0.11158439517021179
21,tep,composite,32,0.046005263924598694
22,tep,composite,0,0.24508324265480042
22,tep,composite,1,0.839562177658081
22,tep,composite,2,0.3043387532234192
22,tep,composite,3,0.372078001499176
22,tep,composite,4,0.634972333908081
22,tep,composite,5,0.10062143206596375
22,tep,composite,6,0.3356265127658844
22,tep,composite,7,0.918495774269104
22,tep,composite,8,0.485806941986084
22,tep,composite,9,-0.05393266677856445
22,tep,composite,10,0.5660930871963501
22,tep,composite,11,0.8658357858657837
22,tep,composite,12,0.013194415718317032
22,tep,composite,13,0.9808427095413208
22,tep,composite,14,-0.2727763056755066
22,tep,composite,15,0.25042855739593506
22,tep,composite,16,-0.2598438262939453
22,tep,composite,17,0.2677769362926483
22,tep,composite,18,-0.18839800357818604
22,tep,composite,19,0.9199433326721191
22,tep,composite,20,0.16441786289215088
22,tep,composite,21,0.6954036951065063
22,tep,composite,22,0.8090929388999939
22,tep,composite,23,0.1933753341436386
22,tep,composite,24,0.5880823731422424
22,tep,composite,25,0.9093925952911377
22,tep,composite,26,0.42367255687713623
22,tep,composite,27,0.2835767865180969
22,tep,composite,28,0.6668168306350708
22,tep,composite,29,0.674895167350769
22,tep,composite,30,0.8357083201408386
22,tep,composite,31,1.0308818817138672
22,tep,composite,32,0.09999057650566101
23,tep,composite,0,0.8650171756744385
23,tep,composite,1,1.1304703950881958
23,tep,composite,2,0.38134294748306274
23,tep,composite,3,-0.10687672346830368
23,tep,composite,4,0.08532242476940155
23,tep,composite,5,-0.04763399064540863
23,tep,composite,6,-0.3654720187187195
23,tep,composite,7,-0.11348122358322144
23,tep,composite,8,-0.3200702667236328
23,tep,composite,9,-0.35357391834259033
23,tep,composite,10,-0.360368013381958
23,tep,composite,11,-0.31585991382598877
23,tep,composite,12,-0.3454558849334717
23,tep,composite,13,-0.17229239642620087
23,tep,composite,14,0.16465026140213013
23,tep,composite,15,-0.18486559391021729
23,tep,composite,16,-0.31703901290893555
23,tep,composite,17,-0.20153608918190002
23,tep,composite,18,0.10071262717247009
23,tep,composite,19,-0.2006966769695282
23,tep,composite,20,-0.35152822732925415
23,tep,composite,21,-0.1716812551021576
23,tep,composite,22,-0.3233165442943573
23,tep,composite,23,-0.3760230541229248
23,tep,composite,24,-0.3731476664543152
23,tep,composite,25,-0.29083192348480225
23,tep,composite,26,-0.35134005546569824
23,tep,composite,27,-0.13230842351913452
23,tep,composite,28,-0.03425949811935425
23,tep,composite,29,-0.17384296655654907
23,tep,composite,30,-0.1124228686094284
23,tep,composite,31,0.11175845563411713
23,tep,composite,32,-0.33965492248535156
24,tep,composite,0,0.46657177805900574
24,tep,composite,1,0.9984968900680542
24,tep,composite,2,0.8230863809585571
24,tep,composite,3,0.9813749194145203
24,tep,composite,4,0.5636588335037231
24,tep,composite,5,1.2210023403167725
24,tep,composite,6,1.0957187414169312
24,tep,composite,7,0.43311768770217896
24,tep,composite,8,0.5510067939758301
24,tep,composite,9,-0.16887736320495605
24,tep,composite,10,-0.17110176384449005
24,tep,composite,11,0.10668337345123291
24,tep,composite,12,0.0524301752448082
24,tep,composite,13,0.4209170341491699
24,tep,composite,14,-0.07372737675905228
24,tep,composite,15,0.07613181322813034
24,tep,composite,16,-0.28967708349227905
24,tep,composite,17,0.08061180263757706
24,tep,composite,18,0.1507686823606491
24,tep,composite,19,0.42353466153144836
24,tep,composite,20,0.32700496912002563
24,tep,composite,21,0.2991439402103424
24,tep,composite,22,0.04724906384944916
24,tep,composite,23,0.2477625012397766
24,tep,composite,24,0.6118084192276001
24,tep,composite,25,0.44879230856895447
24,tep,composite,26,0.8853413462638855
24,tep,composite,27,1.0183336734771729
24,tep,composite,28,0.6854146718978882
24,tep,composite,29,0.6348369717597961
24,tep,composite,30,0.5858084559440613
24,tep,composite,31,0.7472577095031738
24,tep,composite,32,0.18945622444152832
25,tep,composite,0,0.8677222728729248
25,tep,composite,1,0.8793283104896545
25,tep,composite,2,0.5188816785812378
25,tep,composite,3,-0.35996943712234497
25,tep,composite,4,0.1735115349292755
25,tep,composite,5,-0.27296769618988037
25,tep,composite,6,-0.26024067401885986
25,tep,composite,7,-0.31111598014831543
25,tep,composite,8,-0.05484987795352936
25,tep,composite,9,-0.27881211042404175
25,tep,composite,10,-0.2762489914894104
25,tep,composite,11,-0.34808987379074097
25,tep,composite,12,-0.2919209599494934
25,tep,composite,13,-0.15422514081001282
25,tep,composite,14,-0.25869321823120117
25,tep,composite,15,-0.02980497106909752
25,tep,composite,16,0.4933476150035858
25,tep,composite,17,0.03317718207836151
25,tep,composite,18,-0.13072706758975983
25,tep,composite,19,-0.25896215438842773
25,tep,composite,20,-0.3404020667076111
25,tep,composite,21,-0.2774003744125366
25,tep,composite,22,-0.28723081946372986
25,tep,composite,23,-0.3220924139022827
25,tep,composite,24,-0.12310533225536346
25,tep,composite,25,-0.3588479161262512
25,tep,composite,26,-0.2782426178455353
25,tep,composite,27,-0.35439467430114746
25,tep,composite,28,-0.21762214601039886
25,tep,composite,29,-0.3617941439151764
25,tep,composite,30,-0.30424851179122925
25,tep,composite,31,-0.30640098452568054
25,tep,composite,32,-0.30661195516586304
26,tep,composite,0,1.3412566184997559
26,tep,composite,1,1.1242600679397583
26,tep,composite,2,1.133737325668335
26,tep,composite,3,0.6727641224861145
26,tep,composite,4,1.4565895795822144
26,tep,composite,5,-0.2325877547264099
26,tep,composite,6,-0.07161158323287964
26,tep,composite,7,0.5523967146873474
26,tep,composite,8,-0.11267445981502533
26,tep,composite,9,0.05498567968606949
26,tep,composite,10,-0.029926087707281113
26,tep,composite,11,-0.074448361992836
26,tep,composite,12,0.06585424393415451
26,tep,composite,13,-0.3130156695842743
26,tep,composite,14,0.6211377382278442
26,tep,composite,15,0.0911443829536438
26,tep,composite,16,-0.30337274074554443
26,tep,composite,17,0.06563007086515427
26,tep,composite,18,0.4663423001766205
26,tep,composite,19,-0.3344112038612366
26,tep,composite,20,-0.001557379961013794
26,tep,composite,21,-0.020690005272626877
26,tep,composite,22,-0.0428948849439621
26,tep,composite,23,0.6287996768951416
26,tep,composite,24,0.30332282185554504
26,tep,composite,25,0.6405571699142456
26,tep,composite,26,0.030303748324513435
26,tep,composite,27,0.12853273749351501
26,tep,composite,28,0.4202858805656433
26,tep,composite,29,0.5035261511802673
26,tep,composite,30,0.4965307116508484
26,tep,composite,31,0.5318529605865479
26,tep,composite,32,-0.03729667514562607
27,tep,composite,0,0.12018495798110962
27,tep,composite,1,1.4237679243087769
27,tep,composite,2,0.7261722087860107
27,tep,composite,3,0.852759838104248
27,tep,composite,4,-0.19065384566783905
27,tep,composite,5,-0.3478984236717224
27,tep,composite,6,-0.20354756712913513
27,tep,composite,7,-0.32465967535972595
27,tep,composite,8,-0.3178326189517975
27,tep,composite,9,-0.254991352558136
27,tep,composite,10,-0.3310636878013611
27,tep,composite,11,-0.3325248062610626
27,tep,composite,12,-0.24503135681152344
27,tep,composite,13,-0.2902793288230896
27,tep,composite,14,-0.3362080156803131
27,tep,composite,15,-0.37621009349823
27,tep,composite,16,-0.3180812895298004
27,tep,composite,17,-0.3526707887649536
27,tep,composite,18,-0.27955567836761475
27,tep,composite,19,-0.29176801443099976
27,tep,composite,20,-0.1859106868505478
27,tep,composite,21,-0.3570331633090973
27,tep,composite,22,-0.3686680793762207
27,tep,composite,23,-0.02496948279440403
27,tep,composite,24,-0.15924100577831268
27,tep,composite,25,-0.3185119032859802
27,tep,composite,26,-0.21027249097824097
27,tep,composite,27,-0.19687893986701965
27,tep,composite,28,-0.045397743582725525
27,tep,composite,29,-0.11297190189361572
27,tep,composite,30,0.033617809414863586
27,tep,composite,31,0.20170554518699646
27,tep,composite,32,-0.34478119015693665
28,tep,composite,0,0.08268485963344574
28,tep,composite,1,1.078855037689209
28,tep,composite,2,0.764445424079895
28,tep,composite,3,0.6828723549842834
28,tep,composite,4,1.2497103214263916
28,tep,composite,5,0.8025623559951782
28,tep,composite,6,0.08097480982542038
28,tep,composite,7,0.17848584055900574
28,tep,composite,8,0.9106010794639587
28,tep,composite,9,0.22027768194675446
28,tep,composite,10,0.15372219681739807
28,tep,composite,11,0.054137952625751495
28,tep,composite,12,0.1889488697052002
28,tep,composite,13,-0.19134068489074707
28,tep,composite,14,-0.1386142522096634
28,tep,composite,15,0.16693750023841858
28,tep,composite,16,-0.03435703366994858
28,tep,composite,17,0.29352742433547974
28,tep,composite,18,-0.005815982818603516
28,tep,composite,19,-0.051335349678993225
28,tep,composite,20,0.24185405671596527
28,tep,composite,21,0.23881591856479645
28,tep,composite,22,0.41443386673927307
28,tep,composite,23,0.34111642837524414
28,tep,composite,24,0.6198034286499023
28,tep,composite,25,0.4195747375488281
28,tep,composite,26,0.33679550886154175
28,tep,composite,27,0.5535380840301514
28,tep,composite,28,0.876623272895813
28,tep,composite,29,0.7006133794784546
28,tep,composite,30,0.5253090858459473
28,tep,composite,31,0.8398265838623047
28,tep,composite,32,0.2038384974002838
29,tep,composite,0,0.8756454586982727
29,tep,composite,1,1.0279886722564697
29,tep,composite,2,0.31109076738357544
29,tep,composite,3,0.26156336069107056
29,tep,composite,4,0.930728554725647
29,tep,composite,5,-0.17004601657390594
29,tep,composite,6,-0.03903238847851753
29,tep,composite,7,-0.2861151099205017
29,tep,composite,8,-0.3036954402923584
29,tep,composite,9,-0.29646286368370056
29,tep,composite,10,0.09708191454410553
29,tep,composite,11,-0.2562205195426941
29,tep,composite,12,-0.2537829875946045
29,tep,composite,13,0.005736364983022213
29,tep,composite,14,-0.1524767279624939
29,tep,composite,15,0.3049115836620331
29,tep,composite,16,0.24096044898033142
29,tep,composite,17,0.2777828276157379
29,tep,composite,18,-0.019301488995552063
29,tep,composite,19,0.10891144722700119
29,tep,composite,20,-0.2551286220550537
29,tep,composite,21,-0.12035338580608368
29,tep,composite,22,0.36269935965538025
29,tep,composite,23,-0.194534033536911
29,tep,composite,24,-0.049916110932826996
29,tep,composite,25,0.04713405668735504
29,tep,composite,26,0.19177240133285522
29,tep,composite,27,0.27222326397895813
29,tep,composite,28,0.6527678966522217
29,tep,composite,29,0.56689453125
29,tep,composite,30,0.5815250277519226
29,tep,composite,31,0.5483157634735107
29,tep,composite,32,-0.15332189202308655
30,tep,composite,0,0.36346736550331116
30,tep,composite,1,1.1972382068634033
30,tep,composite,2,1.0709247589111328
30,tep,composite,3,1.1279551982879639
30,tep,composite,4,0.8953860998153687
30,tep,composite,5,0.8515587449073792
30,tep,composite,6,1.038794755935669
30,tep,composite,7,0.963443398475647
30,tep,composite,8,0.1304987370967865
30,tep,composite,9,0.8788533210754395
30,tep,composite,10,0.5214027166366577
30,tep,composite,11,0.5531911849975586
30,tep,composite,12,0.5527233481407166
30,tep,composite,13,0.1600050926208496
30,tep,composite,14,0.8987836837768555
30,tep,composite,15,0.616793155670166
30,tep,composite,16,0.23918825387954712
30,tep,composite,17,0.7090615034103394
30,tep,composite,18,0.9631200432777405
30,tep,composite,19,0.22717207670211792
30,tep,composite,20,0.4470357298851013
30,tep,composite,21,0.701880156993866
30,tep,composite,22,0.7246706485748291
30,tep,composite,23,0.8663073778152466
30,tep,composite,24,0.5749938488006592
30,tep,composite,25,1.1565163135528564
30,tep,composite,26,0.9041550159454346
30,tep,composite,27,0.8725097179412842
30,tep,composite,28,0.8478133678436279
30,tep,composite,29,0.661378800868988
30,tep,composite,30,0.8911116123199463
30,tep,composite,31,0.9582751989364624
30,tep,composite,32,0.6970845460891724
31,tep,composite,0,0.7695990800857544
31,tep,composite,1,0.8724774122238159
31,tep,composite,2,-0.33313077688217163
31,tep,composite,3,-0.3636668026447296
31,tep,composite,4,-0.2892376184463501
31,tep,composite,5,-0.3768291175365448
31,tep,composite,6,-0.24712267518043518
31,tep,composite,7,-0.3046758770942688
31,tep,composite,8,-0.2963833808898926
31,tep,composite,9,-0.26301831007003784
31,tep,composite,10,-0.3234235644340515
31,tep,composite,11,-0.09474143385887146
31,tep,composite,12,-0.2706272006034851
31,tep,composite,13,-0.2931951880455017
31,tep,composite,14,-0.33067524433135986
31,tep,composite,15,-0.3664965033531189
31,tep,composite,16,-0.2989996373653412
31,tep,composite,17,-0.3672678470611572
31,tep,composite,18,-0.3160974383354187
31,tep,composite,19,-0.30292171239852905
31,tep,composite,20,-0.3383595049381256
31,tep,composite,21,-0.10919928550720215
31,tep,composite,22,-0.3164643943309784
31,tep,composite,23,-0.3614610433578491
31,tep,composite,24,-0.31840208172798157
31,tep,composite,25,-0.3183726668357849
31,tep,composite,26,-0.33903682231903076
31,tep,composite,27,-0.3668901324272156
31,tep,composite,28,-0.24807389080524445
31,tep,composite,29,-0.25222349166870117
31,tep,composite,30,-0.20666536688804626
31,tep,composite,31,-0.1687990427017212
31,tep,composite,32,-0.356689453125
32,tep,composite,0,1.3083500862121582
32,tep,composite,1,1.114495038986206
32,tep,composite,2,1.105942964553833
32,tep,composite,3,0.5921502113342285
32,tep,composite,4,0.5510063171386719
32,tep,composite,5,0.14337246119976044
32,tep,composite,6,0.5035232305526733
32,tep,composite,7,-0.04835277795791626
32,tep,composite,8,0.6789136528968811
32,tep,composite,9,-0.10286106169223785
32,tep,composite,10,-0.22061116993427277
32,tep,composite,11,0.350908488035202
32,tep,composite,12,0.17990216612815857
32,tep,composite,13,-0.203888401389122
32,tep,composite,14,-0.03346934914588928
32,tep,composite,15,0.04690773785114288
32,tep,composite,16,0.2145555466413498
32,tep,composite,17,0.004665665328502655
32,tep,composite,18,0.044178739190101624
32,tep,composite,19,-0.16488270461559296
32,tep,composite,20,0.30390939116477966
32,tep,composite,21,0.7796344757080078
32,tep,composite,22,-0.18001244962215424
32,tep,composite,23,0.09969495981931686
32,tep,composite,24,0.6162992715835571
32,tep,composite,25,0.2888425588607788
32,tep,composite,26,0.4151671528816223
32,tep,composite,27,0.28438323736190796
32,tep,composite,28,0.5986453890800476
32,tep,composite,29,0.7868475914001465
32,tep,composite,30,0.5313159227371216
32,tep,composite,31,0.8607571125030518
32,tep,composite,32,0.24240392446517944
33,tep,composite,0,0.29423433542251587
33,tep,composite,1,1.6611274480819702
33,tep,composite,2,0.8922069072723389
33,tep,composite,3,0.642195999622345
33,tep,composite,4,0.519172728061676
33,tep,composite,5,0.37540972232818604
33,tep,composite,6,0.375019907951355
33,tep,composite,7,0.08494009077548981
33,tep,composite,8,-0.025783058255910873
33,tep,composite,9,-0.2637197971343994
33,tep,composite,10,0.07762297987937927
33,tep,composite,11,0.03895433247089386
33,tep,composite,12,-0.16103783249855042
33,tep,composite,13,0.3142091929912567
33,tep,composite,14,0.630767285823822
33,tep,composite,15,0.9663413763046265
33,tep,composite,16,-0.276665598154068
33,tep,composite,17,0.7776820063591003
33,tep,composite,18,0.7455673217773438
33,tep,composite,19,0.3326970338821411
33,tep,composite,20,0.009372353553771973
33,tep,composite,21,0.187971830368042
33,tep,composite,22,0.2436206340789795
33,tep,composite,23,0.11099651455879211
33,tep,composite,24,0.12823691964149475
33,tep,composite,25,0.4673481285572052
33,tep,composite,26,1.1573436260223389
33,tep,composite,27,0.8594057559967041
33,tep,composite,28,0.7613576054573059
33,tep,composite,29,0.7865244150161743
33,tep,composite,30,0.933552622795105
33,tep,composite,31,1.2059321403503418
33,tep,composite,32,0.19462159276008606
34,tep,composite,0,0.5324270129203796
34,tep,composite,1,1.3883860111236572
34,tep,composite,2,1.1541993618011475
34,tep,composite,3,1.1309056282043457
34,tep,composite,4,0.6873845458030701
34,tep,composite,5,0.9599065184593201
34,tep,composite,6,0.6887991428375244
34,tep,composite,7,1.025148630142212
34,tep,composite,8,0.7417899370193481
34,tep,composite,9,0.682961642742157
34,tep,composite,10,0.28786730766296387
34,tep,composite,11,0.46712273359298706
34,tep,composite,12,-0.20927217602729797
34,tep,composite,13,0.5507863759994507
34,tep,composite,14,-0.006717324256896973
34,tep,composite,15,0.069024957716465
34,tep,composite,16,0.19706641137599945
34,tep,composite,17,0.27559903264045715
34,tep,composite,18,0.09224475920200348
34,tep,composite,19,0.6212706565856934
34,tep,composite,20,0.07233962416648865
34,tep,composite,21,0.9562193155288696
34,tep,composite,22,0.4890732765197754
34,tep,composite,23,0.5510501861572266
34,tep,composite,24,0.7744970321655273
34,tep,composite,25,0.7978177070617676
34,tep,composite,26,0.9212566614151001
34,tep,composite,27,0.6661072969436646
34,tep,composite,28,0.6833739280700684
34,tep,composite,29,0.7748578190803528
34,tep,composite,30,0.8236796855926514
34,tep,composite,31,0.7956379652023315
34,tep,composite,32,0.2972536087036133
35,tep,composite,0,0.5009450316429138
35,tep,composite,1,1.1607458591461182
35,tep,composite,2,0.6192476749420166
35,tep,composite,3,0.7868202924728394
35,tep,composite,4,0.6394551396369934
35,tep,composite,5,0.2761920392513275
35,tep,composite,6,0.07301589101552963
35,tep,composite,7,0.2769341766834259
35,tep,composite,8,0.015968874096870422
35,tep,composite,9,-0.27374541759490967
35,tep,composite,10,-0.3362143337726593
35,tep,composite,11,0.4680784344673157
35,tep,composite,12,-0.14833791553974152
35,tep,composite,13,-0.3132933974266052
35,tep,composite,14,-0.04899065941572189
35,tep,composite,15,-0.28512221574783325
35,tep,composite,16,-0.32818740606307983
35,tep,composite,17,-0.28238731622695923
35,tep,composite,18,-0.12151002138853073
35,tep,composite,19,-0.2365965098142624
35,tep,composite,20,-0.15484948456287384
35,tep,composite,21,0.3900235593318939
35,tep,composite,22,-0.28316575288772583
35,tep,composite,23,-0.2747268080711365
35,tep,composite,24,0.2385999709367752
35,tep,composite,25,0.17175866663455963
35,tep,composite,26,0.19824981689453125
35,tep,composite,27,0.20141232013702393
35,tep,composite,28,0.42228251695632935
35,tep,composite,29,0.30186671018600464
35,tep,composite,30,0.16946826875209808
35,tep,composite,31,0.4795066714286804
35,tep,composite,32,-0.21955060958862305
36,tep,composite,0,-0.07134708017110825
36,tep,composite,1,0.30817103385925293
36,tep,composite,2,-0.2097472846508026
36,tep,composite,3,-0.19998662173748016
36,tep,composite,4,0.16123175621032715
36,tep,composite,5,-0.2853138744831085
36,tep,composite,6,-0.2955669164657593
36,tep,composite,7,-0.3438979387283325
36,tep,composite,8,-0.35918575525283813
36,tep,composite,9,0.1119888573884964
36,tep,composite,10,-0.22448298335075378
36,tep,composite,11,-0.28670012950897217
36,tep,composite,12,-0.19409769773483276
36,tep,composite,13,-0.21557754278182983
36,tep,composite,14,0.19988049566745758
36,tep,composite,15,-0.3334965407848358
36,tep,composite,16,-0.3136836290359497
36,tep,composite,17,-0.1541636884212494
36,tep,composite,18,-0.3770110607147217
36,tep,composite,19,-0.3630152940750122
36,tep,composite,20,-0.3625086545944214
36,tep,composite,21,-0.34869110584259033
36,tep,composite,22,-0.3663281798362732
36,tep,composite,23,-0.3472486734390259
36,tep,composite,24,-0.34755659103393555
36,tep,composite,25,-0.3586587905883789
36,tep,composite,26,-0.3710280656814575
36,tep,composite,27,-0.3444073796272278
36,tep,composite,28,-0.3083122968673706
36,tep,composite,29,-0.3665873408317566
36,tep,composite,30,-0.22519627213478088
36,tep,composite,31,-0.35928207635879517
36,tep,composite,32,-0.3729024827480316
37,tep,composite,0,1.0856294631958008
37,tep,composite,1,0.9345104694366455
37,tep,composite,2,1.2156473398208618
37,tep,composite,3,1.059386134147644
37,tep,composite,4,0.7129824757575989
37,tep,composite,5,0.4025990068912506
37,tep,composite,6,1.1566188335418701
37,tep,composite,7,1.0680721998214722
37,tep,composite,8,0.6815611720085144
37,tep,composite,9,0.8350664973258972
37,tep,composite,10,0.9912475943565369
37,tep,composite,11,1.0226969718933105
37,tep,composite,12,1.1974570751190186
37,tep,composite,13,1.0739266872406006
37,tep,composite,14,1.1495225429534912
37,tep,composite,15,1.0551918745040894
37,tep,composite,16,0.762474000453949
37,tep,composite,17,0.9960254430770874
37,tep,composite,18,0.7959182262420654
37,tep,composite,19,1.3697187900543213
37,tep,composite,20,0.6819039583206177
37,tep,composite,21,0.7848784923553467
37,tep,composite,22,0.758377194404602
37,tep,composite,23,0.8446999192237854
37,tep,composite,24,0.9596347212791443
37,tep,composite,25,0.9006208181381226
37,tep,composite,26,0.9399329423904419
37,tep,composite,27,1.0976483821868896
37,tep,composite,28,0.8920281529426575
37,tep,composite,29,0.8251450061798096
37,tep,composite,30,0.862413763999939
37,tep,composite,31,0.7871035933494568
37,tep,composite,32,1.1222469806671143
38,tep,composite,0,0.23212474584579468
38,tep,composite,1,0.2948736846446991
38,tep,composite,2,-0.29099440574645996
38,tep,composite,3,-0.29732924699783325
38,tep,composite,4,-0.252133846282959
38,tep,composite,5,-0.08596967905759811
38,tep,composite,6,-0.2585951089859009
38,tep,composite,7,-0.2682555019855499
38,tep,composite,8,-0.24826359748840332
38,tep,composite,9,-0.2564637064933777
38,tep,composite,10,-0.35459432005882263
38,tep,composite,11,-0.3502732515335083
38,tep,composite,12,0.003932496532797813
38,tep,composite,13,-0.2011404037475586
38,tep,composite,14,-0.1551661491394043
38,tep,composite,15,-0.3042824864387512
38,tep,composite,16,-0.31308645009994507
38,tep,composite,17,-0.29864364862442017
38,tep,composite,18,-0.04620403051376343
38,tep,composite,19,-0.32918381690979004
38,tep,composite,20,-0.370979368686676
38,tep,composite,21,-0.37482354044914246
38,tep,composite,22,-0.07156603038311005
38,tep,composite,23,-0.30535078048706055
38,tep,composite,24,-0.3486233949661255
38,tep,composite,25,-0.19782321155071259
38,tep,composite,26,-0.20505058765411377
38,tep,composite,27,-0.3066859543323517
38,tep,composite,28,-0.36378639936447144
38,tep,composite,29,-0.26900169253349304
38,tep,composite,30,-0.3753775954246521
38,tep,composite,31,-0.30414682626724243
38,tep,composite,32,-0.3704613149166107
39,tep,composite,0,0.12271158397197723
39,tep,composite,1,-0.0668182522058487
39,tep,composite,2,-0.3590572476387024
39,tep,composite,3,-0.32228341698646545
39,tep,composite,4,-0.33148592710494995
39,tep,composite,5,-0.055856406688690186
39,tep,composite,6,-0.3734859228134155
39,tep,composite,7,-0.3140651285648346
39,tep,composite,8,-0.016741111874580383
39,tep,composite,9,-0.3736061155796051
39,tep,composite,10,-0.29606446623802185
39,tep,composite,11,-0.32996901869773865
39,tep,composite,12,-0.14943832159042358
39,tep,composite,13,-0.337593674659729
39,tep,composite,14,-0.3192308843135834
39,tep,composite,15,-0.2827726900577545
39,tep,composite,16,-0.18785922229290009
39,tep,composite,17,-0.30233198404312134
39,tep,composite,18,-0.10778443515300751
39,tep,composite,19,-0.22135940194129944
39,tep,composite,20,-0.35323864221572876
39,tep,composite,21,-0.24997222423553467
39,tep,composite,22,-0.22347992658615112
39,tep,composite,23,-0.3550036549568176
39,tep,composite,24,-0.3494505286216736
39,tep,composite,25,-0.23263369500637054
39,tep,composite,26,-0.27435433864593506
39,tep,composite,27,-0.3645590543746948
39,tep,composite,28,-0.350358784198761
39,tep,composite,29,-0.16055817902088165
39,tep,composite,30,-0.24910476803779602
39,tep,composite,31,-0.28353235125541687
39,tep,composite,32,-0.21839497983455658
40,tep,composite,0,-0.2284669727087021
40,tep,composite,1,-0.13513097167015076
40,tep,composite,2,0.9723899960517883
40,tep,composite,3,0.23248261213302612
40,tep,composite,4,0.006756998598575592
40,tep,composite,5,-0.271710067987442
40,tep,composite,6,-0.03298952430486679
40,tep,composite,7,0.09254112839698792
40,tep,composite,8,-0.30811434984207153
40,tep,composite,9,-0.0955827385187149
40,tep,composite,10,0.691649854183197
40,tep,composite,11,0.02794675901532173
40,tep,composite,12,0.266434907913208
40,tep,composite,13,0.06389382481575012
40,tep,composite,14,-0.17827309668064117
40,tep,composite,15,0.03245845437049866
40,tep,composite,16,0.0726688802242279
40,tep,composite,17,-0.038201555609703064
40,tep,composite,18,-0.2482978105545044
40,tep,composite,19,-0.21668551862239838
40,tep,composite,20,-0.19603055715560913
40,tep,composite,21,-0.21247601509094238
40,tep,composite,22,-0.17244330048561096
40,tep,composite,23,0.028825147077441216
40,tep,composite,24,0.0687953531742096
40,tep,composite,25,0.04082971066236496
40,tep,composite,26,0.21445482969284058
40,tep,composite,27,-0.11309143155813217
40,tep,composite,28,0.0301778893917799
40,tep,composite,29,-0.30472877621650696
40,tep,composite,30,-0.13210923969745636
40,tep,composite,31,-0.06212535500526428
40,tep,composite,32,-0.1927746683359146
41,tep,composite,0,0.4812436103820801
41,tep,composite,1,0.7317992448806763
41,tep,composite,2,0.5070614814758301
41,tep,composite,3,-0.23957014083862305
41,tep,composite,4,-0.3091460168361664
41,tep,composite,5,0.16334635019302368
41,tep,composite,6,-0.13682571053504944
41,tep,composite,7,-0.3257431983947754
41,tep,composite,8,-0.05606481432914734
41,tep,composite,9,-0.34205442667007446
41,tep,composite,10,-0.1275584101676941
41,tep,composite,11,-0.18459893763065338
41,tep,composite,12,-0.2111070156097412
41,tep,composite,13,-0.10346221923828125
41,tep,composite,14,-0.3492756485939026
41,tep,composite,15,-0.09201881289482117
41,tep,composite,16,-0.09409375488758087
41,tep,composite,17,-0.09068646281957626
41,tep,composite,18,-0.31096768379211426
41,tep,composite,19,0.4460794925689697
41,tep,composite,20,-0.35613590478897095
41,tep,composite,21,-0.32877129316329956
41,tep,composite,22,-0.2924058735370636
41,tep,composite,23,-0.15358155965805054
41,tep,composite,24,-0.28735649585723877
41,tep,composite,25,-0.33643603324890137
41,tep,composite,26,-0.33002394437789917
41,tep,composite,27,-0.20642752945423126
41,tep,composite,28,-0.3661215901374817
41,tep,composite,29,-0.3530479669570923
41,tep,composite,30,-0.273481547832489
41,tep,composite,31,-0.1058901771903038
41,tep,composite,32,-0.3303159475326538
42,tep,composite,0,0.8115195035934448
42,tep,composite,1,1.4784579277038574
42,tep,composite,2,0.9772108793258667
42,tep,composite,3,0.540847897529602
42,tep,composite,4,0.816377580165863
42,tep,composite,5,0.14988496899604797
42,tep,composite,6,0.26896122097969055
42,tep,composite,7,0.15955886244773865
42,tep,composite,8,0.2815055251121521
42,tep,composite,9,0.8082404732704163
42,tep,composite,10,0.48111552000045776
42,tep,composite,11,-0.027880962938070297
42,tep,composite,12,-0.05529290437698364
42,tep,composite,13,-0.2879858911037445
42,tep,composite,14,0.4007870554924011
42,tep,composite,15,-0.30350106954574585
42,tep,composite,16,-0.26704272627830505
42,tep,composite,17,-0.2202908992767334
42,tep,composite,18,0.19953882694244385
42,tep,composite,19,-0.25724413990974426
42,tep,composite,20,-0.20038509368896484
42,tep,composite,21,-0.2905847728252411
42,tep,composite,22,-0.05945692956447601
42,tep,composite,23,-0.2738410234451294
42,tep,composite,24,-0.19770385324954987
42,tep,composite,25,-0.05198276787996292
42,tep,composite,26,-0.2344779372215271
42,tep,composite,27,-0.1747870296239853
42,tep,composite,28,-0.12044566124677658
42,tep,composite,29,0.9454009532928467
42,tep,composite,30,-0.06670617312192917
42,tep,composite,31,0.02411343902349472
42,tep,composite,32,-0.20904389023780823
43,tep,composite,0,-0.10138951987028122
43,tep,composite,1,0.35298579931259155
43,tep,composite,2,0.11052632331848145
43,tep,composite,3,0.15030944347381592
43,tep,composite,4,0.03746259957551956
43,tep,composite,5,-0.0462324321269989
43,tep,composite,6,-0.18373998999595642
43,tep,composite,7,0.13988302648067474
43,tep,composite,8,-0.13226981461048126
43,tep,composite,9,-0.34543362259864807
43,tep,composite,10,-0.09146028012037277
43,tep,composite,11,0.11336417496204376
43,tep,composite,12,-0.17948241531848907
43,tep,composite,13,0.14128264784812927
43,tep,composite,14,-0.34369057416915894
43,tep,composite,15,-0.13021765649318695
43,tep,composite,16,-0.2204977124929428
43,tep,composite,17,-0.06972132623195648
43,tep,composite,18,-0.24248868227005005
43,tep,composite,19,0.27096322178840637
43,tep,composite,20,0.06205347180366516
43,tep,composite,21,0.37235718965530396
43,tep,composite,22,0.14643494784832
43,tep,composite,23,-0.16194839775562286
43,tep,composite,24,0.10215753316879272
43,tep,composite,25,0.2518937289714813
43,tep,composite,26,0.21759313344955444
43,tep,composite,27,0.0428026020526886
43,tep,composite,28,0.475280225276947
43,tep,composite,29,0.29139024019241333
43,tep,composite,30,0.27825188636779785
43,tep,composite,31,0.4992710053920746
43,tep,composite,32,0.16186963021755219
44,tep,composite,0,-0.0021564140915870667
44,tep,composite,1,1.3267771005630493
44,tep,composite,2,0.6438989043235779
44,tep,composite,3,0.42672020196914673
44,tep,composite,4,0.06476303935050964
44,tep,composite,5,-0.04080464690923691
44,tep,composite,6,0.5823065042495728
44,tep,composite,7,0.13141754269599915
44,tep,composite,8,-0.3647764325141907
44,tep,composite,9,0.3933822810649872
44,tep,composite,10,-0.3728022575378418
44,tep,composite,11,-0.3233702480792999
44,tep,composite,12,-0.345487117767334
44,tep,composite,13,-0.1786220669746399
44,tep,composite,14,-0.25986915826797485
44,tep,composite,15,-0.3385486900806427
44,tep,composite,16,-0.1807352900505066
44,tep,composite,17,-0.3196021318435669
44,tep,composite,18,-0.2951486110687256
44,tep,composite,19,-0.15818095207214355
44,tep,composite,20,-0.2407665103673935
44,tep,composite,21,-0.36914145946502686
44,tep,composite,22,-0.12870895862579346
44,tep,composite,23,-0.2762314975261688
44,tep,composite,24,-0.3518400192260742
44,tep,composite,25,-0.3014862537384033
44,tep,composite,26,-0.20070266723632812
44,tep,composite,27,-0.32800495624542236
44,tep,composite,28,-0.37041062116622925
44,tep,composite,29,-0.21745046973228455
44,tep,composite,30,0.026619940996170044
44,tep,composite,31,-0.25631046295166016
44,tep,composite,32,-0.16061070561408997
45,tep,composite,0,1.5406839847564697
45,tep,composite,1,1.2859787940979004
45,tep,composite,2,1.5606439113616943
45,tep,composite,3,1.6826838254928589
45,tep,composite,4,1.6836663484573364
45,tep,composite,5,1.757300853729248
45,tep,composite,6,1.5048854351043701
45,tep,composite,7,1.3271942138671875
45,tep,composite,8,1.1600956916809082
45,tep,composite,9,1.1269420385360718
45,tep,composite,10,1.051353931427002
45,tep,composite,11,1.0422295331954956
45,tep,composite,12,0.995162308216095
45,tep,composite,13,1.1086266040802002
45,tep,composite,14,1.1734075546264648
45,tep,composite,15,1.38724684715271
45,tep,composite,16,1.7126359939575195
45,tep,composite,17,1.483734130859375
45,tep,composite,18,1.8957972526550293
45,tep,composite,19,1.261751413345337
45,tep,composite,20,1.2379767894744873
45,tep,composite,21,1.621455430984497
45,tep,composite,22,0.9940310716629028
45,tep,composite,23,1.1647193431854248
45,tep,composite,24,1.0488693714141846
45,tep,composite,25,1.3128862380981445
45,tep,composite,26,0.726404070854187
45,tep,composite,27,0.9106024503707886
45,tep,composite,28,0.9617172479629517
45,tep,composite,29,1.4901081323623657
45,tep,composite,30,1.390969157218933
45,tep,composite,31,0.9989292621612549
45,tep,composite,32,1.280076503753662
46,tep,composite,0,0.7109910845756531
46,tep,composite,1,1.2255566120147705
46,tep,composite,2,0.7306079268455505
46,tep,composite,3,0.8262673616409302
46,tep,composite,4,0.964365541934967
46,tep,composite,5,0.23416519165039062
46,tep,composite,6,0.24478721618652344
46,tep,composite,7,-0.03473654389381409
46,tep,composite,8,0.11723886430263519
46,tep,composite,9,-0.02480994164943695
46,tep,composite,10,0.23722152411937714
46,tep,composite,11,0.11826278269290924
46,tep,composite,12,-0.021424084901809692
46,tep,composite,13,0.48861080408096313
46,tep,composite,14,0.12883500754833221
46,tep,composite,15,0.6539435386657715
46,tep,composite,16,0.8732632994651794
46,tep,composite,17,0.49462589621543884
46,tep,composite,18,0.07888634502887726
46,tep,composite,19,0.44640395045280457
46,tep,composite,20,-0.06412506103515625
46,tep,composite,21,0.1371331661939621
46,tep,composite,22,0.28433769941329956
46,tep,composite,23,0.11254669725894928
46,tep,composite,24,0.11962883919477463
46,tep,composite,25,0.2988307774066925
46,tep,composite,26,0.5429157614707947
46,tep,composite,27,0.38925203680992126
46,tep,composite,28,0.5236448645591736
46,tep,composite,29,0.4559398591518402
46,tep,composite,30,0.5557928085327148
46,tep,composite,31,0.8733948469161987
46,tep,composite,32,0.33147671818733215
47,tep,composite,0,-0.1027943342924118
47,tep,composite,1,-0.3284451365470886
47,tep,composite,2,-0.29026496410369873
47,tep,composite,3,-0.17208614945411682
47,tep,composite,4,-0.3069438934326172
47,tep,composite,5,-0.11540010571479797
47,tep,composite,6,-0.2794644832611084
47,tep,composite,7,-0.26270419359207153
47,tep,composite,8,-0.22233951091766357
47,tep,composite,9,-0.22429554164409637
47,tep,composite,10,-0.17131492495536804
47,tep,composite,11,-0.21328294277191162
47,tep,composite,12,0.17941264808177948
47,tep,composite,13,-0.2222752869129181
47,tep,composite,14,-0.36363470554351807
47,tep,composite,15,-0.22903963923454285
47,tep,composite,16,-0.33756792545318604
47,tep,composite,17,-0.21320059895515442
47,tep,composite,18,-0.22018392384052277
47,tep,composite,19,-0.23596134781837463
47,tep,composite,20,-0.21438024938106537
47,tep,composite,21,-0.09899502247571945
47,tep,composite,22,-0.2804270386695862
47,tep,composite,23,-0.318145751953125
47,tep,composite,24,-0.34835267066955566
47,tep,composite,25,-0.32426902651786804
47,tep,composite,26,-0.15566101670265198
47,tep,composite,27,-0.15457729995250702
47,tep,composite,28,0.4195597171783447
47,tep,composite,29,-0.3155550956726074
47,tep,composite,30,-0.16808447241783142
47,tep,composite,31,-0.3014335632324219
47,tep,composite,32,-0.29225483536720276
48,tep,composite,0,0.26271504163742065
48,tep,composite,1,-0.34247350692749023
48,tep,composite,2,-0.33609020709991455
48,tep,composite,3,-0.08928059786558151
48,tep,composite,4,-0.220115065574646
48,tep,composite,5,0.12072660028934479
48,tep,composite,6,-0.2565828561782837
48,tep,composite,7,-0.2296878546476364
48,tep,composite,8,-0.03495447710156441
48,tep,composite,9,-0.22716020047664642
48,tep,composite,10,-0.3480496406555176
48,tep,composite,11,-0.2727639079093933
48,tep,composite,12,-0.3096226751804352
48,tep,composite,13,-0.32514238357543945
48,tep,composite,14,-0.3446881175041199
48,tep,composite,15,-0.24056828022003174
48,tep,composite,16,-0.2535674273967743
48,tep,composite,17,-0.04715884476900101
48,tep,composite,18,0.057676512748003006
48,tep,composite,19,-0.2913854122161865
48,tep,composite,20,-0.27526184916496277
48,tep,composite,21,-0.29371312260627747
48,tep,composite,22,-0.3228989243507385
48,tep,composite,23,-0.2500976622104645
48,tep,composite,24,-0.31083405017852783
48,tep,composite,25,-0.30624881386756897
48,tep,composite,26,-0.32178086042404175
48,tep,composite,27,-0.26915088295936584
48,tep,composite,28,-0.23951822519302368
48,tep,composite,29,-0.22456888854503632
48,tep,composite,30,-0.22184911370277405
48,tep,composite,31,-0.1907629668712616
48,tep,composite,32,-0.2549292743206024
49,tep,composite,0,0.9092572331428528
49,tep,composite,1,0.6457316279411316
49,tep,composite,2,1.0121941566467285
49,tep,composite,3,1.1914974451065063
49,tep,composite,4,1.0112594366073608
49,tep,composite,5,1.1560248136520386
49,tep,composite,6,1.259748935699463
49,tep,composite,7,1.2234652042388916
49,tep,composite,8,1.1520123481750488
49,tep,composite,9,1.146819829940796
49,tep,composite,10,1.114058494567871
49,tep,composite,11,1.0824816226959229
49,tep,composite,12,1.0868909358978271
49,tep,composite,13,1.104392170906067
49,tep,composite,14,1.1128872632980347
49,tep,composite,15,1.1118804216384888
49,tep,composite,16,1.1011959314346313
49,tep,composite,17,1.0865108966827393
49,tep,composite,18,1.0979588031768799
49,tep,composite,19,1.1396193504333496
49,tep,composite,20,1.0390760898590088
49,tep,composite,21,1.1177175045013428
49,tep,composite,22,1.0741335153579712
49,tep,composite,23,1.0355949401855469
49,tep,composite,24,1.105640172958374
49,tep,composite,25,1.043018102645874
49,tep,composite,26,1.0753111839294434
49,tep,composite,27,1.0622761249542236
49,tep,composite,28,1.0511585474014282
49,tep,composite,29,1.1164358854293823
49,tep,composite,30,1.090657353401184
49,tep,composite,31,1.1010719537734985
49,tep,composite,32,1.0431064367294312
50,tep,composite,0,-0.08961847424507141
50,tep,composite,1,2.203002452850342
50,tep,composite,2,1.3240735530853271
50,tep,composite,3,0.687007486820221
50,tep,composite,4,0.5692943334579468
50,tep,composite,5,0.7787423729896545
50,tep,composite,6,0.5054736733436584
50,tep,composite,7,0.7307325601577759
50,tep,composite,8,0.5261930823326111
50,tep,composite,9,0.3314436972141266
50,tep,composite,10,0.20721305906772614
50,tep,composite,11,0.15394964814186096
50,tep,composite,12,0.335570752620697
50,tep,composite,13,0.2824956774711609
50,tep,composite,14,0.07254909723997116
50,tep,composite,15,0.10063214600086212
50,tep,composite,16,0.012102343142032623
50,tep,composite,17,0.1417226791381836
50,tep,composite,18,0.02811077982187271
50,tep,composite,19,0.06312250345945358
50,tep,composite,20,0.08468742668628693
50,tep,composite,21,0.06086360290646553
50,tep,composite,22,0.13280093669891357
50,tep,composite,23,-0.07428207248449326
50,tep,composite,24,-0.02203965373337269
50,tep,composite,25,-0.037443891167640686
50,tep,composite,26,-0.03305146098136902
50,tep,composite,27,0.00652054138481617
50,tep,composite,28,-0.16770653426647186
50,tep,composite,29,-0.11348697543144226
50,tep,composite,30,-0.2033989429473877
50,tep,composite,31,-0.21598835289478302
50,tep,composite,32,-0.004431385546922684
51,tep,composite,0,0.535939633846283
51,tep,composite,1,0.2875736653804779
51,tep,composite,2,0.020766623318195343
51,tep,composite,3,-0.12460057437419891
51,tep,composite,4,-0.3194151520729065
51,tep,composite,5,-0.2794803977012634
51,tep,composite,6,-0.3191002607345581
51,tep,composite,7,-0.32997745275497437
51,tep,composite,8,-0.23636920750141144
51,tep,composite,9,-0.1530141681432724
51,tep,composite,10,-0.1194562315940857
51,tep,composite,11,-0.36190998554229736
51,tep,composite,12,-0.33765527606010437
51,tep,composite,13,-0.3048723340034485
51,tep,composite,14,-0.31847453117370605
51,tep,composite,15,-0.1961207240819931
51,tep,composite,16,-0.22668880224227905
51,tep,composite,17,-0.23809663951396942
51,tep,composite,18,-0.2710597515106201
51,tep,composite,19,-0.3117333650588989
51,tep,composite,20,-0.36070382595062256
51,tep,composite,21,-0.13696248829364777
51,tep,composite,22,-0.34759795665740967
51,tep,composite,23,-0.2509164810180664
51,tep,composite,24,-0.3455808758735657
51,tep,composite,25,-0.2080320417881012
51,tep,composite,26,-0.3547406494617462
51,tep,composite,27,-0.1641797125339508
51,tep,composite,28,-0.10524223744869232
51,tep,composite,29,-0.1193261444568634
51,tep,composite,30,-0.34517890214920044
51,tep,composite,31,-0.3159230351448059
51,tep,composite,32,-0.30640727281570435
0,tep,soft_mask,0,0.5842985510826111
0,tep,soft_mask,1,0.39993128180503845
0,tep,soft_mask,2,0.34359219670295715
0,tep,soft_mask,3,0.3286539316177368
0,tep,soft_mask,4,0.31951653957366943
0,tep,soft_mask,5,0.3038916289806366
0,tep,soft_mask,6,0.29389289021492004
0,tep,soft_mask,7,0.33041298389434814
0,tep,soft_mask,8,0.30237191915512085
0,tep,soft_mask,9,0.28703543543815613
0,tep,soft_mask,10,0.30887657403945923
0,tep,soft_mask,11,0.3334314823150635
0,tep,soft_mask,12,0.3154454529285431
0,tep,soft_mask,13,0.3485373556613922
0,tep,soft_mask,14,0.29229679703712463
0,tep,soft_mask,15,0.30579429864883423
0,tep,soft_mask,16,0.3011595606803894
0,tep,soft_mask,17,0.30831536650657654
0,tep,soft_mask,18,0.2935938239097595
0,tep,soft_mask,19,0.3371680974960327
0,tep,soft_mask,20,0.32774117588996887
0,tep,soft_mask,21,0.36782971024513245
0,tep,soft_mask,22,0.3438906669616699
0,tep,soft_mask,23,0.30652672052383423
0,tep,soft_mask,24,0.35523292422294617
0,tep,soft_mask,25,0.3591679632663727
0,tep,soft_mask,26,0.3602164089679718
0,tep,soft_mask,27,0.3684926927089691
0,tep,soft_mask,28,0.40593335032463074
0,tep,soft_mask,29,0.3991946578025818
0,tep,soft_mask,30,0.3973947763442993
0,tep,soft_mask,31,0.4568312168121338
0,tep,soft_mask,32,0.33545374870300293
1,tep,soft_mask,0,0.42891761660575867
1,tep,soft_mask,1,0.4228708744049072
1,tep,soft_mask,2,0.5059458017349243
1,tep,soft_mask,3,0.2984340488910675
1,tep,soft_mask,4,0.3514334559440613
1,tep,soft_mask,5,0.3094242513179779
1,tep,soft_mask,6,0.30320996046066284
1,tep,soft_mask,7,0.35345008969306946
1,tep,soft_mask,8,0.3062288463115692
1,tep,soft_mask,9,0.3049115836620331
1,tep,soft_mask,10,0.36478888988494873
1,tep,soft_mask,11,0.3239908218383789
1,tep,soft_mask,12,0.31668293476104736
1,tep,soft_mask,13,0.31317123770713806
1,tep,soft_mask,14,0.3430154621601105
1,tep,soft_mask,15,0.3531058430671692
1,tep,soft_mask,16,0.5058695077896118
1,tep,soft_mask,17,0.3389853835105896
1,tep,soft_mask,18,0.3074798583984375
1,tep,soft_mask,19,0.30138418078422546
1,tep,soft_mask,20,0.3105279505252838
1,tep,soft_mask,21,0.3613990247249603
1,tep,soft_mask,22,0.290609747171402
1,tep,soft_mask,23,0.3234183192253113
1,tep,soft_mask,24,0.2953401505947113
1,tep,soft_mask,25,0.3341384828090668
1,tep,soft_mask,26,0.3982091248035431
1,tep,soft_mask,27,0.3104524314403534
1,tep,soft_mask,28,0.31162089109420776
1,tep,soft_mask,29,0.297245591878891
1,tep,soft_mask,30,0.30631378293037415
1,tep,soft_mask,31,0.29197901487350464
1,tep,soft_mask,32,0.3002122938632965
2,tep,soft_mask,0,0.697226345539093
2,tep,soft_mask,1,0.6174695491790771
2,tep,soft_mask,2,0.5892725586891174
2,tep,soft_mask,3,0.4350002706050873
2,tep,soft_mask,4,0.39183053374290466
2,tep,soft_mask,5,0.2901532053947449
2,tep,soft_mask,6,0.29889899492263794
2,tep,soft_mask,7,0.6420428156852722
2,tep,soft_mask,8,0.2875076234340668
2,tep,soft_mask,9,0.29962655901908875
2,tep,soft_mask,10,0.2982966899871826
2,tep,soft_mask,11,0.29274052381515503
2,tep,soft_mask,12,0.298890084028244
2,tep,soft_mask,13,0.3057054281234741
2,tep,soft_mask,14,0.3808957040309906
2,tep,soft_mask,15,0.31038421392440796
2,tep,soft_mask,16,0.2866784334182739
2,tep,soft_mask,17,0.32908663153648376
2,tep,soft_mask,18,0.3768497705459595
2,tep,soft_mask,19,0.3271934688091278
2,tep,soft_mask,20,0.2958131432533264
2,tep,soft_mask,21,0.28725263476371765
2,tep,soft_mask,22,0.29891127347946167
2,tep,soft_mask,23,0.3309100866317749
2,tep,soft_mask,24,0.29991260170936584
2,tep,soft_mask,25,0.3484184443950653
2,tep,soft_mask,26,0.2986197769641876
2,tep,soft_mask,27,0.2923641800880432
2,tep,soft_mask,28,0.3494372069835663
2,tep,soft_mask,29,0.3559083044528961
2,tep,soft_mask,30,0.35688865184783936
2,tep,soft_mask,31,0.2929483950138092
2,tep,soft_mask,32,0.28687116503715515
3,tep,soft_mask,0,0.681693971157074
3,tep,soft_mask,1,0.5810878276824951
3,tep,soft_mask,2,0.5470329523086548
3,tep,soft_mask,3,0.5247071981430054
3,tep,soft_mask,4,0.37436193227767944
3,tep,soft_mask,5,0.3432998061180115
3,tep,soft_mask,6,0.42719143629074097
3,tep,soft_mask,7,0.36369815468788147
3,tep,soft_mask,8,0.3049432933330536
3,tep,soft_mask,9,0.29614338278770447
3,tep,soft_mask,10,0.29323703050613403
3,tep,soft_mask,11,0.3144075274467468
3,tep,soft_mask,12,0.31545811891555786
3,tep,soft_mask,13,0.2992970645427704
3,tep,soft_mask,14,0.29415562748908997
3,tep,soft_mask,15,0.30046990513801575
3,tep,soft_mask,16,0.2934311032295227
3,tep,soft_mask,17,0.29817625880241394
3,tep,soft_mask,18,0.33694878220558167
3,tep,soft_mask,19,0.2954575717449188
3,tep,soft_mask,20,0.3111049234867096
3,tep,soft_mask,21,0.36774858832359314
3,tep,soft_mask,22,0.2883048355579376
3,tep,soft_mask,23,0.3379252552986145
3,tep,soft_mask,24,0.2865544557571411
3,tep,soft_mask,25,0.2878928780555725
3,tep,soft_mask,26,0.2982301115989685
3,tep,soft_mask,27,0.2868749499320984
3,tep,soft_mask,28,0.30363035202026367
3,tep,soft_mask,29,0.29571354389190674
3,tep,soft_mask,30,0.28604140877723694
3,tep,soft_mask,31,0.32162725925445557
3,tep,soft_mask,32,0.29626813530921936
4,tep,soft_mask,0,0.29229873418807983
4,tep,soft_mask,1,0.33423715829849243
4,tep,soft_mask,2,0.2996844947338104
4,tep,soft_mask,3,0.32010114192962646
4,tep,soft_mask,4,0.3158551752567291
4,tep,soft_mask,5,0.2928503751754761
4,tep,soft_mask,6,0.30888909101486206
4,tep,soft_mask,7,0.30090299248695374
4,tep,soft_mask,8,0.30802422761917114
4,tep,soft_mask,9,0.2972370684146881
4,tep,soft_mask,10,0.2986379861831665
4,tep,soft_mask,11,0.33225929737091064
4,tep,soft_mask,12,0.2959060072898865
4,tep,soft_mask,13,0.2926265299320221
4,tep,soft_mask,14,0.2925510108470917
4,tep,soft_mask,15,0.29280734062194824
4,tep,soft_mask,16,0.3094460666179657
4,tep,soft_mask,17,0.2943951487541199
4,tep,soft_mask,18,0.2908473312854767
4,tep,soft_mask,19,0.31683897972106934
4,tep,soft_mask,20,0.2921876609325409
4,tep,soft_mask,21,0.3354535698890686
4,tep,soft_mask,22,0.2899091839790344
4,tep,soft_mask,23,0.38304832577705383
4,tep,soft_mask,24,0.29308515787124634
4,tep,soft_mask,25,0.2929922044277191
4,tep,soft_mask,26,0.2979264259338379
4,tep,soft_mask,27,0.3005027174949646
4,tep,soft_mask,28,0.29614919424057007
4,tep,soft_mask,29,0.28924140334129333
4,tep,soft_mask,30,0.29628926515579224
4,tep,soft_mask,31,0.3270244300365448
4,tep,soft_mask,32,0.3022603988647461
5,tep,soft_mask,0,0.507500171661377
5,tep,soft_mask,1,0.47142377495765686
5,tep,soft_mask,2,0.34991276264190674
5,tep,soft_mask,3,0.28866398334503174
5,tep,soft_mask,4,0.31856873631477356
5,tep,soft_mask,5,0.3023102283477783
5,tep,soft_mask,6,0.3289784789085388
5,tep,soft_mask,7,0.30552607774734497
5,tep,soft_mask,8,0.29579806327819824
5,tep,soft_mask,9,0.3192014694213867
5,tep,soft_mask,10,0.30762577056884766
5,tep,soft_mask,11,0.30737796425819397
5,tep,soft_mask,12,0.29822999238967896
5,tep,soft_mask,13,0.31615597009658813
5,tep,soft_mask,14,0.29920467734336853
5,tep,soft_mask,15,0.3003230094909668
5,tep,soft_mask,16,0.29297053813934326
5,tep,soft_mask,17,0.33519458770751953
5,tep,soft_mask,18,0.3224503993988037
5,tep,soft_mask,19,0.4004530906677246
5,tep,soft_mask,20,0.3194093704223633
5,tep,soft_mask,21,0.30753660202026367
5,tep,soft_mask,22,0.43470820784568787
5,tep,soft_mask,23,0.29862120747566223
5,tep,soft_mask,24,0.3104168176651001
5,tep,soft_mask,25,0.3022134602069855
5,tep,soft_mask,26,0.3394867777824402
5,tep,soft_mask,27,0.3087191581726074
5,tep,soft_mask,28,0.305620402097702
5,tep,soft_mask,29,0.3626331686973572
5,tep,soft_mask,30,0.30473124980926514
5,tep,soft_mask,31,0.2925233840942383
5,tep,soft_mask,32,0.29336392879486084
6,tep,soft_mask,0,0.581667959690094
6,tep,soft_mask,1,0.6535168886184692
6,tep,soft_mask,2,0.7087752819061279
6,tep,soft_mask,3,0.7052769064903259
6,tep,soft_mask,4,0.6525527238845825
6,tep,soft_mask,5,0.665940523147583
6,tep,soft_mask,6,0.6416416764259338
6,tep,soft_mask,7,0.6721991300582886
6,tep,soft_mask,8,0.6629541516304016
6,tep,soft_mask,9,0.7299568057060242
6,tep,soft_mask,10,0.6868253350257874
6,tep,soft_mask,11,0.6560531258583069
6,tep,soft_mask,12,0.7351967096328735
6,tep,soft_mask,13,0.7212859392166138
6,tep,soft_mask,14,0.6936221718788147
6,tep,soft_mask,15,0.6795129776000977
6,tep,soft_mask,16,0.6991761922836304
6,tep,soft_mask,17,0.7233359813690186
6,tep,soft_mask,18,0.7178429365158081
6,tep,soft_mask,19,0.7493553161621094
6,tep,soft_mask,20,0.6904340386390686
6,tep,soft_mask,21,0.728864848613739
6,tep,soft_mask,22,0.7371865510940552
6,tep,soft_mask,23,0.697787344455719
6,tep,soft_mask,24,0.6854588389396667
6,tep,soft_mask,25,0.7336743474006653
6,tep,soft_mask,26,0.6965239644050598
6,tep,soft_mask,27,0.7037236094474792
6,tep,soft_mask,28,0.6944467425346375
6,tep,soft_mask,29,0.7679678201675415
6,tep,soft_mask,30,0.7193190455436707
6,tep,soft_mask,31,0.7154855728149414
6,tep,soft_mask,32,0.7221117615699768
7,tep,soft_mask,0,0.6990175247192383
7,tep,soft_mask,1,0.5505431294441223
7,tep,soft_mask,2,0.5022270679473877
7,tep,soft_mask,3,0.3843967616558075
7,tep,soft_mask,4,0.3869868814945221
7,tep,soft_mask,5,0.30570897459983826
7,tep,soft_mask,6,0.31691035628318787
7,tep,soft_mask,7,0.3094167411327362
7,tep,soft_mask,8,0.3077705204486847
7,tep,soft_mask,9,0.36592888832092285
7,tep,soft_mask,10,0.302496075630188
7,tep,soft_mask,11,0.29386353492736816
7,tep,soft_mask,12,0.2967715263366699
7,tep,soft_mask,13,0.37597402930259705
7,tep,soft_mask,14,0.2945624589920044
7,tep,soft_mask,15,0.29056814312934875
7,tep,soft_mask,16,0.31313928961753845
7,tep,soft_mask,17,0.2990152835845947
7,tep,soft_mask,18,0.546724259853363
7,tep,soft_mask,19,0.2883003056049347
7,tep,soft_mask,20,0.3284000754356384
7,tep,soft_mask,21,0.33981141448020935
7,tep,soft_mask,22,0.3042624890804291
7,tep,soft_mask,23,0.2938530743122101
7,tep,soft_mask,24,0.30004480481147766
7,tep,soft_mask,25,0.37088385224342346
7,tep,soft_mask,26,0.3004041612148285
7,tep,soft_mask,27,0.33140015602111816
7,tep,soft_mask,28,0.297385573387146
7,tep,soft_mask,29,0.31759318709373474
7,tep,soft_mask,30,0.33329859375953674
7,tep,soft_mask,31,0.29889094829559326
7,tep,soft_mask,32,0.3693777322769165
8,tep,soft_mask,0,0.5932398438453674
8,tep,soft_mask,1,0.7055975794792175
8,tep,soft_mask,2,0.4622647762298584
8,tep,soft_mask,3,0.4256577789783478
8,tep,soft_mask,4,0.4144420027732849
8,tep,soft_mask,5,0.3978525996208191
8,tep,soft_mask,6,0.3898662328720093
8,tep,soft_mask,7,0.42875155806541443
8,tep,soft_mask,8,0.4455183446407318
8,tep,soft_mask,9,0.381161093711853
8,tep,soft_mask,10,0.38992637395858765
8,tep,soft_mask,11,0.3476238250732422
8,tep,soft_mask,12,0.38283365964889526
8,tep,soft_mask,13,0.39451849460601807
8,tep,soft_mask,14,0.3466128706932068
8,tep,soft_mask,15,0.4111666977405548
8,tep,soft_mask,16,0.31979086995124817
8,tep,soft_mask,17,0.3328711688518524
8,tep,soft_mask,18,0.3390292823314667
8,tep,soft_mask,19,0.34078821539878845
8,tep,soft_mask,20,0.3612089157104492
8,tep,soft_mask,21,0.35284680128097534
8,tep,soft_mask,22,0.3852090537548065
8,tep,soft_mask,23,0.33634963631629944
8,tep,soft_mask,24,0.334914892911911
8,tep,soft_mask,25,0.3299635946750641
8,tep,soft_mask,26,0.3210779130458832
8,tep,soft_mask,27,0.3443196713924408
8,tep,soft_mask,28,0.3221892714500427
8,tep,soft_mask,29,0.3308577835559845
8,tep,soft_mask,30,0.2924979329109192
8,tep,soft_mask,31,0.3109646141529083
8,tep,soft_mask,32,0.33882468938827515
9,tep,soft_mask,0,0.5465840101242065
9,tep,soft_mask,1,0.5517472624778748
9,tep,soft_mask,2,0.45195379853248596
9,tep,soft_mask,3,0.43000033497810364
9,tep,soft_mask,4,0.4472796320915222
9,tep,soft_mask,5,0.36660292744636536
9,tep,soft_mask,6,0.32015570998191833
9,tep,soft_mask,7,0.2969953715801239
9,tep,soft_mask,8,0.306699275970459
9,tep,soft_mask,9,0.2896212041378021
9,tep,soft_mask,10,0.3093984127044678
9,tep,soft_mask,11,0.2986992299556732
9,tep,soft_mask,12,0.2887539863586426
9,tep,soft_mask,13,0.38046640157699585
9,tep,soft_mask,14,0.3014553189277649
9,tep,soft_mask,15,0.38433703780174255
9,tep,soft_mask,16,0.41404956579208374
9,tep,soft_mask,17,0.4248918890953064
9,tep,soft_mask,18,0.3048553466796875
9,tep,soft_mask,19,0.3812865912914276
9,tep,soft_mask,20,0.3089500963687897
9,tep,soft_mask,21,0.35014331340789795
9,tep,soft_mask,22,0.3421552777290344
9,tep,soft_mask,23,0.3081042468547821
9,tep,soft_mask,24,0.3369655907154083
9,tep,soft_mask,25,0.3363863527774811
9,tep,soft_mask,26,0.3925829529762268
9,tep,soft_mask,27,0.4205940067768097
9,tep,soft_mask,28,0.44482699036598206
9,tep,soft_mask,29,0.4559163451194763
9,tep,soft_mask,30,0.4097142815589905
9,tep,soft_mask,31,0.4845195412635803
9,tep,soft_mask,32,0.2942027747631073
10,tep,soft_mask,0,0.5055645704269409
10,tep,soft_mask,1,0.6791900992393494
10,tep,soft_mask,2,0.7877864837646484
10,tep,soft_mask,3,0.7765794396400452
10,tep,soft_mask,4,0.7408815026283264
10,tep,soft_mask,5,0.614277720451355
10,tep,soft_mask,6,0.5645501613616943
10,tep,soft_mask,7,0.6291040778160095
10,tep,soft_mask,8,0.4452255070209503
10,tep,soft_mask,9,0.5943323969841003
10,tep,soft_mask,10,0.3920358419418335
10,tep,soft_mask,11,0.40057098865509033
10,tep,soft_mask,12,0.5039898753166199
10,tep,soft_mask,13,0.4036432206630707
10,tep,soft_mask,14,0.4930446147918701
10,tep,soft_mask,15,0.5051161646842957
10,tep,soft_mask,16,0.5217958092689514
10,tep,soft_mask,17,0.5551329851150513
10,tep,soft_mask,18,0.6224052906036377
10,tep,soft_mask,19,0.6016685366630554
10,tep,soft_mask,20,0.5375025868415833
10,tep,soft_mask,21,0.6060582399368286
10,tep,soft_mask,22,0.6699866056442261
10,tep,soft_mask,23,0.621552586555481
10,tep,soft_mask,24,0.590682327747345
10,tep,soft_mask,25,0.6209152340888977
10,tep,soft_mask,26,0.5556806921958923
10,tep,soft_mask,27,0.6656293272972107
10,tep,soft_mask,28,0.6592975854873657
10,tep,soft_mask,29,0.5960554480552673
10,tep,soft_mask,30,0.6301681399345398
10,tep,soft_mask,31,0.6582638025283813
10,tep,soft_mask,32,0.5994083285331726
11,tep,soft_mask,0,0.32967573404312134
11,tep,soft_mask,1,0.32220733165740967
11,tep,soft_mask,2,0.30066826939582825
11,tep,soft_mask,3,0.3257785439491272
11,tep,soft_mask,4,0.2925710082054138
11,tep,soft_mask,5,0.35529330372810364
11,tep,soft_mask,6,0.3174579441547394
11,tep,soft_mask,7,0.3028855621814728
11,tep,soft_mask,8,0.31987857818603516
11,tep,soft_mask,9,0.3273485600948334
11,tep,soft_mask,10,0.31989017128944397
11,tep,soft_mask,11,0.30886006355285645
11,tep,soft_mask,12,0.38584959506988525
11,tep,soft_mask,13,0.30997079610824585
11,tep,soft_mask,14,0.28868550062179565
11,tep,soft_mask,15,0.3693160116672516
11,tep,soft_mask,16,0.29203662276268005
11,tep,soft_mask,17,0.31257563829421997
11,tep,soft_mask,18,0.30014175176620483
11,tep,soft_mask,19,0.2998490035533905
11,tep,soft_mask,20,0.33084556460380554
11,tep,soft_mask,21,0.33922284841537476
11,tep,soft_mask,22,0.3064882755279541
11,tep,soft_mask,23,0.2956371307373047
11,tep,soft_mask,24,0.2927953600883484
11,tep,soft_mask,25,0.29422348737716675
11,tep,soft_mask,26,0.34673795104026794
11,tep,soft_mask,27,0.3507097065448761
11,tep,soft_mask,28,0.4734169840812683
11,tep,soft_mask,29,0.3008754849433899
11,tep,soft_mask,30,0.3264023959636688
11,tep,soft_mask,31,0.3017120957374573
11,tep,soft_mask,32,0.2942422330379486
12,tep,soft_mask,0,0.6466628909111023
12,tep,soft_mask,1,0.6735424995422363
12,tep,soft_mask,2,0.7569980025291443
12,tep,soft_mask,3,0.7509005069732666
12,tep,soft_mask,4,0.721497118473053
12,tep,soft_mask,5,0.7494944334030151
12,tep,soft_mask,6,0.718112587928772
12,tep,soft_mask,7,0.731292188167572
12,tep,soft_mask,8,0.6948738098144531
12,tep,soft_mask,9,0.7505520582199097
12,tep,soft_mask,10,0.7014225721359253
12,tep,soft_mask,11,0.6567107439041138
12,tep,soft_mask,12,0.7587289810180664
12,tep,soft_mask,13,0.7497971057891846
12,tep,soft_mask,14,0.700742244720459
12,tep,soft_mask,15,0.7103644609451294
12,tep,soft_mask,16,0.7152624726295471
12,tep,soft_mask,17,0.742570698261261
12,tep,soft_mask,18,0.7364401817321777
12,tep,soft_mask,19,0.7420445680618286
12,tep,soft_mask,20,0.6913999915122986
12,tep,soft_mask,21,0.7227972745895386
12,tep,soft_mask,22,0.7668127417564392
12,tep,soft_mask,23,0.7264800667762756
12,tep,soft_mask,24,0.7094870805740356
12,tep,soft_mask,25,0.7056237459182739
12,tep,soft_mask,26,0.7003278136253357
12,tep,soft_mask,27,0.7152462601661682
12,tep,soft_mask,28,0.7279459834098816
12,tep,soft_mask,29,0.778698742389679
12,tep,soft_mask,30,0.746366560459137
12,tep,soft_mask,31,0.7322245836257935
12,tep,soft_mask,32,0.7536177635192871
13,tep,soft_mask,0,0.32676368951797485
13,tep,soft_mask,1,0.3526565730571747
13,tep,soft_mask,2,0.28890281915664673
13,tep,soft_mask,3,0.3044872581958771
13,tep,soft_mask,4,0.2942611575126648
13,tep,soft_mask,5,0.3126605153083801
13,tep,soft_mask,6,0.325655072927475
13,tep,soft_mask,7,0.3051217198371887
13,tep,soft_mask,8,0.2993275225162506
13,tep,soft_mask,9,0.32610249519348145
13,tep,soft_mask,10,0.31078606843948364
13,tep,soft_mask,11,0.34942275285720825
13,tep,soft_mask,12,0.36641794443130493
13,tep,soft_mask,13,0.3083379566669464
13,tep,soft_mask,14,0.43311187624931335
13,tep,soft_mask,15,0.36267298460006714
13,tep,soft_mask,16,0.3199547827243805
13,tep,soft_mask,17,0.321674108505249
13,tep,soft_mask,18,0.3103102445602417
13,tep,soft_mask,19,0.3878534734249115
13,tep,soft_mask,20,0.3079019784927368
13,tep,soft_mask,21,0.37699833512306213
13,tep,soft_mask,22,0.43131306767463684
13,tep,soft_mask,23,0.32298335433006287
13,tep,soft_mask,24,0.3247912526130676
13,tep,soft_mask,25,0.3252730369567871
13,tep,soft_mask,26,0.32123348116874695
13,tep,soft_mask,27,0.3097439408302307
13,tep,soft_mask,28,0.5293070077896118
13,tep,soft_mask,29,0.4379555583000183
13,tep,soft_mask,30,0.4432796537876129
13,tep,soft_mask,31,0.37170282006263733
13,tep,soft_mask,32,0.3067917823791504
14,tep,soft_mask,0,0.33713477849960327
14,tep,soft_mask,1,0.29323840141296387
14,tep,soft_mask,2,0.29619553685188293
14,tep,soft_mask,3,0.33142003417015076
14,tep,soft_mask,4,0.31807053089141846
14,tep,soft_mask,5,0.3309115171432495
14,tep,soft_mask,6,0.32698777318000793
14,tep,soft_mask,7,0.3448176085948944
14,tep,soft_mask,8,0.3359413743019104
14,tep,soft_mask,9,0.32454714179039
14,tep,soft_mask,10,0.29005569219589233
14,tep,soft_mask,11,0.3263668715953827
14,tep,soft_mask,12,0.30710864067077637
14,tep,soft_mask,13,0.31765061616897583
14,tep,soft_mask,14,0.29271069169044495
14,tep,soft_mask,15,0.3195871114730835
14,tep,soft_mask,16,0.32081931829452515
14,tep,soft_mask,17,0.3265756666660309
14,tep,soft_mask,18,0.38759326934814453
14,tep,soft_mask,19,0.3135254383087158
14,tep,soft_mask,20,0.30786100029945374
14,tep,soft_mask,21,0.332445353269577
14,tep,soft_mask,22,0.30301982164382935
14,tep,soft_mask,23,0.3054247796535492
14,tep,soft_mask,24,0.3017924427986145
14,tep,soft_mask,25,0.30379772186279297
14,tep,soft_mask,26,0.2976810038089752
14,tep,soft_mask,27,0.3247271478176117
14,tep,soft_mask,28,0.33899256587028503
14,tep,soft_mask,29,0.32149726152420044
14,tep,soft_mask,30,0.3298899531364441
14,tep,soft_mask,31,0.3288165330886841
14,tep,soft_mask,32,0.31058794260025024
15,tep,soft_mask,0,0.5327606797218323
15,tep,soft_mask,1,0.6548956036567688
15,tep,soft_mask,2,0.6896281838417053
15,tep,soft_mask,3,0.6684555411338806
15,tep,soft_mask,4,0.6461286544799805
15,tep,soft_mask,5,0.6093085408210754
15,tep,soft_mask,6,0.5975110530853271
15,tep,soft_mask,7,0.6468164920806885
15,tep,soft_mask,8,0.623141348361969
15,tep,soft_mask,9,0.6850842237472534
15,tep,soft_mask,10,0.6635478734970093
15,tep,soft_mask,11,0.6019126772880554
15,tep,soft_mask,12,0.6919254064559937
15,tep,soft_mask,13,0.7102380990982056
15,tep,soft_mask,14,0.6832466125488281
15,tep,soft_mask,15,0.6554490923881531
15,tep,soft_mask,16,0.62296062707901
15,tep,soft_mask,17,0.7138330936431885
15,tep,soft_mask,18,0.6889134049415588
15,tep,soft_mask,19,0.6920302510261536
15,tep,soft_mask,20,0.6457615494728088
15,tep,soft_mask,21,0.682068407535553
15,tep,soft_mask,22,0.6666466593742371
15,tep,soft_mask,23,0.6731091141700745
15,tep,soft_mask,24,0.6542876958847046
15,tep,soft_mask,25,0.6729724407196045
15,tep,soft_mask,26,0.6643437743186951
15,tep,soft_mask,27,0.667906641960144
15,tep,soft_mask,28,0.6644159555435181
15,tep,soft_mask,29,0.6976336240768433
15,tep,soft_mask,30,0.6673896312713623
15,tep,soft_mask,31,0.6759375333786011
15,tep,soft_mask,32,0.6587435007095337
16,tep,soft_mask,0,0.3576081395149231
16,tep,soft_mask,1,0.3340127766132355
16,tep,soft_mask,2,0.3069722652435303
16,tep,soft_mask,3,0.3013599216938019
16,tep,soft_mask,4,0.30949321389198303
16,tep,soft_mask,5,0.2938733994960785
16,tep,soft_mask,6,0.29320716857910156
16,tep,soft_mask,7,0.3386448323726654
16,tep,soft_mask,8,0.31358155608177185
16,tep,soft_mask,9,0.34789183735847473
16,tep,soft_mask,10,0.31545671820640564
16,tep,soft_mask,11,0.29557523131370544
16,tep,soft_mask,12,0.3031774163246155
16,tep,soft_mask,13,0.332477867603302
16,tep,soft_mask,14,0.30363526940345764
16,tep,soft_mask,15,0.3260338306427002
16,tep,soft_mask,16,0.3424210548400879
16,tep,soft_mask,17,0.32962578535079956
16,tep,soft_mask,18,0.34192413091659546
16,tep,soft_mask,19,0.3271482586860657
16,tep,soft_mask,20,0.3002959191799164
16,tep,soft_mask,21,0.34191465377807617
16,tep,soft_mask,22,0.313208669424057
16,tep,soft_mask,23,0.32080963253974915
16,tep,soft_mask,24,0.30218616127967834
16,tep,soft_mask,25,0.4168453812599182
16,tep,soft_mask,26,0.3039189279079437
16,tep,soft_mask,27,0.3292452394962311
16,tep,soft_mask,28,0.33099281787872314
16,tep,soft_mask,29,0.3724583387374878
16,tep,soft_mask,30,0.3071257770061493
16,tep,soft_mask,31,0.31437990069389343
16,tep,soft_mask,32,0.3158556818962097
17,tep,soft_mask,0,0.6595742106437683
17,tep,soft_mask,1,0.5656858682632446
17,tep,soft_mask,2,0.7119688391685486
17,tep,soft_mask,3,0.761397123336792
17,tep,soft_mask,4,0.7415634989738464
17,tep,soft_mask,5,0.7561011910438538
17,tep,soft_mask,6,0.7357442378997803
17,tep,soft_mask,7,0.8039159178733826
17,tep,soft_mask,8,0.6809386610984802
17,tep,soft_mask,9,0.7175163626670837
17,tep,soft_mask,10,0.6702291369438171
17,tep,soft_mask,11,0.632465124130249
17,tep,soft_mask,12,0.685005784034729
17,tep,soft_mask,13,0.6498059630393982
17,tep,soft_mask,14,0.6540049314498901
17,tep,soft_mask,15,0.6657577753067017
17,tep,soft_mask,16,0.6828099489212036
17,tep,soft_mask,17,0.6768757700920105
17,tep,soft_mask,18,0.6663597226142883
17,tep,soft_mask,19,0.6748469471931458
17,tep,soft_mask,20,0.6624028086662292
17,tep,soft_mask,21,0.6527338624000549
17,tep,soft_mask,22,0.660762369632721
17,tep,soft_mask,23,0.6597347259521484
17,tep,soft_mask,24,0.6638596653938293
17,tep,soft_mask,25,0.6593173146247864
17,tep,soft_mask,26,0.650859534740448
17,tep,soft_mask,27,0.6603981256484985
17,tep,soft_mask,28,0.6656649112701416
17,tep,soft_mask,29,0.6625693440437317
17,tep,soft_mask,30,0.6618112921714783
17,tep,soft_mask,31,0.655850350856781
17,tep,soft_mask,32,0.6634460091590881
18,tep,soft_mask,0,0.5356488227844238
18,tep,soft_mask,1,0.5430695414543152
18,tep,soft_mask,2,0.6399292945861816
18,tep,soft_mask,3,0.7044382691383362
18,tep,soft_mask,4,0.6445370316505432
18,tep,soft_mask,5,0.7090417146682739
18,tep,soft_mask,6,0.694849967956543
18,tep,soft_mask,7,0.7020277380943298
18,tep,soft_mask,8,0.6796627640724182
18,tep,soft_mask,9,0.6885229349136353
18,tep,soft_mask,10,0.6778556108474731
18,tep,soft_mask,11,0.6907228231430054
18,tep,soft_mask,12,0.6448167562484741
18,tep,soft_mask,13,0.641069769859314
18,tep,soft_mask,14,0.6277778744697571
18,tep,soft_mask,15,0.6491277813911438
18,tep,soft_mask,16,0.6348074078559875
18,tep,soft_mask,17,0.6180364489555359
18,tep,soft_mask,18,0.6157715916633606
18,tep,soft_mask,19,0.5999835133552551
18,tep,soft_mask,20,0.6364311575889587
18,tep,soft_mask,21,0.6352476477622986
18,tep,soft_mask,22,0.6473519802093506
18,tep,soft_mask,23,0.6244449019432068
18,tep,soft_mask,24,0.5969328880310059
18,tep,soft_mask,25,0.6229944229125977
18,tep,soft_mask,26,0.6341454386711121
18,tep,soft_mask,27,0.6478761434555054
18,tep,soft_mask,28,0.6480048894882202
18,tep,soft_mask,29,0.5960938334465027
18,tep,soft_mask,30,0.6067761182785034
18,tep,soft_mask,31,0.6112251281738281
18,tep,soft_mask,32,0.6226950883865356
19,tep,soft_mask,0,0.6064716577529907
19,tep,soft_mask,1,0.5766684412956238
19,tep,soft_mask,2,0.6595705151557922
19,tep,soft_mask,3,0.7090299129486084
19,tep,soft_mask,4,0.7087562680244446
19,tep,soft_mask,5,0.711383581161499
19,tep,soft_mask,6,0.6987413167953491
19,tep,soft_mask,7,0.7129309773445129
19,tep,soft_mask,8,0.7089009881019592
19,tep,soft_mask,9,0.7064729928970337
19,tep,soft_mask,10,0.7249806523323059
19,tep,soft_mask,11,0.691619873046875
19,tep,soft_mask,12,0.7206984162330627
19,tep,soft_mask,13,0.6882708668708801
19,tep,soft_mask,14,0.7061700820922852
19,tep,soft_mask,15,0.7020227909088135
19,tep,soft_mask,16,0.7223081588745117
19,tep,soft_mask,17,0.7209365367889404
19,tep,soft_mask,18,0.7127739191055298
19,tep,soft_mask,19,0.6941771507263184
19,tep,soft_mask,20,0.72288978099823
19,tep,soft_mask,21,0.7106671333312988
19,tep,soft_mask,22,0.7118838429450989
19,tep,soft_mask,23,0.6771442890167236
19,tep,soft_mask,24,0.6966023445129395
19,tep,soft_mask,25,0.6974725723266602
19,tep,soft_mask,26,0.6536933183670044
19,tep,soft_mask,27,0.6851562857627869
19,tep,soft_mask,28,0.694692850112915
19,tep,soft_mask,29,0.7186869382858276
19,tep,soft_mask,30,0.6862746477127075
19,tep,soft_mask,31,0.7349153161048889
19,tep,soft_mask,32,0.6906812787055969
20,tep,soft_mask,0,0.48945724964141846
20,tep,soft_mask,1,0.7499791979789734
20,tep,soft_mask,2,0.5842249393463135
20,tep,soft_mask,3,0.4364844560623169
20,tep,soft_mask,4,0.4011387228965759
20,tep,soft_mask,5,0.45837342739105225
20,tep,soft_mask,6,0.4052092432975769
20,tep,soft_mask,7,0.4707854688167572
20,tep,soft_mask,8,0.4633651077747345
20,tep,soft_mask,9,0.4041774570941925
20,tep,soft_mask,10,0.4144960641860962
20,tep,soft_mask,11,0.3926696479320526
20,tep,soft_mask,12,0.4141795039176941
20,tep,soft_mask,13,0.43176087737083435
20,tep,soft_mask,14,0.3863075375556946
20,tep,soft_mask,15,0.3825598657131195
20,tep,soft_mask,16,0.3688476085662842
20,tep,soft_mask,17,0.3712126314640045
20,tep,soft_mask,18,0.37939319014549255
20,tep,soft_mask,19,0.40286967158317566
20,tep,soft_mask,20,0.4165611267089844
20,tep,soft_mask,21,0.38140738010406494
20,tep,soft_mask,22,0.3702307343482971
20,tep,soft_mask,23,0.4019434154033661
20,tep,soft_mask,24,0.39264771342277527
20,tep,soft_mask,25,0.37096723914146423
20,tep,soft_mask,26,0.4000973701477051
20,tep,soft_mask,27,0.3923647701740265
20,tep,soft_mask,28,0.3646552562713623
20,tep,soft_mask,29,0.35923147201538086
20,tep,soft_mask,30,0.34250888228416443
20,tep,soft_mask,31,0.3569026291370392
20,tep,soft_mask,32,0.320112943649292
21,tep,soft_mask,0,0.4983396530151367
21,tep,soft_mask,1,0.7597925066947937
21,tep,soft_mask,2,0.6683087348937988
21,tep,soft_mask,3,0.5977064371109009
21,tep,soft_mask,4,0.569104015827179
21,tep,soft_mask,5,0.4635160565376282
21,tep,soft_mask,6,0.4302942454814911
21,tep,soft_mask,7,0.5247387290000916
21,tep,soft_mask,8,0.35995954275131226
21,tep,soft_mask,9,0.47193920612335205
21,tep,soft_mask,10,0.2997124195098877
21,tep,soft_mask,11,0.29689884185791016
21,tep,soft_mask,12,0.44640180468559265
21,tep,soft_mask,13,0.30445507168769836
21,tep,soft_mask,14,0.33641770482063293
21,tep,soft_mask,15,0.33400672674179077
21,tep,soft_mask,16,0.3727814257144928
21,tep,soft_mask,17,0.341837078332901
21,tep,soft_mask,18,0.3745238184928894
21,tep,soft_mask,19,0.4025239944458008
21,tep,soft_mask,20,0.3658654987812042
21,tep,soft_mask,21,0.31230321526527405
21,tep,soft_mask,22,0.6176989078521729
21,tep,soft_mask,23,0.31823959946632385
21,tep,soft_mask,24,0.3190748393535614
21,tep,soft_mask,25,0.32420045137405396
21,tep,soft_mask,26,0.3829677999019623
21,tep,soft_mask,27,0.3491900861263275
21,tep,soft_mask,28,0.32480892539024353
21,tep,soft_mask,29,0.3298805058002472
21,tep,soft_mask,30,0.3703225255012512
21,tep,soft_mask,31,0.34214353561401367
21,tep,soft_mask,32,0.37787124514579773
22,tep,soft_mask,0,0.42492666840553284
22,tep,soft_mask,1,0.5702186822891235
22,tep,soft_mask,2,0.4392422139644623
22,tep,soft_mask,3,0.45573070645332336
22,tep,soft_mask,4,0.5203148126602173
22,tep,soft_mask,5,0.39059343934059143
22,tep,soft_mask,6,0.44684359431266785
22,tep,soft_mask,7,0.5891520977020264
22,tep,soft_mask,8,0.4836147725582123
22,tep,soft_mask,9,0.3550320565700531
22,tep,soft_mask,10,0.5033712983131409
22,tep,soft_mask,11,0.5765465497970581
22,tep,soft_mask,12,0.37030720710754395
22,tep,soft_mask,13,0.6039254665374756
22,tep,soft_mask,14,0.30736520886421204
22,tep,soft_mask,15,0.42621323466300964
22,tep,soft_mask,16,0.31008267402648926
22,tep,soft_mask,17,0.4303956627845764
22,tep,soft_mask,18,0.3253292143344879
22,tep,soft_mask,19,0.5894970297813416
22,tep,soft_mask,20,0.4056435525417328
22,tep,soft_mask,21,0.5351431965827942
22,tep,soft_mask,22,0.5628516674041748
22,tep,soft_mask,23,0.412535697221756
22,tep,soft_mask,24,0.5087831020355225
22,tep,soft_mask,25,0.5869808793067932
22,tep,soft_mask,26,0.46835681796073914
22,tep,soft_mask,27,0.4342135488986969
22,tep,soft_mask,28,0.528134822845459
22,tep,soft_mask,29,0.5301165580749512
22,tep,soft_mask,30,0.5692884922027588
22,tep,soft_mask,31,0.615648090839386
22,tep,soft_mask,32,0.3904455900192261
23,tep,soft_mask,0,0.5763497352600098
23,tep,soft_mask,1,0.638572096824646
23,tep,soft_mask,2,0.45799434185028076
23,tep,soft_mask,3,0.3431875705718994
23,tep,soft_mask,4,0.38701388239860535
23,tep,soft_mask,5,0.35645341873168945
23,tep,soft_mask,6,0.28828367590904236
23,tep,soft_mask,7,0.3417232930660248
23,tep,soft_mask,8,0.29754164814949036
23,tep,soft_mask,9,0.2906932234764099
23,tep,soft_mask,10,0.2893158793449402
23,tep,soft_mask,11,0.2984088659286499
23,tep,soft_mask,12,0.2923440635204315
23,tep,soft_mask,13,0.3288194239139557
23,tep,soft_mask,14,0.4056987166404724
23,tep,soft_mask,15,0.32609307765960693
23,tep,soft_mask,16,0.29816585779190063
23,tep,soft_mask,17,0.3224963843822479
23,tep,soft_mask,18,0.3906148374080658
23,tep,soft_mask,19,0.32267698645591736
23,tep,soft_mask,20,0.29110872745513916
23,tep,soft_mask,21,0.32895222306251526
23,tep,soft_mask,22,0.2968740165233612
23,tep,soft_mask,23,0.28615689277648926
23,tep,soft_mask,24,0.28673556447029114
23,tep,soft_mask,25,0.3035935163497925
23,tep,soft_mask,26,0.2911469638347626
23,tep,soft_mask,27,0.33756566047668457
23,tep,soft_mask,28,0.3594799339771271
23,tep,soft_mask,29,0.3284825384616852
23,tep,soft_mask,30,0.3419577181339264
23,tep,soft_mask,31,0.3932066857814789
23,tep,soft_mask,32,0.29352712631225586
24,tep,soft_mask,0,0.4788867235183716
24,tep,soft_mask,1,0.6080756783485413
24,tep,soft_mask,2,0.5662387013435364
24,tep,soft_mask,3,0.6040508151054382
24,tep,soft_mask,4,0.5027721524238586
24,tep,soft_mask,5,0.6588805913925171
24,tep,soft_mask,6,0.6306381225585938
24,tep,soft_mask,7,0.470673143863678
24,tep,soft_mask,8,0.49965786933898926
24,tep,soft_mask,9,0.32956191897392273
24,tep,soft_mask,10,0.32907816767692566
24,tep,soft_mask,11,0.3920150697231293
24,tep,soft_mask,12,0.37935957312583923
24,tep,soft_mask,13,0.4676813781261444
24,tep,soft_mask,14,0.35058191418647766
24,tep,soft_mask,15,0.3848693370819092
24,tep,soft_mask,16,0.3038339912891388
24,tep,soft_mask,17,0.385914146900177
24,tep,soft_mask,18,0.40240758657455444
24,tep,soft_mask,19,0.4683230519294739
24,tep,soft_mask,20,0.44474634528160095
24,tep,soft_mask,21,0.4379827678203583
24,tep,soft_mask,22,0.37815916538238525
24,tep,soft_mask,23,0.42557138204574585
24,tep,soft_mask,24,0.5146200060844421
24,tep,soft_mask,25,0.474519819021225
24,tep,soft_mask,26,0.5812282562255859
24,tep,soft_mask,27,0.6127204298973083
24,tep,soft_mask,28,0.5326956510543823
24,tep,soft_mask,29,0.5202815532684326
24,tep,soft_mask,30,0.5082235336303711
24,tep,soft_mask,31,0.5478184819221497
24,tep,soft_mask,32,0.41160085797309875
25,tep,soft_mask,0,0.5769999623298645
25,tep,soft_mask,1,0.5797865390777588
25,tep,soft_mask,2,0.4917510449886322
25,tep,soft_mask,3,0.2893965542316437
25,tep,soft_mask,4,0.40780407190322876
25,tep,soft_mask,5,0.3073251247406006
25,tep,soft_mask,6,0.30999910831451416
25,tep,soft_mask,7,0.299387663602829
25,tep,soft_mask,8,0.35482528805732727
25,tep,soft_mask,9,0.3061015009880066
25,tep,soft_mask,10,0.3066377639770508
25,tep,soft_mask,11,0.2918078601360321
25,tep,soft_mask,12,0.30336686968803406
25,tep,soft_mask,13,0.33275726437568665
25,tep,soft_mask,14,0.31032508611679077
25,tep,soft_mask,15,0.3604904115200043
25,tep,soft_mask,16,0.48546916246414185
25,tep,soft_mask,17,0.37490662932395935
25,tep,soft_mask,18,0.3379139304161072
25,tep,soft_mask,19,0.3102684020996094
25,tep,soft_mask,20,0.29337456822395325
25,tep,soft_mask,21,0.30639681220054626
25,tep,soft_mask,22,0.30434370040893555
25,tep,soft_mask,23,0.2971256971359253
25,tep,soft_mask,24,0.33959490060806274
25,tep,soft_mask,25,0.2896237075328827
25,tep,soft_mask,26,0.3062205910682678
25,tep,soft_mask,27,0.2905266284942627
25,tep,soft_mask,28,0.3190456032752991
25,tep,soft_mask,29,0.28902724385261536
25,tep,soft_mask,30,0.3008078932762146
25,tep,soft_mask,31,0.30036231875419617
25,tep,soft_mask,32,0.30031871795654297
26,tep,soft_mask,0,0.6849710941314697
26,tep,soft_mask,1,0.6371596455574036
26,tep,soft_mask,2,0.6393141150474548
26,tep,soft_mask,3,0.529593825340271
26,tep,soft_mask,4,0.7089456915855408
26,tep,soft_mask,5,0.3158528804779053
26,tep,soft_mask,6,0.3510563373565674
26,tep,soft_mask,7,0.5
26,tep,soft_mask,8,0.3419019877910614
26,tep,soft_mask,9,0.37995216250419617
26,tep,soft_mask,10,0.3604629337787628
26,tep,soft_mask,11,0.3504202961921692
26,tep,soft_mask,12,0.38247644901275635
26,tep,soft_mask,13,0.2989954650402069
26,tep,soft_mask,14,0.5169141292572021
26,tep,soft_mask,15,0.3883746564388275
26,tep,soft_mask,16,0.3009892702102661
26,tep,soft_mask,17,0.38242435455322266
26,tep,soft_mask,18,0.47883036732673645
26,tep,soft_mask,19,0.29459887742996216
26,tep,soft_mask,20,0.36692681908607483
26,tep,soft_mask,21,0.3625619411468506
26,tep,soft_mask,22,0.3575245141983032
26,tep,soft_mask,23,0.518797755241394
26,tep,soft_mask,24,0.4389958381652832
26,tep,soft_mask,25,0.5216871500015259
26,tep,soft_mask,26,0.374243825674057
26,tep,soft_mask,27,0.39715418219566345
26,tep,soft_mask,28,0.4675266444683075
26,tep,soft_mask,29,0.48797282576560974
26,tep,soft_mask,30,0.4862520396709442
26,tep,soft_mask,31,0.4949433207511902
26,tep,soft_mask,32,0.35879164934158325
27,tep,soft_mask,0,0.39518797397613525
27,tep,soft_mask,1,0.7022327780723572
27,tep,soft_mask,2,0.5426708459854126
27,tep,soft_mask,3,0.5734002590179443
27,tep,soft_mask,4,0.3248418867588043
27,tep,soft_mask,5,0.2918468117713928
27,tep,soft_mask,6,0.3220638334751129
27,tep,soft_mask,7,0.29659807682037354
27,tep,soft_mask,8,0.29800236225128174
27,tep,soft_mask,9,0.31110572814941406
27,tep,soft_mask,10,0.2952842712402344
27,tep,soft_mask,11,0.29498499631881714
27,tep,soft_mask,12,0.3132113218307495
27,tep,soft_mask,13,0.30370858311653137
27,tep,soft_mask,14,0.2942313551902771
27,tep,soft_mask,15,0.286119282245636
27,tep,soft_mask,16,0.2979511320590973
27,tep,soft_mask,17,0.2908766269683838
27,tep,soft_mask,18,0.3059459924697876
27,tep,soft_mask,19,0.3033987283706665
27,tep,soft_mask,20,0.3258669972419739
27,tep,soft_mask,21,0.28999146819114685
27,tep,soft_mask,22,0.28763845562934875
27,tep,soft_mask,23,0.361588716506958
27,tep,soft_mask,24,0.3316616714000702
27,tep,soft_mask,25,0.2978624701499939
27,tep,soft_mask,26,0.3206197917461395
27,tep,soft_mask,27,0.32349908351898193
27,tep,soft_mask,28,0.35695862770080566
27,tep,soft_mask,29,0.3418360948562622
27,tep,soft_mask,30,0.37500831484794617
27,tep,soft_mask,31,0.4145248234272003
27,tep,soft_mask,32,0.29248151183128357
28,tep,soft_mask,0,0.38639795780181885
28,tep,soft_mask,1,0.6267622113227844
28,tep,soft_mask,2,0.5520070791244507
28,tep,soft_mask,3,0.5320725440979004
28,tep,soft_mask,4,0.6652047038078308
28,tep,soft_mask,5,0.5612688660621643
28,tep,soft_mask,6,0.38599884510040283
28,tep,soft_mask,7,0.4089874029159546
28,tep,soft_mask,8,0.5872693061828613
28,tep,soft_mask,9,0.41896963119506836
28,tep,soft_mask,10,0.4031071364879608
28,tep,soft_mask,11,0.37975552678108215
28,tep,soft_mask,12,0.4114798605442047
28,tep,soft_mask,13,0.32469359040260315
28,tep,soft_mask,14,0.336178719997406
28,tep,soft_mask,15,0.40624183416366577
28,tep,soft_mask,16,0.3594578206539154
28,tep,soft_mask,17,0.4366220533847809
28,tep,soft_mask,18,0.36595335602760315
28,tep,soft_mask,19,0.3556179106235504
28,tep,soft_mask,20,0.42414987087249756
28,tep,soft_mask,21,0.42341938614845276
28,tep,soft_mask,22,0.4660924971103668
28,tep,soft_mask,23,0.44818007946014404
28,tep,soft_mask,24,0.5165860652923584
28,tep,soft_mask,25,0.46735233068466187
28,tep,soft_mask,26,0.4471281170845032
28,tep,soft_mask,27,0.5002809166908264
28,tep,soft_mask,28,0.5791375637054443
28,tep,soft_mask,29,0.5364189743995667
28,tep,soft_mask,30,0.49333271384239197
28,tep,soft_mask,31,0.570282518863678
28,tep,soft_mask,32,0.41503459215164185
29,tep,soft_mask,0,0.5789028406143188
29,tep,soft_mask,1,0.614973783493042
29,tep,soft_mask,2,0.44088029861450195
29,tep,soft_mask,3,0.4288964867591858
29,tep,soft_mask,4,0.5920643210411072
29,tep,soft_mask,5,0.3293077349662781
29,tep,soft_mask,6,0.35839855670928955
29,tep,soft_mask,7,0.3045763075351715
29,tep,soft_mask,8,0.3009224534034729
29,tep,soft_mask,9,0.3024226427078247
29,tep,soft_mask,10,0.3897642493247986
29,tep,soft_mask,11,0.3108464181423187
29,tep,soft_mask,12,0.31136074662208557
29,tep,soft_mask,13,0.3685965836048126
29,tep,soft_mask,14,0.3331395983695984
29,tep,soft_mask,15,0.43938112258911133
29,tep,soft_mask,16,0.4239349663257599
29,tep,soft_mask,17,0.43281254172325134
29,tep,soft_mask,18,0.3628779649734497
29,tep,soft_mask,19,0.3925381004810333
29,tep,soft_mask,20,0.31107673048973083
29,tep,soft_mask,21,0.34020283818244934
29,tep,soft_mask,22,0.45344120264053345
29,tep,soft_mask,23,0.32400456070899963
29,tep,soft_mask,24,0.3559381663799286
29,tep,soft_mask,25,0.37813258171081543
29,tep,soft_mask,26,0.4121532440185547
29,tep,soft_mask,27,0.43146926164627075
29,tep,soft_mask,28,0.5246862769126892
29,tep,soft_mask,29,0.5035685896873474
29,tep,soft_mask,30,0.5071694254875183
29,tep,soft_mask,31,0.49899548292160034
29,tep,soft_mask,32,0.3329547643661499
30,tep,soft_mask,0,0.45362865924835205
30,tep,soft_mask,1,0.6536023020744324
30,tep,soft_mask,2,0.6249338388442993
30,tep,soft_mask,3,0.6380003094673157
30,tep,soft_mask,4,0.5836336016654968
30,tep,soft_mask,5,0.5731109380722046
30,tep,soft_mask,6,0.6174899935722351
30,tep,soft_mask,7,0.5998204350471497
30,tep,soft_mask,8,0.39761772751808167
30,tep,soft_mask,9,0.5796725749969482
30,tep,soft_mask,10,0.4923713803291321
30,tep,soft_mask,11,0.5001955628395081
30,tep,soft_mask,12,0.500080406665802
30,tep,soft_mask,13,0.4045964777469635
30,tep,soft_mask,14,0.5844463109970093
30,tep,soft_mask,15,0.5158458948135376
30,tep,soft_mask,16,0.4235089123249054
30,tep,soft_mask,17,0.5384867787361145
30,tep,soft_mask,18,0.5997439622879028
30,tep,soft_mask,19,0.42062294483184814
30,tep,soft_mask,20,0.4740886092185974
30,tep,soft_mask,21,0.536729097366333
30,tep,soft_mask,22,0.5423038601875305
30,tep,soft_mask,23,0.5766599178314209
30,tep,soft_mask,24,0.5055620670318604
30,tep,soft_mask,25,0.6444695591926575
30,tep,soft_mask,26,0.5857301354408264
30,tep,soft_mask,27,0.5781500339508057
30,tep,soft_mask,28,0.5722085237503052
30,tep,soft_mask,29,0.526800274848938
30,tep,soft_mask,30,0.5826104879379272
30,tep,soft_mask,31,0.5985983610153198
30,tep,soft_mask,32,0.535554826259613
31,tep,soft_mask,0,0.5532615780830383
31,tep,soft_mask,1,0.5781422257423401
31,tep,soft_mask,2,0.29486092925071716
31,tep,soft_mask,3,0.28864848613739014
31,tep,soft_mask,4,0.3039255440235138
31,tep,soft_mask,5,0.2859947979450226
31,tep,soft_mask,6,0.3127685785293579
31,tep,soft_mask,7,0.30071941018104553
31,tep,soft_mask,8,0.3024391531944275
31,tep,soft_mask,9,0.3094143867492676
31,tep,soft_mask,10,0.2968520522117615
31,tep,soft_mask,11,0.3458859324455261
31,tep,soft_mask,12,0.30781590938568115
31,tep,soft_mask,13,0.3031018078327179
31,tep,soft_mask,14,0.2953639030456543
31,tep,soft_mask,15,0.2880767583847046
31,tep,soft_mask,16,0.30189597606658936
31,tep,soft_mask,17,0.2879210412502289
31,tep,soft_mask,18,0.29835987091064453
31,tep,soft_mask,19,0.30108270049095154
31,tep,soft_mask,20,0.29379165172576904
31,tep,soft_mask,21,0.34267231822013855
31,tep,soft_mask,22,0.29828426241874695
31,tep,soft_mask,23,0.28909462690353394
31,tep,soft_mask,24,0.29788509011268616
31,tep,soft_mask,25,0.29789113998413086
31,tep,soft_mask,26,0.293653279542923
31,tep,soft_mask,27,0.2879972755908966
31,tep,soft_mask,28,0.3125672936439514
31,tep,soft_mask,29,0.311690092086792
31,tep,soft_mask,30,0.3213939368724823
31,tep,soft_mask,31,0.3295789361000061
31,tep,soft_mask,32,0.2900611460208893
32,tep,soft_mask,0,0.6779381632804871
32,tep,soft_mask,1,0.6349339485168457
32,tep,soft_mask,2,0.6329799294471741
32,tep,soft_mask,3,0.5097840428352356
32,tep,soft_mask,4,0.4996577501296997
32,tep,soft_mask,5,0.40065765380859375
32,tep,soft_mask,6,0.4879721403121948
32,tep,soft_mask,7,0.3562910854816437
32,tep,soft_mask,8,0.5311020016670227
32,tep,soft_mask,9,0.3440793454647064
32,tep,soft_mask,10,0.3184065520763397
32,tep,soft_mask,11,0.4505656659603119
32,tep,soft_mask,12,0.4093244969844818
32,tep,soft_mask,13,0.3219905495643616
32,tep,soft_mask,14,0.35965901613235474
32,tep,soft_mask,15,0.3780801594257355
32,tep,soft_mask,16,0.4175987243652344
32,tep,soft_mask,17,0.3683512806892395
32,tep,soft_mask,18,0.37744855880737305
32,tep,soft_mask,19,0.3304315209388733
32,tep,soft_mask,20,0.4391380250453949
32,tep,soft_mask,21,0.5557025074958801
32,tep,soft_mask,22,0.327144056558609
32,tep,soft_mask,23,0.39037632942199707
32,tep,soft_mask,24,0.5157244205474854
32,tep,soft_mask,25,0.4354877173900604
32,tep,soft_mask,26,0.4662722051143646
32,tep,soft_mask,27,0.43440863490104675
32,tep,soft_mask,28,0.5113821029663086
32,tep,soft_mask,29,0.5574551820755005
32,tep,soft_mask,30,0.49481111764907837
32,tep,soft_mask,31,0.5753252506256104
32,tep,soft_mask,32,0.42428210377693176
33,tep,soft_mask,0,0.43679317831993103
33,tep,soft_mask,1,0.7486936450004578
33,tep,soft_mask,2,0.582872748374939
33,tep,soft_mask,3,0.5220897197723389
33,tep,soft_mask,4,0.49182265996932983
33,tep,soft_mask,5,0.4565444886684418
33,tep,soft_mask,6,0.4564492702484131
33,tep,soft_mask,7,0.3869245648384094
33,tep,soft_mask,8,0.36140382289886475
33,tep,soft_mask,9,0.3092668354511261
33,tep,soft_mask,10,0.38521698117256165
33,tep,soft_mask,11,0.376240611076355
33,tep,soft_mask,12,0.33126962184906006
33,tep,soft_mask,13,0.4416373372077942
33,tep,soft_mask,14,0.5192813277244568
33,tep,soft_mask,15,0.6005051136016846
33,tep,soft_mask,16,0.3065505623817444
33,tep,soft_mask,17,0.5552278161048889
33,tep,soft_mask,18,0.5474061965942383
33,tep,soft_mask,19,0.44613078236579895
33,tep,soft_mask,20,0.36943015456199646
33,tep,soft_mask,21,0.4112469255924225
33,tep,soft_mask,22,0.42457476258277893
33,tep,soft_mask,23,0.39302775263786316
33,tep,soft_mask,24,0.39708447456359863
33,tep,soft_mask,25,0.47907745838165283
33,tep,soft_mask,26,0.6446561813354492
33,tep,soft_mask,27,0.5750001668930054
33,tep,soft_mask,28,0.5512551069259644
33,tep,soft_mask,29,0.5573767423629761
33,tep,soft_mask,30,0.592735767364502
33,tep,soft_mask,31,0.6555378437042236
33,tep,soft_mask,32,0.4128331243991852
34,tep,soft_mask,0,0.49508464336395264
34,tep,soft_mask,1,0.6948972940444946
34,tep,soft_mask,2,0.643946647644043
34,tep,soft_mask,3,0.6386709213256836
34,tep,soft_mask,4,0.533178448677063
34,tep,soft_mask,5,0.5989842414855957
34,tep,soft_mask,6,0.5335251092910767
34,tep,soft_mask,7,0.6143115162849426
34,tep,soft_mask,8,0.5464845895767212
34,tep,soft_mask,9,0.532094419002533
34,tep,soft_mask,10,0.4352516233921051
34,tep,soft_mask,11,0.4790220856666565
34,tep,soft_mask,12,0.3208343982696533
34,tep,soft_mask,13,0.49960359930992126
34,tep,soft_mask,14,0.36574745178222656
34,tep,soft_mask,15,0.3832140564918518
34,tep,soft_mask,16,0.4134167432785034
34,tep,soft_mask,17,0.4322848320007324
34,tep,soft_mask,18,0.38863199949264526
34,tep,soft_mask,19,0.5169468522071838
34,tep,soft_mask,20,0.3839857578277588
34,tep,soft_mask,21,0.5981119275093079
34,tep,soft_mask,22,0.48441797494888306
34,tep,soft_mask,23,0.49966856837272644
34,tep,soft_mask,24,0.5544532537460327
34,tep,soft_mask,25,0.5601181983947754
34,tep,soft_mask,26,0.5898100137710571
34,tep,soft_mask,27,0.5279607176780701
34,tep,soft_mask,28,0.5321954488754272
34,tep,soft_mask,29,0.5545409917831421
34,tep,soft_mask,30,0.5663821697235107
34,tep,soft_mask,31,0.5595893263816833
34,tep,soft_mask,32,0.437524676322937
35,tep,soft_mask,0,0.4873378574848175
35,tep,soft_mask,1,0.6454232335090637
35,tep,soft_mask,2,0.5164494514465332
35,tep,soft_mask,3,0.5574486255645752
35,tep,soft_mask,4,0.5214163064956665
35,tep,soft_mask,5,0.43242812156677246
35,tep,soft_mask,6,0.38414329290390015
35,tep,soft_mask,7,0.4326074421405792
35,tep,soft_mask,8,0.37094441056251526
35,tep,soft_mask,9,0.3071621358394623
35,tep,soft_mask,10,0.29423007369041443
35,tep,soft_mask,11,0.4792569577693939
35,tep,soft_mask,12,0.33404555916786194
35,tep,soft_mask,13,0.29893818497657776
35,tep,soft_mask,14,0.35614705085754395
35,tep,soft_mask,15,0.304783433675766
35,tep,soft_mask,16,0.2958739101886749
35,tep,soft_mask,17,0.3053542971611023
35,tep,soft_mask,18,0.33994725346565247
35,tep,soft_mask,19,0.31500059366226196
35,tep,soft_mask,20,0.3326207995414734
35,tep,soft_mask,21,0.4601167142391205
35,tep,soft_mask,22,0.3051917254924774
35,tep,soft_mask,23,0.30695652961730957
35,tep,soft_mask,24,0.4233674705028534
35,tep,soft_mask,25,0.4073873460292816
35,tep,soft_mask,26,0.41369932889938354
35,tep,soft_mask,27,0.41445478796958923
35,tep,soft_mask,28,0.4680160880088806
35,tep,soft_mask,29,0.4386427700519562
35,tep,soft_mask,30,0.40684300661087036
35,tep,soft_mask,31,0.4820657968521118
35,tep,soft_mask,32,0.31863322854042053
36,tep,soft_mask,0,0.3511156737804413
36,tep,soft_mask,1,0.44017183780670166
36,tep,soft_mask,2,0.3207324743270874
36,tep,soft_mask,3,0.32282981276512146
36,tep,soft_mask,4,0.40488749742507935
36,tep,soft_mask,5,0.3047434389591217
36,tep,soft_mask,6,0.30260875821113586
36,tep,soft_mask,7,0.29266154766082764
36,tep,soft_mask,8,0.28955528140068054
36,tep,soft_mask,9,0.39326077699661255
36,tep,soft_mask,10,0.31757980585098267
36,tep,soft_mask,11,0.30445435643196106
36,tep,soft_mask,12,0.3240986466407776
36,tep,soft_mask,13,0.31948310136795044
36,tep,soft_mask,14,0.41408881545066833
36,tep,soft_mask,15,0.29478609561920166
36,tep,soft_mask,16,0.2988576591014862
36,tep,soft_mask,17,0.3327707052230835
36,tep,soft_mask,18,0.2859582304954529
36,tep,soft_mask,19,0.28878021240234375
36,tep,soft_mask,20,0.28888270258903503
36,tep,soft_mask,21,0.2916855216026306
36,tep,soft_mask,22,0.28811076283454895
36,tep,soft_mask,23,0.291979044675827
36,tep,soft_mask,24,0.2919163405895233
36,tep,soft_mask,25,0.2896620035171509
36,tep,soft_mask,26,0.28716254234313965
36,tep,soft_mask,27,0.2925576865673065
36,tep,soft_mask,28,0.2999670207500458
36,tep,soft_mask,29,0.28805842995643616
36,tep,soft_mask,30,0.3174276053905487
36,tep,soft_mask,31,0.2895357608795166
36,tep,soft_mask,32,0.28678491711616516
37,tep,soft_mask,0,0.6283211708068848
37,tep,soft_mask,1,0.5929633975028992
37,tep,soft_mask,2,0.6576945781707764
37,tep,soft_mask,3,0.6222671270370483
37,tep,soft_mask,4,0.5394461154937744
37,tep,soft_mask,5,0.46319398283958435
37,tep,soft_mask,6,0.6444926857948303
37,tep,soft_mask,7,0.624275267124176
37,tep,soft_mask,8,0.5317510366439819
37,tep,soft_mask,9,0.5691335797309875
37,tep,soft_mask,10,0.6063733696937561
37,tep,soft_mask,11,0.6137393712997437
37,tep,soft_mask,12,0.6536511182785034
37,tep,soft_mask,13,0.6256263256072998
37,tep,soft_mask,14,0.642890214920044
37,tep,soft_mask,15,0.6212959885597229
37,tep,soft_mask,16,0.5515269637107849
37,tep,soft_mask,17,0.6074956059455872
37,tep,soft_mask,18,0.5596573948860168
37,tep,soft_mask,19,0.690986692905426
37,tep,soft_mask,20,0.53183513879776
37,tep,soft_mask,21,0.5569769144058228
37,tep,soft_mask,22,0.5505291223526001
37,tep,soft_mask,23,0.5714579820632935
37,tep,soft_mask,24,0.5989199280738831
37,tep,soft_mask,25,0.5848854780197144
37,tep,soft_mask,26,0.5942513942718506
37,tep,soft_mask,27,0.6310805678367615
37,tep,soft_mask,28,0.5828299522399902
37,tep,soft_mask,29,0.5667364597320557
37,tep,soft_mask,30,0.5757237076759338
37,tep,soft_mask,31,0.557517409324646
37,tep,soft_mask,32,0.6367012858390808
38,tep,soft_mask,0,0.4218118190765381
38,tep,soft_mask,1,0.43694809079170227
38,tep,soft_mask,2,0.30355972051620483
38,tep,soft_mask,3,0.3022426962852478
38,tep,soft_mask,4,0.3117090165615082
38,tep,soft_mask,5,0.3478425145149231
38,tep,soft_mask,6,0.31034576892852783
38,tep,soft_mask,7,0.30831366777420044
38,tep,soft_mask,8,0.3125271797180176
38,tep,soft_mask,9,0.3107951283454895
38,tep,soft_mask,10,0.2904861271381378
38,tep,soft_mask,11,0.29136380553245544
38,tep,soft_mask,12,0.36818334460258484
38,tep,soft_mask,13,0.32258152961730957
38,tep,soft_mask,14,0.33255159854888916
38,tep,soft_mask,15,0.3008008599281311
38,tep,soft_mask,16,0.29898086190223694
38,tep,soft_mask,17,0.30196982622146606
38,tep,soft_mask,18,0.3567764461040497
38,tep,soft_mask,19,0.2956695854663849
38,tep,soft_mask,20,0.2871723771095276
38,tep,soft_mask,21,0.2863982021808624
38,tep,soft_mask,22,0.35106655955314636
38,tep,soft_mask,23,0.300579696893692
38,tep,soft_mask,24,0.29169929027557373
38,tep,soft_mask,25,0.3232956528663635
38,tep,soft_mask,26,0.3217407763004303
38,tep,soft_mask,27,0.3003033697605133
38,tep,soft_mask,28,0.2886243164539337
38,tep,soft_mask,29,0.3081569969654083
38,tep,soft_mask,30,0.28628674149513245
38,tep,soft_mask,31,0.3008289337158203
38,tep,soft_mask,32,0.2872768044471741
39,tep,soft_mask,0,0.3957827389240265
39,tep,soft_mask,1,0.35213229060173035
39,tep,soft_mask,2,0.289581298828125
39,tep,soft_mask,3,0.2970864176750183
39,tep,soft_mask,4,0.2951977849006653
39,tep,soft_mask,5,0.3545984625816345
39,tep,soft_mask,6,0.28666743636131287
39,tep,soft_mask,7,0.2987789213657379
39,tep,soft_mask,8,0.36346104741096497
39,tep,soft_mask,9,0.28664323687553406
39,tep,soft_mask,10,0.30250540375709534
39,tep,soft_mask,11,0.29550859332084656
39,tep,soft_mask,12,0.33380451798439026
39,tep,soft_mask,13,0.29394814372062683
39,tep,soft_mask,14,0.2977144718170166
39,tep,soft_mask,15,0.3052738308906555
39,tep,soft_mask,16,0.32544565200805664
39,tep,soft_mask,17,0.3012049198150635
39,tep,soft_mask,18,0.34298616647720337
39,tep,soft_mask,19,0.3182466924190521
39,tep,soft_mask,20,0.2907613217830658
39,tep,soft_mask,21,0.3121658265590668
39,tep,soft_mask,22,0.3177938461303711
39,tep,soft_mask,23,0.2904030680656433
39,tep,soft_mask,24,0.2915310561656952
39,tep,soft_mask,25,0.3158430755138397
39,tep,soft_mask,26,0.30703455209732056
39,tep,soft_mask,27,0.2884681522846222
39,tep,soft_mask,28,0.29134640097618103
39,tep,soft_mask,29,0.33137425780296326
39,tep,soft_mask,30,0.31234923005104065
39,tep,soft_mask,31,0.3051152229309082
39,tep,soft_mask,32,0.3188803195953369
40,tep,soft_mask,0,0.3167302906513214
40,tep,soft_mask,1,0.33694449067115784
40,tep,soft_mask,2,0.6019330024719238
40,tep,soft_mask,3,0.4218977391719818
40,tep,soft_mask,4,0.36883047223091125
40,tep,soft_mask,5,0.30758875608444214
40,tep,soft_mask,6,0.3597678542137146
40,tep,soft_mask,7,0.3887013792991638
40,tep,soft_mask,8,0.3000079393386841
40,tep,soft_mask,9,0.3456985056400299
40,tep,soft_mask,10,0.5342236161231995
40,tep,soft_mask,11,0.3737005293369293
40,tep,soft_mask,12,0.43007180094718933
40,tep,soft_mask,13,0.38202065229415894
40,tep,soft_mask,14,0.32752111554145813
40,tep,soft_mask,15,0.3747408390045166
40,tep,soft_mask,16,0.38406243920326233
40,tep,soft_mask,17,0.35858669877052307
40,tep,soft_mask,18,0.31251993775367737
40,tep,soft_mask,19,0.31924599409103394
40,tep,soft_mask,20,0.32368192076683044
40,tep,soft_mask,21,0.32014739513397217
40,tep,soft_mask,22,0.32878661155700684
40,tep,soft_mask,23,0.37390297651290894
40,tep,soft_mask,24,0.38316065073013306
40,tep,soft_mask,25,0.3766740560531616
40,tep,soft_mask,26,0.41757461428642273
40,tep,soft_mask,27,0.34180963039398193
40,tep,soft_mask,28,0.37421485781669617
40,tep,soft_mask,29,0.3007084131240845
40,tep,soft_mask,30,0.33760955929756165
40,tep,soft_mask,31,0.35318711400032043
40,tep,soft_mask,32,0.32438409328460693
41,tep,soft_mask,0,0.4824927747249603
41,tep,soft_mask,1,0.5440455079078674
41,tep,soft_mask,2,0.48884257674217224
41,tep,soft_mask,3,0.31436917185783386
41,tep,soft_mask,4,0.29979467391967773
41,tep,soft_mask,5,0.4053892195224762
41,tep,soft_mask,6,0.3365718126296997
41,tep,soft_mask,7,0.2963755428791046
41,tep,soft_mask,8,0.3545515239238739
41,tep,soft_mask,9,0.29303741455078125
41,tep,soft_mask,10,0.33861228823661804
41,tep,soft_mask,11,0.3261507749557495
41,tep,soft_mask,12,0.3204408586025238
41,tep,soft_mask,13,0.34394580125808716
41,tep,soft_mask,14,0.2915666401386261
41,tep,soft_mask,15,0.3464926481246948
41,tep,soft_mask,16,0.34603020548820496
41,tep,soft_mask,17,0.34678980708122253
41,tep,soft_mask,18,0.29941830039024353
41,tep,soft_mask,19,0.47385382652282715
41,tep,soft_mask,20,0.29017338156700134
41,tep,soft_mask,21,0.29575419425964355
41,tep,soft_mask,22,0.3032659888267517
41,tep,soft_mask,23,0.33289799094200134
41,tep,soft_mask,24,0.30431753396987915
41,tep,soft_mask,25,0.29418474435806274
41,tep,soft_mask,26,0.295497328042984
41,tep,soft_mask,27,0.3214449882507324
41,tep,soft_mask,28,0.28815245628356934
41,tep,soft_mask,29,0.290800005197525
41,tep,soft_mask,30,0.30721741914749146
41,tep,soft_mask,31,0.3434065580368042
41,tep,soft_mask,32,0.2954375147819519
42,tep,soft_mask,0,0.5634393692016602
42,tep,soft_mask,1,0.7133685350418091
42,tep,soft_mask,2,0.6030697822570801
42,tep,soft_mask,3,0.4971572458744049
42,tep,soft_mask,4,0.5646156072616577
42,tep,soft_mask,5,0.4021984040737152
42,tep,soft_mask,6,0.43068161606788635
42,tep,soft_mask,7,0.4044906198978424
42,tep,soft_mask,8,0.43371254205703735
42,tep,soft_mask,9,0.5626450777053833
42,tep,soft_mask,10,0.4824613034725189
42,tep,soft_mask,11,0.3609272241592407
42,tep,soft_mask,12,0.3547254800796509
42,tep,soft_mask,13,0.3041863441467285
42,tep,soft_mask,14,0.4627504050731659
42,tep,soft_mask,15,0.3009626865386963
42,tep,soft_mask,16,0.3085683584213257
42,tep,soft_mask,17,0.31847497820854187
42,tep,soft_mask,18,0.41400718688964844
42,tep,soft_mask,19,0.31063053011894226
42,tep,soft_mask,20,0.32274407148361206
42,tep,soft_mask,21,0.30364498496055603
42,tep,soft_mask,22,0.3537875711917877
42,tep,soft_mask,23,0.30714207887649536
42,tep,soft_mask,24,0.3233213424682617
42,tep,soft_mask,25,0.35547181963920593
42,tep,soft_mask,26,0.31545087695121765
42,tep,soft_mask,27,0.3282775282859802
42,tep,soft_mask,28,0.34018245339393616
42,tep,soft_mask,29,0.5955488681793213
42,tep,soft_mask,30,0.35215744376182556
42,tep,soft_mask,31,0.3728175759315491
42,tep,soft_mask,32,0.3208833634853363
43,tep,soft_mask,0,0.34440645575523376
43,tep,soft_mask,1,0.45107200741767883
43,tep,soft_mask,2,0.3929172456264496
43,tep,soft_mask,3,0.4022988975048065
43,tep,soft_mask,4,0.37589600682258606
43,tep,soft_mask,5,0.3567700982093811
43,tep,soft_mask,6,0.32633665204048157
43,tep,soft_mask,7,0.39983290433883667
43,tep,soft_mask,8,0.33757418394088745
43,tep,soft_mask,9,0.29234862327575684
43,tep,soft_mask,10,0.346617192029953
43,tep,soft_mask,11,0.3935839831829071
43,tep,soft_mask,12,0.3272589147090912
43,tep,soft_mask,13,0.4001636505126953
43,tep,soft_mask,14,0.2927038073539734
43,tep,soft_mask,15,0.33802616596221924
43,tep,soft_mask,16,0.3184308111667633
43,tep,soft_mask,17,0.3514804542064667
43,tep,soft_mask,18,0.31375011801719666
43,tep,soft_mask,19,0.4311649799346924
43,tep,soft_mask,20,0.38159292936325073
43,tep,soft_mask,21,0.455798864364624
43,tep,soft_mask,22,0.4013819396495819
43,tep,soft_mask,23,0.33107101917266846
43,tep,soft_mask,24,0.39095351099967957
43,tep,soft_mask,25,0.42656609416007996
43,tep,soft_mask,26,0.4183262586593628
43,tep,soft_mask,27,0.37713027000427246
43,tep,soft_mask,28,0.48102685809135437
43,tep,soft_mask,29,0.4361044764518738
43,tep,soft_mask,30,0.43292590975761414
43,tep,soft_mask,31,0.48692604899406433
43,tep,soft_mask,32,0.4050388038158417
44,tep,soft_mask,0,0.3667897880077362
44,tep,soft_mask,1,0.6818866729736328
44,tep,soft_mask,2,0.5225080847740173
44,tep,soft_mask,3,0.4691041111946106
44,tep,soft_mask,4,0.3822227120399475
44,tep,soft_mask,5,0.35799741744995117
44,tep,soft_mask,6,0.5073617696762085
44,tep,soft_mask,7,0.3978344202041626
44,tep,soft_mask,8,0.28842422366142273
44,tep,soft_mask,9,0.46093830466270447
44,tep,soft_mask,10,0.286805123090744
44,tep,soft_mask,11,0.29686298966407776
44,tep,soft_mask,12,0.29233771562576294
44,tep,soft_mask,13,0.32744544744491577
44,tep,soft_mask,14,0.31007733941078186
44,tep,soft_mask,15,0.2937530279159546
44,tep,soft_mask,16,0.3269873857498169
44,tep,soft_mask,17,0.29763802886009216
44,tep,soft_mask,18,0.30269572138786316
44,tep,soft_mask,19,0.33189305663108826
44,tep,soft_mask,20,0.3141153156757355
44,tep,soft_mask,21,0.2875429689884186
44,tep,soft_mask,22,0.33835864067077637
44,tep,soft_mask,23,0.30664145946502686
44,tep,soft_mask,24,0.2910453677177429
44,tep,soft_mask,25,0.3013802170753479
44,tep,soft_mask,26,0.3226757049560547
44,tep,soft_mask,27,0.29591134190559387
44,tep,soft_mask,28,0.28728702664375305
44,tep,soft_mask,29,0.3190823197364807
44,tep,soft_mask,30,0.37339481711387634
44,tep,soft_mask,31,0.31082743406295776
44,tep,soft_mask,32,0.331362783908844
45,tep,soft_mask,0,0.7257307171821594
45,tep,soft_mask,1,0.6731101274490356
45,tep,soft_mask,2,0.7296250462532043
45,tep,soft_mask,3,0.7526659369468689
45,tep,soft_mask,4,0.7528460621833801
45,tep,soft_mask,5,0.766087532043457
45,tep,soft_mask,6,0.7186593413352966
45,tep,soft_mask,7,0.6819757223129272
45,tep,soft_mask,8,0.645276665687561
45,tep,soft_mask,9,0.637769877910614
45,tep,soft_mask,10,0.620406448841095
45,tep,soft_mask,11,0.6182884573936462
45,tep,soft_mask,12,0.6072929501533508
45,tep,soft_mask,13,0.6335935592651367
45,tep,soft_mask,14,0.6482710242271423
45,tep,soft_mask,15,0.6946594715118408
45,tep,soft_mask,16,0.7581150531768799
45,tep,soft_mask,17,0.7144296169281006
45,tep,soft_mask,18,0.7896327972412109
45,tep,soft_mask,19,0.6678398847579956
45,tep,soft_mask,20,0.6626269221305847
45,tep,soft_mask,21,0.7412731647491455
45,tep,soft_mask,22,0.6070272922515869
45,tep,soft_mask,23,0.6463180184364319
45,tep,soft_mask,24,0.6198301911354065
45,tep,soft_mask,25,0.6789125204086304
45,tep,soft_mask,26,0.542727530002594
45,tep,soft_mask,27,0.58726966381073
45,tep,soft_mask,28,0.5994124412536621
45,tep,soft_mask,29,0.7157082557678223
45,tep,soft_mask,30,0.6954362988471985
45,tep,soft_mask,31,0.608177125453949
45,tep,soft_mask,32,0.6718301177024841
46,tep,soft_mask,0,0.5389589071273804
46,tep,soft_mask,1,0.6598877310752869
46,tep,soft_mask,2,0.5437545776367188
46,tep,soft_mask,3,0.5670077800750732
46,tep,soft_mask,4,0.6000383496284485
46,tep,soft_mask,5,0.42230188846588135
46,tep,soft_mask,6,0.42485538125038147
46,tep,soft_mask,7,0.35937175154685974
46,tep,soft_mask,8,0.394494891166687
46,tep,soft_mask,9,0.36162498593330383
46,tep,soft_mask,10,0.4230361878871918
46,tep,soft_mask,11,0.394735723733902
46,tep,soft_mask,12,0.36239495873451233
46,tep,soft_mask,13,0.4843042194843292
46,tep,soft_mask,14,0.39722540974617004
46,tep,soft_mask,15,0.5249750018119812
46,tep,soft_mask,16,0.5783309936523438
46,tep,soft_mask,17,0.48578351736068726
46,tep,soft_mask,18,0.385511577129364
46,tep,soft_mask,19,0.47393351793289185
46,tep,soft_mask,20,0.3527374565601349
46,tep,soft_mask,21,0.39918333292007446
46,tep,soft_mask,22,0.4343976080417633
46,tep,soft_mask,23,0.393391877412796
46,tep,soft_mask,24,0.3950571119785309
46,tep,soft_mask,25,0.43790683150291443
46,tep,soft_mask,26,0.49766626954078674
46,tep,soft_mask,27,0.459928035736084
46,tep,soft_mask,28,0.49292317032814026
46,tep,soft_mask,29,0.4762749671936035
46,tep,soft_mask,30,0.5008359551429749
46,tep,soft_mask,31,0.5783625245094299
46,tep,soft_mask,32,0.44583389163017273
47,tep,soft_mask,0,0.3440942168235779
47,tep,soft_mask,1,0.29582107067108154
47,tep,soft_mask,2,0.30371156334877014
47,tep,soft_mask,3,0.3288642168045044
47,tep,soft_mask,4,0.30024999380111694
47,tep,soft_mask,5,0.3412984013557434
47,tep,soft_mask,6,0.3059650957584381
47,tep,soft_mask,7,0.3094805181026459
47,tep,soft_mask,8,0.31803736090660095
47,tep,soft_mask,9,0.31761980056762695
47,tep,soft_mask,10,0.3290318250656128
47,tep,soft_mask,11,0.31997451186180115
47,tep,soft_mask,12,0.4092079699039459
47,tep,soft_mask,13,0.3180510401725769
47,tep,soft_mask,14,0.28865498304367065
47,tep,soft_mask,15,0.3166082799434662
47,tep,soft_mask,16,0.29395338892936707
47,tep,soft_mask,17,0.31999215483665466
47,tep,soft_mask,18,0.3184978663921356
47,tep,soft_mask,19,0.31513553857803345
47,tep,soft_mask,20,0.3197394609451294
47,tep,soft_mask,21,0.3449389636516571
47,tep,soft_mask,22,0.3057638704776764
47,tep,soft_mask,23,0.29793787002563477
47,tep,soft_mask,24,0.2917543947696686
47,tep,soft_mask,25,0.2966783344745636
47,tep,soft_mask,26,0.3324434161186218
47,tep,soft_mask,27,0.33268028497695923
47,tep,soft_mask,28,0.46734869480133057
47,tep,soft_mask,29,0.29847168922424316
47,tep,soft_mask,30,0.3297344446182251
47,tep,soft_mask,31,0.3013911247253418
47,tep,soft_mask,32,0.30329740047454834
48,tep,soft_mask,0,0.4291742742061615
48,tep,soft_mask,1,0.29295194149017334
48,tep,soft_mask,2,0.29425546526908875
48,tep,soft_mask,3,0.34710338711738586
48,tep,soft_mask,4,0.31851258873939514
48,tep,soft_mask,5,0.3953154981136322
48,tep,soft_mask,6,0.3107699751853943
48,tep,soft_mask,7,0.3164701759815216
48,tep,soft_mask,8,0.35932233929634094
48,tep,soft_mask,9,0.3170087933540344
48,tep,soft_mask,10,0.29181602597236633
48,tep,soft_mask,11,0.30736783146858215
48,tep,soft_mask,12,0.2996961772441864
48,tep,soft_mask,13,0.2964989244937897
48,tep,soft_mask,14,0.29250049591064453
48,tep,soft_mask,15,0.3141573965549469
48,tep,soft_mask,16,0.31140628457069397
48,tep,soft_mask,17,0.35656076669692993
48,tep,soft_mask,18,0.3805765211582184
48,tep,soft_mask,19,0.30347833037376404
48,tep,soft_mask,20,0.30684447288513184
48,tep,soft_mask,21,0.3029940724372864
48,tep,soft_mask,22,0.29695990681648254
48,tep,soft_mask,23,0.3121393024921417
48,tep,soft_mask,24,0.2994459271430969
48,tep,soft_mask,25,0.30039381980895996
48,tep,soft_mask,26,0.29718977212905884
48,tep,soft_mask,27,0.30812570452690125
48,tep,soft_mask,28,0.3143801987171173
48,tep,soft_mask,29,0.31756144762039185
48,tep,soft_mask,30,0.3181420862674713
48,tep,soft_mask,31,0.32481834292411804
48,tep,soft_mask,32,0.31111884117126465
49,tep,soft_mask,0,0.586948573589325
49,tep,soft_mask,1,0.5229582190513611
49,tep,soft_mask,2,0.6112850308418274
49,tep,soft_mask,3,0.652321457862854
49,tep,soft_mask,4,0.6110663414001465
49,tep,soft_mask,5,0.6443586945533752
49,tep,soft_mask,6,0.6674023270606995
49,tep,soft_mask,7,0.6594253778457642
49,tep,soft_mask,8,0.6434528231620789
49,tep,soft_mask,9,0.6422790288925171
49,tep,soft_mask,10,0.6348342895507812
49,tep,soft_mask,11,0.6275970935821533
49,tep,soft_mask,12,0.6286112070083618
49,tep,soft_mask,13,0.632625162601471
49,tep,soft_mask,14,0.6345669031143188
49,tep,soft_mask,15,0.6343370079994202
49,tep,soft_mask,16,0.6318934559822083
49,tep,soft_mask,17,0.6285238265991211
49,tep,soft_mask,18,0.6311517357826233
49,tep,soft_mask,19,0.6406484842300415
49,tep,soft_mask,20,0.6175553798675537
49,tep,soft_mask,21,0.6356690526008606
49,tep,soft_mask,22,0.6256740093231201
49,tep,soft_mask,23,0.6167455315589905
49,tep,soft_mask,24,0.6329106688499451
49,tep,soft_mask,25,0.618471622467041
49,tep,soft_mask,26,0.6259455680847168
49,tep,soft_mask,27,0.6229357123374939
49,tep,soft_mask,28,0.6203611493110657
49,tep,soft_mask,29,0.6353767514228821
49,tep,soft_mask,30,0.6294765472412109
49,tep,soft_mask,31,0.6318649649620056
49,tep,soft_mask,32,0.6184921860694885
50,tep,soft_mask,0,0.3470280170440674
50,tep,soft_mask,1,0.8355094194412231
50,tep,soft_mask,2,0.681308925151825
50,tep,soft_mask,3,0.5330860614776611
50,tep,soft_mask,4,0.5041592717170715
50,tep,soft_mask,5,0.5554855465888977
50,tep,soft_mask,6,0.48845192790031433
50,tep,soft_mask,7,0.5437849760055542
50,tep,soft_mask,8,0.49355030059814453
50,tep,soft_mask,9,0.44582587480545044
50,tep,soft_mask,10,0.4158415198326111
50,tep,soft_mask,11,0.4031609892845154
50,tep,soft_mask,12,0.44683000445365906
50,tep,soft_mask,13,0.4339520335197449
50,tep,soft_mask,14,0.38403454422950745
50,tep,soft_mask,15,0.3905959725379944
50,tep,soft_mask,16,0.37005653977394104
50,tep,soft_mask,17,0.40026766061782837
50,tep,soft_mask,18,0.3737383484840393
50,tep,soft_mask,19,0.38184139132499695
50,tep,soft_mask,20,0.38686561584472656
50,tep,soft_mask,21,0.38131651282310486
50,tep,soft_mask,22,0.39816081523895264
50,tep,soft_mask,23,0.3504575788974762
50,tep,soft_mask,24,0.36225491762161255
50,tep,soft_mask,25,0.35875827074050903
50,tep,soft_mask,26,0.35975381731987
50,tep,soft_mask,27,0.3687762916088104
50,tep,soft_mask,28,0.32981666922569275
50,tep,soft_mask,29,0.3417220115661621
50,tep,soft_mask,30,0.32209575176239014
50,tep,soft_mask,31,0.31939518451690674
50,tep,soft_mask,32,0.36626970767974854
51,tep,soft_mask,0,0.4959492087364197
51,tep,soft_mask,1,0.43518057465553284
51,tep,soft_mask,2,0.3720473647117615
51,tep,soft_mask,3,0.339264839887619
51,tep,soft_mask,4,0.2976765036582947
51,tep,soft_mask,5,0.3059617578983307
51,tep,soft_mask,6,0.2977413237094879
51,tep,soft_mask,7,0.29550686478614807
51,tep,soft_mask,8,0.31504887342453003
51,tep,soft_mask,9,0.3330220580101013
51,tep,soft_mask,10,0.34040114283561707
51,tep,soft_mask,11,0.28900378942489624
51,tep,soft_mask,12,0.2939355671405792
51,tep,soft_mask,13,0.30067873001098633
51,tep,soft_mask,14,0.2978701591491699
51,tep,soft_mask,15,0.32366248965263367
51,tep,soft_mask,16,0.3171093165874481
51,tep,soft_mask,17,0.3146819770336151
51,tep,soft_mask,18,0.3077251613140106
51,tep,soft_mask,19,0.2992601692676544
51,tep,soft_mask,20,0.28924787044525146
51,tep,soft_mask,21,0.3365417420864105
51,tep,soft_mask,22,0.29190793633461
51,tep,soft_mask,23,0.3119662404060364
51,tep,soft_mask,24,0.2923186123371124
51,tep,soft_mask,25,0.32110053300857544
51,tep,soft_mask,26,0.2904564142227173
51,tep,soft_mask,27,0.33058467507362366
51,tep,soft_mask,28,0.3435504138469696
51,tep,soft_mask,29,0.3404299318790436
51,tep,soft_mask,30,0.2924005091190338
51,tep,soft_mask,31,0.2983958423137665
51,tep,soft_mask,32,0.3003610372543335
