channel,dataset,effective_timestep,frequency_bin,selective_variance,soft_mask,uniform_variance
0,three_w,3.4668431282043457,0,0.0,0.38328924775123596,0.0
0,three_w,3.626134157180786,1,0.020335957407951355,0.34346646070480347,0.018535256385803223
0,three_w,3.406623125076294,2,0.018621591851115227,0.3983442187309265,0.018535256385803223
0,three_w,3.3914499282836914,3,0.018503129482269287,0.40213751792907715,0.018535256385803223
0,three_w,3.388953685760498,4,0.018483608961105347,0.4027615487575531,0.018535256385803223
0,three_w,3.384180784225464,5,0.0184463057667017,0.40395480394363403,0.018535256385803223
0,three_w,3.3569226264953613,6,0.018233470618724823,0.41076934337615967,0.018535256385803223
0,three_w,3.3525209426879883,7,0.018199097365140915,0.4118697941303253,0.018535256385803223
0,three_w,3.3300621509552,8,0.018023712560534477,0.41748446226119995,0.018535256385803223
0,three_w,3.346688747406006,9,0.01815355010330677,0.41332778334617615,0.018535256385803223
0,three_w,3.430929183959961,10,0.018811432644724846,0.39226770401000977,0.018535256385803223
0,three_w,3.3419947624206543,11,0.018116893246769905,0.4145013093948364,0.018535256385803223
0,three_w,3.3086297512054443,12,0.01785627380013466,0.4228425621986389,0.018535256385803223
0,three_w,3.3358304500579834,13,0.018068714067339897,0.41604238748550415,0.018535256385803223
0,three_w,3.351956844329834,14,0.01819467730820179,0.4120107889175415,0.018535256385803223
0,three_w,3.3485116958618164,15,0.018167756497859955,0.4128720462322235,0.018535256385803223
0,three_w,3.3137099742889404,16,0.017895961180329323,0.4215725064277649,0.018535256385803223
0,three_w,3.3460912704467773,17,0.018148882314562798,0.4134771525859833,0.018535256385803223
0,three_w,3.298038959503174,18,0.017773574218153954,0.42549023032188416,0.018535256385803223
0,three_w,3.3323276042938232,19,0.018041394650936127,0.4169180989265442,0.018535256385803223
0,three_w,3.390376567840576,20,0.018494784832000732,0.40240588784217834,0.018535256385803223
0,three_w,3.3330256938934326,21,0.01804685965180397,0.41674357652664185,0.018535256385803223
0,three_w,3.311689615249634,22,0.017880165949463844,0.42207759618759155,0.018535256385803223
0,three_w,3.3310770988464355,23,0.018031610175967216,0.4172307550907135,0.018535256385803223
0,three_w,3.363382339477539,24,0.018283884972333908,0.4091544449329376,0.018535256385803223
0,three_w,3.3420891761779785,25,0.018117638304829597,0.41447773575782776,0.018535256385803223
0,three_w,3.3089730739593506,26,0.01785900630056858,0.42275673151016235,0.018535256385803223
0,three_w,3.3588433265686035,27,0.01824842020869255,0.4102891683578491,0.018535256385803223
0,three_w,3.3040809631347656,28,0.01782076060771942,0.423979789018631,0.018535256385803223
0,three_w,3.333860397338867,29,0.018053315579891205,0.4165349006652832,0.018535256385803223
0,three_w,3.37861967086792,30,0.01840289495885372,0.40534505248069763,0.018535256385803223
0,three_w,3.3285751342773438,31,0.018012089654803276,0.41785624623298645,0.018535256385803223
0,three_w,3.313326358795166,32,0.017892980948090553,0.4216684401035309,0.018535256385803223
1,three_w,3.522299289703369,0,0.0,0.3694251477718353,0.0
1,three_w,3.9114818572998047,1,0.022564459592103958,0.27212950587272644,0.018535256385803223
1,three_w,3.877878189086914,2,0.02230205200612545,0.2805304229259491,0.018535256385803223
1,three_w,3.8996198177337646,3,0.022471824660897255,0.27509504556655884,0.018535256385803223
1,three_w,3.8530731201171875,4,0.02210833877325058,0.2867317497730255,0.018535256385803223
1,three_w,3.8806424140930176,5,0.02232365868985653,0.2798393666744232,0.018535256385803223
1,three_w,3.9175753593444824,6,0.02261209301650524,0.2706061899662018,0.018535256385803223
1,three_w,3.9297239780426025,7,0.02270696312189102,0.26756900548934937,0.018535256385803223
1,three_w,3.917088031768799,8,0.02260826900601387,0.2707279920578003,0.018535256385803223
1,three_w,3.8001747131347656,9,0.021695232018828392,0.2999562919139862,0.018535256385803223
1,three_w,3.8646700382232666,10,0.022198887541890144,0.28383249044418335,0.018535256385803223
1,three_w,3.9307379722595215,11,0.02271486073732376,0.267315536737442,0.018535256385803223
1,three_w,3.9276013374328613,12,0.02269042283296585,0.2680996358394623,0.018535256385803223
1,three_w,3.930413246154785,13,0.022712327539920807,0.2673967182636261,0.018535256385803223
1,three_w,3.927961826324463,14,0.022693205624818802,0.2680095434188843,0.018535256385803223
1,three_w,3.927799701690674,15,0.022691912949085236,0.26805004477500916,0.018535256385803223
1,three_w,3.8647446632385254,16,0.022199483588337898,0.28381386399269104,0.018535256385803223
1,three_w,3.911831855773926,17,0.02256724052131176,0.27204200625419617,0.018535256385803223
1,three_w,3.8849382400512695,18,0.022357236593961716,0.27876541018486023,0.018535256385803223
1,three_w,3.827047348022461,19,0.021905088797211647,0.29323816299438477,0.018535256385803223
1,three_w,3.908215045928955,20,0.02253897860646248,0.27294620871543884,0.018535256385803223
1,three_w,3.928640127182007,21,0.022698519751429558,0.2678399682044983,0.018535256385803223
1,three_w,3.92525577545166,22,0.022672045975923538,0.26868608593940735,0.018535256385803223
1,three_w,3.924147605895996,23,0.022663451731204987,0.26896312832832336,0.018535256385803223
1,three_w,3.9137706756591797,24,0.022582391276955605,0.2715573012828827,0.018535256385803223
1,three_w,3.8912196159362793,25,0.022406211122870445,0.2771950960159302,0.018535256385803223
1,three_w,3.888092517852783,26,0.022381821647286415,0.2779769003391266,0.018535256385803223
1,three_w,3.9003171920776367,27,0.02247728779911995,0.2749207317829132,0.018535256385803223
1,three_w,3.8892736434936523,28,0.0223910603672266,0.2776816189289093,0.018535256385803223
1,three_w,3.876204252243042,29,0.022288989275693893,0.2809489369392395,0.018535256385803223
1,three_w,3.918795108795166,30,0.022621579468250275,0.2703012228012085,0.018535256385803223
1,three_w,3.9194741249084473,31,0.02262689545750618,0.27013149857521057,0.018535256385803223
1,three_w,3.855719804763794,32,0.022129001095891,0.2860700488090515,0.018535256385803223
2,three_w,3.9016213417053223,0,0.0,0.27459466457366943,0.0
2,three_w,3.9308202266693115,1,0.022715555503964424,0.2672949433326721,0.018535256385803223
2,three_w,3.9308202266693115,2,0.022715555503964424,0.2672949433326721,0.018535256385803223
2,three_w,3.9308202266693115,3,0.022715555503964424,0.2672949433326721,0.018535256385803223
2,three_w,3.9308202266693115,4,0.022715555503964424,0.2672949433326721,0.018535256385803223
2,three_w,3.9308202266693115,5,0.022715555503964424,0.2672949433326721,0.018535256385803223
2,three_w,3.9308202266693115,6,0.022715555503964424,0.2672949433326721,0.018535256385803223
2,three_w,3.9308202266693115,7,0.022715555503964424,0.2672949433326721,0.018535256385803223
2,three_w,3.9308202266693115,8,0.022715555503964424,0.2672949433326721,0.018535256385803223
2,three_w,3.9308202266693115,9,0.022715555503964424,0.2672949433326721,0.018535256385803223
2,three_w,3.9308202266693115,10,0.022715555503964424,0.2672949433326721,0.018535256385803223
2,three_w,3.9308202266693115,11,0.022715555503964424,0.2672949433326721,0.018535256385803223
2,three_w,3.9308202266693115,12,0.022715555503964424,0.2672949433326721,0.018535256385803223
2,three_w,3.9308202266693115,13,0.022715555503964424,0.2672949433326721,0.018535256385803223
2,three_w,3.9308202266693115,14,0.022715555503964424,0.2672949433326721,0.018535256385803223
2,three_w,3.9308202266693115,15,0.022715555503964424,0.2672949433326721,0.018535256385803223
2,three_w,3.9308202266693115,16,0.022715555503964424,0.2672949433326721,0.018535256385803223
2,three_w,3.9308202266693115,17,0.022715555503964424,0.2672949433326721,0.018535256385803223
2,three_w,3.9308202266693115,18,0.022715555503964424,0.2672949433326721,0.018535256385803223
2,three_w,3.9308202266693115,19,0.022715555503964424,0.2672949433326721,0.018535256385803223
2,three_w,3.9308202266693115,20,0.022715555503964424,0.2672949433326721,0.018535256385803223
2,three_w,3.9308202266693115,21,0.022715555503964424,0.2672949433326721,0.018535256385803223
2,three_w,3.9308202266693115,22,0.022715555503964424,0.2672949433326721,0.018535256385803223
2,three_w,3.9308202266693115,23,0.022715555503964424,0.2672949433326721,0.018535256385803223
2,three_w,3.9308202266693115,24,0.022715555503964424,0.2672949433326721,0.018535256385803223
2,three_w,3.9308202266693115,25,0.022715555503964424,0.2672949433326721,0.018535256385803223
2,three_w,3.9308202266693115,26,0.022715555503964424,0.2672949433326721,0.018535256385803223
2,three_w,3.9308202266693115,27,0.022715555503964424,0.2672949433326721,0.018535256385803223
2,three_w,3.9308202266693115,28,0.022715555503964424,0.2672949433326721,0.018535256385803223
2,three_w,3.9308202266693115,29,0.022715555503964424,0.2672949433326721,0.018535256385803223
2,three_w,3.9308202266693115,30,0.022715555503964424,0.2672949433326721,0.018535256385803223
2,three_w,3.9308202266693115,31,0.022715555503964424,0.2672949433326721,0.018535256385803223
2,three_w,3.9308202266693115,32,0.022715555503964424,0.2672949433326721,0.018535256385803223
3,three_w,1.0026965141296387,0,0.0,0.9993258714675903,0.0
3,three_w,2.9999911785125732,1,0.015445880591869354,0.5000022053718567,0.018535256385803223
3,three_w,3.0,2,0.015445930883288383,0.5,0.018535256385803223
3,three_w,2.9999921321868896,3,0.015445880591869354,0.5000019669532776,0.018535256385803223
3,three_w,3.0,4,0.015445930883288383,0.5,0.018535256385803223
3,three_w,2.9999911785125732,5,0.015445880591869354,0.5000022053718567,0.018535256385803223
3,three_w,3.0,6,0.015445930883288383,0.5,0.018535256385803223
3,three_w,2.9999911785125732,7,0.015445880591869354,0.5000022053718567,0.018535256385803223
3,three_w,3.9308202266693115,8,0.022715555503964424,0.2672949433326721,0.018535256385803223
3,three_w,2.9999940395355225,9,0.015445880591869354,0.5000014901161194,0.018535256385803223
3,three_w,3.0,10,0.015445930883288383,0.5,0.018535256385803223
3,three_w,2.9999964237213135,11,0.015445930883288383,0.5000008940696716,0.018535256385803223
3,three_w,3.0,12,0.015445930883288383,0.5,0.018535256385803223
3,three_w,2.9999921321868896,13,0.015445880591869354,0.5000019669532776,0.018535256385803223
3,three_w,3.0,14,0.015445930883288383,0.5,0.018535256385803223
3,three_w,2.99999737739563,15,0.015445880591869354,0.5000006556510925,0.018535256385803223
3,three_w,3.9308202266693115,16,0.022715555503964424,0.2672949433326721,0.018535256385803223
3,three_w,2.999988555908203,17,0.0154458312317729,0.5000028610229492,0.018535256385803223
3,three_w,3.0,18,0.015445930883288383,0.5,0.018535256385803223
3,three_w,2.9999969005584717,19,0.015445930883288383,0.5000007748603821,0.018535256385803223
3,three_w,3.0,20,0.015445930883288383,0.5,0.018535256385803223
3,three_w,2.9999911785125732,21,0.015445880591869354,0.5000022053718567,0.018535256385803223
3,three_w,3.0,22,0.015445930883288383,0.5,0.018535256385803223
3,three_w,2.999990463256836,23,0.015445880591869354,0.500002384185791,0.018535256385803223
3,three_w,3.9308202266693115,24,0.022715555503964424,0.2672949433326721,0.018535256385803223
3,three_w,2.9999985694885254,25,0.015445930883288383,0.5000003576278687,0.018535256385803223
3,three_w,3.0,26,0.015445930883288383,0.5,0.018535256385803223
3,three_w,2.9999868869781494,27,0.0154458312317729,0.5000032782554626,0.018535256385803223
3,three_w,3.0,28,0.015445930883288383,0.5,0.018535256385803223
3,three_w,2.9999969005584717,29,0.015445930883288383,0.5000007748603821,0.018535256385803223
3,three_w,3.0,30,0.015445930883288383,0.5,0.018535256385803223
3,three_w,2.9999959468841553,31,0.015445930883288383,0.5000010132789612,0.018535256385803223
3,three_w,3.9308202266693115,32,0.022715555503964424,0.2672949433326721,0.018535256385803223
4,three_w,3.7229626178741455,0,0.0,0.3192593455314636,0.0
4,three_w,3.9308202266693115,1,0.022715555503964424,0.2672949433326721,0.018535256385803223
4,three_w,3.9308202266693115,2,0.022715555503964424,0.2672949433326721,0.018535256385803223
4,three_w,3.9308202266693115,3,0.022715555503964424,0.2672949433326721,0.018535256385803223
4,three_w,3.9308202266693115,4,0.022715555503964424,0.2672949433326721,0.018535256385803223
4,three_w,3.9308202266693115,5,0.022715555503964424,0.2672949433326721,0.018535256385803223
4,three_w,3.9308202266693115,6,0.022715555503964424,0.2672949433326721,0.018535256385803223
4,three_w,3.9308202266693115,7,0.022715555503964424,0.2672949433326721,0.018535256385803223
4,three_w,3.9308202266693115,8,0.022715555503964424,0.2672949433326721,0.018535256385803223
4,three_w,3.9308202266693115,9,0.022715555503964424,0.2672949433326721,0.018535256385803223
4,three_w,3.9308202266693115,10,0.022715555503964424,0.2672949433326721,0.018535256385803223
4,three_w,3.9308202266693115,11,0.022715555503964424,0.2672949433326721,0.018535256385803223
4,three_w,3.9308202266693115,12,0.022715555503964424,0.2672949433326721,0.018535256385803223
4,three_w,3.9308202266693115,13,0.022715555503964424,0.2672949433326721,0.018535256385803223
4,three_w,3.9308202266693115,14,0.022715555503964424,0.2672949433326721,0.018535256385803223
4,three_w,3.9308202266693115,15,0.022715555503964424,0.2672949433326721,0.018535256385803223
4,three_w,3.9308202266693115,16,0.022715555503964424,0.2672949433326721,0.018535256385803223
4,three_w,3.9308202266693115,17,0.022715555503964424,0.2672949433326721,0.018535256385803223
4,three_w,3.9308202266693115,18,0.022715555503964424,0.2672949433326721,0.018535256385803223
4,three_w,3.9308202266693115,19,0.022715555503964424,0.2672949433326721,0.018535256385803223
4,three_w,3.9308202266693115,20,0.022715555503964424,0.2672949433326721,0.018535256385803223
4,three_w,3.9308202266693115,21,0.022715555503964424,0.2672949433326721,0.018535256385803223
4,three_w,3.9308202266693115,22,0.022715555503964424,0.2672949433326721,0.018535256385803223
4,three_w,3.9308202266693115,23,0.022715555503964424,0.2672949433326721,0.018535256385803223
4,three_w,3.9308202266693115,24,0.022715555503964424,0.2672949433326721,0.018535256385803223
4,three_w,3.9308202266693115,25,0.022715555503964424,0.2672949433326721,0.018535256385803223
4,three_w,3.9308202266693115,26,0.022715555503964424,0.2672949433326721,0.018535256385803223
4,three_w,3.9308202266693115,27,0.022715555503964424,0.2672949433326721,0.018535256385803223
4,three_w,3.9308202266693115,28,0.022715555503964424,0.2672949433326721,0.018535256385803223
4,three_w,3.9308202266693115,29,0.022715555503964424,0.2672949433326721,0.018535256385803223
4,three_w,3.9308202266693115,30,0.022715555503964424,0.2672949433326721,0.018535256385803223
4,three_w,3.9308202266693115,31,0.022715555503964424,0.2672949433326721,0.018535256385803223
4,three_w,3.9308202266693115,32,0.022715555503964424,0.2672949433326721,0.018535256385803223
5,three_w,3.851008415222168,0,0.0,0.287247896194458,0.0
5,three_w,3.9308202266693115,1,0.022715555503964424,0.2672949433326721,0.018535256385803223
5,three_w,3.9308202266693115,2,0.022715555503964424,0.2672949433326721,0.018535256385803223
5,three_w,3.9308202266693115,3,0.022715555503964424,0.2672949433326721,0.018535256385803223
5,three_w,3.9308202266693115,4,0.022715555503964424,0.2672949433326721,0.018535256385803223
5,three_w,3.9308202266693115,5,0.022715555503964424,0.2672949433326721,0.018535256385803223
5,three_w,3.9308202266693115,6,0.022715555503964424,0.2672949433326721,0.018535256385803223
5,three_w,3.9308202266693115,7,0.022715555503964424,0.2672949433326721,0.018535256385803223
5,three_w,3.9308202266693115,8,0.022715555503964424,0.2672949433326721,0.018535256385803223
5,three_w,3.9308202266693115,9,0.022715555503964424,0.2672949433326721,0.018535256385803223
5,three_w,3.9308202266693115,10,0.022715555503964424,0.2672949433326721,0.018535256385803223
5,three_w,3.9308202266693115,11,0.022715555503964424,0.2672949433326721,0.018535256385803223
5,three_w,3.9308202266693115,12,0.022715555503964424,0.2672949433326721,0.018535256385803223
5,three_w,3.9308202266693115,13,0.022715555503964424,0.2672949433326721,0.018535256385803223
5,three_w,3.9308202266693115,14,0.022715555503964424,0.2672949433326721,0.018535256385803223
5,three_w,3.9308202266693115,15,0.022715555503964424,0.2672949433326721,0.018535256385803223
5,three_w,3.9308202266693115,16,0.022715555503964424,0.2672949433326721,0.018535256385803223
5,three_w,3.9308202266693115,17,0.022715555503964424,0.2672949433326721,0.018535256385803223
5,three_w,3.9308202266693115,18,0.022715555503964424,0.2672949433326721,0.018535256385803223
5,three_w,3.9308202266693115,19,0.022715555503964424,0.2672949433326721,0.018535256385803223
5,three_w,3.9308202266693115,20,0.022715555503964424,0.2672949433326721,0.018535256385803223
5,three_w,3.9308202266693115,21,0.022715555503964424,0.2672949433326721,0.018535256385803223
5,three_w,3.9308202266693115,22,0.022715555503964424,0.2672949433326721,0.018535256385803223
5,three_w,3.9308202266693115,23,0.022715555503964424,0.2672949433326721,0.018535256385803223
5,three_w,3.9308202266693115,24,0.022715555503964424,0.2672949433326721,0.018535256385803223
5,three_w,3.9308202266693115,25,0.022715555503964424,0.2672949433326721,0.018535256385803223
5,three_w,3.9308202266693115,26,0.022715555503964424,0.2672949433326721,0.018535256385803223
5,three_w,3.9308202266693115,27,0.022715555503964424,0.2672949433326721,0.018535256385803223
5,three_w,3.9308202266693115,28,0.022715555503964424,0.2672949433326721,0.018535256385803223
5,three_w,3.9308202266693115,29,0.022715555503964424,0.2672949433326721,0.018535256385803223
5,three_w,3.9308202266693115,30,0.022715555503964424,0.2672949433326721,0.018535256385803223
5,three_w,3.9308202266693115,31,0.022715555503964424,0.2672949433326721,0.018535256385803223
5,three_w,3.9308202266693115,32,0.022715555503964424,0.2672949433326721,0.018535256385803223
6,three_w,3.922245979309082,0,0.0,0.2694385349750519,0.0
6,three_w,2.9999887943267822,1,0.015445880591869354,0.5000028014183044,0.018535256385803223
6,three_w,2.9999897480010986,2,0.015445880591869354,0.5000025629997253,0.018535256385803223
6,three_w,2.999988079071045,3,0.0154458312317729,0.5000029802322388,0.018535256385803223
6,three_w,2.999988317489624,4,0.0154458312317729,0.500002920627594,0.018535256385803223
6,three_w,2.9999892711639404,5,0.015445880591869354,0.5000026822090149,0.018535256385803223
6,three_w,2.9999899864196777,6,0.015445880591869354,0.5000025033950806,0.018535256385803223
6,three_w,2.9999895095825195,7,0.015445880591869354,0.5000026226043701,0.018535256385803223
6,three_w,2.999987840652466,8,0.0154458312317729,0.5000030398368835,0.018535256385803223
6,three_w,2.999988555908203,9,0.0154458312317729,0.5000028610229492,0.018535256385803223
6,three_w,2.9999895095825195,10,0.015445880591869354,0.5000026226043701,0.018535256385803223
6,three_w,2.9999890327453613,11,0.015445880591869354,0.5000027418136597,0.018535256385803223
6,three_w,2.9999890327453613,12,0.015445880591869354,0.5000027418136597,0.018535256385803223
6,three_w,2.999988555908203,13,0.0154458312317729,0.5000028610229492,0.018535256385803223
6,three_w,2.9999890327453613,14,0.015445880591869354,0.5000027418136597,0.018535256385803223
6,three_w,2.999988555908203,15,0.0154458312317729,0.5000028610229492,0.018535256385803223
6,three_w,2.999987840652466,16,0.0154458312317729,0.5000030398368835,0.018535256385803223
6,three_w,2.999988555908203,17,0.0154458312317729,0.5000028610229492,0.018535256385803223
6,three_w,2.9999873638153076,18,0.0154458312317729,0.5000031590461731,0.018535256385803223
6,three_w,2.9999895095825195,19,0.015445880591869354,0.5000026226043701,0.018535256385803223
6,three_w,2.9999890327453613,20,0.015445880591869354,0.5000027418136597,0.018535256385803223
6,three_w,2.999988079071045,21,0.0154458312317729,0.5000029802322388,0.018535256385803223
6,three_w,2.9999887943267822,22,0.015445880591869354,0.5000028014183044,0.018535256385803223
6,three_w,2.9999895095825195,23,0.015445880591869354,0.5000026226043701,0.018535256385803223
6,three_w,2.999987840652466,24,0.0154458312317729,0.5000030398368835,0.018535256385803223
6,three_w,2.9999887943267822,25,0.015445880591869354,0.5000028014183044,0.018535256385803223
6,three_w,2.9999890327453613,26,0.015445880591869354,0.5000027418136597,0.018535256385803223
6,three_w,2.9999890327453613,27,0.015445880591869354,0.5000027418136597,0.018535256385803223
6,three_w,2.999988555908203,28,0.0154458312317729,0.5000028610229492,0.018535256385803223
6,three_w,2.9999890327453613,29,0.015445880591869354,0.5000027418136597,0.018535256385803223
6,three_w,2.9999890327453613,30,0.015445880591869354,0.5000027418136597,0.018535256385803223
6,three_w,2.9999895095825195,31,0.015445880591869354,0.5000026226043701,0.018535256385803223
6,three_w,2.999987840652466,32,0.0154458312317729,0.5000030398368835,0.018535256385803223
7,three_w,1.2547032833099365,0,0.0,0.9363241791725159,0.0
7,three_w,1.8036472797393799,1,0.00827748328447342,0.799088180065155,0.018535256385803223
7,three_w,1.8468396663665771,2,0.008479143492877483,0.7882900834083557,0.018535256385803223
7,three_w,1.7304465770721436,3,0.007935702800750732,0.8173883557319641,0.018535256385803223
7,three_w,1.5725488662719727,4,0.007198398932814598,0.8568627834320068,0.018535256385803223
7,three_w,1.7484130859375,5,0.00801959540694952,0.812896728515625,0.018535256385803223
7,three_w,1.9814221858978271,6,0.009107520803809166,0.7546444535255432,0.018535256385803223
7,three_w,1.888535976409912,7,0.008673801086843014,0.777866005897522,0.018535256385803223
7,three_w,1.8867356777191162,8,0.008665456436574459,0.778316080570221,0.018535256385803223
7,three_w,1.7196745872497559,9,0.007885387167334557,0.820081353187561,0.018535256385803223
7,three_w,1.6982123851776123,10,0.007785152178257704,0.8254469037055969,0.018535256385803223
7,three_w,1.7319798469543457,11,0.00794285535812378,0.8170050382614136,0.018535256385803223
7,three_w,1.914626121520996,12,0.008795691654086113,0.771343469619751,0.018535256385803223
7,three_w,1.7101714611053467,13,0.007841031067073345,0.8224571347236633,0.018535256385803223
7,three_w,1.6353693008422852,14,0.007491700816899538,0.8411576747894287,0.018535256385803223
7,three_w,1.7549400329589844,15,0.008050043135881424,0.8112649917602539,0.018535256385803223
7,three_w,2.337721824645996,16,0.01130562461912632,0.665569543838501,0.018535256385803223
7,three_w,1.7787010669708252,17,0.00816100649535656,0.8053247332572937,0.018535256385803223
7,three_w,1.5521299839019775,18,0.00710303196683526,0.8619675040245056,0.018535256385803223
7,three_w,1.6709494590759277,19,0.007657847832888365,0.8322626352310181,0.018535256385803223
7,three_w,1.8054850101470947,20,0.008286075666546822,0.7986287474632263,0.018535256385803223
7,three_w,1.7605466842651367,21,0.008076269179582596,0.8098633289337158,0.018535256385803223
7,three_w,1.7263927459716797,22,0.007916728965938091,0.8184018135070801,0.018535256385803223
7,three_w,1.9506759643554688,23,0.008963974192738533,0.7623310089111328,0.018535256385803223
7,three_w,1.963244915008545,24,0.009022634476423264,0.7591887712478638,0.018535256385803223
7,three_w,1.7093706130981445,25,0.007837256416678429,0.8226573467254639,0.018535256385803223
7,three_w,1.677353858947754,26,0.007687749341130257,0.8306615352630615,0.018535256385803223
7,three_w,1.7024946212768555,27,0.007805169560015202,0.8243763446807861,0.018535256385803223
7,three_w,1.7229008674621582,28,0.007900436408817768,0.8192747831344604,0.018535256385803223
7,three_w,2.009260892868042,29,0.009252210147678852,0.7476847767829895,0.018535256385803223
7,three_w,1.8246572017669678,30,0.008375581353902817,0.7938356995582581,0.018535256385803223
7,three_w,1.7508728504180908,31,0.008031069301068783,0.8122817873954773,0.018535256385803223
7,three_w,2.0062408447265625,32,0.009233335964381695,0.7484397888183594,0.018535256385803223
8,three_w,1.002981424331665,0,0.0,0.9992546439170837,0.0
8,three_w,2.70304536819458,1,0.013589458540081978,0.574238657951355,0.018535256385803223
8,three_w,2.7076635360717773,2,0.013618366792798042,0.5730841159820557,0.018535256385803223
8,three_w,2.717395782470703,3,0.013679212890565395,0.5706510543823242,0.018535256385803223
8,three_w,2.7392611503601074,4,0.013815855607390404,0.5651847124099731,0.018535256385803223
8,three_w,2.817448616027832,5,0.014304708689451218,0.545637845993042,0.018535256385803223
8,three_w,2.73272967338562,6,0.013775026425719261,0.566817581653595,0.018535256385803223
8,three_w,2.704969644546509,7,0.01360147912055254,0.5737575888633728,0.018535256385803223
8,three_w,2.6753618717193604,8,0.013416407629847527,0.5811595320701599,0.018535256385803223
8,three_w,2.4953222274780273,9,0.01229088194668293,0.6261694431304932,0.018535256385803223
8,three_w,2.779355525970459,10,0.014066540636122227,0.5551611185073853,0.018535256385803223
8,three_w,2.714491844177246,11,0.013661082834005356,0.5713770389556885,0.018535256385803223
8,three_w,2.712836980819702,12,0.013650702312588692,0.5717907547950745,0.018535256385803223
8,three_w,2.7234907150268555,13,0.013717309571802616,0.5691273212432861,0.018535256385803223
8,three_w,2.7535531520843506,14,0.01390521228313446,0.5616117119789124,0.018535256385803223
8,three_w,2.798552989959717,15,0.01418654341250658,0.5503617525100708,0.018535256385803223
8,three_w,2.7203640937805176,16,0.013697739690542221,0.5699089765548706,0.018535256385803223
8,three_w,2.6690845489501953,17,0.013377168215811253,0.5827288627624512,0.018535256385803223
8,three_w,2.5109829902648926,18,0.01238873228430748,0.6222542524337769,0.018535256385803223
8,three_w,2.6777422428131104,19,0.013431308791041374,0.5805644392967224,0.018535256385803223
8,three_w,2.7764673233032227,20,0.014048510231077671,0.5558831691741943,0.018535256385803223
8,three_w,2.724560260772705,21,0.013724015094339848,0.5688599348068237,0.018535256385803223
8,three_w,2.718400239944458,22,0.013685471378266811,0.5703999400138855,0.018535256385803223
8,three_w,2.7278950214385986,23,0.013744826428592205,0.5680262446403503,0.018535256385803223
8,three_w,2.763950824737549,24,0.013970229774713516,0.5590122938156128,0.018535256385803223
8,three_w,2.7776031494140625,25,0.014055563136935234,0.5555992126464844,0.018535256385803223
8,three_w,2.6885697841644287,26,0.013499009422957897,0.5778575539588928,0.018535256385803223
8,three_w,2.541750192642212,27,0.012581104412674904,0.614562451839447,0.018535256385803223
8,three_w,2.5937371253967285,28,0.012906096875667572,0.6015657186508179,0.018535256385803223
8,three_w,2.7459018230438232,29,0.01385737955570221,0.5635245442390442,0.018535256385803223
8,three_w,2.7714273929595947,30,0.014017019420862198,0.5571431517601013,0.018535256385803223
8,three_w,2.7286109924316406,31,0.01374929677695036,0.5678472518920898,0.018535256385803223
8,three_w,2.7203640937805176,32,0.013697739690542221,0.5699089765548706,0.018535256385803223
9,three_w,3.800571918487549,0,0.0,0.2998570203781128,0.0
9,three_w,3.424435615539551,1,0.018760718405246735,0.3938910663127899,0.018535256385803223
9,three_w,3.424851894378662,2,0.01876399666070938,0.3937869966030121,0.018535256385803223
9,three_w,3.4255871772766113,3,0.018769709393382072,0.3936031758785248,0.018535256385803223
9,three_w,3.426722288131714,4,0.018778599798679352,0.39331942796707153,0.018535256385803223
9,three_w,3.428405284881592,5,0.018791712820529938,0.39289864897727966,0.018535256385803223
9,three_w,3.430922031402588,6,0.018811382353305817,0.392269492149353,0.018535256385803223
9,three_w,3.4348983764648438,7,0.01884247548878193,0.39127540588378906,0.018535256385803223
9,three_w,3.4420547485351562,8,0.01889830455183983,0.38948631286621094,0.018535256385803223
9,three_w,3.4605331420898438,9,0.019042646512389183,0.38486674427986145,0.018535256385803223
9,three_w,3.4471845626831055,10,0.01893838867545128,0.388203889131546,0.018535256385803223
9,three_w,3.4404871463775635,11,0.018886085599660873,0.38987821340560913,0.018535256385803223
9,three_w,3.437802791595459,12,0.018865125253796577,0.39054927229881287,0.018535256385803223
9,three_w,3.4369335174560547,13,0.018858369439840317,0.3907666504383087,0.018535256385803223
9,three_w,3.437316417694092,14,0.018861349672079086,0.39067092537879944,0.018535256385803223
9,three_w,3.4389047622680664,15,0.01887376792728901,0.390273779630661,0.018535256385803223
9,three_w,3.4420547485351562,16,0.01889830455183983,0.38948631286621094,0.018535256385803223
9,three_w,3.4478535652160645,17,0.018943604081869125,0.3880366086959839,0.018535256385803223
9,three_w,3.460017204284668,18,0.019038572907447815,0.384995698928833,0.018535256385803223
9,three_w,3.453977584838867,19,0.018991487100720406,0.3865056335926056,0.018535256385803223
9,three_w,3.4463343620300293,20,0.018931733444333076,0.3884164094924927,0.018535256385803223
9,three_w,3.442756414413452,21,0.018903817981481552,0.38931089639663696,0.018535256385803223
9,three_w,3.441185474395752,22,0.018891550600528717,0.3897036612033844,0.018535256385803223
9,three_w,3.440992832183838,23,0.018890010192990303,0.3897518217563629,0.018535256385803223
9,three_w,3.4420547485351562,24,0.01889830455183983,0.38948631286621094,0.018535256385803223
9,three_w,3.444608688354492,25,0.018918272107839584,0.38884779810905457,0.018535256385803223
9,three_w,3.449450969696045,26,0.018956070765852928,0.38763725757598877,0.018535256385803223
9,three_w,3.4590189456939697,27,0.019030824303627014,0.38524526357650757,0.018535256385803223
9,three_w,3.4572410583496094,28,0.019016917794942856,0.38568976521492004,0.018535256385803223
9,three_w,3.4489150047302246,29,0.01895189844071865,0.38777127861976624,0.018535256385803223
9,three_w,3.444746494293213,30,0.018919365480542183,0.3888133764266968,0.018535256385803223
9,three_w,3.4426846504211426,31,0.018903221935033798,0.38932880759239197,0.018535256385803223
9,three_w,3.4420547485351562,32,0.01889830455183983,0.38948631286621094,0.018535256385803223
10,three_w,3.9308202266693115,0,0.0,0.2672949433326721,0.0
10,three_w,3.9308202266693115,1,0.022715555503964424,0.2672949433326721,0.018535256385803223
10,three_w,3.9308202266693115,2,0.022715555503964424,0.2672949433326721,0.018535256385803223
10,three_w,3.9308202266693115,3,0.022715555503964424,0.2672949433326721,0.018535256385803223
10,three_w,3.9308202266693115,4,0.022715555503964424,0.2672949433326721,0.018535256385803223
10,three_w,3.9308202266693115,5,0.022715555503964424,0.2672949433326721,0.018535256385803223
10,three_w,3.9308202266693115,6,0.022715555503964424,0.2672949433326721,0.018535256385803223
10,three_w,3.9308202266693115,7,0.022715555503964424,0.2672949433326721,0.018535256385803223
10,three_w,3.9308202266693115,8,0.022715555503964424,0.2672949433326721,0.018535256385803223
10,three_w,3.9308202266693115,9,0.022715555503964424,0.2672949433326721,0.018535256385803223
10,three_w,3.9308202266693115,10,0.022715555503964424,0.2672949433326721,0.018535256385803223
10,three_w,3.9308202266693115,11,0.022715555503964424,0.2672949433326721,0.018535256385803223
10,three_w,3.9308202266693115,12,0.022715555503964424,0.2672949433326721,0.018535256385803223
10,three_w,3.9308202266693115,13,0.022715555503964424,0.2672949433326721,0.018535256385803223
10,three_w,3.9308202266693115,14,0.022715555503964424,0.2672949433326721,0.018535256385803223
10,three_w,3.9308202266693115,15,0.022715555503964424,0.2672949433326721,0.018535256385803223
10,three_w,3.9308202266693115,16,0.022715555503964424,0.2672949433326721,0.018535256385803223
10,three_w,3.9308202266693115,17,0.022715555503964424,0.2672949433326721,0.018535256385803223
10,three_w,3.9308202266693115,18,0.022715555503964424,0.2672949433326721,0.018535256385803223
10,three_w,3.9308202266693115,19,0.022715555503964424,0.2672949433326721,0.018535256385803223
10,three_w,3.9308202266693115,20,0.022715555503964424,0.2672949433326721,0.018535256385803223
10,three_w,3.9308202266693115,21,0.022715555503964424,0.2672949433326721,0.018535256385803223
10,three_w,3.9308202266693115,22,0.022715555503964424,0.2672949433326721,0.018535256385803223
10,three_w,3.9308202266693115,23,0.022715555503964424,0.2672949433326721,0.018535256385803223
10,three_w,3.9308202266693115,24,0.022715555503964424,0.2672949433326721,0.018535256385803223
10,three_w,3.9308202266693115,25,0.022715555503964424,0.2672949433326721,0.018535256385803223
10,three_w,3.9308202266693115,26,0.022715555503964424,0.2672949433326721,0.018535256385803223
10,three_w,3.9308202266693115,27,0.022715555503964424,0.2672949433326721,0.018535256385803223
10,three_w,3.9308202266693115,28,0.022715555503964424,0.2672949433326721,0.018535256385803223
10,three_w,3.9308202266693115,29,0.022715555503964424,0.2672949433326721,0.018535256385803223
10,three_w,3.9308202266693115,30,0.022715555503964424,0.2672949433326721,0.018535256385803223
10,three_w,3.9308202266693115,31,0.022715555503964424,0.2672949433326721,0.018535256385803223
10,three_w,3.9308202266693115,32,0.022715555503964424,0.2672949433326721,0.018535256385803223
11,three_w,3.733736991882324,0,0.0,0.31656575202941895,0.0
11,three_w,3.048888683319092,1,0.01582774519920349,0.48777782917022705,0.018535256385803223
11,three_w,3.123323678970337,2,0.01640908420085907,0.46916908025741577,0.018535256385803223
11,three_w,3.0524940490722656,3,0.015855908393859863,0.486876517534256,0.018535256385803223
11,three_w,3.181499481201172,4,0.016863416880369186,0.45462509989738464,0.018535256385803223
11,three_w,3.11553955078125,5,0.01634828932583332,0.4711151123046875,0.018535256385803223
11,three_w,3.183323860168457,6,0.0168776735663414,0.45416906476020813,0.018535256385803223
11,three_w,3.19132137298584,7,0.016940107569098473,0.45216965675354004,0.018535256385803223
11,three_w,3.21571683883667,8,0.017130693420767784,0.4460708200931549,0.018535256385803223
11,three_w,3.1744632720947266,9,0.016808481886982918,0.45638415217399597,0.018535256385803223
11,three_w,3.1783502101898193,10,0.016838781535625458,0.45541244745254517,0.018535256385803223
11,three_w,3.2447853088378906,11,0.017357684671878815,0.43880367279052734,0.018535256385803223
11,three_w,3.240352153778076,12,0.017323065549135208,0.43991199135780334,0.018535256385803223
11,three_w,3.2656431198120117,13,0.01752055436372757,0.43358924984931946,0.018535256385803223
11,three_w,3.2735791206359863,14,0.017582543194293976,0.4316052198410034,0.018535256385803223
11,three_w,3.271854877471924,15,0.017569081857800484,0.43203628063201904,0.018535256385803223
11,three_w,3.2179160118103027,16,0.01714782975614071,0.44552096724510193,0.018535256385803223
11,three_w,3.2609715461730957,17,0.017484096810221672,0.43475714325904846,0.018535256385803223
11,three_w,3.2857537269592285,18,0.017677610740065575,0.4285615384578705,0.018535256385803223
11,three_w,3.2572126388549805,19,0.017454741522669792,0.4356968402862549,0.018535256385803223
11,three_w,3.257474184036255,20,0.0174567773938179,0.4356314539909363,0.018535256385803223
11,three_w,3.263988971710205,21,0.01750764064490795,0.4340027868747711,0.018535256385803223
11,three_w,3.2740583419799805,22,0.017586316913366318,0.4314854145050049,0.018535256385803223
11,three_w,3.2514028549194336,23,0.017409343272447586,0.437149316072464,0.018535256385803223
11,three_w,3.2600889205932617,24,0.017477191984653473,0.43497779965400696,0.018535256385803223
11,three_w,3.2669878005981445,25,0.017531083896756172,0.43325307965278625,0.018535256385803223
11,three_w,3.288257122039795,26,0.017697181552648544,0.42793571949005127,0.018535256385803223
11,three_w,3.2708027362823486,27,0.017560835927724838,0.43229931592941284,0.018535256385803223
11,three_w,3.2702226638793945,28,0.017556317150592804,0.432444304227829,0.018535256385803223
11,three_w,3.2884182929992676,29,0.01769847236573696,0.4278954267501831,0.018535256385803223
11,three_w,3.250427484512329,30,0.017401743680238724,0.4373931288719177,0.018535256385803223
11,three_w,3.260814666748047,31,0.017482804134488106,0.4347963333129883,0.018535256385803223
11,three_w,3.2534053325653076,32,0.017425037920475006,0.4366486668586731,0.018535256385803223
12,three_w,3.3766250610351562,0,0.0,0.4058437645435333,0.0
12,three_w,3.2448129653930664,1,0.01735793426632881,0.4387967884540558,0.018535256385803223
12,three_w,3.112746477127075,2,0.016326483339071274,0.4718133807182312,0.018535256385803223
12,three_w,2.6992945671081543,3,0.013566014356911182,0.5751763582229614,0.018535256385803223
12,three_w,2.575770616531372,4,0.01279379241168499,0.606057345867157,0.018535256385803223
12,three_w,2.4362168312072754,5,0.011921335943043232,0.6409457921981812,0.018535256385803223
12,three_w,2.433307647705078,6,0.011903156526386738,0.6416730880737305,0.018535256385803223
12,three_w,2.4562184810638428,7,0.012046405114233494,0.6359453797340393,0.018535256385803223
12,three_w,2.4428274631500244,8,0.0119627108797431,0.6392931342124939,0.018535256385803223
12,three_w,2.4386422634124756,9,0.011936535127460957,0.6403394341468811,0.018535256385803223
12,three_w,2.3921735286712646,10,0.011646013706922531,0.6519566178321838,0.018535256385803223
12,three_w,2.3574326038360596,11,0.011428856290876865,0.6606418490409851,0.018535256385803223
12,three_w,2.3796732425689697,12,0.01156788319349289,0.6550816893577576,0.018535256385803223
12,three_w,2.4026098251342773,13,0.01171123143285513,0.6493475437164307,0.018535256385803223
12,three_w,2.3940138816833496,14,0.011657487601041794,0.6514965295791626,0.018535256385803223
12,three_w,2.370073080062866,15,0.011507881805300713,0.6574817299842834,0.018535256385803223
12,three_w,2.3904664516448975,16,0.01163533516228199,0.6523833870887756,0.018535256385803223
12,three_w,2.3884060382843018,17,0.011622420512139797,0.6528984904289246,0.018535256385803223
12,three_w,2.3635525703430176,18,0.011467101983726025,0.6591118574142456,0.018535256385803223
12,three_w,2.363478183746338,19,0.01146665494889021,0.6591304540634155,0.018535256385803223
12,three_w,2.3794665336608887,20,0.011566591449081898,0.6551333665847778,0.018535256385803223
12,three_w,2.365992784500122,21,0.011482350528240204,0.6585018038749695,0.018535256385803223
12,three_w,2.341571569442749,22,0.01132966484874487,0.6646071076393127,0.018535256385803223
12,three_w,2.348750114440918,23,0.011374566704034805,0.6628124713897705,0.018535256385803223
12,three_w,2.353922128677368,24,0.011406902223825455,0.661519467830658,0.018535256385803223
12,three_w,2.367966890335083,25,0.011494669131934643,0.6580082774162292,0.018535256385803223
12,three_w,2.350904703140259,26,0.011388027109205723,0.6622738242149353,0.018535256385803223
12,three_w,2.373070240020752,27,0.011526557616889477,0.656732439994812,0.018535256385803223
12,three_w,2.351321220397949,28,0.01139065995812416,0.6621696949005127,0.018535256385803223
12,three_w,2.3499879837036133,29,0.011382315307855606,0.6625030040740967,0.018535256385803223
12,three_w,2.3603148460388184,30,0.011446836404502392,0.6599212884902954,0.018535256385803223
12,three_w,2.358144760131836,31,0.011433277279138565,0.660463809967041,0.018535256385803223
12,three_w,2.337491512298584,32,0.011304134503006935,0.665627121925354,0.018535256385803223
13,three_w,3.563370704650879,0,0.0,0.3591573238372803,0.0
13,three_w,3.8508334159851074,1,0.02209080569446087,0.28729161620140076,0.018535256385803223
13,three_w,3.8441624641418457,2,0.02203875035047531,0.2889593541622162,0.018535256385803223
13,three_w,3.849003791809082,3,0.022076549008488655,0.2877490520477295,0.018535256385803223
13,three_w,3.8442842960357666,4,0.02203969471156597,0.28892892599105835,0.018535256385803223
13,three_w,3.841102361679077,5,0.022014809772372246,0.2897244095802307,0.018535256385803223
13,three_w,3.840101718902588,6,0.022007061168551445,0.289974570274353,0.018535256385803223
13,three_w,3.8412532806396484,7,0.022016001865267754,0.2896866500377655,0.018535256385803223
13,three_w,3.83941650390625,8,0.02200169675052166,0.2901458740234375,0.018535256385803223
13,three_w,3.840785503387451,9,0.0220123752951622,0.2898035943508148,0.018535256385803223
13,three_w,3.841895818710327,10,0.022021068260073662,0.2895260453224182,0.018535256385803223
13,three_w,3.8412718772888184,11,0.02201620116829872,0.2896820604801178,0.018535256385803223
13,three_w,3.8419551849365234,12,0.022021515294909477,0.28951117396354675,0.018535256385803223
13,three_w,3.8406004905700684,13,0.022010935470461845,0.2898498475551605,0.018535256385803223
13,three_w,3.8406105041503906,14,0.022010985761880875,0.28984740376472473,0.018535256385803223
13,three_w,3.8396830558776855,15,0.0220037829130888,0.290079265832901,0.018535256385803223
13,three_w,3.8399181365966797,16,0.02200562134385109,0.2900204360485077,0.018535256385803223
13,three_w,3.839632987976074,17,0.022003335878252983,0.29009175300598145,0.018535256385803223
13,three_w,3.8403449058532715,18,0.022008948028087616,0.28991377353668213,0.018535256385803223
13,three_w,3.8400259017944336,19,0.022006414830684662,0.2899934947490692,0.018535256385803223
13,three_w,3.8402183055877686,20,0.022007904946804047,0.28994542360305786,0.018535256385803223
13,three_w,3.84035062789917,21,0.022008948028087616,0.2899123430252075,0.018535256385803223
13,three_w,3.8408613204956055,22,0.022012922912836075,0.28978464007377625,0.018535256385803223
13,three_w,3.8404674530029297,23,0.022009892389178276,0.28988316655158997,0.018535256385803223
13,three_w,3.8405256271362305,24,0.02201033942401409,0.28986862301826477,0.018535256385803223
13,three_w,3.8399248123168945,25,0.02200566977262497,0.290018767118454,0.018535256385803223
13,three_w,3.839754581451416,26,0.022004280239343643,0.290061354637146,0.018535256385803223
13,three_w,3.8400254249572754,27,0.022006414830684662,0.28999361395835876,0.018535256385803223
13,three_w,3.839911460876465,28,0.02200557105243206,0.2900221645832062,0.018535256385803223
13,three_w,3.8399598598480225,29,0.022005919367074966,0.2900100350379944,0.018535256385803223
13,three_w,3.8401453495025635,30,0.022007359191775322,0.28996366262435913,0.018535256385803223
13,three_w,3.8409619331359863,31,0.022013766691088676,0.2897595465183258,0.018535256385803223
13,three_w,3.8410801887512207,32,0.022014660760760307,0.28972992300987244,0.018535256385803223
14,three_w,3.701096534729004,0,0.0,0.3247258961200714,0.0
14,three_w,3.6560378074645996,1,0.020569507032632828,0.3359905779361725,0.018535256385803223
14,three_w,3.472097873687744,2,0.0191329475492239,0.38197556138038635,0.018535256385803223
14,three_w,3.5239529609680176,3,0.01953795738518238,0.369011789560318,0.018535256385803223
14,three_w,3.6018857955932617,4,0.02014661580324173,0.34952858090400696,0.018535256385803223
14,three_w,3.7408018112182617,5,0.02123151160776615,0.31479957699775696,0.018535256385803223
14,three_w,3.8325705528259277,6,0.021948251873254776,0.2918573319911957,0.018535256385803223
14,three_w,3.8727200031280518,7,0.02226177044212818,0.28181999921798706,0.018535256385803223
14,three_w,3.864025592803955,8,0.022193871438503265,0.2839936316013336,0.018535256385803223
14,three_w,3.8188133239746094,9,0.021840766072273254,0.29529666900634766,0.018535256385803223
14,three_w,3.8812613487243652,10,0.02232847735285759,0.2796846926212311,0.018535256385803223
14,three_w,3.8897438049316406,11,0.022394686937332153,0.27756401896476746,0.018535256385803223
14,three_w,3.907912254333496,12,0.022536644712090492,0.2730219066143036,0.018535256385803223
14,three_w,3.9114222526550293,13,0.022564012557268143,0.27214446663856506,0.018535256385803223
14,three_w,3.9205007553100586,14,0.022634942084550858,0.26987481117248535,0.018535256385803223
14,three_w,3.9019672870635986,15,0.022490203380584717,0.27450817823410034,0.018535256385803223
14,three_w,3.904661178588867,16,0.022511214017868042,0.2738347351551056,0.018535256385803223
14,three_w,3.9019742012023926,17,0.022490251809358597,0.27450647950172424,0.018535256385803223
14,three_w,3.9051618576049805,18,0.022515136748552322,0.2737095057964325,0.018535256385803223
14,three_w,3.9119715690612793,19,0.02256833389401436,0.2720071077346802,0.018535256385803223
14,three_w,3.913341999053955,20,0.0225790124386549,0.27166450023651123,0.018535256385803223
14,three_w,3.9126245975494385,21,0.022573400288820267,0.2718438506126404,0.018535256385803223
14,three_w,3.902451515197754,22,0.02249397709965706,0.2743871510028839,0.018535256385803223
14,three_w,3.894817352294922,23,0.022434374317526817,0.27629563212394714,0.018535256385803223
14,three_w,3.902510166168213,24,0.022494424134492874,0.2743724286556244,0.018535256385803223
14,three_w,3.914407968521118,25,0.022587308660149574,0.27139800786972046,0.018535256385803223
14,three_w,3.9125895500183105,26,0.02257315255701542,0.27185264229774475,0.018535256385803223
14,three_w,3.910654067993164,27,0.022558052092790604,0.27233651280403137,0.018535256385803223
14,three_w,3.9048376083374023,28,0.02251260355114937,0.2737905979156494,0.018535256385803223
14,three_w,3.9136152267456055,29,0.022581148892641068,0.27159616351127625,0.018535256385803223
14,three_w,3.9176878929138184,30,0.022612987086176872,0.270577996969223,0.018535256385803223
14,three_w,3.9200377464294434,31,0.022631315514445305,0.26999059319496155,0.018535256385803223
14,three_w,3.92098331451416,32,0.0226387158036232,0.2697541415691376,0.018535256385803223
15,three_w,3.8696324825286865,0,0.0,0.28259187936782837,0.0
15,three_w,3.867717981338501,1,0.0222227293998003,0.28307050466537476,0.018535256385803223
15,three_w,3.9057202339172363,2,0.022519508376717567,0.2735699713230133,0.018535256385803223
15,three_w,3.887430191040039,3,0.022376656532287598,0.27814245223999023,0.018535256385803223
15,three_w,3.902754783630371,4,0.022496312856674194,0.27431127429008484,0.018535256385803223
15,three_w,3.905543804168701,5,0.022518116980791092,0.2736140489578247,0.018535256385803223
15,three_w,3.9236459732055664,6,0.022659529000520706,0.2690885066986084,0.018535256385803223
15,three_w,3.9245834350585938,7,0.02266683056950569,0.26885417103767395,0.018535256385803223
15,three_w,3.914548397064209,8,0.022588450461626053,0.27136287093162537,0.018535256385803223
15,three_w,3.9156196117401123,9,0.022596845403313637,0.2710950970649719,0.018535256385803223
15,three_w,3.918221950531006,10,0.02261711098253727,0.27044448256492615,0.018535256385803223
15,three_w,3.9231977462768555,11,0.022656001150608063,0.26920056343078613,0.018535256385803223
15,three_w,3.9237351417541504,12,0.02266017347574234,0.2690662443637848,0.018535256385803223
15,three_w,3.925595283508301,13,0.02267472818493843,0.2686012089252472,0.018535256385803223
15,three_w,3.917419910430908,14,0.022610900923609734,0.27064505219459534,0.018535256385803223
15,three_w,3.921701192855835,15,0.02264432981610298,0.26957470178604126,0.018535256385803223
15,three_w,3.9239304065704346,16,0.022661713883280754,0.26901739835739136,0.018535256385803223
15,three_w,3.9223432540893555,17,0.02264934591948986,0.2694142162799835,0.018535256385803223
15,three_w,3.923196315765381,18,0.022656001150608063,0.2692009210586548,0.018535256385803223
15,three_w,3.9235615730285645,19,0.022658832371234894,0.2691096067428589,0.018535256385803223
15,three_w,3.922849178314209,20,0.02265331894159317,0.26928773522377014,0.018535256385803223
15,three_w,3.924285411834717,21,0.022664494812488556,0.2689286768436432,0.018535256385803223
15,three_w,3.924072265625,22,0.022662807255983353,0.2689819037914276,0.018535256385803223
15,three_w,3.9208297729492188,23,0.02263752371072769,0.2697925269603729,0.018535256385803223
15,three_w,3.9226698875427246,24,0.022651879116892815,0.26933249831199646,0.018535256385803223
15,three_w,3.9258453845977783,25,0.02267666533589363,0.2685386538505554,0.018535256385803223
15,three_w,3.925693988800049,26,0.022675521671772003,0.2685764729976654,0.018535256385803223
15,three_w,3.924596071243286,27,0.0226669292896986,0.26885098218917847,0.018535256385803223
15,three_w,3.923863649368286,28,0.02266121655702591,0.26903408765792847,0.018535256385803223
15,three_w,3.9218482971191406,29,0.02264547161757946,0.26953789591789246,0.018535256385803223
15,three_w,3.9242517948150635,30,0.02266419678926468,0.26893705129623413,0.018535256385803223
15,three_w,3.92580246925354,31,0.022676317021250725,0.268549382686615,0.018535256385803223
15,three_w,3.926560401916504,32,0.022682277485728264,0.26835986971855164,0.018535256385803223
16,three_w,3.7854385375976562,0,0.0,0.3036403954029083,0.0
16,three_w,2.4202768802642822,1,0.01182169746607542,0.6449307799339294,0.018535256385803223
16,three_w,2.61370849609375,2,0.01303096767514944,0.5965728759765625,0.018535256385803223
16,three_w,2.5116803646087646,3,0.01239310298115015,0.6220799088478088,0.018535256385803223
16,three_w,2.2908596992492676,4,0.011012669652700424,0.6772850751876831,0.018535256385803223
16,three_w,2.284189224243164,5,0.010970947332680225,0.678952693939209,0.018535256385803223
16,three_w,2.2927358150482178,6,0.01102439220994711,0.6768160462379456,0.018535256385803223
16,three_w,2.2929461002349854,7,0.011025683023035526,0.6767634749412537,0.018535256385803223
16,three_w,2.282843828201294,8,0.010962552390992641,0.6792890429496765,0.018535256385803223
16,three_w,2.1587390899658203,9,0.010186655446887016,0.7103152275085449,0.018535256385803223
16,three_w,2.2142207622528076,10,0.010533501394093037,0.6964448094367981,0.018535256385803223
16,three_w,2.19588565826416,11,0.010418912395834923,0.70102858543396,0.018535256385803223
16,three_w,2.19940447807312,12,0.010440916754305363,0.70014888048172,0.018535256385803223
16,three_w,2.2091405391693115,13,0.010501762852072716,0.6977148652076721,0.018535256385803223
16,three_w,2.214014768600464,14,0.01053221058100462,0.696496307849884,0.018535256385803223
16,three_w,2.157134532928467,15,0.010176621377468109,0.7107163667678833,0.018535256385803223
16,three_w,2.178562641143799,16,0.010310632176697254,0.7053593397140503,0.018535256385803223
16,three_w,2.137254476547241,17,0.010052346624433994,0.7156863808631897,0.018535256385803223
16,three_w,2.1834142208099365,18,0.01034093089401722,0.7041464447975159,0.018535256385803223
16,three_w,2.203904628753662,19,0.010469029657542706,0.6990238428115845,0.018535256385803223
16,three_w,2.1672048568725586,20,0.010239602997899055,0.7081987857818604,0.018535256385803223
16,three_w,2.1834614276885986,21,0.010341228917241096,0.7041346430778503,0.018535256385803223
16,three_w,2.130048990249634,22,0.01000729575753212,0.7174877524375916,0.018535256385803223
16,three_w,2.1627631187438965,23,0.01021178811788559,0.7093092203140259,0.018535256385803223
16,three_w,2.1525681018829346,24,0.010148110799491405,0.7118579745292664,0.018535256385803223
16,three_w,2.1471545696258545,25,0.010114286094903946,0.7132113575935364,0.018535256385803223
16,three_w,2.1575076580047607,26,0.01017895620316267,0.7106230854988098,0.018535256385803223
16,three_w,2.1400933265686035,27,0.010070129297673702,0.7149766683578491,0.018535256385803223
16,three_w,2.097475528717041,28,0.009803698398172855,0.7256311178207397,0.018535256385803223
16,three_w,2.154672861099243,29,0.010161223821341991,0.7113317847251892,0.018535256385803223
16,three_w,2.133561849594116,30,0.01002930011600256,0.716609537601471,0.018535256385803223
16,three_w,2.113067865371704,31,0.009901151061058044,0.721733033657074,0.018535256385803223
16,three_w,2.181300640106201,32,0.01032771822065115,0.7046748399734497,0.018535256385803223
17,three_w,1.936842679977417,0,0.0,0.7657893300056458,0.0
17,three_w,3.7657320499420166,1,0.021426217630505562,0.30856698751449585,0.018535256385803223
17,three_w,3.6678988933563232,2,0.02066219225525856,0.3330252766609192,0.018535256385803223
17,three_w,3.7239036560058594,3,0.02109948731958866,0.31902408599853516,0.018535256385803223
17,three_w,3.8300256729125977,4,0.02192833460867405,0.292493611574173,0.018535256385803223
17,three_w,3.7933149337768555,5,0.02164163812994957,0.30167123675346375,0.018535256385803223
17,three_w,3.831604480743408,6,0.021940652281045914,0.29209887981414795,0.018535256385803223
17,three_w,3.837961196899414,7,0.021990321576595306,0.2905097007751465,0.018535256385803223
17,three_w,3.8270103931427,8,0.02190474048256874,0.29324740171432495,0.018535256385803223
17,three_w,3.8395323753356934,9,0.02200259082019329,0.29011690616607666,0.018535256385803223
17,three_w,3.8232102394104004,10,0.021875087171792984,0.2941974103450775,0.018535256385803223
17,three_w,3.824619770050049,11,0.02188611403107643,0.2938450574874878,0.018535256385803223
17,three_w,3.8396263122558594,12,0.022003285586833954,0.29009345173835754,0.018535256385803223
17,three_w,3.842832088470459,13,0.022028319537639618,0.28929194808006287,0.018535256385803223
17,three_w,3.8440651893615723,14,0.02203800529241562,0.28898367285728455,0.018535256385803223
17,three_w,3.829749822616577,15,0.02192619815468788,0.2925625443458557,0.018535256385803223
17,three_w,3.825092315673828,16,0.021889789029955864,0.29372692108154297,0.018535256385803223
17,three_w,3.8254528045654297,17,0.021892620250582695,0.2936367690563202,0.018535256385803223
17,three_w,3.8499577045440674,18,0.02208399958908558,0.28751057386398315,0.018535256385803223
17,three_w,3.8483901023864746,19,0.022071732208132744,0.28790244460105896,0.018535256385803223
17,three_w,3.846510887145996,20,0.022057129070162773,0.288372278213501,0.018535256385803223
17,three_w,3.8485617637634277,21,0.02207312174141407,0.28785958886146545,0.018535256385803223
17,three_w,3.835264205932617,22,0.0219692625105381,0.2911839485168457,0.018535256385803223
17,three_w,3.8418760299682617,23,0.022020919248461723,0.2895309627056122,0.018535256385803223
17,three_w,3.836940050125122,24,0.021982375532388687,0.2907649874687195,0.018535256385803223
17,three_w,3.8482630252838135,25,0.022070787847042084,0.28793424367904663,0.018535256385803223
17,three_w,3.8437726497650146,26,0.022035721689462662,0.28905683755874634,0.018535256385803223
17,three_w,3.8522729873657227,27,0.022102080285549164,0.28693175315856934,0.018535256385803223
17,three_w,3.8404541015625,28,0.022009793668985367,0.2898865044116974,0.018535256385803223
17,three_w,3.842740535736084,29,0.022027624770998955,0.2893148958683014,0.018535256385803223
17,three_w,3.8466436862945557,30,0.022058121860027313,0.2883390784263611,0.018535256385803223
17,three_w,3.8434267044067383,31,0.02203298918902874,0.2891433537006378,0.018535256385803223
17,three_w,3.84852933883667,32,0.022072874009609222,0.28786763548851013,0.018535256385803223
18,three_w,3.896522283554077,0,0.0,0.2758694291114807,0.0
18,three_w,3.805375099182129,1,0.021735861897468567,0.2986561954021454,0.018535256385803223
18,three_w,3.7019429206848145,2,0.020928027108311653,0.3245142698287964,0.018535256385803223
18,three_w,3.6080198287963867,3,0.02019449695944786,0.34799501299858093,0.018535256385803223
18,three_w,3.5941829681396484,4,0.020086415112018585,0.3514542877674103,0.018535256385803223
18,three_w,3.5741522312164307,5,0.019930003210902214,0.35646194219589233,0.018535256385803223
18,three_w,3.560885190963745,6,0.019826341420412064,0.3597787022590637,0.018535256385803223
18,three_w,3.5717122554779053,7,0.01991098001599312,0.3570719361305237,0.018535256385803223
18,three_w,3.5693702697753906,8,0.019892651587724686,0.35765743255615234,0.018535256385803223
18,three_w,3.550568103790283,9,0.019745826721191406,0.3623579442501068,0.018535256385803223
18,three_w,3.5575990676879883,10,0.019800713285803795,0.36060020327568054,0.018535256385803223
18,three_w,3.555899143218994,11,0.01978745125234127,0.36102521419525146,0.018535256385803223
18,three_w,3.551881790161133,12,0.01975610852241516,0.3620295226573944,0.018535256385803223
18,three_w,3.5537991523742676,13,0.019771059975028038,0.3615502417087555,0.018535256385803223
18,three_w,3.5533719062805176,14,0.019767681136727333,0.361657053232193,0.018535256385803223
18,three_w,3.5537686347961426,15,0.01977081038057804,0.36155784130096436,0.018535256385803223
18,three_w,3.5454537868499756,16,0.019705843180418015,0.3636365532875061,0.018535256385803223
18,three_w,3.547107696533203,17,0.019718807190656662,0.36322304606437683,0.018535256385803223
18,three_w,3.5522098541259766,18,0.019758591428399086,0.36194756627082825,0.018535256385803223
18,three_w,3.5462117195129395,19,0.019711803644895554,0.3634470999240875,0.018535256385803223
18,three_w,3.5496985912323,20,0.019739022478461266,0.36257535219192505,0.018535256385803223
18,three_w,3.549278736114502,21,0.01973574422299862,0.3626803159713745,0.018535256385803223
18,three_w,3.546668767929077,22,0.019715379923582077,0.3633328080177307,0.018535256385803223
18,three_w,3.543846607208252,23,0.019693326205015182,0.364038348197937,0.018535256385803223
18,three_w,3.5443949699401855,24,0.01969759725034237,0.3639012575149536,0.018535256385803223
18,three_w,3.55255126953125,25,0.01976127363741398,0.3618621826171875,0.018535256385803223
18,three_w,3.5464911460876465,26,0.0197139885276556,0.3633772134780884,0.018535256385803223
18,three_w,3.5460071563720703,27,0.01971016451716423,0.3634982109069824,0.018535256385803223
18,three_w,3.545938491821289,28,0.019709616899490356,0.3635154068470001,0.018535256385803223
18,three_w,3.541341781616211,29,0.019673755392432213,0.36466458439826965,0.018535256385803223
18,three_w,3.5439648628234863,30,0.019694220274686813,0.36400875449180603,0.018535256385803223
18,three_w,3.5490684509277344,31,0.019734105095267296,0.362732857465744,0.018535256385803223
18,three_w,3.5454859733581543,32,0.019706090912222862,0.36362847685813904,0.018535256385803223
19,three_w,3.8230843544006348,0,0.0,0.2942288815975189,0.0
19,three_w,3.7664525508880615,1,0.021431831642985344,0.3083868622779846,0.018535256385803223
19,three_w,3.731032371520996,2,0.02115521766245365,0.31724193692207336,0.018535256385803223
19,three_w,3.7142527103424072,3,0.02102418802678585,0.3214368224143982,0.018535256385803223
19,three_w,3.707946300506592,4,0.020974915474653244,0.32301342487335205,0.018535256385803223
19,three_w,3.7052602767944336,5,0.02095390483736992,0.3236849308013916,0.018535256385803223
19,three_w,3.7005882263183594,6,0.02091744728386402,0.32485294342041016,0.018535256385803223
19,three_w,3.698568820953369,7,0.020901652052998543,0.3253577947616577,0.018535256385803223
19,three_w,3.6913909912109375,8,0.020845623686909676,0.3271522521972656,0.018535256385803223
19,three_w,3.693021297454834,9,0.020858339965343475,0.3267446756362915,0.018535256385803223
19,three_w,3.6927499771118164,10,0.020856203511357307,0.3268125355243683,0.018535256385803223
19,three_w,3.691469669342041,11,0.02084627002477646,0.32713261246681213,0.018535256385803223
19,three_w,3.691206455230713,12,0.02084418386220932,0.3271983563899994,0.018535256385803223
19,three_w,3.6906819343566895,13,0.020840110257267952,0.32732954621315,0.018535256385803223
19,three_w,3.6933319568634033,14,0.02086077257990837,0.32666701078414917,0.018535256385803223
19,three_w,3.6882810592651367,15,0.020821334794163704,0.32792970538139343,0.018535256385803223
19,three_w,3.6894233226776123,16,0.020830225199460983,0.3276441693305969,0.018535256385803223
19,three_w,3.6894092559814453,17,0.020830176770687103,0.32764771580696106,0.018535256385803223
19,three_w,3.690579891204834,18,0.02083931490778923,0.3273549973964691,0.018535256385803223
19,three_w,3.683816432952881,19,0.0207864660769701,0.3290458917617798,0.018535256385803223
19,three_w,3.6863322257995605,20,0.02080613560974598,0.3284169137477875,0.018535256385803223
19,three_w,3.68530535697937,21,0.0207980889827013,0.32867366075515747,0.018535256385803223
19,three_w,3.6857523918151855,22,0.020801566541194916,0.328561931848526,0.018535256385803223
19,three_w,3.6874475479125977,23,0.02081477828323841,0.3281381130218506,0.018535256385803223
19,three_w,3.6873059272766113,24,0.020813684910535812,0.3281734883785248,0.018535256385803223
19,three_w,3.6861166954040527,25,0.020804448053240776,0.3284708559513092,0.018535256385803223
19,three_w,3.686161518096924,26,0.020804746076464653,0.32845965027809143,0.018535256385803223
19,three_w,3.687040328979492,27,0.020811649039387703,0.32823994755744934,0.018535256385803223
19,three_w,3.6846272945404053,28,0.020792825147509575,0.3288431763648987,0.018535256385803223
19,three_w,3.6847071647644043,29,0.02079342119395733,0.32882317900657654,0.018535256385803223
19,three_w,3.6841001510620117,30,0.020788652822375298,0.32897496223449707,0.018535256385803223
19,three_w,3.6829051971435547,31,0.020779363811016083,0.32927367091178894,0.018535256385803223
19,three_w,3.684551477432251,32,0.020792178809642792,0.32886213064193726,0.018535256385803223
20,three_w,3.8398213386535645,0,0.0,0.2900446355342865,0.0
20,three_w,3.9308202266693115,1,0.022715555503964424,0.2672949433326721,0.018535256385803223
20,three_w,3.9308202266693115,2,0.022715555503964424,0.2672949433326721,0.018535256385803223
20,three_w,3.9308202266693115,3,0.022715555503964424,0.2672949433326721,0.018535256385803223
20,three_w,3.9308202266693115,4,0.022715555503964424,0.2672949433326721,0.018535256385803223
20,three_w,3.9308202266693115,5,0.022715555503964424,0.2672949433326721,0.018535256385803223
20,three_w,3.9308202266693115,6,0.022715555503964424,0.2672949433326721,0.018535256385803223
20,three_w,3.9308202266693115,7,0.022715555503964424,0.2672949433326721,0.018535256385803223
20,three_w,3.9308202266693115,8,0.022715555503964424,0.2672949433326721,0.018535256385803223
20,three_w,3.9308202266693115,9,0.022715555503964424,0.2672949433326721,0.018535256385803223
20,three_w,3.9308202266693115,10,0.022715555503964424,0.2672949433326721,0.018535256385803223
20,three_w,3.9308202266693115,11,0.022715555503964424,0.2672949433326721,0.018535256385803223
20,three_w,3.9308202266693115,12,0.022715555503964424,0.2672949433326721,0.018535256385803223
20,three_w,3.9308202266693115,13,0.022715555503964424,0.2672949433326721,0.018535256385803223
20,three_w,3.9308202266693115,14,0.022715555503964424,0.2672949433326721,0.018535256385803223
20,three_w,3.9308202266693115,15,0.022715555503964424,0.2672949433326721,0.018535256385803223
20,three_w,3.9308202266693115,16,0.022715555503964424,0.2672949433326721,0.018535256385803223
20,three_w,3.9308202266693115,17,0.022715555503964424,0.2672949433326721,0.018535256385803223
20,three_w,3.9308202266693115,18,0.022715555503964424,0.2672949433326721,0.018535256385803223
20,three_w,3.9308202266693115,19,0.022715555503964424,0.2672949433326721,0.018535256385803223
20,three_w,3.9308202266693115,20,0.022715555503964424,0.2672949433326721,0.018535256385803223
20,three_w,3.9308202266693115,21,0.022715555503964424,0.2672949433326721,0.018535256385803223
20,three_w,3.9308202266693115,22,0.022715555503964424,0.2672949433326721,0.018535256385803223
20,three_w,3.9308202266693115,23,0.022715555503964424,0.2672949433326721,0.018535256385803223
20,three_w,3.9308202266693115,24,0.022715555503964424,0.2672949433326721,0.018535256385803223
20,three_w,3.9308202266693115,25,0.022715555503964424,0.2672949433326721,0.018535256385803223
20,three_w,3.9308202266693115,26,0.022715555503964424,0.2672949433326721,0.018535256385803223
20,three_w,3.9308202266693115,27,0.022715555503964424,0.2672949433326721,0.018535256385803223
20,three_w,3.9308202266693115,28,0.022715555503964424,0.2672949433326721,0.018535256385803223
20,three_w,3.9308202266693115,29,0.022715555503964424,0.2672949433326721,0.018535256385803223
20,three_w,3.9308202266693115,30,0.022715555503964424,0.2672949433326721,0.018535256385803223
20,three_w,3.9308202266693115,31,0.022715555503964424,0.2672949433326721,0.018535256385803223
20,three_w,3.9308202266693115,32,0.022715555503964424,0.2672949433326721,0.018535256385803223
21,three_w,1.095139741897583,0,0.0,0.9762150645256042,0.0
21,three_w,1.6172239780426025,1,0.007407013326883316,0.8456940054893494,0.018535256385803223
21,three_w,1.648815393447876,2,0.007554533891379833,0.837796151638031,0.018535256385803223
21,three_w,1.8741648197174072,3,0.008606746792793274,0.7814587950706482,0.018535256385803223
21,three_w,2.278904676437378,4,0.010937916114926338,0.6802738308906555,0.018535256385803223
21,three_w,2.5000107288360596,5,0.01232018694281578,0.6249973177909851,0.018535256385803223
21,three_w,2.7162039279937744,6,0.013671712018549442,0.5709490180015564,0.018535256385803223
21,three_w,2.5699989795684814,7,0.012757731601595879,0.6075002551078796,0.018535256385803223
21,three_w,2.514889717102051,8,0.01241317018866539,0.6212775707244873,0.018535256385803223
21,three_w,2.492418050765991,9,0.012272702530026436,0.6268954873085022,0.018535256385803223
21,three_w,2.7104055881500244,10,0.013635503128170967,0.5723986029624939,0.018535256385803223
21,three_w,3.2036194801330566,11,0.01703616976737976,0.44909510016441345,0.018535256385803223
21,three_w,3.5307493209838867,12,0.01959100551903248,0.36731263995170593,0.018535256385803223
21,three_w,3.3942956924438477,13,0.01852533221244812,0.4014260470867157,0.018535256385803223
21,three_w,3.111809730529785,14,0.01631918177008629,0.4720475673675537,0.018535256385803223
21,three_w,2.650672435760498,15,0.013262082822620869,0.5873318910598755,0.018535256385803223
21,three_w,2.3764731884002686,16,0.011547866277396679,0.6558817028999329,0.018535256385803223
21,three_w,2.4871320724487305,17,0.012239621952176094,0.6282169818878174,0.018535256385803223
21,three_w,2.7748594284057617,18,0.01403842680156231,0.5562851428985596,0.018535256385803223
21,three_w,2.9772884845733643,19,0.01530392374843359,0.5056778788566589,0.018535256385803223
21,three_w,3.139948844909668,20,0.016538921743631363,0.4650128185749054,0.018535256385803223
21,three_w,2.7637977600097656,21,0.01396928634494543,0.5590505599975586,0.018535256385803223
21,three_w,2.2878386974334717,22,0.010993745177984238,0.6780403256416321,0.018535256385803223
21,three_w,2.067251205444336,23,0.009614703245460987,0.733187198638916,0.018535256385803223
21,three_w,1.9947514533996582,24,0.00916975736618042,0.7513121366500854,0.018535256385803223
21,three_w,1.9494285583496094,25,0.008958162739872932,0.7626428604125977,0.018535256385803223
21,three_w,1.9936683177947998,26,0.009164741262793541,0.7515829205513,0.018535256385803223
21,three_w,1.885629415512085,27,0.008660241030156612,0.7785926461219788,0.018535256385803223
21,three_w,1.8098220825195312,28,0.008306341245770454,0.7975444793701172,0.018535256385803223
21,three_w,1.7516283988952637,29,0.008034596219658852,0.8120929002761841,0.018535256385803223
21,three_w,1.753528118133545,30,0.008043437264859676,0.8116179704666138,0.018535256385803223
21,three_w,1.7531487941741943,31,0.00804169848561287,0.8117128014564514,0.018535256385803223
21,three_w,1.7462444305419922,32,0.008009413257241249,0.813438892364502,0.018535256385803223
0,tep,2.6628057956695557,0,0.0,0.5842985510826111,0.0
0,tep,3.4002747535705566,1,0.019260264933109283,0.39993128180503845,0.018535256385803223
0,tep,3.625631332397461,2,0.021085495129227638,0.34359219670295715,0.018535256385803223
0,tep,3.6853842735290527,3,0.0215693861246109,0.3286539316177368,0.018535256385803223
0,tep,3.7219338417053223,4,0.021865418180823326,0.31951653957366943,0.018535256385803223
0,tep,3.784433364868164,5,0.02237166464328766,0.3038916289806366,0.018535256385803223
0,tep,3.8244285583496094,6,0.022695615887641907,0.29389289021492004,0.018535256385803223
0,tep,3.6783480644226074,7,0.021512415260076523,0.33041298389434814,0.018535256385803223
0,tep,3.7905123233795166,8,0.02242085710167885,0.30237191915512085,0.018535256385803223
0,tep,3.851858139038086,9,0.02291773073375225,0.28703543543815613,0.018535256385803223
0,tep,3.764493703842163,10,0.022210178896784782,0.30887657403945923,0.018535256385803223
0,tep,3.666274070739746,11,0.02141464687883854,0.3334314823150635,0.018535256385803223
0,tep,3.738218307495117,12,0.02199733629822731,0.3154454529285431,0.018535256385803223
0,tep,3.6058506965637207,13,0.020925192162394524,0.3485373556613922,0.018535256385803223
0,tep,3.830812931060791,14,0.022747281938791275,0.29229679703712463,0.018535256385803223
0,tep,3.776822805404663,15,0.022310007363557816,0.30579429864883423,0.018535256385803223
0,tep,3.7953617572784424,16,0.022460108622908592,0.3011595606803894,0.018535256385803223
0,tep,3.7667384147644043,17,0.022228309884667397,0.30831536650657654,0.018535256385803223
0,tep,3.825624704360962,18,0.02270529977977276,0.2935938239097595,0.018535256385803223
0,tep,3.651327610015869,19,0.021293597295880318,0.3371680974960327,0.018535256385803223
0,tep,3.689035415649414,20,0.021598953753709793,0.32774117588996887,0.018535256385803223
0,tep,3.5286812782287598,21,0.020300213247537613,0.36782971024513245,0.018535256385803223
0,tep,3.6244373321533203,22,0.021075809374451637,0.3438906669616699,0.018535256385803223
0,tep,3.773893117904663,23,0.02228631265461445,0.30652672052383423,0.018535256385803223
0,tep,3.579068183898926,24,0.02070833370089531,0.35523292422294617,0.018535256385803223
0,tep,3.563328266143799,25,0.020580843091011047,0.3591679632663727,0.018535256385803223
0,tep,3.5591344833374023,26,0.020546898245811462,0.3602164089679718,0.018535256385803223
0,tep,3.526029109954834,27,0.02027873322367668,0.3684926927089691,0.018535256385803223
0,tep,3.3762664794921875,28,0.01906576007604599,0.40593335032463074,0.018535256385803223
0,tep,3.403221368789673,29,0.019284062087535858,0.3991946578025818,0.018535256385803223
0,tep,3.4104208946228027,30,0.019342372193932533,0.3973947763442993,0.018535256385803223
0,tep,3.172675132751465,31,0.017416799440979958,0.4568312168121338,0.018535256385803223
0,tep,3.6581850051879883,32,0.02134912647306919,0.33545374870300293,0.018535256385803223
1,tep,3.284329414367676,0,0.0,0.42891761660575867,0.0
1,tep,3.308516502380371,1,0.018517067655920982,0.4228708744049072,0.018535256385803223
1,tep,2.9762167930603027,2,0.015864061191678047,0.5059458017349243,0.018535256385803223
1,tep,3.8062639236450195,3,0.022548450157046318,0.2984340488910675,0.018535256385803223
1,tep,3.594266176223755,4,0.020831391215324402,0.3514334559440613,0.018535256385803223
1,tep,3.762302875518799,5,0.02219240739941597,0.3094242513179779,0.018535256385803223
1,tep,3.7871601581573486,6,0.022393710911273956,0.30320996046066284,0.018535256385803223
1,tep,3.5861997604370117,7,0.020766127854585648,0.35345008969306946,0.018535256385803223
1,tep,3.7750844955444336,8,0.022295892238616943,0.3062288463115692,0.018535256385803223
1,tep,3.780353546142578,9,0.022338543087244034,0.3049115836620331,0.018535256385803223
1,tep,3.540844440460205,10,0.020398752763867378,0.36478888988494873,0.018535256385803223
1,tep,3.7040367126464844,11,0.021720517426729202,0.3239908218383789,0.018535256385803223
1,tep,3.7332682609558105,12,0.021957261487841606,0.31668293476104736,0.018535256385803223
1,tep,3.747314929962158,13,0.022070996463298798,0.31317123770713806,0.018535256385803223
1,tep,3.6279382705688477,14,0.02110414206981659,0.3430154621601105,0.018535256385803223
1,tep,3.5875766277313232,15,0.020777253434062004,0.3531058430671692,0.018535256385803223
1,tep,2.9765219688415527,16,0.015866069123148918,0.5058695077896118,0.018535256385803223
1,tep,3.6440584659576416,17,0.021234668791294098,0.3389853835105896,0.018535256385803223
1,tep,3.77008056640625,18,0.02225540578365326,0.3074798583984375,0.018535256385803223
1,tep,3.7944631576538086,19,0.02245289832353592,0.30138418078422546,0.018535256385803223
1,tep,3.7578883171081543,20,0.02215660735964775,0.3105279505252838,0.018535256385803223
1,tep,3.554403781890869,21,0.020508574321866035,0.3613990247249603,0.018535256385803223
1,tep,3.8375611305236816,22,0.02280193381011486,0.290609747171402,0.018535256385803223
1,tep,3.706326723098755,23,0.021739061921834946,0.3234183192253113,0.018535256385803223
1,tep,3.8186392784118652,24,0.02264869026839733,0.2953401505947113,0.018535256385803223
1,tep,3.6634459495544434,25,0.021391725167632103,0.3341384828090668,0.018535256385803223
1,tep,3.407163619995117,26,0.019315999001264572,0.3982091248035431,0.018535256385803223
1,tep,3.758190155029297,27,0.02215908095240593,0.3104524314403534,0.018535256385803223
1,tep,3.753516435623169,28,0.02212122082710266,0.31162089109420776,0.018535256385803223
1,tep,3.8110175132751465,29,0.02258692868053913,0.297245591878891,0.018535256385803223
1,tep,3.774744987487793,30,0.02229311130940914,0.30631378293037415,0.018535256385803223
1,tep,3.8320839405059814,31,0.022757582366466522,0.29197901487350464,0.018535256385803223
1,tep,3.7991509437561035,32,0.022490808740258217,0.3002122938632965,0.018535256385803223
2,tep,2.211094617843628,0,0.0,0.697226345539093,0.0
2,tep,2.5301218032836914,1,0.012971940450370312,0.6174695491790771,0.018535256385803223
2,tep,2.6429097652435303,2,0.013703186064958572,0.5892725586891174,0.018535256385803223
2,tep,3.2599987983703613,3,0.018124040216207504,0.4350002706050873,0.018535256385803223
2,tep,3.432677745819092,4,0.019522659480571747,0.39183053374290466,0.018535256385803223
2,tep,3.8393871784210205,5,0.022816717624664307,0.2901532053947449,0.018535256385803223
2,tep,3.8044040203094482,6,0.0225333571434021,0.29889899492263794,0.018535256385803223
2,tep,2.431828737258911,7,0.012334650382399559,0.6420428156852722,0.018535256385803223
2,tep,3.8499693870544434,8,0.022902430966496468,0.2875076234340668,0.018535256385803223
2,tep,3.8014936447143555,9,0.02250976487994194,0.29962655901908875,0.018535256385803223
2,tep,3.8068132400512695,10,0.02255287952721119,0.2982966899871826,0.018535256385803223
2,tep,3.82903790473938,11,0.02273290976881981,0.29274052381515503,0.018535256385803223
2,tep,3.8044395446777344,12,0.022533666342496872,0.298890084028244,0.018535256385803223
2,tep,3.7771782875061035,13,0.022312890738248825,0.3057054281234741,0.018535256385803223
2,tep,3.476417064666748,14,0.01987694948911667,0.3808957040309906,0.018535256385803223
2,tep,3.758463144302368,15,0.022161295637488365,0.31038421392440796,0.018535256385803223
2,tep,3.8532862663269043,16,0.022929267957806587,0.2866784334182739,0.018535256385803223
2,tep,3.6836533546447754,17,0.021555375307798386,0.32908663153648376,0.018535256385803223
2,tep,3.492600917816162,18,0.020007994025945663,0.3768497705459595,0.018535256385803223
2,tep,3.691226005554199,19,0.021616673097014427,0.3271934688091278,0.018535256385803223
2,tep,3.8167474269866943,20,0.02263334020972252,0.2958131432533264,0.018535256385803223
2,tep,3.85098934173584,21,0.022910673171281815,0.28725263476371765,0.018535256385803223
2,tep,3.8043549060821533,22,0.02253299579024315,0.29891127347946167,0.018535256385803223
2,tep,3.6763596534729004,23,0.021496344357728958,0.3309100866317749,0.018535256385803223
2,tep,3.800349712371826,24,0.022500544786453247,0.29991260170936584,0.018535256385803223
2,tep,3.606326103210449,25,0.020929107442498207,0.3484184443950653,0.018535256385803223
2,tep,3.805521011352539,26,0.022542422637343407,0.2986197769641876,0.018535256385803223
2,tep,3.830543279647827,27,0.02274511754512787,0.2923641800880432,0.018535256385803223
2,tep,3.6022510528564453,28,0.02089609019458294,0.3494372069835663,0.018535256385803223
2,tep,3.576366901397705,29,0.02068644016981125,0.3559083044528961,0.018535256385803223
2,tep,3.5724453926086426,30,0.02065465785562992,0.35688865184783936,0.018535256385803223
2,tep,3.8282065391540527,31,0.022726111114025116,0.2929483950138092,0.018535256385803223
2,tep,3.85251522064209,32,0.02292303554713726,0.28687116503715515,0.018535256385803223
3,tep,2.273224115371704,0,0.0,0.681693971157074,0.0
3,tep,2.6756486892700195,1,0.0139154102653265,0.5810878276824951,0.018535256385803223
3,tep,2.811868190765381,2,0.014798613265156746,0.5470329523086548,0.018535256385803223
3,tep,2.9011712074279785,3,0.01537754200398922,0.5247071981430054,0.018535256385803223
3,tep,3.5025522708892822,4,0.02008860744535923,0.37436193227767944,0.018535256385803223
3,tep,3.626800775527954,5,0.021094920113682747,0.3432998061180115,0.018535256385803223
3,tep,3.291234254837036,6,0.018377061933279037,0.42719143629074097,0.018535256385803223
3,tep,3.5452075004577637,7,0.020434090867638588,0.36369815468788147,0.018535256385803223
3,tep,3.780226707458496,8,0.022337565198540688,0.3049432933330536,0.018535256385803223
3,tep,3.8154263496398926,9,0.02262267656624317,0.29614338278770447,0.018535256385803223
3,tep,3.827051877975464,10,0.022716838866472244,0.29323703050613403,0.018535256385803223
3,tep,3.7423698902130127,11,0.022030921652913094,0.3144075274467468,0.018535256385803223
3,tep,3.7381675243377686,12,0.02199692465364933,0.31545811891555786,0.018535256385803223
3,tep,3.802811622619629,13,0.022520478814840317,0.2992970645427704,0.018535256385803223
3,tep,3.8233776092529297,14,0.022687064483761787,0.29415562748908997,0.018535256385803223
3,tep,3.7981204986572266,15,0.022482464089989662,0.30046990513801575,0.018535256385803223
3,tep,3.826275587081909,16,0.02271050214767456,0.2934311032295227,0.018535256385803223
3,tep,3.8072948455810547,17,0.022556742653250694,0.29817625880241394,0.018535256385803223
3,tep,3.652204990386963,18,0.021300705149769783,0.33694878220558167,0.018535256385803223
3,tep,3.818169593811035,19,0.022644877433776855,0.2954575717449188,0.018535256385803223
3,tep,3.755580425262451,20,0.0221379604190588,0.3111049234867096,0.018535256385803223
3,tep,3.529005527496338,21,0.020302841439843178,0.36774858832359314,0.018535256385803223
3,tep,3.846780776977539,22,0.022876624017953873,0.2883048355579376,0.018535256385803223
3,tep,3.648298978805542,23,0.02126907929778099,0.3379252552986145,0.018535256385803223
3,tep,3.8537821769714355,24,0.02293328568339348,0.2865544557571411,0.018535256385803223
3,tep,3.84842848777771,25,0.022889913991093636,0.2878928780555725,0.018535256385803223
3,tep,3.807079553604126,26,0.022555094212293625,0.2982301115989685,0.018535256385803223
3,tep,3.8525002002716064,27,0.022922933101654053,0.2868749499320984,0.018535256385803223
3,tep,3.7854785919189453,28,0.02238011360168457,0.30363035202026367,0.018535256385803223
3,tep,3.817145824432373,29,0.02263658493757248,0.29571354389190674,0.018535256385803223
3,tep,3.855834484100342,30,0.02294992469251156,0.28604140877723694,0.018535256385803223
3,tep,3.7134909629821777,31,0.02179706282913685,0.32162725925445557,0.018535256385803223
3,tep,3.814927577972412,32,0.022618606686592102,0.29626813530921936,0.018535256385803223
4,tep,3.8308050632476807,0,0.0,0.29229873418807983,0.0
4,tep,3.6630513668060303,1,0.02138853259384632,0.33423715829849243,0.018535256385803223
4,tep,3.8012619018554688,2,0.022507911548018456,0.2996844947338104,0.018535256385803223
4,tep,3.719595432281494,3,0.02184651419520378,0.32010114192962646,0.018535256385803223
4,tep,3.736579418182373,4,0.021984046325087547,0.3158551752567291,0.018535256385803223
4,tep,3.8285984992980957,5,0.022729355841875076,0.2928503751754761,0.018535256385803223
4,tep,3.7644436359405518,6,0.022209715098142624,0.30888909101486206,0.018535256385803223
4,tep,3.7963881492614746,7,0.022468453273177147,0.30090299248695374,0.018535256385803223
4,tep,3.7679030895233154,8,0.022237736731767654,0.30802422761917114,0.018535256385803223
4,tep,3.811051845550537,9,0.022587237879633904,0.2972370684146881,0.018535256385803223
4,tep,3.805448055267334,10,0.02254185639321804,0.2986379861831665,0.018535256385803223
4,tep,3.6709628105163574,11,0.021452559158205986,0.33225929737091064,0.018535256385803223
4,tep,3.816375970840454,12,0.022630300372838974,0.2959060072898865,0.018535256385803223
4,tep,3.829493999481201,13,0.02273656614124775,0.2926265299320221,0.018535256385803223
4,tep,3.8297958374023438,14,0.022739090025424957,0.2925510108470917,0.018535256385803223
4,tep,3.828770637512207,15,0.022730745375156403,0.29280734062194824,0.018535256385803223
4,tep,3.7622156143188477,16,0.022191686555743217,0.3094460666179657,0.018535256385803223
4,tep,3.8224194049835205,17,0.0226792860776186,0.2943951487541199,0.018535256385803223
4,tep,3.836610794067383,18,0.02279420755803585,0.2908473312854767,0.018535256385803223
4,tep,3.7326440811157227,19,0.02195221371948719,0.31683897972106934,0.018535256385803223
4,tep,3.831249237060547,20,0.022750835865736008,0.2921876609325409,0.018535256385803223
4,tep,3.6581857204437256,21,0.02134912647306919,0.3354535698890686,0.018535256385803223
4,tep,3.8403632640838623,22,0.022824598476290703,0.2899091839790344,0.018535256385803223
4,tep,3.467806816101074,23,0.019807204604148865,0.38304832577705383,0.018535256385803223
4,tep,3.8276593685150146,24,0.022721732035279274,0.29308515787124634,0.018535256385803223
4,tep,3.828031063079834,25,0.02272471971809864,0.2929922044277191,0.018535256385803223
4,tep,3.8082942962646484,26,0.022564882412552834,0.2979264259338379,0.018535256385803223
4,tep,3.7979891300201416,27,0.022481434047222137,0.3005027174949646,0.018535256385803223
4,tep,3.8154032230377197,28,0.022622469812631607,0.29614919424057007,0.018535256385803223
4,tep,3.843034267425537,29,0.0228462852537632,0.28924140334129333,0.018535256385803223
4,tep,3.814842939376831,30,0.022617937996983528,0.29628926515579224,0.018535256385803223
4,tep,3.6919021606445312,31,0.021622184664011,0.3270244300365448,0.018535256385803223
4,tep,3.7909584045410156,32,0.022424515336751938,0.3022603988647461,0.018535256385803223
5,tep,2.969999313354492,0,0.0,0.507500171661377,0.0
5,tep,3.114305019378662,1,0.01694408617913723,0.47142377495765686,0.018535256385803223
5,tep,3.600348949432373,2,0.02088068798184395,0.34991276264190674,0.018535256385803223
5,tep,3.845344066619873,3,0.02286493219435215,0.28866398334503174,0.018535256385803223
5,tep,3.7257251739501953,4,0.02189611829817295,0.31856873631477356,0.018535256385803223
5,tep,3.7907590866088867,5,0.02242286689579487,0.3023102283477783,0.018535256385803223
5,tep,3.6840860843658447,6,0.02155892923474312,0.3289784789085388,0.018535256385803223
5,tep,3.77789568901062,7,0.022318711504340172,0.30552607774734497,0.018535256385803223
5,tep,3.816807746887207,8,0.022633802145719528,0.29579806327819824,0.018535256385803223
5,tep,3.723194122314453,9,0.021875668317079544,0.3192014694213867,0.018535256385803223
5,tep,3.7694969177246094,10,0.022250667214393616,0.30762577056884766,0.018535256385803223
5,tep,3.7704882621765137,11,0.02225865051150322,0.30737796425819397,0.018535256385803223
5,tep,3.807080030441284,12,0.022555043920874596,0.29822999238967896,0.018535256385803223
5,tep,3.7353761196136475,13,0.021974312141537666,0.31615597009658813,0.018535256385803223
5,tep,3.8031811714172363,14,0.022523466497659683,0.29920467734336853,0.018535256385803223
5,tep,3.798707962036133,15,0.022487254813313484,0.3003230094909668,0.018535256385803223
5,tep,3.828117847442627,16,0.022725440561771393,0.29297053813934326,0.018535256385803223
5,tep,3.659221649169922,17,0.021357521414756775,0.33519458770751953,0.018535256385803223
5,tep,3.710198402404785,18,0.021770380437374115,0.3224503993988037,0.018535256385803223
5,tep,3.3981876373291016,19,0.01924336887896061,0.4004530906677246,0.018535256385803223
5,tep,3.722362518310547,20,0.02186891995370388,0.3194093704223633,0.018535256385803223
5,tep,3.7698535919189453,21,0.022253550589084625,0.30753660202026367,0.018535256385803223
5,tep,3.261167049407959,22,0.01813351921737194,0.43470820784568787,0.018535256385803223
5,tep,3.8055152893066406,23,0.022542372345924377,0.29862120747566223,0.018535256385803223
5,tep,3.7583327293395996,24,0.022160213440656662,0.3104168176651001,0.018535256385803223
5,tep,3.7911462783813477,25,0.02242600917816162,0.3022134602069855,0.018535256385803223
5,tep,3.6420528888702393,26,0.021218443289399147,0.3394867777824402,0.018535256385803223
5,tep,3.7651233673095703,27,0.0222152266651392,0.3087191581726074,0.018535256385803223
5,tep,3.7775182723999023,28,0.022315621376037598,0.305620402097702,0.018535256385803223
5,tep,3.5494673252105713,29,0.02046854980289936,0.3626331686973572,0.018535256385803223
5,tep,3.7810750007629395,30,0.02234441600739956,0.30473124980926514,0.018535256385803223
5,tep,3.829906463623047,31,0.022739915177226067,0.2925233840942383,0.018535256385803223
5,tep,3.8265442848205566,32,0.022712716832756996,0.29336392879486084,0.018535256385803223
6,tep,2.673328161239624,0,0.0,0.581667959690094,0.0
6,tep,2.385932445526123,1,0.01203712448477745,0.6535168886184692,0.018535256385803223
6,tep,2.1648988723754883,2,0.010604096576571465,0.7087752819061279,0.018535256385803223
6,tep,2.1788923740386963,3,0.010694806464016438,0.7052769064903259,0.018535256385803223
6,tep,2.38978910446167,4,0.012062055058777332,0.6525527238845825,0.018535256385803223
6,tep,2.336237907409668,5,0.011714925058186054,0.665940523147583,0.018535256385803223
6,tep,2.4334332942962646,6,0.012345055118203163,0.6416416764259338,0.018535256385803223
6,tep,2.3112034797668457,7,0.011552614159882069,0.6721991300582886,0.018535256385803223
6,tep,2.3481833934783936,8,0.011792344972491264,0.6629541516304016,0.018535256385803223
6,tep,2.0801727771759033,9,0.010054734535515308,0.7299568057060242,0.018535256385803223
6,tep,2.2526986598968506,10,0.011173341423273087,0.6868253350257874,0.018535256385803223
6,tep,2.3757874965667725,11,0.01197129301726818,0.6560531258583069,0.018535256385803223
6,tep,2.059213161468506,12,0.00991890113800764,0.7351967096328735,0.018535256385803223
6,tep,2.114856243133545,13,0.010279630310833454,0.7212859392166138,0.018535256385803223
6,tep,2.225511312484741,14,0.010997019708156586,0.6936221718788147,0.018535256385803223
6,tep,2.2819480895996094,15,0.011362952180206776,0.6795129776000977,0.018535256385803223
6,tep,2.2032952308654785,16,0.010853047482669353,0.6991761922836304,0.018535256385803223
6,tep,2.106656074523926,17,0.010226471349596977,0.7233359813690186,0.018535256385803223
6,tep,2.1286282539367676,18,0.010368898510932922,0.7178429365158081,0.018535256385803223
6,tep,2.0025787353515625,19,0.009551732800900936,0.7493553161621094,0.018535256385803223
6,tep,2.2382638454437256,20,0.011079746298491955,0.6904340386390686,0.018535256385803223
6,tep,2.084540605545044,21,0.01008311752229929,0.728864848613739,0.018535256385803223
6,tep,2.0512537956237793,22,0.009867287240922451,0.7371865510940552,0.018535256385803223
6,tep,2.208850622177124,23,0.010889002121984959,0.697787344455719,0.018535256385803223
6,tep,2.258164644241333,24,0.011208728887140751,0.6854588389396667,0.018535256385803223
6,tep,2.065302610397339,25,0.009958358481526375,0.7336743474006653,0.018535256385803223
6,tep,2.2139041423797607,26,0.010921814478933811,0.6965239644050598,0.018535256385803223
6,tep,2.185105562210083,27,0.010735088028013706,0.7037236094474792,0.018535256385803223
6,tep,2.22221302986145,28,0.01097569428384304,0.6944467425346375,0.018535256385803223
6,tep,1.928128719329834,29,0.009186933748424053,0.7679678201675415,0.018535256385803223
6,tep,2.1227238178253174,30,0.0103306258097291,0.7193190455436707,0.018535256385803223
6,tep,2.1380577087402344,31,0.010430092923343182,0.7154855728149414,0.018535256385803223
6,tep,2.1115529537200928,32,0.010258253663778305,0.7221117615699768,0.018535256385803223
7,tep,2.203929901123047,0,0.0,0.6990175247192383,0.0
7,tep,2.7978274822235107,1,0.014707542024552822,0.5505431294441223,0.018535256385803223
7,tep,2.991091728210449,2,0.015960540622472763,0.5022270679473877,0.018535256385803223
7,tep,3.4624128341674805,3,0.01976347155869007,0.3843967616558075,0.018535256385803223
7,tep,3.452052593231201,4,0.019679561257362366,0.3869868814945221,0.018535256385803223
7,tep,3.7771639823913574,5,0.02231273613870144,0.30570897459983826,0.018535256385803223
7,tep,3.732358455657959,6,0.02194984443485737,0.31691035628318787,0.018535256385803223
7,tep,3.7623329162597656,7,0.022192614153027534,0.3094167411327362,0.018535256385803223
7,tep,3.768918037414551,8,0.022245926782488823,0.3077705204486847,0.018535256385803223
7,tep,3.5362844467163086,9,0.02036176808178425,0.36592888832092285,0.018535256385803223
7,tep,3.790015697479248,10,0.022416839376091957,0.302496075630188,0.018535256385803223
7,tep,3.8245458602905273,11,0.022696491330862045,0.29386353492736816,0.018535256385803223
7,tep,3.8129138946533203,12,0.022602278739213943,0.2967715263366699,0.018535256385803223
7,tep,3.4961037635803223,13,0.020036375150084496,0.37597402930259705,0.018535256385803223
7,tep,3.8217501640319824,14,0.02267387881875038,0.2945624589920044,0.018535256385803223
7,tep,3.8377275466918945,15,0.022803273051977158,0.29056814312934875,0.018535256385803223
7,tep,3.7474427223205566,16,0.022072026506066322,0.31313928961753845,0.018535256385803223
7,tep,3.803938865661621,17,0.022529596462845802,0.2990152835845947,0.018535256385803223
7,tep,2.813102960586548,18,0.014806597493588924,0.546724259853363,0.018535256385803223
7,tep,3.846798896789551,19,0.02287672832608223,0.2883003056049347,0.018535256385803223
7,tep,3.6863996982574463,20,0.021577628329396248,0.3284000754356384,0.018535256385803223
7,tep,3.640754222869873,21,0.021207883954048157,0.33981141448020935,0.018535256385803223
7,tep,3.782949924468994,22,0.022359611466526985,0.3042624890804291,0.018535256385803223
7,tep,3.824587821960449,23,0.022696852684020996,0.2938530743122101,0.018535256385803223
7,tep,3.799820899963379,24,0.022496270015835762,0.30004480481147766,0.018535256385803223
7,tep,3.5164647102355957,25,0.020201262086629868,0.37088385224342346,0.018535256385803223
7,tep,3.7983832359313965,26,0.02248462848365307,0.3004041612148285,0.018535256385803223
7,tep,3.6743993759155273,27,0.02148042619228363,0.33140015602111816,0.018535256385803223
7,tep,3.810457706451416,28,0.022582395002245903,0.297385573387146,0.018535256385803223
7,tep,3.7296271324157715,29,0.021927746012806892,0.31759318709373474,0.018535256385803223
7,tep,3.6668057441711426,30,0.021418973803520203,0.33329859375953674,0.018535256385803223
7,tep,3.804436206817627,31,0.022533666342496872,0.29889094829559326,0.018535256385803223
7,tep,3.522489070892334,32,0.020250093191862106,0.3693777322769165,0.018535256385803223
8,tep,2.6270406246185303,0,0.0,0.5932398438453674,0.0
8,tep,2.17760968208313,1,0.010686461813747883,0.7055975794792175,0.018535256385803223
8,tep,3.1509408950805664,2,0.01724078692495823,0.4622647762298584,0.018535256385803223
8,tep,3.2973690032958984,3,0.018426718190312386,0.4256577789783478,0.018535256385803223
8,tep,3.3422319889068604,4,0.018790073692798615,0.4144420027732849,0.018535256385803223
8,tep,3.4085896015167236,5,0.01932753622531891,0.3978525996208191,0.018535256385803223
8,tep,3.440535068511963,6,0.01958632655441761,0.3898662328720093,0.018535256385803223
8,tep,3.2849936485290527,7,0.01832658052444458,0.42875155806541443,0.018535256385803223
8,tep,3.217926502227783,8,0.01778329722583294,0.4455183446407318,0.018535256385803223
8,tep,3.475355625152588,9,0.01986834779381752,0.381161093711853,0.018535256385803223
8,tep,3.4402945041656494,10,0.01958436891436577,0.38992637395858765,0.018535256385803223
8,tep,3.6095046997070312,11,0.020954862236976624,0.3476238250732422,0.018535256385803223
8,tep,3.468665361404419,12,0.019814107567071915,0.38283365964889526,0.018535256385803223
8,tep,3.4219260215759277,13,0.01943560689687729,0.39451849460601807,0.018535256385803223
8,tep,3.613548517227173,14,0.02098757214844227,0.3466128706932068,0.018535256385803223
8,tep,3.3553333282470703,15,0.018896237015724182,0.4111666977405548,0.018535256385803223
8,tep,3.720836639404297,16,0.021856507286429405,0.31979086995124817,0.018535256385803223
8,tep,3.668515205383301,17,0.021432779729366302,0.3328711688518524,0.018535256385803223
8,tep,3.6438827514648438,18,0.02123327925801277,0.3390292823314667,0.018535256385803223
8,tep,3.6368470191955566,19,0.021176256239414215,0.34078821539878845,0.018535256385803223
8,tep,3.555164337158203,20,0.020514756441116333,0.3612089157104492,0.018535256385803223
8,tep,3.5886127948760986,21,0.02078559808433056,0.35284680128097534,0.018535256385803223
8,tep,3.4591636657714844,22,0.01973715052008629,0.3852090537548065,0.018535256385803223
8,tep,3.654601573944092,23,0.021320074796676636,0.33634963631629944,0.018535256385803223
8,tep,3.6603403091430664,24,0.02136658877134323,0.334914892911911,0.018535256385803223
8,tep,3.680145740509033,25,0.021526992321014404,0.3299635946750641,0.018535256385803223
8,tep,3.7156882286071777,26,0.02181488648056984,0.3210779130458832,0.018535256385803223
8,tep,3.6227211952209473,27,0.02106190286576748,0.3443196713924408,0.018535256385803223
8,tep,3.711242914199829,28,0.021778827533125877,0.3221892714500427,0.018535256385803223
8,tep,3.6765689849853516,29,0.021497992798686028,0.3308577835559845,0.018535256385803223
8,tep,3.8300082683563232,30,0.022740738466382027,0.2924979329109192,0.018535256385803223
8,tep,3.7561416625976562,31,0.022142494097352028,0.3109646141529083,0.018535256385803223
8,tep,3.6447012424468994,32,0.02123992331326008,0.33882468938827515,0.018535256385803223
9,tep,2.813663959503174,0,0.0,0.5465840101242065,0.0
9,tep,2.793010950088501,1,0.014676326885819435,0.5517472624778748,0.018535256385803223
9,tep,3.1921849250793457,2,0.01757483370602131,0.45195379853248596,0.018535256385803223
9,tep,3.279998779296875,3,0.018286094069480896,0.43000033497810364,0.018535256385803223
9,tep,3.210881471633911,4,0.017726276069879532,0.4472796320915222,0.018535256385803223
9,tep,3.533588409423828,5,0.020339980721473694,0.36660292744636536,0.018535256385803223
9,tep,3.719377040863037,6,0.021844761446118355,0.32015570998191833,0.018535256385803223
9,tep,3.812018394470215,7,0.02259506657719612,0.2969953715801239,0.018535256385803223
9,tep,3.773202896118164,8,0.022280646488070488,0.306699275970459,0.018535256385803223
9,tep,3.841515064239502,9,0.022833973169326782,0.2896212041378021,0.018535256385803223
9,tep,3.762406349182129,10,0.0221931803971529,0.3093984127044678,0.018535256385803223
9,tep,3.8052029609680176,11,0.02253984659910202,0.2986992299556732,0.018535256385803223
9,tep,3.8449840545654297,12,0.02286204695701599,0.2887539863586426,0.018535256385803223
9,tep,3.4781343936920166,13,0.019890857860445976,0.38046640157699585,0.018535256385803223
9,tep,3.7941787242889404,14,0.022450527176260948,0.3014553189277649,0.018535256385803223
9,tep,3.4626517295837402,15,0.019765429198741913,0.38433703780174255,0.018535256385803223
9,tep,3.343801736831665,16,0.01880284957587719,0.41404956579208374,0.018535256385803223
9,tep,3.3004324436187744,17,0.018451597541570663,0.4248918890953064,0.018535256385803223
9,tep,3.78057861328125,18,0.022340398281812668,0.3048553466796875,0.018535256385803223
9,tep,3.474853515625,19,0.01986427791416645,0.3812865912914276,0.018535256385803223
9,tep,3.764199733734131,20,0.022207757458090782,0.3089500963687897,0.018535256385803223
9,tep,3.599426746368408,21,0.02087327092885971,0.35014331340789795,0.018535256385803223
9,tep,3.6313788890838623,22,0.021132009103894234,0.3421552777290344,0.018535256385803223
9,tep,3.767582893371582,23,0.022235162556171417,0.3081042468547821,0.018535256385803223
9,tep,3.6521377563476562,24,0.021300088614225388,0.3369655907154083,0.018535256385803223
9,tep,3.6544547080993652,25,0.021318890154361725,0.3363863527774811,0.018535256385803223
9,tep,3.4296681880950928,26,0.019498294219374657,0.3925829529762268,0.018535256385803223
9,tep,3.317624092102051,27,0.018590779975056648,0.4205940067768097,0.018535256385803223
9,tep,3.2206921577453613,28,0.017805704846978188,0.44482699036598206,0.018535256385803223
9,tep,3.1763346195220947,29,0.017446469515562057,0.4559163451194763,0.018535256385803223
9,tep,3.361142873764038,30,0.018943266943097115,0.4097142815589905,0.018535256385803223
9,tep,3.0619218349456787,31,0.01651979237794876,0.4845195412635803,0.018535256385803223
9,tep,3.8231887817382812,32,0.022685520350933075,0.2942027747631073,0.018535256385803223
10,tep,2.9777417182922363,0,0.0,0.5055645704269409,0.0
10,tep,2.2832396030426025,1,0.01137129683047533,0.6791900992393494,0.018535256385803223
10,tep,1.8488540649414062,2,0.008803076110780239,0.7877864837646484,0.018535256385803223
10,tep,1.8936822414398193,3,0.009020193479955196,0.7765794396400452,0.018535256385803223
10,tep,2.0364739894866943,4,0.00977142620831728,0.7408815026283264,0.018535256385803223
10,tep,2.54288911819458,5,0.01305466704070568,0.614277720451355,0.018535256385803223
10,tep,2.7417993545532227,6,0.014344288967549801,0.5645501613616943,0.018535256385803223
10,tep,2.483583688735962,7,0.012670191004872322,0.6291040778160095,0.018535256385803223
10,tep,3.2190980911254883,8,0.017792826518416405,0.4452255070209503,0.018535256385803223
10,tep,2.6226704120635986,9,0.013571936637163162,0.5943323969841003,0.018535256385803223
10,tep,3.431856632232666,10,0.01951606571674347,0.3920358419418335,0.018535256385803223
10,tep,3.3977160453796387,11,0.019239453598856926,0.40057098865509033,0.018535256385803223
10,tep,2.9840404987335205,12,0.01591479778289795,0.5039898753166199,0.018535256385803223
10,tep,3.3854269981384277,13,0.019139986485242844,0.4036432206630707,0.018535256385803223
10,tep,3.0278215408325195,14,0.016243591904640198,0.4930446147918701,0.018535256385803223
10,tep,2.9795353412628174,15,0.015885591506958008,0.5051161646842957,0.018535256385803223
10,tep,2.9128167629241943,16,0.015453056432306767,0.5217958092689514,0.018535256385803223
10,tep,2.779468059539795,17,0.014588500373065472,0.5551329851150513,0.018535256385803223
10,tep,2.510378837585449,18,0.01284398790448904,0.6224052906036377,0.018535256385803223
10,tep,2.5933258533477783,19,0.013381708413362503,0.6016685366630554,0.018535256385803223
10,tep,2.849989652633667,20,0.015045709908008575,0.5375025868415833,0.018535256385803223
10,tep,2.5757670402526855,21,0.01326781790703535,0.6060582399368286,0.018535256385803223
10,tep,2.3200535774230957,22,0.011609997600317001,0.6699866056442261,0.018535256385803223
10,tep,2.513789653778076,23,0.012866034172475338,0.621552586555481,0.018535256385803223
10,tep,2.63727068901062,24,0.013666613958775997,0.590682327747345,0.018535256385803223
10,tep,2.516339063644409,25,0.012882568873465061,0.6209152340888977,0.018535256385803223
10,tep,2.7772772312164307,26,0.01457433495670557,0.5556806921958923,0.018535256385803223
10,tep,2.3374826908111572,27,0.01172301173210144,0.6656293272972107,0.018535256385803223
10,tep,2.362809658050537,28,0.011887176893651485,0.6592975854873657,0.018535256385803223
10,tep,2.6157782077789307,29,0.013527276925742626,0.5960554480552673,0.018535256385803223
10,tep,2.479327440261841,30,0.012642581015825272,0.6301681399345398,0.018535256385803223
10,tep,2.3669447898864746,31,0.011914013884961605,0.6582638025283813,0.018535256385803223
10,tep,2.6023666858673096,32,0.013440275564789772,0.5994083285331726,0.018535256385803223
11,tep,3.6812970638275146,0,0.0,0.32967573404312134,0.0
11,tep,3.7111706733703613,1,0.02177831344306469,0.32220733165740967,0.018535256385803223
11,tep,3.7973270416259766,2,0.02247607707977295,0.30066826939582825,0.018535256385803223
11,tep,3.696885824203491,3,0.0216625165194273,0.3257785439491272,0.018535256385803223
11,tep,3.8297159671783447,4,0.022738369181752205,0.2925710082054138,0.018535256385803223
11,tep,3.578826904296875,5,0.020706376060843468,0.35529330372810364,0.018535256385803223
11,tep,3.730168342590332,6,0.021932125091552734,0.3174579441547394,0.018535256385803223
11,tep,3.7884578704833984,7,0.022404219955205917,0.3028855621814728,0.018535256385803223
11,tep,3.7204856872558594,8,0.021853724494576454,0.31987857818603516,0.018535256385803223
11,tep,3.690605640411377,9,0.02161172777414322,0.3273485600948334,0.018535256385803223
11,tep,3.7204394340515137,10,0.021853312849998474,0.31989017128944397,0.018535256385803223
11,tep,3.764559745788574,11,0.02221069484949112,0.30886006355285645,0.018535256385803223
11,tep,3.456601619720459,12,0.019716443493962288,0.38584959506988525,0.018535256385803223
11,tep,3.7601168155670166,13,0.022174635902047157,0.30997079610824585,0.018535256385803223
11,tep,3.8452579975128174,14,0.022864261642098427,0.28868550062179565,0.018535256385803223
11,tep,3.522736072540283,15,0.020252102985978127,0.3693160116672516,0.018535256385803223
11,tep,3.8318533897399902,16,0.02275567688047886,0.29203662276268005,0.018535256385803223
11,tep,3.74969744682312,17,0.022090261802077293,0.31257563829421997,0.018535256385803223
11,tep,3.7994329929351807,18,0.02249312773346901,0.30014175176620483,0.018535256385803223
11,tep,3.8006038665771484,19,0.022502604871988297,0.2998490035533905,0.018535256385803223
11,tep,3.6766176223754883,20,0.021498404443264008,0.33084556460380554,0.018535256385803223
11,tep,3.643108606338501,21,0.021227044984698296,0.33922284841537476,0.018535256385803223
11,tep,3.7740468978881836,22,0.02228754758834839,0.3064882755279541,0.018535256385803223
11,tep,3.8174514770507812,23,0.02263905666768551,0.2956371307373047,0.018535256385803223
11,tep,3.8288185596466064,24,0.022731106728315353,0.2927953600883484,0.018535256385803223
11,tep,3.823106050491333,25,0.022684849798679352,0.29422348737716675,0.018535256385803223
11,tep,3.6130480766296387,26,0.0209835022687912,0.34673795104026794,0.018535256385803223
11,tep,3.597161293029785,27,0.020854881033301353,0.3507097065448761,0.018535256385803223
11,tep,3.1063320636749268,28,0.01687949150800705,0.4734169840812683,0.018535256385803223
11,tep,3.7964980602264404,29,0.022469328716397285,0.3008754849433899,0.018535256385803223
11,tep,3.694390296936035,30,0.021642325446009636,0.3264023959636688,0.018535256385803223
11,tep,3.793151617050171,31,0.02244228683412075,0.3017120957374573,0.018535256385803223
11,tep,3.823030948638916,32,0.022684231400489807,0.2942422330379486,0.018535256385803223
12,tep,2.413348436355591,0,0.0,0.6466628909111023,0.0
12,tep,2.3058300018310547,1,0.01151779294013977,0.6735424995422363,0.018535256385803223
12,tep,1.9720079898834229,2,0.00939941592514515,0.7569980025291443,0.018535256385803223
12,tep,1.9963979721069336,3,0.009517529979348183,0.7509005069732666,0.018535256385803223
12,tep,2.114011526107788,4,0.010274169966578484,0.721497118473053,0.018535256385803223
12,tep,2.0020222663879395,5,0.009548126719892025,0.7494944334030151,0.018535256385803223
12,tep,2.127549648284912,6,0.010361944325268269,0.718112587928772,0.018535256385803223
12,tep,2.074831247329712,7,0.010020119138062,0.731292188167572,0.018535256385803223
12,tep,2.2205047607421875,8,0.010964568704366684,0.6948738098144531,0.018535256385803223
12,tep,1.9977917671203613,9,0.009524277411401272,0.7505520582199097,0.018535256385803223
12,tep,2.194309711456299,10,0.010794788599014282,0.7014225721359253,0.018535256385803223
12,tep,2.373157024383545,11,0.0119542945176363,0.6567107439041138,0.018535256385803223
12,tep,1.9650840759277344,12,0.009365933947265148,0.7587289810180664,0.018535256385803223
12,tep,2.0008115768432617,13,0.009540245868265629,0.7497971057891846,0.018535256385803223
12,tep,2.197031021118164,14,0.010812405496835709,0.700742244720459,0.018535256385803223
12,tep,2.1585421562194824,15,0.010562887415289879,0.7103644609451294,0.018535256385803223
12,tep,2.1389501094818115,16,0.01043581124395132,0.7152624726295471,0.018535256385803223
12,tep,2.029717206954956,17,0.009727641940116882,0.742570698261261,0.018535256385803223
12,tep,2.054239273071289,18,0.009886655025184155,0.7364401817321777,0.018535256385803223
12,tep,2.0318217277526855,19,0.009741343557834625,0.7420445680618286,0.018535256385803223
12,tep,2.2344000339508057,20,0.01105471234768629,0.6913999915122986,0.018535256385803223
12,tep,2.1088109016418457,21,0.010240430943667889,0.7227972745895386,0.018535256385803223
12,tep,1.9327490329742432,22,0.009209341369569302,0.7668127417564392,0.018535256385803223
12,tep,2.0940797328948975,23,0.010144930332899094,0.7264800667762756,0.018535256385803223
12,tep,2.1620516777038574,24,0.0105856042355299,0.7094870805740356,0.018535256385803223
12,tep,2.1775050163269043,25,0.010685843415558338,0.7056237459182739,0.018535256385803223
12,tep,2.1986887454986572,26,0.01082312036305666,0.7003278136253357,0.018535256385803223
12,tep,2.139014959335327,27,0.010436274111270905,0.7152462601661682,0.018535256385803223
12,tep,2.0882160663604736,28,0.010106914676725864,0.7279459834098816,0.018535256385803223
12,tep,1.8852050304412842,29,0.008979139849543571,0.778698742389679,0.018535256385803223
12,tep,2.014533758163452,30,0.009629256092011929,0.746366560459137,0.018535256385803223
12,tep,2.071101665496826,31,0.009995960630476475,0.7322245836257935,0.018535256385803223
12,tep,1.9855289459228516,32,0.009464886039495468,0.7536177635192871,0.018535256385803223
13,tep,3.6929452419281006,0,0.0,0.32676368951797485,0.0
13,tep,3.5893735885620117,1,0.020791780203580856,0.3526565730571747,0.018535256385803223
13,tep,3.844388723373413,2,0.02285725623369217,0.28890281915664673,0.018535256385803223
13,tep,3.7820510864257812,3,0.022352349013090134,0.3044872581958771,0.018535256385803223
13,tep,3.822955369949341,4,0.02268366515636444,0.2942611575126648,0.018535256385803223
13,tep,3.7493579387664795,5,0.02208753116428852,0.3126605153083801,0.018535256385803223
13,tep,3.6973795890808105,6,0.02166658639907837,0.325655072927475,0.018535256385803223
13,tep,3.779513120651245,7,0.02233179658651352,0.3051217198371887,0.018535256385803223
13,tep,3.802690029144287,8,0.022519448772072792,0.2993275225162506,0.018535256385803223
13,tep,3.695590019226074,9,0.021652111783623695,0.32610249519348145,0.018535256385803223
13,tep,3.7568557262420654,10,0.022148262709379196,0.31078606843948364,0.018535256385803223
13,tep,3.602308988571167,11,0.02089655213057995,0.34942275285720825,0.018535256385803223
13,tep,3.5343282222747803,12,0.020345954224467278,0.36641794443130493,0.018535256385803223
13,tep,3.766648292541504,13,0.022227589040994644,0.3083379566669464,0.018535256385803223
13,tep,3.267552375793457,14,0.018185235559940338,0.43311187624931335,0.018535256385803223
13,tep,3.5493080615997314,15,0.020467262715101242,0.36267298460006714,0.018535256385803223
13,tep,3.7201809883117676,16,0.021851252764463425,0.3199547827243805,0.018535256385803223
13,tep,3.713303565979004,17,0.021795518696308136,0.321674108505249,0.018535256385803223
13,tep,3.758759021759033,18,0.022163717076182365,0.3103102445602417,0.018535256385803223
13,tep,3.4485859870910645,19,0.019651487469673157,0.3878534734249115,0.018535256385803223
13,tep,3.7683920860290527,20,0.022241704165935516,0.3079019784927368,0.018535256385803223
13,tep,3.492006778717041,21,0.020003151148557663,0.37699833512306213,0.018535256385803223
13,tep,3.274747848510742,22,0.018243545666337013,0.43131306767463684,0.018535256385803223
13,tep,3.708066463470459,23,0.02175307273864746,0.32298335433006287,0.018535256385803223
13,tep,3.7008349895477295,24,0.02169455774128437,0.3247912526130676,0.018535256385803223
13,tep,3.6989078521728516,25,0.021678898483514786,0.3252730369567871,0.018535256385803223
13,tep,3.7150659561157227,26,0.021809786558151245,0.32123348116874695,0.018535256385803223
13,tep,3.761024236679077,27,0.022182002663612366,0.3097439408302307,0.018535256385803223
13,tep,2.8827719688415527,28,0.01525829453021288,0.5293070077896118,0.018535256385803223
13,tep,3.2481777667999268,29,0.01802833378314972,0.4379555583000183,0.018535256385803223
13,tep,3.226881504058838,30,0.017855877056717873,0.4432796537876129,0.018535256385803223
13,tep,3.5131888389587402,31,0.02017473429441452,0.37170282006263733,0.018535256385803223
13,tep,3.7728328704833984,32,0.02227765880525112,0.3067917823791504,0.018535256385803223
14,tep,3.651460886001587,0,0.0,0.33713477849960327,0.0
14,tep,3.8270463943481445,1,0.022716734558343887,0.29323840141296387,0.018535256385803223
14,tep,3.815217971801758,2,0.022620975971221924,0.29619553685188293,0.018535256385803223
14,tep,3.6743197441101074,3,0.021479809656739235,0.33142003417015076,0.018535256385803223
14,tep,3.727717876434326,4,0.021912241354584694,0.31807053089141846,0.018535256385803223
14,tep,3.676353931427002,5,0.0214962400496006,0.3309115171432495,0.018535256385803223
14,tep,3.692049026489258,6,0.021623369306325912,0.32698777318000793,0.018535256385803223
14,tep,3.620729446411133,7,0.021045779809355736,0.3448176085948944,0.018535256385803223
14,tep,3.6562345027923584,8,0.02133331261575222,0.3359413743019104,0.018535256385803223
14,tep,3.7018113136291504,9,0.021702488884329796,0.32454714179039,0.018535256385803223
14,tep,3.8397772312164307,10,0.02281985990703106,0.29005569219589233,0.018535256385803223
14,tep,3.6945323944091797,11,0.021643560379743576,0.3263668715953827,0.018535256385803223
14,tep,3.7715654373168945,12,0.022267406806349754,0.30710864067077637,0.018535256385803223
14,tep,3.7293975353240967,13,0.02192589081823826,0.31765061616897583,0.018535256385803223
14,tep,3.8291573524475098,14,0.022733887657523155,0.29271069169044495,0.018535256385803223
14,tep,3.721651554107666,15,0.021863151341676712,0.3195871114730835,0.018535256385803223
14,tep,3.7167227268218994,16,0.021823231130838394,0.32081931829452515,0.018535256385803223
14,tep,3.693697452545166,17,0.021636761724948883,0.3265756666660309,0.018535256385803223
14,tep,3.449626922607422,18,0.019659986719489098,0.38759326934814453,0.018535256385803223
14,tep,3.7458982467651367,19,0.02205950953066349,0.3135254383087158,0.018535256385803223
14,tep,3.7685561180114746,20,0.022243043407797813,0.30786100029945374,0.018535256385803223
14,tep,3.6702184677124023,21,0.021446583792567253,0.332445353269577,0.018535256385803223
14,tep,3.7879207134246826,22,0.022399840876460075,0.30301982164382935,0.018535256385803223
14,tep,3.7783007621765137,23,0.02232195809483528,0.3054247796535492,0.018535256385803223
14,tep,3.792830228805542,24,0.022439608350396156,0.3017924427986145,0.018535256385803223
14,tep,3.784809112548828,25,0.022374704480171204,0.30379772186279297,0.018535256385803223
14,tep,3.8092761039733887,26,0.02257281355559826,0.2976810038089752,0.018535256385803223
14,tep,3.7010912895202637,27,0.02169661782681942,0.3247271478176117,0.018535256385803223
14,tep,3.6440296173095703,28,0.021234463900327682,0.33899256587028503,0.018535256385803223
14,tep,3.7140109539031982,29,0.021801235154271126,0.32149726152420044,0.018535256385803223
14,tep,3.6804401874542236,30,0.021529311314225197,0.3298899531364441,0.018535256385803223
14,tep,3.6847338676452637,31,0.02156413160264492,0.3288165330886841,0.018535256385803223
14,tep,3.757648229598999,32,0.022154701873660088,0.31058794260025024,0.018535256385803223
15,tep,2.868957281112671,0,0.0,0.5327606797218323,0.0
15,tep,2.380417585372925,1,0.012001375667750835,0.6548956036567688,0.018535256385803223
15,tep,2.2414872646331787,2,0.011100607924163342,0.6896281838417053,0.018535256385803223
15,tep,2.3261778354644775,3,0.011649660766124725,0.6684555411338806,0.018535256385803223
15,tep,2.415485382080078,4,0.012228744104504585,0.6461286544799805,0.018535256385803223
15,tep,2.5627658367156982,5,0.013183546252548695,0.6093085408210754,0.018535256385803223
15,tep,2.6099557876586914,6,0.01348952017724514,0.5975110530853271,0.018535256385803223
15,tep,2.412734031677246,7,0.012210870161652565,0.6468164920806885,0.018535256385803223
15,tep,2.507434606552124,8,0.012824825942516327,0.623141348361969,0.018535256385803223
15,tep,2.2596631050109863,9,0.011218516156077385,0.6850842237472534,0.018535256385803223
15,tep,2.345808506011963,10,0.011776943691074848,0.6635478734970093,0.018535256385803223
15,tep,2.5923492908477783,11,0.013375372625887394,0.6019126772880554,0.018535256385803223
15,tep,2.2322983741760254,12,0.011041061952710152,0.6919254064559937,0.018535256385803223
15,tep,2.1590476036071777,13,0.010566133074462414,0.7102380990982056,0.018535256385803223
15,tep,2.2670135498046875,14,0.011266112327575684,0.6832466125488281,0.018535256385803223
15,tep,2.3782036304473877,15,0.011987004429101944,0.6554490923881531,0.018535256385803223
15,tep,2.50815749168396,16,0.012829513289034367,0.62296062707901,0.018535256385803223
15,tep,2.144667625427246,17,0.010472898371517658,0.7138330936431885,0.018535256385803223
15,tep,2.2443463802337646,18,0.011119203642010689,0.6889134049415588,0.018535256385803223
15,tep,2.2318789958953857,19,0.011038331314921379,0.6920302510261536,0.018535256385803223
15,tep,2.4169538021087646,20,0.012238222174346447,0.6457615494728088,0.018535256385803223
15,tep,2.271726369857788,21,0.011296709068119526,0.682068407535553,0.018535256385803223
15,tep,2.3334133625030518,22,0.01169663853943348,0.6666466593742371,0.018535256385803223
15,tep,2.307563543319702,23,0.011529022827744484,0.6731091141700745,0.018535256385803223
15,tep,2.3828492164611816,24,0.012017138302326202,0.6542876958847046,0.018535256385803223
15,tep,2.308110237121582,25,0.011532576754689217,0.6729724407196045,0.018535256385803223
15,tep,2.3426249027252197,26,0.011756339110434055,0.6643437743186951,0.018535256385803223
15,tep,2.328373432159424,27,0.011663980782032013,0.667906641960144,0.018535256385803223
15,tep,2.3423361778259277,28,0.011754433624446392,0.6644159555435181,0.018535256385803223
15,tep,2.209465503692627,29,0.010892968624830246,0.6976336240768433,0.018535256385803223
15,tep,2.330441474914551,30,0.011677373200654984,0.6673896312713623,0.018535256385803223
15,tep,2.2962498664855957,31,0.011455670930445194,0.6759375333786011,0.018535256385803223
15,tep,2.3650259971618652,32,0.011901548132300377,0.6587435007095337,0.018535256385803223
16,tep,3.5695674419403076,0,0.0,0.3576081395149231,0.0
16,tep,3.6639490127563477,1,0.021395795047283173,0.3340127766132355,0.018535256385803223
16,tep,3.772110939025879,2,0.022271838039159775,0.3069722652435303,0.018535256385803223
16,tep,3.794560432434082,3,0.02245361916720867,0.3013599216938019,0.018535256385803223
16,tep,3.7620272636413574,4,0.022190192714333534,0.30949321389198303,0.018535256385803223
16,tep,3.8245062828063965,5,0.022696182131767273,0.2938733994960785,0.018535256385803223
16,tep,3.8271713256835938,6,0.022717764601111412,0.29320716857910156,0.018535256385803223
16,tep,3.645420551300049,7,0.021245691925287247,0.3386448323726654,0.018535256385803223
16,tep,3.745673656463623,8,0.022057706490159035,0.31358155608177185,0.018535256385803223
16,tep,3.6084327697753906,9,0.02094610594213009,0.34789183735847473,0.018535256385803223
16,tep,3.738173007965088,10,0.02199692465364933,0.31545671820640564,0.018535256385803223
16,tep,3.8176989555358887,11,0.02264106646180153,0.29557523131370544,0.018535256385803223
16,tep,3.787290334701538,12,0.02239474095404148,0.3031774163246155,0.018535256385803223
16,tep,3.670088529586792,13,0.02144555374979973,0.332477867603302,0.018535256385803223
16,tep,3.785459041595459,14,0.022379959002137184,0.30363526940345764,0.018535256385803223
16,tep,3.695864677429199,15,0.021654276177287102,0.3260338306427002,0.018535256385803223
16,tep,3.6303157806396484,16,0.021123405545949936,0.3424210548400879,0.018535256385803223
16,tep,3.6814968585968018,17,0.021537913009524345,0.32962578535079956,0.018535256385803223
16,tep,3.632303476333618,18,0.02113947831094265,0.34192413091659546,0.018535256385803223
16,tep,3.6914069652557373,19,0.02161816693842411,0.3271482586860657,0.018535256385803223
16,tep,3.798816204071045,20,0.022488130256533623,0.3002959191799164,0.018535256385803223
16,tep,3.6323413848876953,21,0.021139785647392273,0.34191465377807617,0.018535256385803223
16,tep,3.7471652030944824,22,0.022069761529564857,0.313208669424057,0.018535256385803223
16,tep,3.716761589050293,23,0.021823540329933167,0.32080963253974915,0.018535256385803223
16,tep,3.791255474090576,24,0.02242688462138176,0.30218616127967834,0.018535256385803223
16,tep,3.332618474960327,25,0.018712293356657028,0.4168453812599182,0.018535256385803223
16,tep,3.7843241691589355,26,0.02237073704600334,0.3039189279079437,0.018535256385803223
16,tep,3.6830191612243652,27,0.021550223231315613,0.3292452394962311,0.018535256385803223
16,tep,3.6760287284851074,28,0.021493665874004364,0.33099281787872314,0.018535256385803223
16,tep,3.510166645050049,29,0.020150266587734222,0.3724583387374878,0.018535256385803223
16,tep,3.7714967727661133,30,0.022266892716288567,0.3071257770061493,0.018535256385803223
16,tep,3.7424802780151367,31,0.02203184925019741,0.31437990069389343,0.018535256385803223
16,tep,3.736577272415161,32,0.021984046325087547,0.3158556818962097,0.018535256385803223
17,tep,2.3617031574249268,0,0.0,0.6595742106437683,0.0
17,tep,2.7372565269470215,1,0.014314824715256691,0.5656858682632446,0.018535256385803223
17,tep,2.1521246433258057,2,0.010521267540752888,0.7119688391685486,0.018535256385803223
17,tep,1.954411506652832,3,0.009314216673374176,0.761397123336792,0.018535256385803223
17,tep,2.0337460041046143,4,0.00975375808775425,0.7415634989738464,0.018535256385803223
17,tep,1.975595235824585,5,0.009416826069355011,0.7561011910438538,0.018535256385803223
17,tep,2.057023048400879,6,0.009904684498906136,0.7357442378997803,0.018535256385803223
17,tep,1.7843363285064697,7,0.008490663953125477,0.8039159178733826,0.018535256385803223
17,tep,2.276245355606079,8,0.011325967498123646,0.6809386610984802,0.018535256385803223
17,tep,2.129934549331665,9,0.010377397760748863,0.7175163626670837,0.018535256385803223
17,tep,2.3190834522247314,10,0.011603713035583496,0.6702291369438171,0.018535256385803223
17,tep,2.470139503479004,11,0.012583035044372082,0.632465124130249,0.018535256385803223
17,tep,2.259976863861084,12,0.011220473796129227,0.685005784034729,0.018535256385803223
17,tep,2.4007761478424072,13,0.012133345939218998,0.6498059630393982,0.018535256385803223
17,tep,2.3839802742004395,14,0.012024452909827232,0.6540049314498901,0.018535256385803223
17,tep,2.3369688987731934,15,0.011719663627445698,0.6657577753067017,0.018535256385803223
17,tep,2.2687602043151855,16,0.011277444660663605,0.6828099489212036,0.018535256385803223
17,tep,2.292496919631958,17,0.011431357823312283,0.6768757700920105,0.018535256385803223
17,tep,2.3345611095428467,18,0.011704055592417717,0.6663597226142883,0.018535256385803223
17,tep,2.300612211227417,19,0.011484001763164997,0.6748469471931458,0.018535256385803223
17,tep,2.350388765335083,20,0.011806664988398552,0.6624028086662292,0.018535256385803223
17,tep,2.3890645503997803,21,0.012057418935000896,0.6527338624000549,0.018535256385803223
17,tep,2.356950521469116,22,0.011849213391542435,0.660762369632721,0.018535256385803223
17,tep,2.3610610961914062,23,0.011875844560563564,0.6597347259521484,0.018535256385803223
17,tep,2.3445613384246826,24,0.011768856085836887,0.6638596653938293,0.018535256385803223
17,tep,2.3627307415008545,25,0.011886713095009327,0.6593173146247864,0.018535256385803223
17,tep,2.396561861038208,26,0.01210604514926672,0.650859534740448,0.018535256385803223
17,tep,2.358407497406006,27,0.011858639307320118,0.6603981256484985,0.018535256385803223
17,tep,2.3373403549194336,28,0.011722085066139698,0.6656649112701416,0.018535256385803223
17,tep,2.3497226238250732,29,0.011802338063716888,0.6625693440437317,0.018535256385803223
17,tep,2.352754831314087,30,0.011822015047073364,0.6618112921714783,0.018535256385803223
17,tep,2.376598596572876,31,0.011976598761975765,0.655850350856781,0.018535256385803223
17,tep,2.3462159633636475,32,0.011779622174799442,0.6634460091590881,0.018535256385803223
18,tep,2.8574047088623047,0,0.0,0.5356488227844238,0.0
18,tep,2.8277218341827393,1,0.014901377260684967,0.5430695414543152,0.018535256385803223
18,tep,2.4402828216552734,2,0.012389457784593105,0.6399292945861816,0.018535256385803223
18,tep,2.1822469234466553,3,0.010716544464230537,0.7044382691383362,0.018535256385803223
18,tep,2.421851873397827,4,0.012269952334463596,0.6445370316505432,0.018535256385803223
18,tep,2.1638331413269043,5,0.01059714239090681,0.7090417146682739,0.018535256385803223
18,tep,2.220600128173828,6,0.010965186171233654,0.694849967956543,0.018535256385803223
18,tep,2.1918890476226807,7,0.010779078118503094,0.7020277380943298,0.018535256385803223
18,tep,2.281348943710327,8,0.011359036900103092,0.6796627640724182,0.018535256385803223
18,tep,2.245908260345459,9,0.01112929917871952,0.6885229349136353,0.018535256385803223
18,tep,2.2885775566101074,10,0.011405912227928638,0.6778556108474731,0.018535256385803223
18,tep,2.2371087074279785,11,0.011072277091443539,0.6907228231430054,0.018535256385803223
18,tep,2.4207329750061035,12,0.012262741103768349,0.6448167562484741,0.018535256385803223
18,tep,2.435720920562744,13,0.012359890155494213,0.641069769859314,0.018535256385803223
18,tep,2.4888885021209717,14,0.012704599648714066,0.6277778744697571,0.018535256385803223
18,tep,2.403488874435425,15,0.01215091161429882,0.6491277813911438,0.018535256385803223
18,tep,2.46077036857605,16,0.012522303499281406,0.6348074078559875,0.018535256385803223
18,tep,2.5278542041778564,17,0.012957208789885044,0.6180364489555359,0.018535256385803223
18,tep,2.5369136333465576,18,0.0130159305408597,0.6157715916633606,0.018535256385803223
18,tep,2.6000659465789795,19,0.013425440527498722,0.5999835133552551,0.018535256385803223
18,tep,2.454275369644165,20,0.012480167672038078,0.6364311575889587,0.018535256385803223
18,tep,2.4590094089508057,21,0.012510867789387703,0.6352476477622986,0.018535256385803223
18,tep,2.4105920791625977,22,0.012197013013064861,0.6473519802093506,0.018535256385803223
18,tep,2.502220392227173,23,0.012791034765541553,0.6244449019432068,0.018535256385803223
18,tep,2.6122684478759766,24,0.013504509814083576,0.5969328880310059,0.018535256385803223
18,tep,2.5080223083496094,25,0.012828637845814228,0.6229944229125977,0.018535256385803223
18,tep,2.4634182453155518,26,0.012539456598460674,0.6341454386711121,0.018535256385803223
18,tep,2.4084954261779785,27,0.0121834147721529,0.6478761434555054,0.018535256385803223
18,tep,2.407980442047119,28,0.01218001451343298,0.6480048894882202,0.018535256385803223
18,tep,2.6156246662139893,29,0.01352629903703928,0.5960938334465027,0.018535256385803223
18,tep,2.5728955268859863,30,0.013249222189188004,0.6067761182785034,0.018535256385803223
18,tep,2.5550994873046875,31,0.013133838772773743,0.6112251281738281,0.018535256385803223
18,tep,2.5092196464538574,32,0.012836415320634842,0.6226950883865356,0.018535256385803223
19,tep,2.574113368988037,0,0.0,0.6064716577529907,0.0
19,tep,2.693326234817505,1,0.014030072838068008,0.5766684412956238,0.018535256385803223
19,tep,2.361717939376831,2,0.01188011933118105,0.6595705151557922,0.018535256385803223
19,tep,2.1638803482055664,3,0.010597502812743187,0.7090299129486084,0.018535256385803223
19,tep,2.1649749279022217,4,0.010604560375213623,0.7087562680244446,0.018535256385803223
19,tep,2.154465675354004,5,0.01053641177713871,0.711383581161499,0.018535256385803223
19,tep,2.2050347328186035,6,0.01086432859301567,0.6987413167953491,0.018535256385803223
19,tep,2.1482760906219482,7,0.010496336035430431,0.7129309773445129,0.018535256385803223
19,tep,2.164396047592163,8,0.010600799694657326,0.7089009881019592,0.018535256385803223
19,tep,2.1741080284118652,9,0.010663745924830437,0.7064729928970337,0.018535256385803223
19,tep,2.1000773906707764,10,0.010183820500969887,0.7249806523323059,0.018535256385803223
19,tep,2.2335205078125,11,0.011048994027078152,0.691619873046875,0.018535256385803223
19,tep,2.117206335067749,12,0.010294877924025059,0.7206984162330627,0.018535256385803223
19,tep,2.2469165325164795,13,0.011135841719806194,0.6882708668708801,0.018535256385803223
19,tep,2.1753196716308594,14,0.010671626776456833,0.7061700820922852,0.018535256385803223
19,tep,2.191908836364746,15,0.010779181495308876,0.7020227909088135,0.018535256385803223
19,tep,2.110767364501953,16,0.010253102518618107,0.7223081588745117,0.018535256385803223
19,tep,2.1162538528442383,17,0.01028874795883894,0.7209365367889404,0.018535256385803223
19,tep,2.148904323577881,18,0.010500404983758926,0.7127739191055298,0.018535256385803223
19,tep,2.2232913970947266,19,0.010982648469507694,0.6941771507263184,0.018535256385803223
19,tep,2.10844087600708,20,0.010238061659038067,0.72288978099823,0.018535256385803223
19,tep,2.1573314666748047,21,0.010555006563663483,0.7106671333312988,0.018535256385803223
19,tep,2.1524646282196045,22,0.010523482225835323,0.7118838429450989,0.018535256385803223
19,tep,2.2914228439331055,23,0.011424404568970203,0.6771442890167236,0.018535256385803223
19,tep,2.213590621948242,24,0.010919754393398762,0.6966023445129395,0.018535256385803223
19,tep,2.2101097106933594,25,0.010897192172706127,0.6974725723266602,0.018535256385803223
19,tep,2.3852267265319824,26,0.012032539583742619,0.6536933183670044,0.018535256385803223
19,tep,2.2593748569488525,27,0.011216609738767147,0.6851562857627869,0.018535256385803223
19,tep,2.22122859954834,28,0.010969307273626328,0.694692850112915,0.018535256385803223
19,tep,2.1252522468566895,29,0.010347058065235615,0.7186869382858276,0.018535256385803223
19,tep,2.25490140914917,30,0.011187609285116196,0.6862746477127075,0.018535256385803223
19,tep,2.0603387355804443,31,0.00992621574550867,0.7349153161048889,0.018535256385803223
19,tep,2.2372748851776123,32,0.011073307134211063,0.6906812787055969,0.018535256385803223
20,tep,3.042171001434326,0,0.0,0.48945724964141846,0.0
20,tep,2.0000832080841064,1,0.009535558521747589,0.7499791979789734,0.018535256385803223
20,tep,2.663100242614746,2,0.013834023848176003,0.5842249393463135,0.018535256385803223
20,tep,3.2540621757507324,3,0.018075982108712196,0.4364844560623169,0.018535256385803223
20,tep,3.3954451084136963,4,0.019221115857362747,0.4011387228965759,0.018535256385803223
20,tep,3.166506290435791,5,0.017366884276270866,0.45837342739105225,0.018535256385803223
20,tep,3.3791630268096924,6,0.019089248031377792,0.4052092432975769,0.018535256385803223
20,tep,3.1168580055236816,7,0.016964741051197052,0.4707854688167572,0.018535256385803223
20,tep,3.1465396881103516,8,0.017205193638801575,0.4633651077747345,0.018535256385803223
20,tep,3.3832902908325195,9,0.01912262663245201,0.4041774570941925,0.018535256385803223
20,tep,3.3420157432556152,10,0.018788322806358337,0.4144960641860962,0.018535256385803223
20,tep,3.4293212890625,11,0.019495461136102676,0.3926696479320526,0.018535256385803223
20,tep,3.3432819843292236,12,0.018798625096678734,0.4141795039176941,0.018535256385803223
20,tep,3.272956371307373,13,0.01822901889681816,0.43176087737083435,0.018535256385803223
20,tep,3.4547698497772217,14,0.019701607525348663,0.3863075375556946,0.018535256385803223
20,tep,3.4697604179382324,15,0.019823018461465836,0.3825598657131195,0.018535256385803223
20,tep,3.5246095657348633,16,0.020267246291041374,0.3688476085662842,0.018535256385803223
20,tep,3.5151495933532715,17,0.0201906505972147,0.3712126314640045,0.018535256385803223
20,tep,3.4824271202087402,18,0.01992562785744667,0.37939319014549255,0.018535256385803223
20,tep,3.388521194458008,19,0.019165072590112686,0.40286967158317566,0.018535256385803223
20,tep,3.3337554931640625,20,0.018721461296081543,0.4165611267089844,0.018535256385803223
20,tep,3.4743704795837402,21,0.019860364496707916,0.38140738010406494,0.018535256385803223
20,tep,3.5190770626068115,22,0.020222380757331848,0.3702307343482971,0.018535256385803223
20,tep,3.392226219177246,23,0.01919505186378956,0.4019434154033661,0.018535256385803223
20,tep,3.4294090270996094,24,0.019496183842420578,0.39264771342277527,0.018535256385803223
20,tep,3.5161309242248535,25,0.020198583602905273,0.37096723914146423,0.018535256385803223
20,tep,3.3996105194091797,26,0.01925480365753174,0.4000973701477051,0.018535256385803223
20,tep,3.4305410385131836,27,0.019505351781845093,0.3923647701740265,0.018535256385803223
20,tep,3.541378974914551,28,0.020403079688549042,0.3646552562713623,0.018535256385803223
20,tep,3.5630741119384766,29,0.020578783005475998,0.35923147201538086,0.018535256385803223
20,tep,3.6299643516540527,30,0.021120522171258926,0.34250888228416443,0.018535256385803223
20,tep,3.572389602661133,31,0.02065424621105194,0.3569026291370392,0.018535256385803223
20,tep,3.719548225402832,32,0.021846100687980652,0.320112943649292,0.018535256385803223
21,tep,3.006641387939453,0,0.0,0.4983396530151367,0.0
21,tep,1.9608299732208252,1,0.009345278143882751,0.7597925066947937,0.018535256385803223
21,tep,2.3267650604248047,2,0.011653472669422626,0.6683087348937988,0.018535256385803223
21,tep,2.6091742515563965,3,0.01348447147756815,0.5977064371109009,0.018535256385803223
21,tep,2.723583936691284,4,0.014226226136088371,0.569104015827179,0.018535256385803223
21,tep,3.1459357738494873,5,0.017200248315930367,0.4635160565376282,0.018535256385803223
21,tep,3.278822898864746,6,0.018276512622833252,0.4302942454814911,0.018535256385803223
21,tep,2.901045083999634,7,0.015376717783510685,0.5247387290000916,0.018535256385803223
21,tep,3.560161828994751,8,0.020555242896080017,0.35995954275131226,0.018535256385803223
21,tep,3.112243175506592,9,0.01692739501595497,0.47193920612335205,0.018535256385803223
21,tep,3.801150321960449,10,0.022507034242153168,0.2997124195098877,0.018535256385803223
21,tep,3.8124046325683594,11,0.022598156705498695,0.29689884185791016,0.018535256385803223
21,tep,3.21439266204834,12,0.017754709348082542,0.44640180468559265,0.018535256385803223
21,tep,3.782179832458496,13,0.02235337905585766,0.30445507168769836,0.018535256385803223
21,tep,3.654329299926758,14,0.02131785824894905,0.33641770482063293,0.018535256385803223
21,tep,3.663973093032837,15,0.021395999938249588,0.33400672674179077,0.018535256385803223
21,tep,3.5088744163513184,16,0.02013980969786644,0.3727814257144928,0.018535256385803223
21,tep,3.6326518058776855,17,0.02114236168563366,0.341837078332901,0.018535256385803223
21,tep,3.5019047260284424,18,0.02008335292339325,0.3745238184928894,0.018535256385803223
21,tep,3.389904022216797,19,0.01917625032365322,0.4025239944458008,0.018535256385803223
21,tep,3.5365381240844727,20,0.020363830029964447,0.3658654987812042,0.018535256385803223
21,tep,3.7507872581481934,21,0.022099122405052185,0.31230321526527405,0.018535256385803223
21,tep,2.5292043685913086,22,0.012965965084731579,0.6176989078521729,0.018535256385803223
21,tep,3.727041721343994,23,0.021906832233071327,0.31823959946632385,0.018535256385803223
21,tep,3.723700523376465,24,0.021879738196730614,0.3190748393535614,0.018535256385803223
21,tep,3.703198194503784,25,0.02171371877193451,0.32420045137405396,0.018535256385803223
21,tep,3.4681286811828613,26,0.01980978064239025,0.3829677999019623,0.018535256385803223
21,tep,3.6032395362854004,27,0.020904073491692543,0.3491900861263275,0.018535256385803223
21,tep,3.7007641792297363,28,0.021693939343094826,0.32480892539024353,0.018535256385803223
21,tep,3.680478096008301,29,0.02152961865067482,0.3298805058002472,0.018535256385803223
21,tep,3.518709897994995,30,0.02021949551999569,0.3703225255012512,0.018535256385803223
21,tep,3.6314258575439453,31,0.021132368594408035,0.34214353561401367,0.018535256385803223
21,tep,3.4885149002075195,32,0.019974922761321068,0.37787124514579773,0.018535256385803223
22,tep,3.300293445587158,0,0.0,0.42492666840553284,0.0
22,tep,2.719125270843506,1,0.014197276905179024,0.5702186822891235,0.018535256385803223
22,tep,3.2430310249328613,2,0.017986662685871124,0.4392422139644623,0.018535256385803223
22,tep,3.177077293395996,3,0.01745244488120079,0.45573070645332336,0.018535256385803223
22,tep,2.918740749359131,4,0.015491483733057976,0.5203148126602173,0.018535256385803223
22,tep,3.437626361846924,5,0.01956273429095745,0.39059343934059143,0.018535256385803223
22,tep,3.212625503540039,6,0.017740389332175255,0.44684359431266785,0.018535256385803223
22,tep,2.6433916091918945,7,0.013706277124583721,0.5891520977020264,0.018535256385803223
22,tep,3.0655407905578613,8,0.01654915325343609,0.4836147725582123,0.018535256385803223
22,tep,3.579871654510498,9,0.02071482315659523,0.3550320565700531,0.018535256385803223
22,tep,2.9865148067474365,10,0.015930870547890663,0.5033712983131409,0.018535256385803223
22,tep,2.6938138008117676,11,0.014033163897693157,0.5765465497970581,0.018535256385803223
22,tep,3.518771171569824,12,0.02021990902721882,0.37030720710754395,0.018535256385803223
22,tep,2.5842981338500977,13,0.01332314033061266,0.6039254665374756,0.018535256385803223
22,tep,3.7705392837524414,14,0.022259114310145378,0.30736520886421204,0.018535256385803223
22,tep,3.295146942138672,15,0.018408792093396187,0.42621323466300964,0.018535256385803223
22,tep,3.759669303894043,16,0.022171081975102425,0.31008267402648926,0.018535256385803223
22,tep,3.2784173488616943,17,0.01827331818640232,0.4303956627845764,0.018535256385803223
22,tep,3.698683261871338,18,0.02167714573442936,0.3253292143344879,0.018535256385803223
22,tep,2.642011880874634,19,0.013697314076125622,0.5894970297813416,0.018535256385803223
22,tep,3.3774256706237793,20,0.01907513476908207,0.4056435525417328,0.018535256385803223
22,tep,2.8594272136688232,21,0.015106904320418835,0.5351431965827942,0.018535256385803223
22,tep,2.748593330383301,22,0.014388330280780792,0.5628516674041748,0.018535256385803223
22,tep,3.3498573303222656,23,0.018851887434720993,0.412535697221756,0.018535256385803223
22,tep,2.96486759185791,24,0.015790503472089767,0.5087831020355225,0.018535256385803223
22,tep,2.652076482772827,25,0.01376257836818695,0.5869808793067932,0.018535256385803223
22,tep,3.126572608947754,26,0.017043448984622955,0.46835681796073914,0.018535256385803223
22,tep,3.263145923614502,27,0.018149590119719505,0.4342135488986969,0.018535256385803223
22,tep,2.887460708618164,28,0.015288685448467731,0.528134822845459,0.018535256385803223
22,tep,2.8795337677001953,29,0.015237278304994106,0.5301165580749512,0.018535256385803223
22,tep,2.722846031188965,30,0.014221384190022945,0.5692884922027588,0.018535256385803223
22,tep,2.537407636642456,31,0.01301917526870966,0.615648090839386,0.018535256385803223
22,tep,3.4382176399230957,32,0.019567474722862244,0.3904455900192261,0.018535256385803223
23,tep,2.694601058959961,0,0.0,0.5763497352600098,0.0
23,tep,2.445711612701416,1,0.012424690648913383,0.638572096824646,0.018535256385803223
23,tep,3.168022632598877,2,0.017379144206643105,0.45799434185028076,0.018535256385803223
23,tep,3.6272497177124023,3,0.021098526194691658,0.3431875705718994,0.018535256385803223
23,tep,3.451944351196289,4,0.019678736105561256,0.38701388239860535,0.018535256385803223
23,tep,3.574186325073242,5,0.020668772980570793,0.35645341873168945,0.018535256385803223
23,tep,3.846865177154541,6,0.022877294570207596,0.28828367590904236,0.018535256385803223
23,tep,3.6331067085266113,7,0.02114601992070675,0.3417232930660248,0.018535256385803223
23,tep,3.809833526611328,8,0.022577347233891487,0.29754164814949036,0.018535256385803223
23,tep,3.8372271060943604,9,0.022799255326390266,0.2906932234764099,0.018535256385803223
23,tep,3.8427364826202393,10,0.02284381166100502,0.2893158793449402,0.018535256385803223
23,tep,3.8063645362854004,11,0.022549273446202278,0.2984088659286499,0.018535256385803223
23,tep,3.8306236267089844,12,0.022745735943317413,0.2923440635204315,0.018535256385803223
23,tep,3.684722423553467,13,0.021564029157161713,0.3288194239139557,0.018535256385803223
23,tep,3.3772051334381104,14,0.019073383882641792,0.4056987166404724,0.018535256385803223
23,tep,3.6956276893615723,15,0.02165231853723526,0.32609307765960693,0.018535256385803223
23,tep,3.8073365688323975,16,0.022557154297828674,0.29816585779190063,0.018535256385803223
23,tep,3.7100143432617188,17,0.021768886595964432,0.3224963843822479,0.018535256385803223
23,tep,3.4375405311584473,18,0.0195620134472847,0.3906148374080658,0.018535256385803223
23,tep,3.709291934967041,19,0.021763065829873085,0.32267698645591736,0.018535256385803223
23,tep,3.8355650901794434,20,0.022785760462284088,0.29110872745513916,0.018535256385803223
23,tep,3.6841912269592285,21,0.02155975252389908,0.32895222306251526,0.018535256385803223
23,tep,3.8125038146972656,22,0.022598981857299805,0.2968740165233612,0.018535256385803223
23,tep,3.855372428894043,23,0.02294621616601944,0.28615689277648926,0.018535256385803223
23,tep,3.853057861328125,24,0.022927414625883102,0.28673556447029114,0.018535256385803223
23,tep,3.78562593460083,25,0.02238129824399948,0.3035935163497925,0.018535256385803223
23,tep,3.83541202545166,26,0.022784523665905,0.2911469638347626,0.018535256385803223
23,tep,3.6497373580932617,27,0.021280668675899506,0.33756566047668457,0.018535256385803223
23,tep,3.5620803833007812,28,0.020570747554302216,0.3594799339771271,0.018535256385803223
23,tep,3.686069965362549,29,0.021574949845671654,0.3284825384616852,0.018535256385803223
23,tep,3.632169246673584,30,0.021138446405529976,0.3419577181339264,0.018535256385803223
23,tep,3.427173137664795,31,0.019478050991892815,0.3932066857814789,0.018535256385803223
23,tep,3.8258914947509766,32,0.022707464173436165,0.29352712631225586,0.018535256385803223
24,tep,3.0844531059265137,0,0.0,0.4788867235183716,0.0
24,tep,2.567697286605835,1,0.013215585611760616,0.6080756783485413,0.018535256385803223
24,tep,2.7350451946258545,2,0.014300504699349403,0.5662387013435364,0.018535256385803223
24,tep,2.583796739578247,3,0.013319895602762699,0.6040508151054382,0.018535256385803223
24,tep,2.9889113903045654,4,0.01594642549753189,0.5027721524238586,0.018535256385803223
24,tep,2.3644776344299316,5,0.011898045428097248,0.6588805913925171,0.018535256385803223
24,tep,2.477447509765625,6,0.012630424462258816,0.6306381225585938,0.018535256385803223
24,tep,3.117307424545288,7,0.016968397423624992,0.470673143863678,0.018535256385803223
24,tep,3.001368522644043,8,0.01602935791015625,0.49965786933898926,0.018535256385803223
24,tep,3.6817522048950195,9,0.021540025249123573,0.32956191897392273,0.018535256385803223
24,tep,3.683687210083008,10,0.021555684506893158,0.32907816767692566,0.018535256385803223
24,tep,3.4319396018981934,11,0.019516684114933014,0.3920150697231293,0.018535256385803223
24,tep,3.4825615882873535,12,0.019926710054278374,0.37935957312583923,0.018535256385803223
24,tep,3.129274368286133,13,0.017065340653061867,0.4676813781261444,0.018535256385803223
24,tep,3.597672462463379,14,0.020859001204371452,0.35058191418647766,0.018535256385803223
24,tep,3.4605226516723633,15,0.019748173654079437,0.3848693370819092,0.018535256385803223
24,tep,3.7846641540527344,16,0.022373519837856293,0.3038339912891388,0.018535256385803223
24,tep,3.456343412399292,17,0.01971438154578209,0.385914146900177,0.018535256385803223
24,tep,3.3903696537017822,18,0.01918001100420952,0.40240758657455444,0.018535256385803223
24,tep,3.1267077922821045,19,0.01704453118145466,0.4683230519294739,0.018535256385803223
24,tep,3.2210144996643066,20,0.017808331176638603,0.44474634528160095,0.018535256385803223
24,tep,3.2480688095092773,21,0.01802745833992958,0.4379827678203583,0.018535256385803223
24,tep,3.487363338470459,22,0.019965600222349167,0.37815916538238525,0.018535256385803223
24,tep,3.2977144718170166,23,0.018429601565003395,0.42557138204574585,0.018535256385803223
24,tep,2.9415199756622314,24,0.015639113262295723,0.5146200060844421,0.018535256385803223
24,tep,3.1019206047058105,25,0.01684379391372204,0.474519819021225,0.018535256385803223
24,tep,2.6750869750976562,26,0.013911805115640163,0.5812282562255859,0.018535256385803223
24,tep,2.5491182804107666,27,0.013095051050186157,0.6127204298973083,0.018535256385803223
24,tep,2.8692173957824707,28,0.015170416794717312,0.5326956510543823,0.018535256385803223
24,tep,2.9188737869262695,29,0.01549230795353651,0.5202815532684326,0.018535256385803223
24,tep,2.9671058654785156,30,0.01580502837896347,0.5082235336303711,0.018535256385803223
24,tep,2.8087260723114014,31,0.014778214506804943,0.5478184819221497,0.018535256385803223
24,tep,3.3535966873168945,32,0.018882175907492638,0.41160085797309875,0.018535256385803223
25,tep,2.692000150680542,0,0.0,0.5769999623298645,0.0
25,tep,2.680853843688965,1,0.01394915021955967,0.5797865390777588,0.018535256385803223
25,tep,3.0329957008361816,2,0.016285520046949387,0.4917510449886322,0.018535256385803223
25,tep,3.842413902282715,3,0.022841185331344604,0.2893965542316437,0.018535256385803223
25,tep,3.368783712387085,4,0.0190051831305027,0.40780407190322876,0.018535256385803223
25,tep,3.7706995010375977,5,0.022260351106524467,0.3073251247406006,0.018535256385803223
25,tep,3.7600035667419434,6,0.02217376045882702,0.30999910831451416,0.018535256385803223
25,tep,3.8024492263793945,7,0.02251754328608513,0.299387663602829,0.018535256385803223
25,tep,3.5806989669799805,8,0.020721519365906715,0.35482528805732727,0.018535256385803223
25,tep,3.7755939960479736,9,0.02230001427233219,0.3061015009880066,0.018535256385803223
25,tep,3.773448944091797,10,0.022282706573605537,0.3066377639770508,0.018535256385803223
25,tep,3.832768440246582,11,0.022763095796108246,0.2918078601360321,0.018535256385803223
25,tep,3.786532402038574,12,0.02238861285150051,0.30336686968803406,0.018535256385803223
25,tep,3.668971061706543,13,0.02143648825585842,0.33275726437568665,0.018535256385803223
25,tep,3.758699655532837,14,0.02216320112347603,0.31032508611679077,0.018535256385803223
25,tep,3.5580382347106934,15,0.02053798735141754,0.3604904115200043,0.018535256385803223
25,tep,3.0581233501434326,16,0.016489040106534958,0.48546916246414185,0.018535256385803223
25,tep,3.500373363494873,17,0.020070940256118774,0.37490662932395935,0.018535256385803223
25,tep,3.6483442783355713,18,0.021269386634230614,0.3379139304161072,0.018535256385803223
25,tep,3.7589263916015625,19,0.022165056318044662,0.3102684020996094,0.018535256385803223
25,tep,3.8265018463134766,20,0.022712357342243195,0.29337456822395325,0.018535256385803223
25,tep,3.7744126319885254,21,0.022290484979748726,0.30639681220054626,0.018535256385803223
25,tep,3.782625198364258,22,0.02235698513686657,0.30434370040893555,0.018535256385803223
25,tep,3.811497211456299,23,0.022590843960642815,0.2971256971359253,0.018535256385803223
25,tep,3.641620397567749,24,0.021214991807937622,0.33959490060806274,0.018535256385803223
25,tep,3.8415050506591797,25,0.022833870723843575,0.2896237075328827,0.018535256385803223
25,tep,3.7751176357269287,26,0.022296201437711716,0.3062205910682678,0.018535256385803223
25,tep,3.837893486022949,27,0.022804612293839455,0.2905266284942627,0.018535256385803223
25,tep,3.7238175868988037,28,0.02188071608543396,0.3190456032752991,0.018535256385803223
25,tep,3.843891143798828,29,0.0228531863540411,0.28902724385261536,0.018535256385803223
25,tep,3.7967684268951416,30,0.02247154340147972,0.3008078932762146,0.018535256385803223
25,tep,3.798550605773926,31,0.022485967725515366,0.30036231875419617,0.018535256385803223
25,tep,3.798725128173828,32,0.02248740941286087,0.30031871795654297,0.018535256385803223
26,tep,2.260115623474121,0,0.0,0.6849710941314697,0.0
26,tep,2.4513614177703857,1,0.012461314909160137,0.6371596455574036,0.018535256385803223
26,tep,2.4427435398101807,2,0.012405425310134888,0.6393141150474548,0.018535256385803223
26,tep,2.881624698638916,3,0.015250825323164463,0.529593825340271,0.018535256385803223
26,tep,2.164217233657837,4,0.010599666275084019,0.7089456915855408,0.018535256385803223
26,tep,3.736588478088379,5,0.021984098479151726,0.3158528804779053,0.018535256385803223
26,tep,3.5957746505737305,6,0.02084365114569664,0.3510563373565674,0.018535256385803223
26,tep,3.0,7,0.016018282622098923,0.5,0.018535256385803223
26,tep,3.632391929626465,8,0.021140199154615402,0.3419019877910614,0.018535256385803223
26,tep,3.480191230773926,9,0.019907496869564056,0.37995216250419617,0.018535256385803223
26,tep,3.5581483840942383,10,0.02053886279463768,0.3604629337787628,0.018535256385803223
26,tep,3.5983188152313232,11,0.020864255726337433,0.3504202961921692,0.018535256385803223
26,tep,3.4700942039489746,12,0.019825749099254608,0.38247644901275635,0.018535256385803223
26,tep,3.804018020629883,13,0.022530267015099525,0.2989954650402069,0.018535256385803223
26,tep,2.9323434829711914,14,0.01557966973632574,0.5169141292572021,0.018535256385803223
26,tep,3.4465012550354004,15,0.01963464356958866,0.3883746564388275,0.018535256385803223
26,tep,3.7960429191589355,16,0.022465672343969345,0.3009892702102661,0.018535256385803223
26,tep,3.4703025817871094,17,0.019827397540211678,0.38242435455322266,0.018535256385803223
26,tep,3.0846786499023438,18,0.016704097390174866,0.47883036732673645,0.018535256385803223
26,tep,3.8216044902801514,19,0.02267269417643547,0.29459887742996216,0.018535256385803223
26,tep,3.5322928428649902,20,0.020329471677541733,0.36692681908607483,0.018535256385803223
26,tep,3.5497522354125977,21,0.020470868796110153,0.3625619411468506,0.018535256385803223
26,tep,3.569901943206787,22,0.020634055137634277,0.3575245141983032,0.018535256385803223
26,tep,2.924808979034424,23,0.015530786477029324,0.518797755241394,0.018535256385803223
26,tep,3.244016647338867,24,0.017994645982980728,0.4389958381652832,0.018535256385803223
26,tep,2.9132513999938965,25,0.015455889515578747,0.5216871500015259,0.018535256385803223
26,tep,3.5030245780944824,26,0.020092420279979706,0.374243825674057,0.018535256385803223
26,tep,3.4113831520080566,27,0.01935020089149475,0.39715418219566345,0.018535256385803223
26,tep,3.1298933029174805,28,0.017070338129997253,0.4675266444683075,0.018535256385803223
26,tep,3.0481085777282715,29,0.016407961025834084,0.48797282576560974,0.018535256385803223
26,tep,3.0549917221069336,30,0.016463644802570343,0.4862520396709442,0.018535256385803223
26,tep,3.0202267169952393,31,0.01618208736181259,0.4949433207511902,0.018535256385803223
26,tep,3.564833402633667,32,0.020593052729964256,0.35879164934158325,0.018535256385803223
27,tep,3.419248104095459,0,0.0,0.39518797397613525,0.0
27,tep,2.1910688877105713,1,0.01077377237379551,0.7022327780723572,0.018535256385803223
27,tep,2.8293166160583496,2,0.014911730773746967,0.5426708459854126,0.018535256385803223
27,tep,2.7063989639282227,3,0.01411475706845522,0.5734002590179443,0.018535256385803223
27,tep,3.7006325721740723,4,0.0216929093003273,0.3248418867588043,0.018535256385803223
27,tep,3.8326127529144287,5,0.022761858999729156,0.2918468117713928,0.018535256385803223
27,tep,3.711744785308838,6,0.021782847121357918,0.3220638334751129,0.018535256385803223
27,tep,3.813607692718506,7,0.022607944905757904,0.29659807682037354,0.018535256385803223
27,tep,3.807990550994873,8,0.022562408819794655,0.29800236225128174,0.018535256385803223
27,tep,3.7555770874023438,9,0.02213791012763977,0.31110572814941406,0.018535256385803223
27,tep,3.8188629150390625,10,0.022650493308901787,0.2952842712402344,0.018535256385803223
27,tep,3.8200600147247314,11,0.02266017720103264,0.29498499631881714,0.018535256385803223
27,tep,3.747154712677002,12,0.02206970937550068,0.3132113218307495,0.018535256385803223
27,tep,3.785165786743164,13,0.022377587854862213,0.30370858311653137,0.018535256385803223
27,tep,3.8230745792388916,14,0.022684592753648758,0.2942313551902771,0.018535256385803223
27,tep,3.855522871017456,15,0.02294740080833435,0.286119282245636,0.018535256385803223
27,tep,3.8081955909729004,16,0.022564057260751724,0.2979511320590973,0.018535256385803223
27,tep,3.836493492126465,17,0.022793279960751534,0.2908766269683838,0.018535256385803223
27,tep,3.7762160301208496,18,0.022305062040686607,0.3059459924697876,0.018535256385803223
27,tep,3.786405086517334,19,0.022387580946087837,0.3033987283706665,0.018535256385803223
27,tep,3.6965320110321045,20,0.021659735590219498,0.3258669972419739,0.018535256385803223
27,tep,3.840034008026123,21,0.02282191999256611,0.28999146819114685,0.018535256385803223
27,tep,3.8494462966918945,22,0.02289820834994316,0.28763845562934875,0.018535256385803223
27,tep,3.553645133972168,23,0.020502392202615738,0.361588716506958,0.018535256385803223
27,tep,3.6733531951904297,24,0.02147192694246769,0.3316616714000702,0.018535256385803223
27,tep,3.8085501194000244,25,0.022566942498087883,0.2978624701499939,0.018535256385803223
27,tep,3.7175207138061523,26,0.021829720586538315,0.3206197917461395,0.018535256385803223
27,tep,3.7060036659240723,27,0.02173638343811035,0.32349908351898193,0.018535256385803223
27,tep,3.5721654891967773,28,0.020652392879128456,0.35695862770080566,0.018535256385803223
27,tep,3.632655620574951,29,0.02114236168563366,0.3418360948562622,0.018535256385803223
27,tep,3.499966621398926,30,0.020067643374204636,0.37500831484794617,0.018535256385803223
27,tep,3.3419008255004883,31,0.01878739520907402,0.4145248234272003,0.018535256385803223
27,tep,3.830073833465576,32,0.022741306573152542,0.29248151183128357,0.018535256385803223
28,tep,3.4544081687927246,0,0.0,0.38639795780181885,0.0
28,tep,2.4929511547088623,1,0.012730921618640423,0.6267622113227844,0.018535256385803223
28,tep,2.7919716835021973,2,0.014669527299702168,0.5520070791244507,0.018535256385803223
28,tep,2.8717098236083984,3,0.015186592005193233,0.5320725440979004,0.018535256385803223
28,tep,2.3391811847686768,4,0.011733983643352985,0.6652047038078308,0.018535256385803223
28,tep,2.7549245357513428,5,0.014429383911192417,0.5612688660621643,0.018535256385803223
28,tep,3.4560046195983887,6,0.019711600616574287,0.38599884510040283,0.018535256385803223
28,tep,3.3640503883361816,7,0.018966807052493095,0.4089874029159546,0.018535256385803223
28,tep,2.6509227752685547,8,0.013755109161138535,0.5872693061828613,0.018535256385803223
28,tep,3.3241214752197266,9,0.018643474206328392,0.41896963119506836,0.018535256385803223
28,tep,3.387571334838867,10,0.019157346338033676,0.4031071364879608,0.018535256385803223
28,tep,3.480978012084961,11,0.01991383172571659,0.37975552678108215,0.018535256385803223
28,tep,3.3540806770324707,12,0.01888609118759632,0.4114798605442047,0.018535256385803223
28,tep,3.701225757598877,13,0.021697698161005974,0.32469359040260315,0.018535256385803223
28,tep,3.655285120010376,14,0.02132563665509224,0.336178719997406,0.018535256385803223
28,tep,3.375032663345337,15,0.019055766984820366,0.40624183416366577,0.018535256385803223
28,tep,3.562168598175049,16,0.02057141810655594,0.3594578206539154,0.018535256385803223
28,tep,3.253511905670166,17,0.018071500584483147,0.4366220533847809,0.018535256385803223
28,tep,3.536186695098877,18,0.020360996946692467,0.36595335602760315,0.018535256385803223
28,tep,3.577528476715088,19,0.020695867016911507,0.3556179106235504,0.018535256385803223
28,tep,3.3034005165100098,20,0.01847565360367298,0.42414987087249756,0.018535256385803223
28,tep,3.3063225746154785,21,0.01849929615855217,0.42341938614845276,0.018535256385803223
28,tep,3.1356301307678223,22,0.01711679995059967,0.4660924971103668,0.018535256385803223
28,tep,3.207279682159424,23,0.01769712008535862,0.44818007946014404,0.018535256385803223
28,tep,2.9336557388305664,24,0.015588168986141682,0.5165860652923584,0.018535256385803223
28,tep,3.1305906772613525,25,0.017075952142477036,0.46735233068466187,0.018535256385803223
28,tep,3.2114875316619873,26,0.01773121953010559,0.4471281170845032,0.018535256385803223
28,tep,2.9988763332366943,27,0.01601102016866207,0.5002809166908264,0.018535256385803223
28,tep,2.6834497451782227,28,0.013965994119644165,0.5791375637054443,0.018535256385803223
28,tep,2.8543241024017334,29,0.015073834918439388,0.5364189743995667,0.018535256385803223
28,tep,3.0266690254211426,30,0.016234319657087326,0.49333271384239197,0.018535256385803223
28,tep,2.718869924545288,31,0.014195628464221954,0.570282518863678,0.018535256385803223
28,tep,3.3398616313934326,32,0.018770912662148476,0.41503459215164185,0.018535256385803223
29,tep,2.6843886375427246,0,0.0,0.5789028406143188,0.0
29,tep,2.540104866027832,1,0.0130366375669837,0.614973783493042,0.018535256385803223
29,tep,3.236478805541992,2,0.01793355494737625,0.44088029861450195,0.018535256385803223
29,tep,3.284414052963257,3,0.018321841955184937,0.4288964867591858,0.018535256385803223
29,tep,2.6317427158355713,4,0.013630762696266174,0.5920643210411072,0.018535256385803223
29,tep,3.6827690601348877,5,0.02154826559126377,0.3293077349662781,0.018535256385803223
29,tep,3.566405773162842,6,0.020605774596333504,0.35839855670928955,0.018535256385803223
29,tep,3.7816948890686035,7,0.022349411621689796,0.3045763075351715,0.018535256385803223
29,tep,3.7963101863861084,8,0.022467834874987602,0.3009224534034729,0.018535256385803223
29,tep,3.790309429168701,9,0.02241920866072178,0.3024226427078247,0.018535256385803223
29,tep,3.4409430027008057,10,0.01958962343633175,0.3897642493247986,0.018535256385803223
29,tep,3.7566142082214355,11,0.022146357223391533,0.3108464181423187,0.018535256385803223
29,tep,3.7545571327209473,12,0.022129615768790245,0.31136074662208557,0.018535256385803223
29,tep,3.525613784790039,13,0.020275386050343513,0.3685965836048126,0.018535256385803223
29,tep,3.6674416065216064,14,0.021424023434519768,0.3331395983695984,0.018535256385803223
29,tep,3.2424755096435547,15,0.017982129007577896,0.43938112258911133,0.018535256385803223
29,tep,3.30426025390625,16,0.018482554703950882,0.4239349663257599,0.018535256385803223
29,tep,3.268749713897705,17,0.01819497160613537,0.43281254172325134,0.018535256385803223
29,tep,3.548488140106201,18,0.020460668951272964,0.3628779649734497,0.018535256385803223
29,tep,3.4298477172851562,19,0.01949973776936531,0.3925381004810333,0.018535256385803223
29,tep,3.755692958831787,20,0.02213883586227894,0.31107673048973083,0.018535256385803223
29,tep,3.639188766479492,21,0.02119521237909794,0.34020283818244934,0.018535256385803223
29,tep,3.186235189437866,22,0.017526619136333466,0.45344120264053345,0.018535256385803223
29,tep,3.703981876373291,23,0.021720055490732193,0.32400456070899963,0.018535256385803223
29,tep,3.576247215270996,24,0.020685462281107903,0.3559381663799286,0.018535256385803223
29,tep,3.4874696731567383,25,0.019966475665569305,0.37813258171081543,0.018535256385803223
29,tep,3.3513870239257812,26,0.01886424981057644,0.4121532440185547,0.018535256385803223
29,tep,3.274122953414917,27,0.018238497897982597,0.43146926164627075,0.018535256385803223
29,tep,2.901254892349243,28,0.015378057025372982,0.5246862769126892,0.018535256385803223
29,tep,2.9857256412506104,29,0.01592571847140789,0.5035685896873474,0.018535256385803223
29,tep,2.9713222980499268,30,0.01583232916891575,0.5071694254875183,0.018535256385803223
29,tep,3.0040180683135986,31,0.01605083793401718,0.49899548292160034,0.018535256385803223
29,tep,3.6681809425354004,32,0.02143010124564171,0.3329547643661499,0.018535256385803223
30,tep,3.185485363006592,0,0.0,0.45362865924835205,0.0
30,tep,2.3855907917022705,1,0.012034857645630836,0.6536023020744324,0.018535256385803223
30,tep,2.5002646446228027,2,0.012778363190591335,0.6249338388442993,0.018535256385803223
30,tep,2.4479987621307373,3,0.01243947446346283,0.6380003094673157,0.018535256385803223
30,tep,2.6654655933380127,4,0.013849373906850815,0.5836336016654968,0.018535256385803223
30,tep,2.7075562477111816,5,0.01412227749824524,0.5731109380722046,0.018535256385803223
30,tep,2.5300400257110596,6,0.01297142542898655,0.6174899935722351,0.018535256385803223
30,tep,2.6007182598114014,7,0.013429612852633,0.5998204350471497,0.018535256385803223
30,tep,3.409529209136963,8,0.01933516003191471,0.39761772751808167,0.018535256385803223
30,tep,2.681309700012207,9,0.013952137902379036,0.5796725749969482,0.018535256385803223
30,tep,3.0305144786834717,10,0.01626543141901493,0.4923713803291321,0.018535256385803223
30,tep,2.9992177486419678,11,0.016013234853744507,0.5001955628395081,0.018535256385803223
30,tep,2.999678373336792,12,0.016016222536563873,0.500080406665802,0.018535256385803223
30,tep,3.3816142082214355,13,0.019109029322862625,0.4045964777469635,0.018535256385803223
30,tep,2.662214756011963,14,0.013828357681632042,0.5844463109970093,0.018535256385803223
30,tep,2.9366164207458496,15,0.015607382170855999,0.5158458948135376,0.018535256385803223
30,tep,3.305964469909668,16,0.018496360629796982,0.4235089123249054,0.018535256385803223
30,tep,2.846052885055542,17,0.015020212158560753,0.5384867787361145,0.018535256385803223
30,tep,2.6010241508483887,18,0.013431570492684841,0.5997439622879028,0.018535256385803223
30,tep,3.3175082206726074,19,0.01858985237777233,0.42062294483184814,0.018535256385803223
30,tep,3.1036455631256104,20,0.016857702285051346,0.4740886092185974,0.018535256385803223
30,tep,2.853083610534668,21,0.015065747313201427,0.536729097366333,0.018535256385803223
30,tep,2.830784559249878,22,0.014921208843588829,0.5423038601875305,0.018535256385803223
30,tep,2.6933603286743164,23,0.014030227437615395,0.5766599178314209,0.018535256385803223
30,tep,2.9777517318725586,24,0.015874002128839493,0.5055620670318604,0.018535256385803223
30,tep,2.42212176322937,25,0.012271704152226448,0.6444695591926575,0.018535256385803223
30,tep,2.6570794582366943,26,0.013795030303299427,0.5857301354408264,0.018535256385803223
30,tep,2.6873998641967773,27,0.013991646468639374,0.5781500339508057,0.018535256385803223
30,tep,2.7111659049987793,28,0.014145663008093834,0.5722085237503052,0.018535256385803223
30,tep,2.892798900604248,29,0.01532330084592104,0.526800274848938,0.018535256385803223
30,tep,2.669558048248291,30,0.013875901699066162,0.5826104879379272,0.018535256385803223
30,tep,2.6056065559387207,31,0.013461291790008545,0.5985983610153198,0.018535256385803223
30,tep,2.857780694961548,32,0.015096241608262062,0.535554826259613,0.018535256385803223
31,tep,2.7869536876678467,0,0.0,0.5532615780830383,0.0
31,tep,2.6874310970306396,1,0.013991748914122581,0.5781422257423401,0.018535256385803223
31,tep,3.820556163787842,2,0.02266419492661953,0.29486092925071716,0.018535256385803223
31,tep,3.8454060554504395,3,0.022865446284413338,0.28864848613739014,0.018535256385803223
31,tep,3.7842979431152344,4,0.022370532155036926,0.3039255440235138,0.018535256385803223
31,tep,3.856020927429199,5,0.022951418533921242,0.2859947979450226,0.018535256385803223
31,tep,3.7489256858825684,6,0.022084081545472145,0.3127685785293579,0.018535256385803223
31,tep,3.7971224784851074,7,0.02247442863881588,0.30071941018104553,0.018535256385803223
31,tep,3.79024338722229,8,0.02241869457066059,0.3024391531944275,0.018535256385803223
31,tep,3.7623424530029297,9,0.022192716598510742,0.3094143867492676,0.018535256385803223
31,tep,3.812591791152954,10,0.022599702700972557,0.2968520522117615,0.018535256385803223
31,tep,3.6164562702178955,11,0.02101111225783825,0.3458859324455261,0.018535256385803223
31,tep,3.7687363624572754,12,0.022244485095143318,0.30781590938568115,0.018535256385803223
31,tep,3.787592887878418,13,0.02239721454679966,0.3031018078327179,0.018535256385803223
31,tep,3.818544387817383,14,0.0226479172706604,0.2953639030456543,0.018535256385803223
31,tep,3.8476929664611816,15,0.02288399077951908,0.2880767583847046,0.018535256385803223
31,tep,3.7924160957336426,16,0.02243625931441784,0.30189597606658936,0.018535256385803223
31,tep,3.848315715789795,17,0.022889038547873497,0.2879210412502289,0.018535256385803223
31,tep,3.806560516357422,18,0.02255087159574032,0.29835987091064453,0.018535256385803223
31,tep,3.7956690788269043,19,0.0224626325070858,0.30108270049095154,0.018535256385803223
31,tep,3.824833393096924,20,0.022698810324072838,0.29379165172576904,0.018535256385803223
31,tep,3.6293106079101562,21,0.021115267649292946,0.34267231822013855,0.018535256385803223
31,tep,3.8068628311157227,22,0.02255329117178917,0.29828426241874695,0.018535256385803223
31,tep,3.8436214923858643,23,0.022851023823022842,0.28909462690353394,0.018535256385803223
31,tep,3.808459758758545,24,0.02256622165441513,0.29788509011268616,0.018535256385803223
31,tep,3.8084354400634766,25,0.022566067054867744,0.29789113998413086,0.018535256385803223
31,tep,3.8253870010375977,26,0.022703342139720917,0.293653279542923,0.018535256385803223
31,tep,3.848011016845703,27,0.022886566817760468,0.2879972755908966,0.018535256385803223
31,tep,3.7497308254241943,28,0.022090571001172066,0.3125672936439514,0.018535256385803223
31,tep,3.753239631652832,29,0.022119004279375076,0.311690092086792,0.018535256385803223
31,tep,3.7144241333007812,30,0.021804584190249443,0.3213939368724823,0.018535256385803223
31,tep,3.6816842555999756,31,0.02153940685093403,0.3295789361000061,0.018535256385803223
31,tep,3.8397555351257324,32,0.022819705307483673,0.2900611460208893,0.018535256385803223
32,tep,2.2882473468780518,0,0.0,0.6779381632804871,0.0
32,tep,2.460264205932617,1,0.012519057840108871,0.6349339485168457,0.018535256385803223
32,tep,2.4680802822113037,2,0.01256969291716814,0.6329799294471741,0.018535256385803223
32,tep,2.9608638286590576,3,0.015764541923999786,0.5097840428352356,0.018535256385803223
32,tep,3.001368999481201,4,0.01602935791015625,0.4996577501296997,0.018535256385803223
32,tep,3.397369384765625,5,0.019236672669649124,0.40065765380859375,0.018535256385803223
32,tep,3.0481114387512207,6,0.016407961025834084,0.4879721403121948,0.018535256385803223
32,tep,3.574835777282715,7,0.020674027502536774,0.3562910854816437,0.018535256385803223
32,tep,2.875591993331909,8,0.015211728401482105,0.5311020016670227,0.018535256385803223
32,tep,3.6236824989318848,9,0.02106962911784649,0.3440793454647064,0.018535256385803223
32,tep,3.7263736724853516,10,0.02190142311155796,0.3184065520763397,0.018535256385803223
32,tep,3.197737216949463,11,0.01761985383927822,0.4505656659603119,0.018535256385803223
32,tep,3.362701892852783,12,0.018955938518047333,0.4093244969844818,0.018535256385803223
32,tep,3.7120378017425537,13,0.021785318851470947,0.3219905495643616,0.018535256385803223
32,tep,3.561363935470581,14,0.02056492678821087,0.35965901613235474,0.018535256385803223
32,tep,3.4876794815063477,15,0.019968124106526375,0.3780801594257355,0.018535256385803223
32,tep,3.3296051025390625,16,0.01868787780404091,0.4175987243652344,0.018535256385803223
32,tep,3.526594877243042,17,0.02028331719338894,0.3683512806892395,0.018535256385803223
32,tep,3.490205764770508,18,0.01998862624168396,0.37744855880737305,0.018535256385803223
32,tep,3.678273916244507,19,0.021511796861886978,0.3304315209388733,0.018535256385803223
32,tep,3.243447780609131,20,0.017990009859204292,0.4391380250453949,0.018535256385803223
32,tep,2.7771899700164795,21,0.014573768712580204,0.5557025074958801,0.018535256385803223
32,tep,3.6914238929748535,22,0.021618321537971497,0.327144056558609,0.018535256385803223
32,tep,3.4384946823120117,23,0.01956973969936371,0.39037632942199707,0.018535256385803223
32,tep,2.9371023178100586,24,0.015610524453222752,0.5157244205474854,0.018535256385803223
32,tep,3.2580490112304688,25,0.018108278512954712,0.4354877173900604,0.018535256385803223
32,tep,3.134911060333252,26,0.017110979184508324,0.4662722051143646,0.018535256385803223
32,tep,3.2623653411865234,27,0.01814325526356697,0.43440863490104675,0.018535256385803223
32,tep,2.9544715881347656,28,0.015723127871751785,0.5113821029663086,0.018535256385803223
32,tep,2.770179271697998,29,0.014528284780681133,0.5574551820755005,0.018535256385803223
32,tep,3.0207555294036865,30,0.016186414286494255,0.49481111764907837,0.018535256385803223
32,tep,2.6986989974975586,31,0.014064842835068703,0.5753252506256104,0.018535256385803223
32,tep,3.3028717041015625,32,0.018471326678991318,0.42428210377693176,0.018535256385803223
33,tep,3.2528271675109863,0,0.0,0.43679317831993103,0.0
33,tep,2.005225419998169,1,0.009568885900080204,0.7486936450004578,0.018535256385803223
33,tep,2.668509006500244,2,0.013869154267013073,0.582872748374939,0.018535256385803223
33,tep,2.9116411209106445,3,0.015445432625710964,0.5220897197723389,0.018535256385803223
33,tep,3.0327093601226807,4,0.016283202916383743,0.49182265996932983,0.018535256385803223
33,tep,3.1738219261169434,5,0.01742612197995186,0.4565444886684418,0.018535256385803223
33,tep,3.1742029190063477,6,0.017429213970899582,0.4564492702484131,0.018535256385803223
33,tep,3.4523017406463623,7,0.019681621342897415,0.3869245648384094,0.018535256385803223
33,tep,3.554384708404541,8,0.02050841972231865,0.36140382289886475,0.018535256385803223
33,tep,3.762932777404785,9,0.022197507321834564,0.3092668354511261,0.018535256385803223
33,tep,3.459132194519043,10,0.019736943766474724,0.38521698117256165,0.018535256385803223
33,tep,3.49503755569458,11,0.02002772130072117,0.376240611076355,0.018535256385803223
33,tep,3.6749215126037598,12,0.021484702825546265,0.33126962184906006,0.018535256385803223
33,tep,3.2334506511688232,13,0.017909087240695953,0.4416373372077942,0.018535256385803223
33,tep,2.922874689102173,14,0.015518217347562313,0.5192813277244568,0.018535256385803223
33,tep,2.5979795455932617,15,0.013411893509328365,0.6005051136016846,0.018535256385803223
33,tep,3.7737977504730225,16,0.02228548750281334,0.3065505623817444,0.018535256385803223
33,tep,2.7790887355804443,17,0.014586028642952442,0.5552278161048889,0.018535256385803223
33,tep,2.810375213623047,18,0.014788877218961716,0.5474061965942383,0.018535256385803223
33,tep,3.2154769897460938,19,0.017763465642929077,0.44613078236579895,0.018535256385803223
33,tep,3.5222792625427246,20,0.020248394459486008,0.36943015456199646,0.018535256385803223
33,tep,3.3550124168395996,21,0.018893610686063766,0.4112469255924225,0.018535256385803223
33,tep,3.301701068878174,22,0.01846184767782688,0.42457476258277893,0.018535256385803223
33,tep,3.427888870239258,23,0.019483819603919983,0.39302775263786316,0.018535256385803223
33,tep,3.4116621017456055,24,0.019352467730641365,0.39708447456359863,0.018535256385803223
33,tep,3.0836901664733887,25,0.016696112230420113,0.47907745838165283,0.018535256385803223
33,tep,2.421375274658203,26,0.012266862206161022,0.6446561813354492,0.018535256385803223
33,tep,2.6999993324279785,27,0.01407329086214304,0.5750001668930054,0.018535256385803223
33,tep,2.7949795722961426,28,0.014689100906252861,0.5512551069259644,0.018535256385803223
33,tep,2.7704930305480957,29,0.014530293643474579,0.5573767423629761,0.018535256385803223
33,tep,2.629056930541992,30,0.013613351620733738,0.592735767364502,0.018535256385803223
33,tep,2.3778486251831055,31,0.011984686367213726,0.6555378437042236,0.018535256385803223
33,tep,3.348667621612549,32,0.01884225383400917,0.4128331243991852,0.018535256385803223
34,tep,3.0196614265441895,0,0.0,0.49508464336395264,0.0
34,tep,2.2204108238220215,1,0.01096395030617714,0.6948972940444946,0.018535256385803223
34,tep,2.424213409423828,2,0.012285302393138409,0.643946647644043,0.018535256385803223
34,tep,2.4453163146972656,3,0.012422115541994572,0.6386709213256836,0.018535256385803223
34,tep,2.867286205291748,4,0.015157848596572876,0.533178448677063,0.018535256385803223
34,tep,2.604063034057617,5,0.01345129869878292,0.5989842414855957,0.018535256385803223
34,tep,2.8658995628356934,6,0.015148885548114777,0.5335251092910767,0.018535256385803223
34,tep,2.5427539348602295,7,0.013053842820227146,0.6143115162849426,0.018535256385803223
34,tep,2.8140616416931152,8,0.014812829904258251,0.5464845895767212,0.018535256385803223
34,tep,2.871622323989868,9,0.015185973607003689,0.532094419002533,0.018535256385803223
34,tep,3.258993625640869,10,0.018115954473614693,0.4352516233921051,0.018535256385803223
34,tep,3.083911657333374,11,0.016697915270924568,0.4790220856666565,0.018535256385803223
34,tep,3.7166624069213867,12,0.021822715178132057,0.3208343982696533,0.018535256385803223
34,tep,3.0015854835510254,13,0.016031108796596527,0.49960359930992126,0.018535256385803223
34,tep,3.5370101928710938,14,0.020367693156003952,0.36574745178222656,0.018535256385803223
34,tep,3.4671437740325928,15,0.019801795482635498,0.3832140564918518,0.018535256385803223
34,tep,3.3463330268859863,16,0.018823349848389626,0.4134167432785034,0.018535256385803223
34,tep,3.2708606719970703,17,0.01821202039718628,0.4322848320007324,0.018535256385803223
34,tep,3.445472002029419,18,0.019626298919320107,0.38863199949264526,0.018535256385803223
34,tep,2.9322125911712646,19,0.015578794293105602,0.5169468522071838,0.018535256385803223
34,tep,3.464056968688965,20,0.019776813685894012,0.3839857578277588,0.018535256385803223
34,tep,2.6075522899627686,21,0.013473963364958763,0.5981119275093079,0.018535256385803223
34,tep,3.0623281002044678,22,0.01652308739721775,0.48441797494888306,0.018535256385803223
34,tep,3.0013256072998047,23,0.016029048711061478,0.49966856837272644,0.018535256385803223
34,tep,2.782186985015869,24,0.014606169424951077,0.5544532537460327,0.018535256385803223
34,tep,2.7595272064208984,25,0.014459208585321903,0.5601181983947754,0.018535256385803223
34,tep,2.6407599449157715,26,0.013689227402210236,0.5898100137710571,0.018535256385803223
34,tep,2.8881571292877197,27,0.015293166972696781,0.5279607176780701,0.018535256385803223
34,tep,2.871218204498291,28,0.015183397568762302,0.5321954488754272,0.018535256385803223
34,tep,2.7818360328674316,29,0.014603902585804462,0.5545409917831421,0.018535256385803223
34,tep,2.734471321105957,30,0.01429679524153471,0.5663821697235107,0.018535256385803223
34,tep,2.7616426944732666,31,0.014472962357103825,0.5595893263816833,0.018535256385803223
34,tep,3.249901294708252,32,0.018042294308543205,0.437524676322937,0.018535256385803223
35,tep,3.0506486892700195,0,0.0,0.4873378574848175,0.0
35,tep,2.418307065963745,1,0.012246978469192982,0.6454232335090637,0.018535256385803223
35,tep,2.934202194213867,2,0.015591722913086414,0.5164494514465332,0.018535256385803223
35,tep,2.770205497741699,3,0.014528490602970123,0.5574486255645752,0.018535256385803223
35,tep,2.914334774017334,4,0.015462894923985004,0.5214163064956665,0.018535256385803223
35,tep,3.27028751373291,5,0.018207436427474022,0.43242812156677246,0.018535256385803223
35,tep,3.4634268283843994,6,0.019771713763475418,0.38414329290390015,0.018535256385803223
35,tep,3.2695703506469727,7,0.018201615661382675,0.4326074421405792,0.018535256385803223
35,tep,3.5162224769592285,8,0.020199304446578026,0.37094441056251526,0.018535256385803223
35,tep,3.7713513374328613,9,0.022265708073973656,0.3071621358394623,0.018535256385803223
35,tep,3.8230795860290527,10,0.022684644907712936,0.29423007369041443,0.018535256385803223
35,tep,3.0829720497131348,11,0.016690291464328766,0.4792569577693939,0.018535256385803223
35,tep,3.663817882537842,12,0.021394765004515648,0.33404555916786194,0.018535256385803223
35,tep,3.8042473793029785,13,0.02253212034702301,0.29893818497657776,0.018535256385803223
35,tep,3.575411796569824,14,0.02067871391773224,0.35614705085754395,0.018535256385803223
35,tep,3.7808661460876465,15,0.02234271541237831,0.304783433675766,0.018535256385803223
35,tep,3.81650447845459,16,0.0226313304156065,0.2958739101886749,0.018535256385803223
35,tep,3.778582811355591,17,0.022324223071336746,0.3053542971611023,0.018535256385803223
35,tep,3.6402111053466797,18,0.021203557029366493,0.33994725346565247,0.018535256385803223
35,tep,3.739997625350952,19,0.022011760622262955,0.31500059366226196,0.018535256385803223
35,tep,3.6695168018341064,20,0.021440917626023293,0.3326207995414734,0.018535256385803223
35,tep,3.1595330238342285,21,0.017310377210378647,0.4601167142391205,0.018535256385803223
35,tep,3.779232978820801,22,0.022329529747366905,0.3051917254924774,0.018535256385803223
35,tep,3.7721738815307617,23,0.022272352129220963,0.30695652961730957,0.018535256385803223
35,tep,3.306529998779297,24,0.01850094459950924,0.4233674705028534,0.018535256385803223
35,tep,3.370450496673584,25,0.01901867799460888,0.4073873460292816,0.018535256385803223
35,tep,3.345202684402466,26,0.01881418190896511,0.41369932889938354,0.018535256385803223
35,tep,3.3421807289123535,27,0.018789662048220634,0.41445478796958923,0.018535256385803223
35,tep,3.1279356479644775,28,0.017054472118616104,0.4680160880088806,0.018535256385803223
35,tep,3.245429039001465,29,0.018006080761551857,0.4386427700519562,0.018535256385803223
35,tep,3.3726279735565186,30,0.019036294892430305,0.40684300661087036,0.018535256385803223
35,tep,3.0717368125915527,31,0.016599323600530624,0.4820657968521118,0.018535256385803223
35,tep,3.7254672050476074,32,0.021894006058573723,0.31863322854042053,0.018535256385803223
36,tep,3.5955371856689453,0,0.0,0.3511156737804413,0.0
36,tep,3.2393126487731934,1,0.017956528812646866,0.44017183780670166,0.018535256385803223
36,tep,3.7170701026916504,2,0.021826012060046196,0.3207324743270874,0.018535256385803223
36,tep,3.7086806297302246,3,0.021758120507001877,0.32282981276512146,0.018535256385803223
36,tep,3.3804500102996826,4,0.019099652767181396,0.40488749742507935,0.018535256385803223
36,tep,3.7810263633728027,5,0.02234400436282158,0.3047434389591217,0.018535256385803223
36,tep,3.789565086364746,6,0.022413183003664017,0.30260875821113586,0.018535256385803223
36,tep,3.8293538093566895,7,0.022735485807061195,0.29266154766082764,0.018535256385803223
36,tep,3.8417787551879883,8,0.02283608540892601,0.28955528140068054,0.018535256385803223
36,tep,3.42695689201355,9,0.019476300105452538,0.39326077699661255,0.018535256385803223
36,tep,3.7296807765960693,10,0.021928157657384872,0.31757980585098267,0.018535256385803223
36,tep,3.7821826934814453,11,0.022353429347276688,0.30445435643196106,0.018535256385803223
36,tep,3.7036054134368896,12,0.021717015653848648,0.3240986466407776,0.018535256385803223
36,tep,3.7220675945281982,13,0.02186650037765503,0.31948310136795044,0.018535256385803223
36,tep,3.343644618988037,14,0.018801560625433922,0.41408881545066833,0.018535256385803223
36,tep,3.8208556175231934,15,0.02266666665673256,0.29478609561920166,0.018535256385803223
36,tep,3.8045692443847656,16,0.022534696385264397,0.2988576591014862,0.018535256385803223
36,tep,3.668917179107666,17,0.021436024457216263,0.3327707052230835,0.018535256385803223
36,tep,3.8561670780181885,18,0.022952653467655182,0.2859582304954529,0.018535256385803223
36,tep,3.844879150390625,19,0.02286122366786003,0.28878021240234375,0.018535256385803223
36,tep,3.8444690704345703,20,0.022857874631881714,0.28888270258903503,0.018535256385803223
36,tep,3.8332579135894775,21,0.022767113521695137,0.2916855216026306,0.018535256385803223
36,tep,3.8475570678710938,22,0.0228828564286232,0.28811076283454895,0.018535256385803223
36,tep,3.8320837020874023,23,0.022757582366466522,0.291979044675827,0.018535256385803223
36,tep,3.832334518432617,24,0.022759592160582542,0.2919163405895233,0.018535256385803223
36,tep,3.8413519859313965,25,0.022832633927464485,0.2896620035171509,0.018535256385803223
36,tep,3.8513498306274414,26,0.022913608700037003,0.28716254234313965,0.018535256385803223
36,tep,3.8297691345214844,27,0.022738832980394363,0.2925576865673065,0.018535256385803223
36,tep,3.8001317977905273,28,0.02249879390001297,0.2999670207500458,0.018535256385803223
36,tep,3.847766399383545,29,0.022884557023644447,0.28805842995643616,0.018535256385803223
36,tep,3.7302894592285156,30,0.02193310298025608,0.3174276053905487,0.018535256385803223
36,tep,3.8418569564819336,31,0.022836755961179733,0.2895357608795166,0.018535256385803223
36,tep,3.852860450744629,32,0.02292586863040924,0.28678491711616516,0.018535256385803223
37,tep,2.486715316772461,0,0.0,0.6283211708068848,0.0
37,tep,2.6281464099884033,1,0.013607479631900787,0.5929633975028992,0.018535256385803223
37,tep,2.3692216873168945,2,0.011928745545446873,0.6576945781707764,0.018535256385803223
37,tep,2.5109314918518066,3,0.01284749060869217,0.6222671270370483,0.018535256385803223
37,tep,2.8422155380249023,4,0.0149953318759799,0.5394461154937744,0.018535256385803223
37,tep,3.147223949432373,5,0.01721070520579815,0.46319398283958435,0.018535256385803223
37,tep,2.4220292568206787,6,0.012271085754036903,0.6444926857948303,0.018535256385803223
37,tep,2.502898931503296,7,0.012795465067029,0.624275267124176,0.018535256385803223
37,tep,2.8729958534240723,8,0.01519488450139761,0.5317510366439819,0.018535256385803223
37,tep,2.72346568107605,9,0.014225401915609837,0.5691335797309875,0.018535256385803223
37,tep,2.5745065212249756,10,0.013259679079055786,0.6063733696937561,0.018535256385803223
37,tep,2.5450425148010254,11,0.013068677857518196,0.6137393712997437,0.018535256385803223
37,tep,2.3853955268859863,12,0.012033621780574322,0.6536511182785034,0.018535256385803223
37,tep,2.497494697570801,13,0.012760385870933533,0.6256263256072998,0.018535256385803223
37,tep,2.428439140319824,14,0.012312706559896469,0.642890214920044,0.018535256385803223
37,tep,2.5148160457611084,15,0.01287267915904522,0.6212959885597229,0.018535256385803223
37,tep,2.7938921451568604,16,0.014682044275105,0.5515269637107849,0.018535256385803223
37,tep,2.5700175762176514,17,0.013230575248599052,0.6074956059455872,0.018535256385803223
37,tep,2.7613704204559326,18,0.014471159316599369,0.5596573948860168,0.018535256385803223
37,tep,2.236053228378296,19,0.011065426282584667,0.690986692905426,0.018535256385803223
37,tep,2.87265944480896,20,0.015192721039056778,0.53183513879776,0.018535256385803223
37,tep,2.772092342376709,21,0.014540699310600758,0.5569769144058228,0.018535256385803223
37,tep,2.7978835105895996,22,0.014707902446389198,0.5505291223526001,0.018535256385803223
37,tep,2.714168071746826,23,0.01416513416916132,0.5714579820632935,0.018535256385803223
37,tep,2.6043202877044678,24,0.01345294713973999,0.5989199280738831,0.018535256385803223
37,tep,2.6604580879211426,25,0.013816921971738338,0.5848854780197144,0.018535256385803223
37,tep,2.6229944229125977,26,0.013574100099503994,0.5942513942718506,0.018535256385803223
37,tep,2.475677728652954,27,0.012618988752365112,0.6310805678367615,0.018535256385803223
37,tep,2.668680191040039,28,0.013870184309780598,0.5828299522399902,0.018535256385803223
37,tep,2.7330541610717773,29,0.01428762637078762,0.5667364597320557,0.018535256385803223
37,tep,2.6971051692962646,30,0.014054540544748306,0.5757237076759338,0.018535256385803223
37,tep,2.769930362701416,31,0.014526636339724064,0.557517409324646,0.018535256385803223
37,tep,2.4531948566436768,32,0.01247316226363182,0.6367012858390808,0.018535256385803223
38,tep,3.3127527236938477,0,0.0,0.4218118190765381,0.0
38,tep,3.2522077560424805,1,0.018060991540551186,0.43694809079170227,0.018535256385803223
38,tep,3.7857611179351807,2,0.022382378578186035,0.30355972051620483,0.018535256385803223
38,tep,3.791029214859009,3,0.022425081580877304,0.3022426962852478,0.018535256385803223
38,tep,3.7531638145446777,4,0.02211838774383068,0.3117090165615082,0.018535256385803223
38,tep,3.6086299419403076,5,0.020947754383087158,0.3478425145149231,0.018535256385803223
38,tep,3.7586169242858887,6,0.022162532433867455,0.31034576892852783,0.018535256385803223
38,tep,3.7667453289031982,7,0.022228362038731575,0.30831366777420044,0.018535256385803223
38,tep,3.7498912811279297,8,0.022091858088970184,0.3125271797180176,0.018535256385803223
38,tep,3.756819486618042,9,0.022148005664348602,0.3107951283454895,0.018535256385803223
38,tep,3.8380556106567383,10,0.02280595153570175,0.2904861271381378,0.018535256385803223
38,tep,3.8345446586608887,11,0.02277751825749874,0.29136380553245544,0.018535256385803223
38,tep,3.527266502380371,12,0.020288778468966484,0.36818334460258484,0.018535256385803223
38,tep,3.7096738815307617,13,0.02176615595817566,0.32258152961730957,0.018535256385803223
38,tep,3.6697936058044434,14,0.021443184465169907,0.33255159854888916,0.018535256385803223
38,tep,3.7967965602874756,15,0.022471750155091286,0.3008008599281311,0.018535256385803223
38,tep,3.804076671600342,16,0.022530730813741684,0.29898086190223694,0.018535256385803223
38,tep,3.7921206951141357,17,0.022433890029788017,0.30196982622146606,0.018535256385803223
38,tep,3.5728940963745117,18,0.02065831609070301,0.3567764461040497,0.018535256385803223
38,tep,3.81732177734375,19,0.022638026624917984,0.2956695854663849,0.018535256385803223
38,tep,3.8513104915618896,20,0.02291329950094223,0.2871723771095276,0.018535256385803223
38,tep,3.85440731048584,21,0.022938385605812073,0.2863982021808624,0.018535256385803223
38,tep,3.595733642578125,22,0.02084329165518284,0.35106655955314636,0.018535256385803223
38,tep,3.7976813316345215,23,0.02247891016304493,0.300579696893692,0.018535256385803223
38,tep,3.833202838897705,24,0.02276664972305298,0.29169929027557373,0.018535256385803223
38,tep,3.706817388534546,25,0.02174297720193863,0.3232956528663635,0.018535256385803223
38,tep,3.7130370140075684,26,0.02179335430264473,0.3217407763004303,0.018535256385803223
38,tep,3.7987866401672363,27,0.02248787321150303,0.3003033697605133,0.018535256385803223
38,tep,3.8455028533935547,28,0.022866271436214447,0.2886243164539337,0.018535256385803223
38,tep,3.7673721313476562,29,0.02223340980708599,0.3081569969654083,0.018535256385803223
38,tep,3.8548531532287598,30,0.022941991686820984,0.28628674149513245,0.018535256385803223
38,tep,3.7966842651367188,31,0.022470874711871147,0.3008289337158203,0.018535256385803223
38,tep,3.8508927822113037,32,0.022909900173544884,0.2872768044471741,0.018535256385803223
39,tep,3.4168691635131836,0,0.0,0.3957827389240265,0.0
39,tep,3.591470718383789,1,0.020808778703212738,0.35213229060173035,0.018535256385803223
39,tep,3.8416748046875,2,0.02283520996570587,0.289581298828125,0.018535256385803223
39,tep,3.8116543292999268,3,0.022592131048440933,0.2970864176750183,0.018535256385803223
39,tep,3.819208860397339,4,0.02265327423810959,0.2951977849006653,0.018535256385803223
39,tep,3.581606149673462,5,0.020728886127471924,0.3545984625816345,0.018535256385803223
39,tep,3.853330135345459,6,0.022929629310965538,0.28666743636131287,0.018535256385803223
39,tep,3.804884433746338,7,0.022537272423505783,0.2987789213657379,0.018535256385803223
39,tep,3.5461559295654297,8,0.02044176496565342,0.36346104741096497,0.018535256385803223
39,tep,3.853426933288574,9,0.022930452600121498,0.28664323687553406,0.018535256385803223
39,tep,3.789978504180908,10,0.022416530176997185,0.30250540375709534,0.018535256385803223
39,tep,3.817965507507324,11,0.022643228992819786,0.29550859332084656,0.018535256385803223
39,tep,3.6647820472717285,12,0.021402491256594658,0.33380451798439026,0.018535256385803223
39,tep,3.824207305908203,13,0.022693760693073273,0.29394814372062683,0.018535256385803223
39,tep,3.8091421127319336,14,0.022571733221411705,0.2977144718170166,0.018535256385803223
39,tep,3.778904676437378,15,0.02232685126364231,0.3052738308906555,0.018535256385803223
39,tep,3.6982173919677734,16,0.021673334762454033,0.32544565200805664,0.018535256385803223
39,tep,3.795180320739746,17,0.022458666935563087,0.3012049198150635,0.018535256385803223
39,tep,3.6280553340911865,18,0.021105067804455757,0.34298616647720337,0.018535256385803223
39,tep,3.727013111114502,19,0.021906575188040733,0.3182466924190521,0.018535256385803223
39,tep,3.8369545936584473,20,0.022796988487243652,0.2907613217830658,0.018535256385803223
39,tep,3.7513365745544434,21,0.022103603929281235,0.3121658265590668,0.018535256385803223
39,tep,3.7288246154785156,22,0.021921204403042793,0.3177938461303711,0.018535256385803223
39,tep,3.8383877277374268,23,0.022808630019426346,0.2904030680656433,0.018535256385803223
39,tep,3.8338756561279297,24,0.022772109135985374,0.2915310561656952,0.018535256385803223
39,tep,3.7366275787353516,25,0.021984459832310677,0.3158430755138397,0.018535256385803223
39,tep,3.7718617916107178,26,0.022269828245043755,0.30703455209732056,0.018535256385803223
39,tep,3.846127510070801,27,0.022871319204568863,0.2884681522846222,0.018535256385803223
39,tep,3.8346142768859863,28,0.022778084501624107,0.29134640097618103,0.018535256385803223
39,tep,3.6745028495788574,29,0.02148130163550377,0.33137425780296326,0.018535256385803223
39,tep,3.750603199005127,30,0.022097628563642502,0.31234923005104065,0.018535256385803223
39,tep,3.779539108276367,31,0.022332001477479935,0.3051152229309082,0.018535256385803223
39,tep,3.7244787216186523,32,0.021886073052883148,0.3188803195953369,0.018535256385803223
40,tep,3.733078956604004,0,0.0,0.3167302906513214,0.0
40,tep,3.652222156524658,1,0.02130080945789814,0.33694449067115784,0.018535256385803223
40,tep,2.5922679901123047,2,0.013374856673181057,0.6019330024719238,0.018535256385803223
40,tep,3.312408924102783,3,0.018548592925071716,0.4218977391719818,0.018535256385803223
40,tep,3.5246782302856445,4,0.02026781253516674,0.36883047223091125,0.018535256385803223
40,tep,3.7696449756622314,5,0.022251902148127556,0.30758875608444214,0.018535256385803223
40,tep,3.5609285831451416,6,0.020561425015330315,0.3597678542137146,0.018535256385803223
40,tep,3.4451944828033447,7,0.019624032080173492,0.3887013792991638,0.018535256385803223
40,tep,3.7999682426452637,8,0.022497454658150673,0.3000079393386841,0.018535256385803223
40,tep,3.61720609664917,9,0.02101719193160534,0.3456985056400299,0.018535256385803223
40,tep,2.863105535507202,10,0.015130753628909588,0.5342236161231995,0.018535256385803223
40,tep,3.5051980018615723,11,0.020109985023736954,0.3737005293369293,0.018535256385803223
40,tep,3.279712677001953,12,0.018283775076270103,0.43007180094718933,0.018535256385803223
40,tep,3.4719173908233643,13,0.019840480759739876,0.38202065229415894,0.018535256385803223
40,tep,3.689915657043457,14,0.021606113761663437,0.32752111554145813,0.018535256385803223
40,tep,3.5010366439819336,15,0.020076297223567963,0.3747408390045166,0.018535256385803223
40,tep,3.4637503623962402,16,0.019774340093135834,0.38406243920326233,0.018535256385803223
40,tep,3.5656533241271973,17,0.020599696785211563,0.35858669877052307,0.018535256385803223
40,tep,3.74992036819458,18,0.02209206484258175,0.31251993775367737,0.018535256385803223
40,tep,3.7230160236358643,19,0.02187422662973404,0.31924599409103394,0.018535256385803223
40,tep,3.7052721977233887,20,0.021730510517954826,0.32368192076683044,0.018535256385803223
40,tep,3.7194104194641113,21,0.021845020353794098,0.32014739513397217,0.018535256385803223
40,tep,3.6848535537719727,22,0.021565111353993416,0.32878661155700684,0.018535256385803223
40,tep,3.5043880939483643,23,0.020103493705391884,0.37390297651290894,0.018535256385803223
40,tep,3.4673573970794678,24,0.019803548231720924,0.38316065073013306,0.018535256385803223
40,tep,3.4933037757873535,25,0.020013710483908653,0.3766740560531616,0.018535256385803223
40,tep,3.3297014236450195,26,0.01868864893913269,0.41757461428642273,0.018535256385803223
40,tep,3.6327614784240723,27,0.02114318683743477,0.34180963039398193,0.018535256385803223
40,tep,3.503140449523926,28,0.020093398168683052,0.37421485781669617,0.018535256385803223
40,tep,3.797166347503662,29,0.022474737837910652,0.3007084131240845,0.018535256385803223
40,tep,3.649561882019043,30,0.02127927727997303,0.33760955929756165,0.018535256385803223
40,tep,3.587251663208008,31,0.02077457495033741,0.35318711400032043,0.018535256385803223
40,tep,3.7024636268615723,32,0.021707743406295776,0.32438409328460693,0.018535256385803223
41,tep,3.070028781890869,0,0.0,0.4824927747249603,0.0
41,tep,2.8238179683685303,1,0.014876085333526134,0.5440455079078674,0.018535256385803223
41,tep,3.0446295738220215,2,0.016379784792661667,0.48884257674217224,0.018535256385803223
41,tep,3.742523193359375,3,0.022032158449292183,0.31436917185783386,0.018535256385803223
41,tep,3.800821304321289,4,0.022504407912492752,0.29979467391967773,0.018535256385803223
41,tep,3.3784432411193848,5,0.019083427265286446,0.4053892195224762,0.018535256385803223
41,tep,3.653712749481201,6,0.021312914788722992,0.3365718126296997,0.018535256385803223
41,tep,3.814497947692871,7,0.022615157067775726,0.2963755428791046,0.018535256385803223
41,tep,3.581793785095215,8,0.020730379968881607,0.3545515239238739,0.018535256385803223
41,tep,3.827850341796875,9,0.022723328322172165,0.29303741455078125,0.018535256385803223
41,tep,3.6455507278442383,10,0.02124677412211895,0.33861228823661804,0.018535256385803223
41,tep,3.695396900177002,11,0.021650463342666626,0.3261507749557495,0.018535256385803223
41,tep,3.7182364463806152,12,0.021835491061210632,0.3204408586025238,0.018535256385803223
41,tep,3.6242167949676514,13,0.021073956042528152,0.34394580125808716,0.018535256385803223
41,tep,3.833733558654785,14,0.022770924493670464,0.2915666401386261,0.018535256385803223
41,tep,3.6140294075012207,15,0.02099153958261013,0.3464926481246948,0.018535256385803223
41,tep,3.6158790588378906,16,0.021006476134061813,0.34603020548820496,0.018535256385803223
41,tep,3.6128406524658203,17,0.02098185382783413,0.34678980708122253,0.018535256385803223
41,tep,3.8023266792297363,18,0.022516565397381783,0.29941830039024353,0.018535256385803223
41,tep,3.1045846939086914,19,0.016865326091647148,0.47385382652282715,0.018535256385803223
41,tep,3.839306354522705,20,0.022816047072410583,0.29017338156700134,0.018535256385803223
41,tep,3.816983222961426,21,0.02263529598712921,0.29575419425964355,0.018535256385803223
41,tep,3.786936044692993,22,0.0223919078707695,0.3032659888267517,0.018535256385803223
41,tep,3.668407917022705,23,0.021431904286146164,0.33289799094200134,0.018535256385803223
41,tep,3.7827298641204834,24,0.02235780842602253,0.30431753396987915,0.018535256385803223
41,tep,3.823261022567749,25,0.02268613874912262,0.29418474435806274,0.018535256385803223
41,tep,3.8180108070373535,26,0.022643590345978737,0.295497328042984,0.018535256385803223
41,tep,3.7142200469970703,27,0.021802935749292374,0.3214449882507324,0.018535256385803223
41,tep,3.8473901748657227,28,0.022881517186760902,0.28815245628356934,0.018535256385803223
41,tep,3.8368000984191895,29,0.022795753553509712,0.290800005197525,0.018535256385803223
41,tep,3.771130323410034,30,0.02226385287940502,0.30721741914749146,0.018535256385803223
41,tep,3.626373767852783,31,0.021091468632221222,0.3434065580368042,0.018535256385803223
41,tep,3.8182499408721924,32,0.02264554798603058,0.2954375147819519,0.018535256385803223
42,tep,2.7462425231933594,0,0.0,0.5634393692016602,0.0
42,tep,2.1465258598327637,1,0.010484952479600906,0.7133685350418091,0.018535256385803223
42,tep,2.5877208709716797,2,0.013345393352210522,0.6030697822570801,0.018535256385803223
42,tep,3.01137113571167,3,0.016110384836792946,0.4971572458744049,0.018535256385803223
42,tep,2.741537570953369,4,0.014342588372528553,0.5646156072616577,0.018535256385803223
42,tep,3.3912062644958496,5,0.01918680965900421,0.4021984040737152,0.018535256385803223
42,tep,3.277273654937744,6,0.01826399564743042,0.43068161606788635,0.018535256385803223
42,tep,3.38203763961792,7,0.01911253109574318,0.4044906198978424,0.018535256385803223
42,tep,3.2651498317718506,8,0.018165765330195427,0.43371254205703735,0.018535256385803223
42,tep,2.749419689178467,9,0.01439368724822998,0.5626450777053833,0.018535256385803223
42,tep,3.0701546669006348,10,0.01658649742603302,0.4824613034725189,0.018535256385803223
42,tep,3.556291103363037,11,0.02052382193505764,0.3609272241592407,0.018535256385803223
42,tep,3.5810980796813965,12,0.020724764093756676,0.3547254800796509,0.018535256385803223
42,tep,3.783254623413086,13,0.022362083196640015,0.3041863441467285,0.018535256385803223
42,tep,3.148998260498047,14,0.017225075513124466,0.4627504050731659,0.018535256385803223
42,tep,3.796149253845215,15,0.022466495633125305,0.3009626865386963,0.018535256385803223
42,tep,3.7657265663146973,16,0.022220119833946228,0.3085683584213257,0.018535256385803223
42,tep,3.726099967956543,17,0.021899158135056496,0.31847497820854187,0.018535256385803223
42,tep,3.3439712524414062,18,0.018804188817739487,0.41400718688964844,0.018535256385803223
42,tep,3.7574777603149414,19,0.022153310477733612,0.31063053011894226,0.018535256385803223
42,tep,3.7090237140655518,20,0.02176085114479065,0.32274407148361206,0.018535256385803223
42,tep,3.7854199409484863,21,0.022379649803042412,0.30364498496055603,0.018535256385803223
42,tep,3.5848498344421387,22,0.020755156874656677,0.3537875711917877,0.018535256385803223
42,tep,3.7714316844940186,23,0.0222663264721632,0.30714207887649536,0.018535256385803223
42,tep,3.706714630126953,24,0.02174215205013752,0.3233213424682617,0.018535256385803223
42,tep,3.5781126022338867,25,0.02070060558617115,0.35547181963920593,0.018535256385803223
42,tep,3.73819637298584,26,0.021997131407260895,0.31545087695121765,0.018535256385803223
42,tep,3.686889886856079,27,0.02158159390091896,0.3282775282859802,0.018535256385803223
42,tep,3.639270305633545,28,0.02119593322277069,0.34018245339393616,0.018535256385803223
42,tep,2.617804527282715,29,0.013540412299335003,0.5955488681793213,0.018535256385803223
42,tep,3.591370105743408,30,0.020807955414056778,0.35215744376182556,0.018535256385803223
42,tep,3.5087296962738037,31,0.02013862505555153,0.3728175759315491,0.018535256385803223
42,tep,3.7164664268493652,32,0.021821171045303345,0.3208833634853363,0.018535256385803223
43,tep,3.6223740577697754,0,0.0,0.34440645575523376,0.0
43,tep,3.195712089538574,1,0.017603371292352676,0.45107200741767883,0.018535256385803223
43,tep,3.428330898284912,2,0.019487425684928894,0.3929172456264496,0.018535256385803223
43,tep,3.3908042907714844,3,0.019183512777090073,0.4022988975048065,0.018535256385803223
43,tep,3.4964160919189453,4,0.020038899034261703,0.37589600682258606,0.018535256385803223
43,tep,3.5729196071624756,5,0.020658522844314575,0.3567700982093811,0.018535256385803223
43,tep,3.6946535110473633,6,0.021644487977027893,0.32633665204048157,0.018535256385803223
43,tep,3.4006683826446533,7,0.019263405352830887,0.39983290433883667,0.018535256385803223
43,tep,3.64970326423645,8,0.021280411630868912,0.33757418394088745,0.018535256385803223
43,tep,3.8306055068969727,9,0.022745581343770027,0.29234862327575684,0.018535256385803223
43,tep,3.6135311126708984,10,0.020987417548894882,0.346617192029953,0.018535256385803223
43,tep,3.425663948059082,11,0.019465843215584755,0.3935839831829071,0.018535256385803223
43,tep,3.6909642219543457,12,0.021614613011479378,0.3272589147090912,0.018535256385803223
43,tep,3.3993453979492188,13,0.01925274357199669,0.4001636505126953,0.018535256385803223
43,tep,3.8291847705841064,14,0.02273404225707054,0.2927038073539734,0.018535256385803223
43,tep,3.647895336151123,15,0.021265782415866852,0.33802616596221924,0.018535256385803223
43,tep,3.7262768745422363,16,0.021900599822402,0.3184308111667633,0.018535256385803223
43,tep,3.5940780639648438,17,0.02082989737391472,0.3514804542064667,0.018535256385803223
43,tep,3.744999408721924,18,0.02205224707722664,0.31375011801719666,0.018535256385803223
43,tep,3.2753400802612305,19,0.018248284235596657,0.4311649799346924,0.018535256385803223
43,tep,3.473628282546997,20,0.019854336977005005,0.38159292936325073,0.018535256385803223
43,tep,3.176804542541504,21,0.017450280487537384,0.455798864364624,0.018535256385803223
43,tep,3.394472122192383,22,0.01921323500573635,0.4013819396495819,0.018535256385803223
43,tep,3.675715923309326,23,0.021491089835762978,0.33107101917266846,0.018535256385803223
43,tep,3.436185836791992,24,0.019551092758774757,0.39095351099967957,0.018535256385803223
43,tep,3.2937355041503906,25,0.018397357314825058,0.42656609416007996,0.018535256385803223
43,tep,3.326694965362549,26,0.01866428554058075,0.4183262586593628,0.018535256385803223
43,tep,3.49147891998291,27,0.019998926669359207,0.37713027000427246,0.018535256385803223
43,tep,3.075892448425293,28,0.016632961109280586,0.48102685809135437,0.018535256385803223
43,tep,3.255582094192505,29,0.018088344484567642,0.4361044764518738,0.018535256385803223
43,tep,3.268296241760254,30,0.01819131337106228,0.43292590975761414,0.018535256385803223
43,tep,3.052295684814453,31,0.01644185557961464,0.48692604899406433,0.018535256385803223
43,tep,3.3798446655273438,32,0.019094759598374367,0.4050388038158417,0.018535256385803223
44,tep,3.5328407287597656,0,0.0,0.3667897880077362,0.0
44,tep,2.2724533081054688,1,0.011301396414637566,0.6818866729736328,0.018535256385803223
44,tep,2.9099676609039307,2,0.015434615314006805,0.5225080847740173,0.018535256385803223
44,tep,3.1235835552215576,3,0.0170192401856184,0.4691041111946106,0.018535256385803223
44,tep,3.47110915184021,4,0.019833886995911598,0.3822227120399475,0.018535256385803223
44,tep,3.5680103302001953,5,0.020618755370378494,0.35799741744995117,0.018535256385803223
44,tep,2.970552921295166,6,0.01582738384604454,0.5073617696762085,0.018535256385803223
44,tep,3.4086623191833496,7,0.019328154623508453,0.3978344202041626,0.018535256385803223
44,tep,3.8463029861450195,8,0.02287270873785019,0.28842422366142273,0.018535256385803223
44,tep,3.1562466621398926,9,0.01728379912674427,0.46093830466270447,0.018535256385803223
44,tep,3.8527793884277344,10,0.022925199940800667,0.286805123090744,0.018535256385803223
44,tep,3.8125481605529785,11,0.022599343210458755,0.29686298966407776,0.018535256385803223
44,tep,3.8306491374969482,12,0.022745942696928978,0.29233771562576294,0.018535256385803223
44,tep,3.690218210220337,13,0.021608585491776466,0.32744544744491577,0.018535256385803223
44,tep,3.759690761566162,14,0.02217123657464981,0.31007733941078186,0.018535256385803223
44,tep,3.8249878883361816,15,0.022700045257806778,0.2937530279159546,0.018535256385803223
44,tep,3.6920504570007324,16,0.021623369306325912,0.3269873857498169,0.018535256385803223
44,tep,3.809447765350342,17,0.022574204951524734,0.29763802886009216,0.018535256385803223
44,tep,3.789216995239258,18,0.022410349920392036,0.30269572138786316,0.018535256385803223
44,tep,3.6724276542663574,19,0.021464457735419273,0.33189305663108826,0.018535256385803223
44,tep,3.7435388565063477,20,0.02204039879143238,0.3141153156757355,0.018535256385803223
44,tep,3.8498282432556152,21,0.022901298478245735,0.2875429689884186,0.018535256385803223
44,tep,3.6465654373168945,22,0.02125496417284012,0.33835864067077637,0.018535256385803223
44,tep,3.7734341621398926,23,0.02228255197405815,0.30664145946502686,0.018535256385803223
44,tep,3.8358185291290283,24,0.022787820547819138,0.2910453677177429,0.018535256385803223
44,tep,3.7944791316986084,25,0.022453000769019127,0.3013802170753479,0.018535256385803223
44,tep,3.7092971801757812,26,0.021763065829873085,0.3226757049560547,0.018535256385803223
44,tep,3.816354751586914,27,0.022630145773291588,0.29591134190559387,0.018535256385803223
44,tep,3.8508520126342773,28,0.02290959097445011,0.28728702664375305,0.018535256385803223
44,tep,3.723670721054077,29,0.02187948115170002,0.3190823197364807,0.018535256385803223
44,tep,3.506420612335205,30,0.0201199259608984,0.37339481711387634,0.018535256385803223
44,tep,3.756690263748169,31,0.0221469234675169,0.31082743406295776,0.018535256385803223
44,tep,3.674548864364624,32,0.02148161083459854,0.331362783908844,0.018535256385803223
45,tep,2.0970771312713623,0,0.0,0.7257307171821594,0.0
45,tep,2.3075594902038574,1,0.011529022827744484,0.6731101274490356,0.018535256385803223
45,tep,2.0814998149871826,2,0.010063388384878635,0.7296250462532043,0.018535256385803223
45,tep,1.9893362522125244,3,0.009483326226472855,0.7526659369468689,0.018535256385803223
45,tep,1.9886157512664795,4,0.009479875676333904,0.7528460621833801,0.018535256385803223
45,tep,1.9356498718261719,5,0.009223352186381817,0.766087532043457,0.018535256385803223
45,tep,2.1253626346588135,6,0.010347727686166763,0.7186593413352966,0.018535256385803223
45,tep,2.272097110748291,7,0.011299078352749348,0.6819757223129272,0.018535256385803223
45,tep,2.418893337249756,8,0.012250790372490883,0.645276665687561,0.018535256385803223
45,tep,2.448920488357544,9,0.012445501051843166,0.637769877910614,0.018535256385803223
45,tep,2.51837420463562,10,0.01289580762386322,0.620406448841095,0.018535256385803223
45,tep,2.526846170425415,11,0.01295066624879837,0.6182884573936462,0.018535256385803223
45,tep,2.5708281993865967,12,0.013235778547823429,0.6072929501533508,0.018535256385803223
45,tep,2.465625762939453,13,0.012553776614367962,0.6335935592651367,0.018535256385803223
45,tep,2.4069159030914307,14,0.012173112481832504,0.6482710242271423,0.018535256385803223
45,tep,2.2213621139526367,15,0.010970131494104862,0.6946594715118408,0.018535256385803223
45,tep,1.9675397872924805,16,0.009377781301736832,0.7581150531768799,0.018535256385803223
45,tep,2.1422815322875977,17,0.010457445867359638,0.7144296169281006,0.018535256385803223
45,tep,1.8414688110351562,18,0.008767327293753624,0.7896327972412109,0.018535256385803223
45,tep,2.3286404609680176,19,0.011665629222989082,0.6678398847579956,0.018535256385803223
45,tep,2.349492311477661,20,0.011800896376371384,0.6626269221305847,0.018535256385803223
45,tep,2.034907341003418,21,0.00976127851754427,0.7412731647491455,0.018535256385803223
45,tep,2.5718908309936523,22,0.013242731802165508,0.6070272922515869,0.018535256385803223
45,tep,2.4147279262542725,23,0.012223798781633377,0.6463180184364319,0.018535256385803223
45,tep,2.520679235458374,24,0.012910746037960052,0.6198301911354065,0.018535256385803223
45,tep,2.2843499183654785,25,0.011378508061170578,0.6789125204086304,0.018535256385803223
45,tep,2.829089879989624,26,0.014910236932337284,0.542727530002594,0.018535256385803223
45,tep,2.65092134475708,27,0.013755109161138535,0.58726966381073,0.018535256385803223
45,tep,2.6023502349853516,28,0.013440224342048168,0.5994124412536621,0.018535256385803223
45,tep,2.137166976928711,29,0.010424272157251835,0.7157082557678223,0.018535256385803223
45,tep,2.218254804611206,30,0.010950041934847832,0.6954362988471985,0.018535256385803223
45,tep,2.567291498184204,31,0.013212907128036022,0.608177125453949,0.018535256385803223
45,tep,2.3126795291900635,32,0.011562195606529713,0.6718301177024841,0.018535256385803223
46,tep,2.8441643714904785,0,0.0,0.5389589071273804,0.0
46,tep,2.3604490756988525,1,0.011871878057718277,0.6598877310752869,0.018535256385803223
46,tep,2.824981689453125,2,0.014883605763316154,0.5437545776367188,0.018535256385803223
46,tep,2.731968879699707,3,0.014280518516898155,0.5670077800750732,0.018535256385803223
46,tep,2.599846601486206,4,0.013423946686089039,0.6000383496284485,0.018535256385803223
46,tep,3.3107924461364746,5,0.01853550784289837,0.42230188846588135,0.018535256385803223
46,tep,3.3005785942077637,6,0.018452782183885574,0.42485538125038147,0.018535256385803223
46,tep,3.5625128746032715,7,0.02057419903576374,0.35937175154685974,0.018535256385803223
46,tep,3.422020435333252,8,0.01943632774055004,0.394494891166687,0.018535256385803223
46,tep,3.553500175476074,9,0.020501259714365005,0.36162498593330383,0.018535256385803223
46,tep,3.3078551292419434,10,0.018511710688471794,0.4230361878871918,0.018535256385803223
46,tep,3.4210572242736816,11,0.019428549334406853,0.394735723733902,0.018535256385803223
46,tep,3.5504202842712402,12,0.02047632820904255,0.36239495873451233,0.018535256385803223
46,tep,3.0627832412719727,13,0.01652674563229084,0.4843042194843292,0.018535256385803223
46,tep,3.4110984802246094,14,0.019347935914993286,0.39722540974617004,0.018535256385803223
46,tep,2.900099992752075,15,0.015370587818324566,0.5249750018119812,0.018535256385803223
46,tep,2.686676025390625,16,0.013986906968057156,0.5783309936523438,0.018535256385803223
46,tep,3.056865930557251,17,0.01647884026169777,0.48578351736068726,0.018535256385803223
46,tep,3.457953691482544,18,0.01972736231982708,0.385511577129364,0.018535256385803223
46,tep,3.1042659282684326,19,0.01686275005340576,0.47393351793289185,0.018535256385803223
46,tep,3.58905029296875,20,0.02078915387392044,0.3527374565601349,0.018535256385803223
46,tep,3.403266668319702,21,0.019284473732113838,0.39918333292007446,0.018535256385803223
46,tep,3.2624096870422363,22,0.018143614754080772,0.4343976080417633,0.018535256385803223
46,tep,3.4264326095581055,23,0.01947207562625408,0.393391877412796,0.018535256385803223
46,tep,3.419771671295166,24,0.01941814459860325,0.3950571119785309,0.018535256385803223
46,tep,3.2483725547790527,25,0.01802993007004261,0.43790683150291443,0.018535256385803223
46,tep,3.0093350410461426,26,0.016093900427222252,0.49766626954078674,0.018535256385803223
46,tep,3.160287857055664,27,0.017316456884145737,0.459928035736084,0.018535256385803223
46,tep,3.0283074378967285,28,0.01624755747616291,0.49292317032814026,0.018535256385803223
46,tep,3.094900131225586,29,0.016786925494670868,0.4762749671936035,0.018535256385803223
46,tep,2.9966561794281006,30,0.015996597707271576,0.5008359551429749,0.018535256385803223
46,tep,2.6865499019622803,31,0.013986082747578621,0.5783625245094299,0.018535256385803223
46,tep,3.2166643142700195,32,0.0177730992436409,0.44583389163017273,0.018535256385803223
47,tep,3.6236231327056885,0,0.0,0.3440942168235779,0.0
47,tep,3.816715717315674,1,0.022633081302046776,0.29582107067108154,0.018535256385803223
47,tep,3.785153865814209,2,0.022377485409379005,0.30371156334877014,0.018535256385803223
47,tep,3.6845431327819824,3,0.02156258560717106,0.3288642168045044,0.018535256385803223
47,tep,3.7990000247955322,4,0.022489624097943306,0.30024999380111694,0.018535256385803223
47,tep,3.6348063945770264,5,0.02115977182984352,0.3412984013557434,0.018535256385803223
47,tep,3.776139736175537,6,0.02230449579656124,0.3059650957584381,0.018535256385803223
47,tep,3.762077808380127,7,0.022190604358911514,0.3094805181026459,0.018535256385803223
47,tep,3.7278504371643066,8,0.021913373842835426,0.31803736090660095,0.018535256385803223
47,tep,3.729520797729492,9,0.021926870569586754,0.31761980056762695,0.018535256385803223
47,tep,3.683872699737549,10,0.02155717834830284,0.3290318250656128,0.018535256385803223
47,tep,3.720101833343506,11,0.0218505822122097,0.31997451186180115,0.018535256385803223
47,tep,3.363168239593506,12,0.01895969919860363,0.4092079699039459,0.018535256385803223
47,tep,3.7277958393096924,13,0.021912962198257446,0.3180510401725769,0.018535256385803223
47,tep,3.8453800678253174,14,0.022865241393446922,0.28865498304367065,0.018535256385803223
47,tep,3.7335667610168457,15,0.021959630772471428,0.3166082799434662,0.018535256385803223
47,tep,3.824186325073242,16,0.022693606093525887,0.29395338892936707,0.018535256385803223
47,tep,3.720031261444092,17,0.021850015968084335,0.31999215483665466,0.018535256385803223
47,tep,3.726008415222168,18,0.021898435428738594,0.3184978663921356,0.018535256385803223
47,tep,3.739457845687866,19,0.022007381543517113,0.31513553857803345,0.018535256385803223
47,tep,3.7210421562194824,20,0.021858258172869682,0.3197394609451294,0.018535256385803223
47,tep,3.620244026184082,21,0.021041812375187874,0.3449389636516571,0.018535256385803223
47,tep,3.776944637298584,22,0.022310933098196983,0.3057638704776764,0.018535256385803223
47,tep,3.808248519897461,23,0.022564521059393883,0.29793787002563477,0.018535256385803223
47,tep,3.8329825401306152,24,0.022764846682548523,0.2917543947696686,0.018535256385803223
47,tep,3.813286781311035,25,0.02260531671345234,0.2966783344745636,0.018535256385803223
47,tep,3.6702263355255127,26,0.021446583792567253,0.3324434161186218,0.018535256385803223
47,tep,3.669278860092163,27,0.02143895998597145,0.33268028497695923,0.018535256385803223
47,tep,3.1306052207946777,28,0.01707610674202442,0.46734869480133057,0.018535256385803223
47,tep,3.8061132431030273,29,0.02254721336066723,0.29847168922424316,0.018535256385803223
47,tep,3.6810622215270996,30,0.021534409373998642,0.3297344446182251,0.018535256385803223
47,tep,3.794435501098633,31,0.022452691569924355,0.3013911247253418,0.018535256385803223
47,tep,3.7868103981018066,32,0.022390877828001976,0.30329740047454834,0.018535256385803223
48,tep,3.2833027839660645,0,0.0,0.4291742742061615,0.0
48,tep,3.8281922340393066,1,0.022726058959960938,0.29295194149017334,0.018535256385803223
48,tep,3.8229780197143555,2,0.02268376760184765,0.29425546526908875,0.018535256385803223
48,tep,3.611586570739746,3,0.02097170799970627,0.34710338711738586,0.018535256385803223
48,tep,3.725949764251709,4,0.021897921338677406,0.31851258873939514,0.018535256385803223
48,tep,3.4187378883361816,5,0.019409747794270515,0.3953154981136322,0.018535256385803223
48,tep,3.756920099258423,6,0.022148778662085533,0.3107699751853943,0.018535256385803223
48,tep,3.734119415283203,7,0.021964112296700478,0.3164701759815216,0.018535256385803223
48,tep,3.562710762023926,8,0.02057584747672081,0.35932233929634094,0.018535256385803223
48,tep,3.7319648265838623,9,0.021946702152490616,0.3170087933540344,0.018535256385803223
48,tep,3.832736015319824,10,0.022762836888432503,0.29181602597236633,0.018535256385803223
48,tep,3.770528793334961,11,0.02225901186466217,0.30736783146858215,0.018535256385803223
48,tep,3.801215171813965,12,0.022507550194859505,0.2996961772441864,0.018535256385803223
48,tep,3.814004421234131,13,0.022611137479543686,0.2964989244937897,0.018535256385803223
48,tep,3.829998016357422,14,0.02274063602089882,0.29250049591064453,0.018535256385803223
48,tep,3.743370532989502,15,0.022039059549570084,0.3141573965549469,0.018535256385803223
48,tep,3.7543749809265137,16,0.02212817408144474,0.31140628457069397,0.018535256385803223
48,tep,3.5737569332122803,17,0.020665321499109268,0.35656076669692993,0.018535256385803223
48,tep,3.477694034576416,18,0.019887251779437065,0.3805765211582184,0.018535256385803223
48,tep,3.7860865592956543,19,0.02238505706191063,0.30347833037376404,0.018535256385803223
48,tep,3.7726221084594727,20,0.022276010364294052,0.30684447288513184,0.018535256385803223
48,tep,3.7880237102508545,21,0.022400716319680214,0.3029940724372864,0.018535256385803223
48,tep,3.8121604919433594,22,0.022596200928092003,0.29695990681648254,0.018535256385803223
48,tep,3.7514429092407227,23,0.022104427218437195,0.3121393024921417,0.018535256385803223
48,tep,3.8022162914276123,24,0.022515688091516495,0.2994459271430969,0.018535256385803223
48,tep,3.79842472076416,25,0.02248493768274784,0.30039381980895996,0.018535256385803223
48,tep,3.8112409114837646,26,0.022588782012462616,0.29718977212905884,0.018535256385803223
48,tep,3.7674970626831055,27,0.022234492003917694,0.30812570452690125,0.018535256385803223
48,tep,3.7424793243408203,28,0.02203184925019741,0.3143801987171173,0.018535256385803223
48,tep,3.7297542095184326,29,0.021928828209638596,0.31756144762039185,0.018535256385803223
48,tep,3.7274317741394043,30,0.02190997451543808,0.3181420862674713,0.018535256385803223
48,tep,3.7007265090942383,31,0.021693680435419083,0.32481834292411804,0.018535256385803223
48,tep,3.7555246353149414,32,0.022137446328997612,0.31111884117126465,0.018535256385803223
49,tep,2.6522057056427,0,0.0,0.586948573589325,0.0
49,tep,2.9081671237945557,1,0.015422922559082508,0.5229582190513611,0.018535256385803223
49,tep,2.5548598766326904,2,0.01313234493136406,0.6112850308418274,0.018535256385803223
49,tep,2.390714168548584,3,0.012068133801221848,0.652321457862854,0.018535256385803223
49,tep,2.555734634399414,4,0.01313801109790802,0.6110663414001465,0.018535256385803223
49,tep,2.422565221786499,5,0.012274588458240032,0.6443586945533752,0.018535256385803223
49,tep,2.330390691757202,6,0.011676961556077003,0.6674023270606995,0.018535256385803223
49,tep,2.3622984886169434,7,0.011883880011737347,0.6594253778457642,0.018535256385803223
49,tep,2.4261887073516846,8,0.01229807734489441,0.6434528231620789,0.018535256385803223
49,tep,2.4308838844299316,9,0.01232852041721344,0.6422790288925171,0.018535256385803223
49,tep,2.460662841796875,10,0.012521633878350258,0.6348342895507812,0.018535256385803223
49,tep,2.4896116256713867,11,0.012709235772490501,0.6275970935821533,0.018535256385803223
49,tep,2.4855551719665527,12,0.012682965025305748,0.6286112070083618,0.018535256385803223
49,tep,2.469499349594116,13,0.01257886178791523,0.632625162601471,0.018535256385803223
49,tep,2.4617323875427246,14,0.012528535909950733,0.6345669031143188,0.018535256385803223
49,tep,2.4626519680023193,15,0.012534511275589466,0.6343370079994202,0.018535256385803223
49,tep,2.472426176071167,16,0.012597870081663132,0.6318934559822083,0.018535256385803223
49,tep,2.4859046936035156,17,0.012685283087193966,0.6285238265991211,0.018535256385803223
49,tep,2.475393056869507,18,0.012617083266377449,0.6311517357826233,0.018535256385803223
49,tep,2.437406063079834,19,0.012370810844004154,0.6406484842300415,0.018535256385803223
49,tep,2.529778480529785,20,0.012969673611223698,0.6175553798675537,0.018535256385803223
49,tep,2.4573237895965576,21,0.012499948032200336,0.6356690526008606,0.018535256385803223
49,tep,2.4973039627075195,22,0.012759150005877018,0.6256740093231201,0.018535256385803223
49,tep,2.533017873764038,23,0.01299068983644247,0.6167455315589905,0.018535256385803223
49,tep,2.4683573246002197,24,0.012571495957672596,0.6329106688499451,0.018535256385803223
49,tep,2.526113510131836,25,0.01294597890228033,0.618471622467041,0.018535256385803223
49,tep,2.496217727661133,26,0.012752092443406582,0.6259455680847168,0.018535256385803223
49,tep,2.5082571506500244,27,0.012830182909965515,0.6229357123374939,0.018535256385803223
49,tep,2.5185554027557373,28,0.012896941043436527,0.6203611493110657,0.018535256385803223
49,tep,2.4584929943084717,29,0.01250751968473196,0.6353767514228821,0.018535256385803223
49,tep,2.4820938110351562,30,0.01266050711274147,0.6294765472412109,0.018535256385803223
49,tep,2.4725401401519775,31,0.012598642148077488,0.6318649649620056,0.018535256385803223
49,tep,2.526031255722046,32,0.012945412658154964,0.6184921860694885,0.018535256385803223
50,tep,3.6118879318237305,0,0.0,0.3470280170440674,0.0
50,tep,1.6579623222351074,1,0.00787871703505516,0.8355094194412231,0.018535256385803223
50,tep,2.2747642993927,2,0.011316386051476002,0.681308925151825,0.018535256385803223
50,tep,2.8676557540893555,3,0.015160270035266876,0.5330860614776611,0.018535256385803223
50,tep,2.983362913131714,4,0.015910420566797256,0.5041592717170715,0.018535256385803223
50,tep,2.778057813644409,5,0.01457938365638256,0.5554855465888977,0.018535256385803223
50,tep,3.046192169189453,6,0.016392406076192856,0.48845192790031433,0.018535256385803223
50,tep,2.824860095977783,7,0.01488278154283762,0.5437849760055542,0.018535256385803223
50,tep,3.025798797607422,8,0.01622720994055271,0.49355030059814453,0.018535256385803223
50,tep,3.2166965007781982,9,0.017773356288671494,0.44582587480545044,0.018535256385803223
50,tep,3.3366339206695557,10,0.01874474436044693,0.4158415198326111,0.018535256385803223
50,tep,3.3873560428619385,11,0.01915559358894825,0.4031609892845154,0.018535256385803223
50,tep,3.212679862976074,12,0.017740853130817413,0.44683000445365906,0.018535256385803223
50,tep,3.2641918659210205,13,0.018158037215471268,0.4339520335197449,0.018535256385803223
50,tep,3.4638619422912598,14,0.01977526769042015,0.38403454422950745,0.018535256385803223
50,tep,3.4376161098480225,15,0.01956268399953842,0.3905959725379944,0.018535256385803223
50,tep,3.5197739601135254,16,0.020228099077939987,0.37005653977394104,0.018535256385803223
50,tep,3.3989293575286865,17,0.019249344244599342,0.40026766061782837,0.018535256385803223
50,tep,3.5050466060638428,18,0.020108800381422043,0.3737383484840393,0.018535256385803223
50,tep,3.4726343154907227,19,0.019846249371767044,0.38184139132499695,0.018535256385803223
50,tep,3.4525375366210938,20,0.01968347653746605,0.38686561584472656,0.018535256385803223
50,tep,3.474733829498291,21,0.019863300025463104,0.38131651282310486,0.018535256385803223
50,tep,3.4073567390441895,22,0.019317543134093285,0.39816081523895264,0.018535256385803223
50,tep,3.5981698036193848,23,0.020863018929958344,0.3504575788974762,0.018535256385803223
50,tep,3.55098032951355,24,0.020480861887335777,0.36225491762161255,0.018535256385803223
50,tep,3.564966917037964,25,0.02059408277273178,0.35875827074050903,0.018535256385803223
50,tep,3.5609846115112305,26,0.020561836659908295,0.35975381731987,0.018535256385803223
50,tep,3.5248947143554688,27,0.020269565284252167,0.3687762916088104,0.018535256385803223
50,tep,3.6807332038879395,28,0.021531783044338226,0.32981666922569275,0.018535256385803223
50,tep,3.6331119537353516,29,0.02114601992070675,0.3417220115661621,0.018535256385803223
50,tep,3.7116169929504395,30,0.0217819195240736,0.32209575176239014,0.018535256385803223
50,tep,3.722419261932373,31,0.02186938375234604,0.31939518451690674,0.018535256385803223
50,tep,3.534921169281006,32,0.0203507449477911,0.36626970767974854,0.018535256385803223
51,tep,3.0162031650543213,0,0.0,0.4959492087364197,0.0
51,tep,3.259277820587158,1,0.018118219450116158,0.43518057465553284,0.018535256385803223
51,tep,3.511810541152954,2,0.020163606852293015,0.3720473647117615,0.018535256385803223
51,tep,3.6429405212402344,3,0.02122565545141697,0.339264839887619,0.018535256385803223
51,tep,3.8092939853668213,4,0.022572968155145645,0.2976765036582947,0.018535256385803223
51,tep,3.776153087615967,5,0.02230459824204445,0.3059617578983307,0.018535256385803223
51,tep,3.809034824371338,6,0.022570857778191566,0.2977413237094879,0.018535256385803223
51,tep,3.8179726600646973,7,0.022643281146883965,0.29550686478614807,0.018535256385803223
51,tep,3.73980450630188,8,0.022010162472724915,0.31504887342453003,0.018535256385803223
51,tep,3.6679117679595947,9,0.021427936851978302,0.3330220580101013,0.018535256385803223
51,tep,3.638395309448242,10,0.021188825368881226,0.34040114283561707,0.018535256385803223
51,tep,3.843984842300415,11,0.02285395935177803,0.28900378942489624,0.018535256385803223
51,tep,3.8242578506469727,12,0.022694174200296402,0.2939355671405792,0.018535256385803223
51,tep,3.7972850799560547,13,0.022475717589259148,0.30067873001098633,0.018535256385803223
51,tep,3.8085193634033203,14,0.02256673574447632,0.2978701591491699,0.018535256385803223
51,tep,3.705349922180176,15,0.02173112891614437,0.32366248965263367,0.018535256385803223
51,tep,3.731562614440918,16,0.021943405270576477,0.3171093165874481,0.018535256385803223
51,tep,3.74127197265625,17,0.022022061049938202,0.3146819770336151,0.018535256385803223
51,tep,3.769099235534668,18,0.022247420623898506,0.3077251613140106,0.018535256385803223
51,tep,3.802959442138672,19,0.022521715611219406,0.2992601692676544,0.018535256385803223
51,tep,3.843008518218994,20,0.022846078500151634,0.28924787044525146,0.018535256385803223
51,tep,3.6538329124450684,21,0.021313892677426338,0.3365417420864105,0.018535256385803223
51,tep,3.8323683738708496,22,0.022759901359677315,0.29190793633461,0.018535256385803223
51,tep,3.7521350383758545,23,0.022110043093562126,0.3119662404060364,0.018535256385803223
51,tep,3.83072566986084,24,0.022746559232473373,0.2923186123371124,0.018535256385803223
51,tep,3.7155978679656982,25,0.02181406132876873,0.32110053300857544,0.018535256385803223
51,tep,3.838174343109131,26,0.02280687913298607,0.2904564142227173,0.018535256385803223
51,tep,3.677661418914795,27,0.02150685153901577,0.33058467507362366,0.018535256385803223
51,tep,3.625798225402832,28,0.021086834371089935,0.3435504138469696,0.018535256385803223
51,tep,3.6382803916931152,29,0.02118789777159691,0.3404299318790436,0.018535256385803223
51,tep,3.8303980827331543,30,0.022743932902812958,0.2924005091190338,0.018535256385803223
51,tep,3.8064165115356445,31,0.022549686953425407,0.2983958423137665,0.018535256385803223
51,tep,3.798555850982666,32,0.022486018016934395,0.3003610372543335,0.018535256385803223
