label,method,x,y
0,FINAL_QDIFFCL,16.244491577148438,32.49604034423828
0,FINAL_QDIFFCL,22.96488380432129,35.349021911621094
0,FINAL_QDIFFCL,15.164560317993164,39.57693862915039
0,FINAL_QDIFFCL,5.831775188446045,68.0923843383789
0,FINAL_QDIFFCL,39.27703857421875,31.662471771240234
0,FINAL_QDIFFCL,35.30564498901367,33.63716125488281
0,FINAL_QDIFFCL,39.16768264770508,34.199005126953125
0,FINAL_QDIFFCL,42.281734466552734,34.09429931640625
0,FINAL_QDIFFCL,-2.597943067550659,41.48957824707031
0,FINAL_QDIFFCL,18.53833770751953,34.33684539794922
0,FINAL_QDIFFCL,42.05073165893555,31.164472579956055
0,FINAL_QDIFFCL,-4.3747076988220215,51.11863327026367
0,FINAL_QDIFFCL,40.16063690185547,32.93365478515625
0,FINAL_QDIFFCL,4.08763313293457,36.83126449584961
0,FINAL_QDIFFCL,-5.886433124542236,48.8164176940918
0,FINAL_QDIFFCL,-7.28667688369751,48.28540802001953
0,FINAL_QDIFFCL,1.3552781343460083,37.093544006347656
0,FINAL_QDIFFCL,-4.918189525604248,45.133338928222656
0,FINAL_QDIFFCL,0.6759424805641174,52.09392547607422
0,FINAL_QDIFFCL,-0.011304418556392193,37.19868087768555
0,FINAL_QDIFFCL,20.20660972595215,39.17820739746094
0,FINAL_QDIFFCL,-7.736471652984619,46.93674850463867
0,FINAL_QDIFFCL,50.56163787841797,25.96990966796875
0,FINAL_QDIFFCL,32.98426818847656,38.59988021850586
0,FINAL_QDIFFCL,2.7226035594940186,33.308258056640625
0,FINAL_QDIFFCL,3.745427370071411,34.78596878051758
0,FINAL_QDIFFCL,4.001997947692871,57.26460647583008
0,FINAL_QDIFFCL,0.5608699321746826,50.97728729248047
0,FINAL_QDIFFCL,14.66576862335205,34.59627914428711
0,FINAL_QDIFFCL,18.81739044189453,35.75465393066406
0,FINAL_QDIFFCL,50.86427307128906,28.542098999023438
0,FINAL_QDIFFCL,64.49456787109375,19.634794235229492
0,FINAL_QDIFFCL,33.09561538696289,37.714046478271484
0,FINAL_QDIFFCL,13.88541316986084,34.29895782470703
0,FINAL_QDIFFCL,42.17017364501953,33.84160232543945
0,FINAL_QDIFFCL,55.32225799560547,26.571918487548828
0,FINAL_QDIFFCL,3.2889156341552734,73.2330322265625
0,FINAL_QDIFFCL,5.6022257804870605,69.76416778564453
0,FINAL_QDIFFCL,3.2943429946899414,73.66576385498047
0,FINAL_QDIFFCL,23.540504455566406,39.80754852294922
0,FINAL_QDIFFCL,35.31031799316406,32.962860107421875
0,FINAL_QDIFFCL,13.387955665588379,38.240753173828125
0,FINAL_QDIFFCL,13.31283950805664,36.57374572753906
0,FINAL_QDIFFCL,9.235414505004883,32.78456497192383
0,FINAL_QDIFFCL,22.88774299621582,34.11803436279297
0,FINAL_QDIFFCL,52.01811218261719,28.646705627441406
0,FINAL_QDIFFCL,58.18400192260742,24.523181915283203
0,FINAL_QDIFFCL,60.40452194213867,22.62709617614746
0,FINAL_QDIFFCL,50.97525405883789,27.1887149810791
0,FINAL_QDIFFCL,6.817699909210205,35.573768615722656
0,FINAL_QDIFFCL,-3.2226548194885254,40.31398010253906
0,FINAL_QDIFFCL,8.398649215698242,33.3249397277832
0,FINAL_QDIFFCL,42.7491569519043,31.06062889099121
0,FINAL_QDIFFCL,-3.7773468494415283,51.591331481933594
0,FINAL_QDIFFCL,33.799766540527344,37.2196044921875
0,FINAL_QDIFFCL,47.89330291748047,30.525249481201172
0,FINAL_QDIFFCL,61.14730453491211,22.409982681274414
0,FINAL_QDIFFCL,52.69611740112305,25.581220626831055
0,FINAL_QDIFFCL,8.16787052154541,33.98297119140625
0,FINAL_QDIFFCL,51.563568115234375,27.47566795349121
0,FINAL_QDIFFCL,51.68742752075195,26.40691566467285
0,FINAL_QDIFFCL,-16.41227149963379,68.78572845458984
0,FINAL_QDIFFCL,-3.1590824127197266,53.32514572143555
0,FINAL_QDIFFCL,2.611037254333496,73.1983642578125
0,FINAL_QDIFFCL,6.7548089027404785,37.643699645996094
0,FINAL_QDIFFCL,37.18042755126953,36.876991271972656
0,FINAL_QDIFFCL,14.292755126953125,34.532466888427734
0,FINAL_QDIFFCL,2.517118215560913,38.542144775390625
0,FINAL_QDIFFCL,19.0130558013916,36.2788200378418
0,FINAL_QDIFFCL,55.55418395996094,26.560848236083984
0,FINAL_QDIFFCL,64.82662200927734,19.49001121520996
0,FINAL_QDIFFCL,-4.701668739318848,44.607173919677734
0,FINAL_QDIFFCL,-4.663181781768799,39.95967102050781
0,FINAL_QDIFFCL,4.115503787994385,35.600624084472656
0,FINAL_QDIFFCL,-4.193386077880859,45.70328140258789
0,FINAL_QDIFFCL,38.63037109375,32.92387008666992
0,FINAL_QDIFFCL,35.10410690307617,33.16872024536133
0,FINAL_QDIFFCL,23.30103302001953,39.50564956665039
0,FINAL_QDIFFCL,49.72454833984375,27.300018310546875
0,FINAL_QDIFFCL,23.441625595092773,39.64732360839844
0,FINAL_QDIFFCL,22.585176467895508,37.86778259277344
0,FINAL_QDIFFCL,-1.7037349939346313,53.19801330566406
0,FINAL_QDIFFCL,-4.585503101348877,49.26466751098633
0,FINAL_QDIFFCL,-0.40947607159614563,50.1597785949707
0,FINAL_QDIFFCL,3.2286224365234375,33.36274337768555
0,FINAL_QDIFFCL,-0.4038006067276001,50.424285888671875
0,FINAL_QDIFFCL,7.06301212310791,35.640724182128906
0,FINAL_QDIFFCL,25.769054412841797,38.378387451171875
0,FINAL_QDIFFCL,51.251739501953125,28.58573341369629
0,FINAL_QDIFFCL,32.61817932128906,35.39945602416992
0,FINAL_QDIFFCL,-5.576951026916504,45.442054748535156
0,FINAL_QDIFFCL,6.116649627685547,63.74382400512695
0,FINAL_QDIFFCL,3.782010555267334,34.67134094238281
0,FINAL_QDIFFCL,6.390915870666504,62.768550872802734
0,FINAL_QDIFFCL,6.469106197357178,64.10407257080078
0,FINAL_QDIFFCL,26.368759155273438,36.229103088378906
0,FINAL_QDIFFCL,42.27819061279297,33.31108093261719
0,FINAL_QDIFFCL,37.16893005371094,36.8444938659668
0,FINAL_QDIFFCL,30.34364128112793,37.74211502075195
0,FINAL_QDIFFCL,49.96860122680664,30.75259780883789
0,FINAL_QDIFFCL,59.77718734741211,21.285539627075195
0,FINAL_QDIFFCL,27.19802474975586,36.02507781982422
0,FINAL_QDIFFCL,50.76920700073242,29.845273971557617
0,FINAL_QDIFFCL,47.60698318481445,31.022268295288086
0,FINAL_QDIFFCL,11.671265602111816,39.0278434753418
0,FINAL_QDIFFCL,64.16651153564453,19.896169662475586
0,FINAL_QDIFFCL,62.08373260498047,21.692651748657227
0,FINAL_QDIFFCL,47.477596282958984,30.565143585205078
0,FINAL_QDIFFCL,27.121488571166992,37.26435852050781
0,FINAL_QDIFFCL,-1.540689468383789,54.537940979003906
0,FINAL_QDIFFCL,25.4350528717041,35.281681060791016
0,FINAL_QDIFFCL,4.208161354064941,63.48831558227539
0,FINAL_QDIFFCL,-0.7897414565086365,74.55839538574219
0,FINAL_QDIFFCL,1.7005336284637451,73.11522674560547
0,FINAL_QDIFFCL,4.628616809844971,61.98360061645508
0,FINAL_QDIFFCL,-5.217245578765869,43.40282440185547
0,FINAL_QDIFFCL,6.791130065917969,66.42333221435547
0,FINAL_QDIFFCL,19.93466567993164,33.79351806640625
0,FINAL_QDIFFCL,3.2045950889587402,60.504207611083984
0,FINAL_QDIFFCL,43.22617721557617,31.241405487060547
0,FINAL_QDIFFCL,57.273555755615234,24.95592498779297
0,FINAL_QDIFFCL,36.2816047668457,33.963966369628906
0,FINAL_QDIFFCL,38.196170806884766,33.36760330200195
0,FINAL_QDIFFCL,2.2625739574432373,37.691001892089844
0,FINAL_QDIFFCL,-5.620748519897461,50.388004302978516
0,FINAL_QDIFFCL,14.678311347961426,31.519277572631836
0,FINAL_QDIFFCL,-4.100292682647705,50.98662185668945
0,FINAL_QDIFFCL,5.402581214904785,64.09440612792969
0,FINAL_QDIFFCL,4.236055374145508,36.8887825012207
0,FINAL_QDIFFCL,24.631027221679688,37.23160934448242
0,FINAL_QDIFFCL,5.338956832885742,56.42657470703125
0,FINAL_QDIFFCL,1.2792390584945679,50.91828536987305
0,FINAL_QDIFFCL,50.75910568237305,26.245107650756836
0,FINAL_QDIFFCL,-1.1447618007659912,38.17353057861328
0,FINAL_QDIFFCL,1.1148300170898438,54.91777801513672
0,FINAL_QDIFFCL,-2.5815749168395996,44.986507415771484
0,FINAL_QDIFFCL,56.733604431152344,23.86851692199707
0,FINAL_QDIFFCL,47.88117980957031,30.7402286529541
0,FINAL_QDIFFCL,55.42407989501953,26.918155670166016
0,FINAL_QDIFFCL,43.385498046875,33.59659957885742
0,FINAL_QDIFFCL,10.961811065673828,35.659400939941406
0,FINAL_QDIFFCL,23.14681625366211,37.48263168334961
0,FINAL_QDIFFCL,-6.896285533905029,40.05247116088867
0,FINAL_QDIFFCL,22.14110565185547,37.886940002441406
0,FINAL_QDIFFCL,11.749218940734863,39.35426330566406
0,FINAL_QDIFFCL,2.9654488563537598,39.713897705078125
0,FINAL_QDIFFCL,31.61505889892578,33.9339714050293
0,FINAL_QDIFFCL,4.027199745178223,71.22802734375
0,FINAL_QDIFFCL,19.390134811401367,36.27684020996094
0,FINAL_QDIFFCL,20.59171485900879,34.35944747924805
0,FINAL_QDIFFCL,7.508786201477051,63.678043365478516
0,FINAL_QDIFFCL,0.6427977681159973,55.194122314453125
0,FINAL_QDIFFCL,-3.2469980716705322,41.16085433959961
0,FINAL_QDIFFCL,-5.655810356140137,45.05317687988281
0,FINAL_QDIFFCL,-8.79849910736084,73.12327575683594
0,FINAL_QDIFFCL,3.9328386783599854,73.14666748046875
0,FINAL_QDIFFCL,13.680088996887207,31.515239715576172
0,FINAL_QDIFFCL,17.32489013671875,32.5380744934082
0,FINAL_QDIFFCL,-3.5666561126708984,53.12218475341797
0,FINAL_QDIFFCL,21.288251876831055,38.8768310546875
0,FINAL_QDIFFCL,49.04792404174805,28.532934188842773
0,FINAL_QDIFFCL,-0.5489282011985779,49.858497619628906
0,FINAL_QDIFFCL,0.849696159362793,58.30754089355469
0,FINAL_QDIFFCL,-2.6154274940490723,54.17690658569336
0,FINAL_QDIFFCL,-5.915984630584717,42.23359298706055
0,FINAL_QDIFFCL,-0.23056182265281677,37.67823028564453
0,FINAL_QDIFFCL,26.174732208251953,35.30091857910156
0,FINAL_QDIFFCL,2.449248790740967,59.494659423828125
0,FINAL_QDIFFCL,3.281717538833618,72.7513198852539
0,FINAL_QDIFFCL,42.61170196533203,32.85399627685547
0,FINAL_QDIFFCL,20.972673416137695,36.24835205078125
0,FINAL_QDIFFCL,56.272300720214844,25.740808486938477
0,FINAL_QDIFFCL,58.19524002075195,24.518911361694336
0,FINAL_QDIFFCL,3.6275296211242676,37.46498107910156
0,FINAL_QDIFFCL,13.700413703918457,37.23972702026367
0,FINAL_QDIFFCL,27.46143913269043,36.63662338256836
0,FINAL_QDIFFCL,47.93213653564453,31.246463775634766
0,FINAL_QDIFFCL,4.23656702041626,36.860469818115234
0,FINAL_QDIFFCL,-3.1566734313964844,42.7918586730957
0,FINAL_QDIFFCL,-3.73195481300354,41.35465621948242
0,FINAL_QDIFFCL,2.965646266937256,73.26686096191406
0,FINAL_QDIFFCL,46.03325271606445,32.127105712890625
0,FINAL_QDIFFCL,40.75791549682617,35.863739013671875
0,FINAL_QDIFFCL,1.9033225774765015,53.84713363647461
0,FINAL_QDIFFCL,2.9969139099121094,36.82335662841797
0,FINAL_QDIFFCL,13.820998191833496,36.5899543762207
0,FINAL_QDIFFCL,-0.8478977084159851,37.324031829833984
0,FINAL_QDIFFCL,24.52355194091797,39.82734680175781
0,FINAL_QDIFFCL,-6.088365077972412,48.38994598388672
0,FINAL_QDIFFCL,4.064053535461426,57.91749572753906
0,FINAL_QDIFFCL,-4.577992916107178,44.41899871826172
0,FINAL_QDIFFCL,35.79804992675781,37.468204498291016
0,FINAL_QDIFFCL,43.521812438964844,34.16902542114258
0,FINAL_QDIFFCL,-5.479586601257324,39.9945068359375
0,FINAL_QDIFFCL,10.147244453430176,37.98640441894531
0,FINAL_QDIFFCL,-4.4091057777404785,41.44264602661133
0,FINAL_QDIFFCL,1.6591639518737793,58.79617691040039
0,FINAL_QDIFFCL,5.213242053985596,35.75265121459961
0,FINAL_QDIFFCL,24.47303581237793,37.45308303833008
0,FINAL_QDIFFCL,39.871673583984375,33.57976150512695
0,FINAL_QDIFFCL,1.8585432767868042,73.13220977783203
0,FINAL_QDIFFCL,-5.952380180358887,44.20368576049805
0,FINAL_QDIFFCL,-4.432393550872803,45.49992370605469
0,FINAL_QDIFFCL,-8.428288459777832,73.31904602050781
0,FINAL_QDIFFCL,-9.492386817932129,72.99765014648438
0,FINAL_QDIFFCL,-8.441646575927734,74.0660400390625
0,FINAL_QDIFFCL,-2.727552890777588,51.74497985839844
0,FINAL_QDIFFCL,54.969303131103516,26.562145233154297
0,FINAL_QDIFFCL,63.18018341064453,19.8544864654541
0,FINAL_QDIFFCL,16.902442932128906,33.17155456542969
0,FINAL_QDIFFCL,13.878756523132324,34.197410583496094
0,FINAL_QDIFFCL,33.422306060791016,34.48904800415039
0,FINAL_QDIFFCL,14.21504020690918,38.62558364868164
0,FINAL_QDIFFCL,-5.512595176696777,44.886085510253906
0,FINAL_QDIFFCL,41.72272872924805,32.27824401855469
0,FINAL_QDIFFCL,49.79496383666992,31.236820220947266
0,FINAL_QDIFFCL,49.75616455078125,27.97243309020996
0,FINAL_QDIFFCL,51.8433952331543,26.952878952026367
0,FINAL_QDIFFCL,31.878616333007812,34.86014175415039
0,FINAL_QDIFFCL,41.22818374633789,34.047847747802734
0,FINAL_QDIFFCL,34.22803497314453,36.817405700683594
0,FINAL_QDIFFCL,-3.746058702468872,47.427284240722656
0,FINAL_QDIFFCL,39.74003219604492,31.360063552856445
0,FINAL_QDIFFCL,5.933319091796875,64.63330078125
0,FINAL_QDIFFCL,5.001758575439453,70.17623138427734
0,FINAL_QDIFFCL,41.44402313232422,36.60520553588867
0,FINAL_QDIFFCL,-5.582818508148193,48.87541580200195
0,FINAL_QDIFFCL,5.187201023101807,71.33441925048828
0,FINAL_QDIFFCL,5.597168445587158,68.88719940185547
0,FINAL_QDIFFCL,-1.3355388641357422,52.90045928955078
0,FINAL_QDIFFCL,-1.078478455543518,54.77404022216797
0,FINAL_QDIFFCL,39.1209602355957,31.447866439819336
0,FINAL_QDIFFCL,58.02605438232422,25.3590145111084
0,FINAL_QDIFFCL,3.6208250522613525,61.35042953491211
0,FINAL_QDIFFCL,5.914239406585693,38.57001495361328
0,FINAL_QDIFFCL,39.32569885253906,32.8674430847168
0,FINAL_QDIFFCL,30.156322479248047,34.945987701416016
0,FINAL_QDIFFCL,24.282556533813477,38.703956604003906
0,FINAL_QDIFFCL,21.31376838684082,39.13800811767578
0,FINAL_QDIFFCL,14.360602378845215,39.51299285888672
0,FINAL_QDIFFCL,-5.549818992614746,39.13336944580078
0,FINAL_QDIFFCL,11.659438133239746,35.1945915222168
0,FINAL_QDIFFCL,6.174465656280518,62.46421432495117
0,FINAL_QDIFFCL,32.16915512084961,34.695735931396484
0,FINAL_QDIFFCL,26.237558364868164,36.1573486328125
0,FINAL_QDIFFCL,-4.362738132476807,40.46169662475586
0,FINAL_QDIFFCL,8.747954368591309,33.75736618041992
0,FINAL_QDIFFCL,15.893798828125,39.288848876953125
0,FINAL_QDIFFCL,20.433088302612305,38.43296432495117
0,FINAL_QDIFFCL,20.85187339782715,37.18836212158203
0,FINAL_QDIFFCL,2.8829779624938965,38.71904754638672
0,FINAL_QDIFFCL,12.518444061279297,39.300506591796875
0,FINAL_QDIFFCL,-6.0356597900390625,49.54332733154297
0,FINAL_QDIFFCL,30.670154571533203,37.0108528137207
0,FINAL_QDIFFCL,3.1931979656219482,37.597965240478516
0,FINAL_QDIFFCL,33.75187301635742,35.12857437133789
0,FINAL_QDIFFCL,0.7186915874481201,36.394004821777344
0,FINAL_QDIFFCL,-4.9100661277771,38.99191665649414
0,FINAL_QDIFFCL,3.9264276027679443,59.832855224609375
0,FINAL_QDIFFCL,10.742293357849121,37.50774383544922
0,FINAL_QDIFFCL,-5.280236721038818,40.652122497558594
0,FINAL_QDIFFCL,15.142926216125488,32.75288009643555
0,FINAL_QDIFFCL,7.797242641448975,33.01472091674805
0,FINAL_QDIFFCL,12.765003204345703,34.33198165893555
0,FINAL_QDIFFCL,26.144535064697266,36.37776184082031
0,FINAL_QDIFFCL,21.10008430480957,34.737945556640625
0,FINAL_QDIFFCL,9.055558204650879,35.116878509521484
0,FINAL_QDIFFCL,41.49769973754883,32.39189910888672
0,FINAL_QDIFFCL,59.4660758972168,24.034086227416992
0,FINAL_QDIFFCL,2.8713157176971436,37.561519622802734
0,FINAL_QDIFFCL,42.11708068847656,30.670185089111328
0,FINAL_QDIFFCL,18.708560943603516,33.921207427978516
0,FINAL_QDIFFCL,17.837974548339844,31.6265926361084
0,FINAL_QDIFFCL,17.490238189697266,31.4951171875
0,FINAL_QDIFFCL,7.764041423797607,37.926849365234375
0,FINAL_QDIFFCL,38.220706939697266,34.05295944213867
0,FINAL_QDIFFCL,25.43815803527832,38.42182922363281
0,FINAL_QDIFFCL,-3.287008285522461,51.71938705444336
0,FINAL_QDIFFCL,-0.8385102152824402,37.314571380615234
0,FINAL_QDIFFCL,17.69071388244629,33.076210021972656
0,FINAL_QDIFFCL,46.74293899536133,30.982934951782227
0,FINAL_QDIFFCL,34.706661224365234,35.00128173828125
0,FINAL_QDIFFCL,33.02666091918945,35.35343551635742
0,FINAL_QDIFFCL,34.354549407958984,37.994564056396484
0,FINAL_QDIFFCL,41.258750915527344,35.31797409057617
0,FINAL_QDIFFCL,38.203670501708984,37.257720947265625
0,FINAL_QDIFFCL,15.673258781433105,32.76295471191406
0,FINAL_QDIFFCL,4.121512413024902,32.45895767211914
0,FINAL_QDIFFCL,-3.852301597595215,42.812313079833984
0,FINAL_QDIFFCL,59.56166458129883,21.213783264160156
0,FINAL_QDIFFCL,64.75665283203125,19.234437942504883
0,FINAL_QDIFFCL,32.35026931762695,37.75059127807617
0,FINAL_QDIFFCL,16.69113540649414,38.269935607910156
0,FINAL_QDIFFCL,-5.196113586425781,40.675899505615234
0,FINAL_QDIFFCL,6.802334785461426,38.03871154785156
0,FINAL_QDIFFCL,56.92803192138672,25.263015747070312
0,FINAL_QDIFFCL,0.07735796272754669,75.47335815429688
0,FINAL_QDIFFCL,-2.8763866424560547,40.80161666870117
0,FINAL_QDIFFCL,-1.8702448606491089,52.176734924316406
0,FINAL_QDIFFCL,4.83932638168335,61.2367057800293
0,FINAL_QDIFFCL,5.692769527435303,65.93170166015625
0,FINAL_QDIFFCL,3.8608667850494385,72.2991714477539
0,FINAL_QDIFFCL,4.632949352264404,71.40282440185547
0,FINAL_QDIFFCL,37.158870697021484,33.703250885009766
0,FINAL_QDIFFCL,17.300453186035156,33.956451416015625
0,FINAL_QDIFFCL,6.61375617980957,62.56156921386719
0,FINAL_QDIFFCL,0.8291977643966675,51.418182373046875
0,FINAL_QDIFFCL,7.244599342346191,62.440303802490234
0,FINAL_QDIFFCL,22.574766159057617,36.26665115356445
0,FINAL_QDIFFCL,-2.977480888366699,39.4955940246582
0,FINAL_QDIFFCL,-2.167412519454956,52.019344329833984
0,FINAL_QDIFFCL,5.162528991699219,71.515869140625
0,FINAL_QDIFFCL,6.434088230133057,65.1942367553711
0,FINAL_QDIFFCL,36.76000213623047,32.514503479003906
0,FINAL_QDIFFCL,-6.246613025665283,49.356327056884766
0,FINAL_QDIFFCL,23.92394256591797,37.60002517700195
0,FINAL_QDIFFCL,57.42763137817383,23.570703506469727
0,FINAL_QDIFFCL,14.68764877319336,38.190467834472656
0,FINAL_QDIFFCL,22.836687088012695,38.25608444213867
0,FINAL_QDIFFCL,-2.589735269546509,41.398338317871094
0,FINAL_QDIFFCL,1.9804121255874634,33.7354850769043
0,FINAL_QDIFFCL,3.5605669021606445,54.59890365600586
0,FINAL_QDIFFCL,3.2657852172851562,54.67002868652344
0,FINAL_QDIFFCL,3.4604103565216064,72.27766418457031
0,FINAL_QDIFFCL,0.37521588802337646,55.02567672729492
0,FINAL_QDIFFCL,-2.4038493633270264,53.27743911743164
0,FINAL_QDIFFCL,3.030325412750244,61.026702880859375
0,FINAL_QDIFFCL,23.00336456298828,36.58979797363281
0,FINAL_QDIFFCL,23.151039123535156,36.97469711303711
0,FINAL_QDIFFCL,-0.18159730732440948,74.43310546875
0,FINAL_QDIFFCL,-5.042415142059326,49.60518264770508
0,FINAL_QDIFFCL,4.668300151824951,63.77764129638672
0,FINAL_QDIFFCL,4.150227069854736,37.622467041015625
0,FINAL_QDIFFCL,27.52901268005371,36.4130973815918
0,FINAL_QDIFFCL,7.669000625610352,38.181766510009766
0,FINAL_QDIFFCL,63.65275192260742,19.983896255493164
0,FINAL_QDIFFCL,64.75508117675781,18.828731536865234
0,FINAL_QDIFFCL,1.5736368894577026,36.41834259033203
0,FINAL_QDIFFCL,4.4242706298828125,57.87454605102539
0,FINAL_QDIFFCL,33.964447021484375,36.34719467163086
0,FINAL_QDIFFCL,51.47645568847656,28.12824249267578
0,FINAL_QDIFFCL,49.35772705078125,30.150150299072266
0,FINAL_QDIFFCL,45.23295974731445,32.247501373291016
0,FINAL_QDIFFCL,23.82871437072754,39.866878509521484
0,FINAL_QDIFFCL,6.698338508605957,69.28675079345703
0,FINAL_QDIFFCL,2.4189670085906982,55.74911880493164
0,FINAL_QDIFFCL,10.216346740722656,34.04948425292969
0,FINAL_QDIFFCL,29.199199676513672,36.37979507446289
0,FINAL_QDIFFCL,10.848847389221191,35.03993225097656
0,FINAL_QDIFFCL,48.896541595458984,29.084667205810547
0,FINAL_QDIFFCL,56.875267028808594,25.97219467163086
0,FINAL_QDIFFCL,3.5147545337677,37.49347686767578
0,FINAL_QDIFFCL,-5.427044868469238,51.45944595336914
0,FINAL_QDIFFCL,10.180954933166504,38.439510345458984
0,FINAL_QDIFFCL,56.7454833984375,26.435688018798828
0,FINAL_QDIFFCL,49.82477951049805,28.363758087158203
0,FINAL_QDIFFCL,6.62409782409668,38.37506866455078
0,FINAL_QDIFFCL,32.26948165893555,35.34402847290039
0,FINAL_QDIFFCL,61.72288131713867,21.73104476928711
0,FINAL_QDIFFCL,65.9399642944336,18.32216453552246
0,FINAL_QDIFFCL,22.093223571777344,40.08946990966797
0,FINAL_QDIFFCL,-6.653273582458496,48.4615364074707
0,FINAL_QDIFFCL,12.22142505645752,39.34111404418945
0,FINAL_QDIFFCL,-0.8518074750900269,52.52297592163086
0,FINAL_QDIFFCL,51.3332633972168,28.09703254699707
0,FINAL_QDIFFCL,60.84950637817383,22.274715423583984
0,FINAL_QDIFFCL,10.280369758605957,36.596458435058594
0,FINAL_QDIFFCL,-6.651375770568848,40.806243896484375
0,FINAL_QDIFFCL,3.9879183769226074,60.444576263427734
0,FINAL_QDIFFCL,-1.671570897102356,53.737335205078125
0,FINAL_QDIFFCL,-8.538755416870117,74.12911987304688
0,FINAL_QDIFFCL,0.0437551848590374,75.12260437011719
0,FINAL_QDIFFCL,2.698748826980591,73.89288330078125
0,FINAL_QDIFFCL,8.291545867919922,63.49809265136719
0,FINAL_QDIFFCL,46.90581512451172,30.9480037689209
0,FINAL_QDIFFCL,64.7704086303711,19.934696197509766
0,FINAL_QDIFFCL,61.50196838378906,22.61332130432129
0,FINAL_QDIFFCL,-4.737461566925049,40.940589904785156
0,FINAL_QDIFFCL,49.422508239746094,30.493276596069336
0,FINAL_QDIFFCL,-5.119924068450928,45.5078010559082
0,FINAL_QDIFFCL,-5.064783573150635,45.336917877197266
0,FINAL_QDIFFCL,0.21826842427253723,37.76940155029297
0,FINAL_QDIFFCL,0.006250257603824139,51.024715423583984
0,FINAL_QDIFFCL,6.313048839569092,70.74775695800781
0,FINAL_QDIFFCL,-10.6770601272583,72.02352905273438
0,FINAL_QDIFFCL,0.33663612604141235,75.85438537597656
0,FINAL_QDIFFCL,8.451035499572754,64.03761291503906
0,FINAL_QDIFFCL,10.126020431518555,35.1035041809082
0,FINAL_QDIFFCL,19.381683349609375,37.073055267333984
0,FINAL_QDIFFCL,4.842902660369873,67.14453887939453
0,FINAL_QDIFFCL,2.8896491527557373,60.794952392578125
0,FINAL_QDIFFCL,-3.9128804206848145,53.8851318359375
0,FINAL_QDIFFCL,65.27889251708984,18.562347412109375
0,FINAL_QDIFFCL,-3.2479214668273926,46.73613739013672
0,FINAL_QDIFFCL,6.758537292480469,70.064697265625
0,FINAL_QDIFFCL,22.079181671142578,37.304195404052734
0,FINAL_QDIFFCL,-4.004255771636963,52.79425811767578
0,FINAL_QDIFFCL,2.956395149230957,57.79018020629883
0,FINAL_QDIFFCL,10.167202949523926,36.25957489013672
0,FINAL_QDIFFCL,1.7257111072540283,55.601890563964844
0,FINAL_QDIFFCL,59.83101272583008,21.438650131225586
0,FINAL_QDIFFCL,62.25096130371094,21.075891494750977
0,FINAL_QDIFFCL,41.464229583740234,31.193204879760742
0,FINAL_QDIFFCL,9.192773818969727,37.362083435058594
0,FINAL_QDIFFCL,6.268260478973389,63.35416030883789
0,FINAL_QDIFFCL,-0.7040461301803589,75.52801513671875
0,FINAL_QDIFFCL,-7.995490074157715,73.54833984375
0,FINAL_QDIFFCL,0.7926536798477173,53.81179428100586
0,FINAL_QDIFFCL,34.956512451171875,36.88182067871094
0,FINAL_QDIFFCL,2.204118251800537,59.06936264038086
0,FINAL_QDIFFCL,-6.204764366149902,41.60658264160156
0,FINAL_QDIFFCL,19.901710510253906,36.32524108886719
0,FINAL_QDIFFCL,4.112578392028809,57.066471099853516
0,FINAL_QDIFFCL,62.2335090637207,21.68719482421875
0,FINAL_QDIFFCL,5.373089790344238,70.69747924804688
0,FINAL_QDIFFCL,-2.7929303646087646,45.35195541381836
0,FINAL_QDIFFCL,54.60708236694336,26.93966293334961
0,FINAL_QDIFFCL,42.069149017333984,35.143714904785156
0,FINAL_QDIFFCL,-4.314651012420654,40.015892028808594
0,FINAL_QDIFFCL,44.011695861816406,31.819686889648438
0,FINAL_QDIFFCL,36.830322265625,32.040428161621094
0,FINAL_QDIFFCL,56.649131774902344,26.303136825561523
0,FINAL_QDIFFCL,-4.616517543792725,40.996280670166016
0,FINAL_QDIFFCL,2.4805352687835693,74.33477020263672
0,FINAL_QDIFFCL,-6.973637104034424,73.85322570800781
0,FINAL_QDIFFCL,7.46199893951416,67.51531219482422
0,FINAL_QDIFFCL,7.5217742919921875,63.14749526977539
0,FINAL_QDIFFCL,14.424942970275879,33.693336486816406
0,FINAL_QDIFFCL,20.24783706665039,36.10544204711914
0,FINAL_QDIFFCL,13.48208999633789,38.425445556640625
0,FINAL_QDIFFCL,42.02208709716797,30.893024444580078
0,FINAL_QDIFFCL,34.08338928222656,37.03802490234375
0,FINAL_QDIFFCL,9.827384948730469,35.54985427856445
0,FINAL_QDIFFCL,17.380300521850586,32.55965805053711
0,FINAL_QDIFFCL,14.173300743103027,31.838584899902344
0,FINAL_QDIFFCL,14.885198593139648,35.070594787597656
0,FINAL_QDIFFCL,20.352136611938477,35.036415100097656
0,FINAL_QDIFFCL,2.3896377086639404,35.1288948059082
0,FINAL_QDIFFCL,-5.1542067527771,45.438201904296875
0,FINAL_QDIFFCL,6.344728946685791,70.32862854003906
0,FINAL_QDIFFCL,4.963127136230469,33.32699203491211
0,FINAL_QDIFFCL,36.397682189941406,34.018978118896484
0,FINAL_QDIFFCL,30.17406463623047,35.709983825683594
0,FINAL_QDIFFCL,23.37844467163086,38.98945236206055
0,FINAL_QDIFFCL,59.621578216552734,22.214174270629883
0,FINAL_QDIFFCL,47.692909240722656,29.39960479736328
0,FINAL_QDIFFCL,40.322139739990234,32.757328033447266
0,FINAL_QDIFFCL,30.75074577331543,34.161197662353516
0,FINAL_QDIFFCL,20.69580078125,39.09883117675781
0,FINAL_QDIFFCL,36.80171203613281,36.63408660888672
0,FINAL_QDIFFCL,10.336005210876465,38.025203704833984
0,FINAL_QDIFFCL,29.784883499145508,35.943756103515625
0,FINAL_QDIFFCL,-5.975002765655518,40.90047836303711
0,FINAL_QDIFFCL,21.169822692871094,36.91854476928711
0,FINAL_QDIFFCL,-4.992465019226074,40.153831481933594
0,FINAL_QDIFFCL,7.45835542678833,62.599998474121094
0,FINAL_QDIFFCL,7.183416843414307,61.061527252197266
0,FINAL_QDIFFCL,5.145862579345703,57.4950065612793
0,FINAL_QDIFFCL,15.597880363464355,36.302398681640625
0,FINAL_QDIFFCL,14.055146217346191,31.71709442138672
0,FINAL_QDIFFCL,64.39907836914062,19.674894332885742
0,FINAL_QDIFFCL,-5.886740684509277,50.717918395996094
0,FINAL_QDIFFCL,10.314007759094238,32.23173522949219
0,FINAL_QDIFFCL,3.7490673065185547,32.38943862915039
0,FINAL_QDIFFCL,3.5979256629943848,32.40401077270508
0,FINAL_QDIFFCL,4.113292694091797,59.42041015625
0,FINAL_QDIFFCL,11.512125015258789,38.993080139160156
0,FINAL_QDIFFCL,4.230752468109131,59.621646881103516
0,FINAL_QDIFFCL,-0.7838091850280762,52.02650451660156
0,FINAL_QDIFFCL,10.043734550476074,35.275184631347656
0,FINAL_QDIFFCL,-5.116959095001221,40.072364807128906
0,FINAL_QDIFFCL,-8.917136192321777,73.64741516113281
0,FINAL_QDIFFCL,4.785300254821777,59.76612854003906
0,FINAL_QDIFFCL,0.001145300455391407,51.14860916137695
0,FINAL_QDIFFCL,-3.31588077545166,48.5418701171875
0,FINAL_QDIFFCL,12.311665534973145,38.988258361816406
0,FINAL_QDIFFCL,13.388449668884277,39.305755615234375
0,FINAL_QDIFFCL,-2.403843879699707,54.568382263183594
0,FINAL_QDIFFCL,15.3687744140625,38.38043975830078
0,FINAL_QDIFFCL,43.111202239990234,34.51869201660156
0,FINAL_QDIFFCL,15.34609603881836,32.167964935302734
0,FINAL_QDIFFCL,-5.092789173126221,49.10083770751953
0,FINAL_QDIFFCL,2.0597667694091797,60.67455291748047
0,FINAL_QDIFFCL,-6.530985355377197,48.704071044921875
0,FINAL_QDIFFCL,-4.192638397216797,51.88420867919922
0,FINAL_QDIFFCL,57.87632751464844,24.7656192779541
0,FINAL_QDIFFCL,6.318428993225098,38.1661491394043
0,FINAL_QDIFFCL,26.588943481445312,37.96486282348633
0,FINAL_QDIFFCL,-4.090931415557861,39.72065353393555
0,FINAL_QDIFFCL,17.596925735473633,34.39497756958008
0,FINAL_QDIFFCL,39.509620666503906,33.33397674560547
0,FINAL_QDIFFCL,31.110919952392578,34.92655563354492
0,FINAL_QDIFFCL,42.63046646118164,31.73086929321289
0,FINAL_QDIFFCL,-6.604501724243164,41.05530548095703
0,FINAL_QDIFFCL,34.302032470703125,33.61915969848633
0,FINAL_QDIFFCL,47.73278045654297,30.244367599487305
0,FINAL_QDIFFCL,11.056031227111816,32.39537048339844
0,FINAL_QDIFFCL,28.89531707763672,38.141536712646484
0,FINAL_QDIFFCL,50.20746612548828,31.040142059326172
0,FINAL_QDIFFCL,-4.446801662445068,51.94593811035156
0,FINAL_QDIFFCL,-1.614315390586853,55.14984130859375
0,FINAL_QDIFFCL,12.409974098205566,39.357154846191406
0,FINAL_QDIFFCL,35.85261535644531,33.106651306152344
0,FINAL_QDIFFCL,3.5928118228912354,38.80473709106445
0,FINAL_QDIFFCL,0.5529538989067078,38.80039596557617
0,FINAL_QDIFFCL,10.79344654083252,39.3336181640625
0,FINAL_QDIFFCL,3.5488274097442627,57.857295989990234
0,FINAL_QDIFFCL,53.47029113769531,27.697418212890625
0,FINAL_QDIFFCL,65.88494110107422,18.637075424194336
0,FINAL_QDIFFCL,64.57518005371094,20.351776123046875
0,FINAL_QDIFFCL,5.8853864669799805,36.93899154663086
0,FINAL_QDIFFCL,20.837635040283203,39.604400634765625
0,FINAL_QDIFFCL,-4.67575740814209,50.268280029296875
0,FINAL_QDIFFCL,2.6124277114868164,37.648677825927734
0,FINAL_QDIFFCL,5.302906036376953,37.142578125
0,FINAL_QDIFFCL,-3.5835328102111816,42.013824462890625
0,FINAL_QDIFFCL,-2.555175542831421,45.090694427490234
0,FINAL_QDIFFCL,18.917728424072266,35.66971969604492
0,FINAL_QDIFFCL,-5.07755708694458,42.489585876464844
0,FINAL_QDIFFCL,14.8621826171875,32.91004943847656
0,FINAL_QDIFFCL,8.554244995117188,63.798736572265625
0,FINAL_QDIFFCL,61.78423309326172,22.112253189086914
0,FINAL_QDIFFCL,4.159001350402832,35.46165084838867
0,FINAL_QDIFFCL,7.305597305297852,67.44090270996094
0,FINAL_QDIFFCL,4.111123085021973,56.025638580322266
0,FINAL_QDIFFCL,-3.0049092769622803,46.473968505859375
0,FINAL_QDIFFCL,15.457463264465332,35.65637969970703
0,FINAL_QDIFFCL,52.162811279296875,27.507524490356445
0,FINAL_QDIFFCL,-0.7421064376831055,74.90874481201172
0,FINAL_QDIFFCL,6.351425647735596,38.46745681762695
0,FINAL_QDIFFCL,38.24732971191406,32.07866668701172
0,FINAL_QDIFFCL,32.45116424560547,34.205810546875
0,FINAL_QDIFFCL,-7.451945781707764,41.068641662597656
0,FINAL_QDIFFCL,32.12551498413086,33.89602279663086
0,FINAL_QDIFFCL,-1.7682057619094849,53.44424819946289
0,FINAL_QDIFFCL,7.884289264678955,63.866294860839844
0,FINAL_QDIFFCL,31.95796775817871,37.81715774536133
0,FINAL_QDIFFCL,63.72505187988281,19.845928192138672
0,FINAL_QDIFFCL,25.04549789428711,37.014652252197266
0,FINAL_QDIFFCL,35.63256072998047,34.9050178527832
0,FINAL_QDIFFCL,33.41909408569336,33.729270935058594
0,FINAL_QDIFFCL,35.37797546386719,32.7974853515625
0,FINAL_QDIFFCL,50.30253601074219,27.25067710876465
0,FINAL_QDIFFCL,52.03535461425781,27.55491828918457
0,FINAL_QDIFFCL,49.17728042602539,28.769100189208984
0,FINAL_QDIFFCL,-6.518894672393799,47.592254638671875
0,FINAL_QDIFFCL,4.523100852966309,64.71797180175781
0,FINAL_QDIFFCL,-6.794029712677002,40.60813522338867
0,FINAL_QDIFFCL,24.10126495361328,38.750728607177734
0,FINAL_QDIFFCL,52.7053108215332,28.275527954101562
0,FINAL_QDIFFCL,51.81755447387695,28.142658233642578
0,FINAL_QDIFFCL,35.62948989868164,36.50016403198242
0,FINAL_QDIFFCL,6.0930633544921875,70.89615631103516
0,FINAL_QDIFFCL,0.8205824494361877,53.4885368347168
0,FINAL_QDIFFCL,57.73588180541992,25.577184677124023
0,FINAL_QDIFFCL,1.4310493469238281,35.950748443603516
0,FINAL_QDIFFCL,4.248293876647949,56.71746826171875
0,FINAL_QDIFFCL,36.56089782714844,35.08883285522461
0,FINAL_QDIFFCL,12.929533004760742,37.59622573852539
0,FINAL_QDIFFCL,64.16128540039062,19.76894187927246
0,FINAL_QDIFFCL,9.83553409576416,35.918617248535156
0,FINAL_QDIFFCL,-3.963838577270508,52.31527328491211
0,FINAL_QDIFFCL,33.523277282714844,35.215110778808594
0,FINAL_QDIFFCL,17.22262954711914,33.236717224121094
0,FINAL_QDIFFCL,6.521270275115967,33.412742614746094
0,FINAL_QDIFFCL,-1.357893705368042,52.86041259765625
0,FINAL_QDIFFCL,-3.8524813652038574,44.57550811767578
0,FINAL_QDIFFCL,13.425827980041504,34.20305633544922
0,FINAL_QDIFFCL,31.555465698242188,37.88460922241211
0,FINAL_QDIFFCL,50.53386688232422,30.15496063232422
0,FINAL_QDIFFCL,60.580440521240234,21.379344940185547
0,FINAL_QDIFFCL,-5.694732666015625,49.519996643066406
0,FINAL_QDIFFCL,5.37090539932251,38.454219818115234
0,FINAL_QDIFFCL,0.5638001561164856,53.88853454589844
0,FINAL_QDIFFCL,4.215610027313232,73.13855743408203
0,FINAL_QDIFFCL,7.481418609619141,67.77552795410156
0,FINAL_QDIFFCL,7.960258960723877,63.48145294189453
0,FINAL_QDIFFCL,0.6124995350837708,75.18550872802734
0,FINAL_QDIFFCL,6.047977447509766,69.03028869628906
0,FINAL_QDIFFCL,1.0841262340545654,57.97356414794922
0,FINAL_QDIFFCL,-3.209181785583496,55.207454681396484
0,FINAL_QDIFFCL,5.3410539627075195,65.47862243652344
0,FINAL_QDIFFCL,6.542962551116943,65.8415756225586
0,FINAL_QDIFFCL,0.12538698315620422,50.54288864135742
0,FINAL_QDIFFCL,6.041762351989746,70.86660766601562
0,FINAL_QDIFFCL,-3.323484182357788,50.09093475341797
0,FINAL_QDIFFCL,-3.8122410774230957,49.962772369384766
0,FINAL_QDIFFCL,-5.773094177246094,50.419734954833984
0,FINAL_QDIFFCL,6.655057430267334,37.211952209472656
0,FINAL_QDIFFCL,13.514250755310059,36.795555114746094
0,FINAL_QDIFFCL,21.939985275268555,35.685001373291016
0,FINAL_QDIFFCL,37.03012466430664,37.26909255981445
0,FINAL_QDIFFCL,51.01637649536133,28.240341186523438
0,FINAL_QDIFFCL,49.348480224609375,27.79194450378418
0,FINAL_QDIFFCL,42.2105598449707,30.807958602905273
0,FINAL_QDIFFCL,7.946866989135742,63.57201385498047
0,FINAL_QDIFFCL,4.721652030944824,63.84550857543945
0,FINAL_QDIFFCL,6.596343994140625,67.50816345214844
0,FINAL_QDIFFCL,-6.476291656494141,40.99394607543945
0,FINAL_QDIFFCL,31.008468627929688,35.8348503112793
0,FINAL_QDIFFCL,-5.037609100341797,43.68750762939453
0,FINAL_QDIFFCL,5.7990007400512695,62.82561492919922
0,FINAL_QDIFFCL,1.4919325113296509,74.43971252441406
0,FINAL_QDIFFCL,-9.685013771057129,73.23013305664062
0,FINAL_QDIFFCL,0.762232780456543,74.34622192382812
0,FINAL_QDIFFCL,5.184438228607178,70.73226165771484
0,FINAL_QDIFFCL,6.283560752868652,62.92484664916992
0,FINAL_QDIFFCL,-3.1246860027313232,39.643226623535156
0,FINAL_QDIFFCL,33.52492904663086,33.78170394897461
0,FINAL_QDIFFCL,36.100868225097656,33.614990234375
0,FINAL_QDIFFCL,13.859589576721191,39.722015380859375
0,FINAL_QDIFFCL,-2.6053690910339355,54.91596984863281
0,FINAL_QDIFFCL,5.417914867401123,60.250972747802734
0,FINAL_QDIFFCL,24.97209930419922,37.442161560058594
0,FINAL_QDIFFCL,11.74090576171875,36.318599700927734
0,FINAL_QDIFFCL,9.991925239562988,32.9611930847168
0,FINAL_QDIFFCL,49.977962493896484,31.032190322875977
0,FINAL_QDIFFCL,40.33433532714844,31.536500930786133
0,FINAL_QDIFFCL,40.43623733520508,31.00574493408203
0,FINAL_QDIFFCL,49.78279495239258,28.637725830078125
0,FINAL_QDIFFCL,52.79391098022461,27.519166946411133
0,FINAL_QDIFFCL,58.71434783935547,24.4002742767334
0,FINAL_QDIFFCL,38.662532806396484,32.23839569091797
0,FINAL_QDIFFCL,3.974172592163086,37.43489456176758
0,FINAL_QDIFFCL,9.421015739440918,35.76925277709961
0,FINAL_QDIFFCL,36.32272720336914,35.428741455078125
0,FINAL_QDIFFCL,37.906375885009766,34.261383056640625
0,FINAL_QDIFFCL,16.677474975585938,35.4906005859375
0,FINAL_QDIFFCL,38.933349609375,32.357479095458984
0,FINAL_QDIFFCL,38.76155471801758,31.713293075561523
0,FINAL_QDIFFCL,-6.1890645027160645,47.11757278442383
0,FINAL_QDIFFCL,3.1801772117614746,73.0844955444336
0,FINAL_QDIFFCL,-4.824893474578857,46.43349838256836
0,FINAL_QDIFFCL,18.57410430908203,35.51655578613281
0,FINAL_QDIFFCL,43.031314849853516,33.57109451293945
0,FINAL_QDIFFCL,46.149932861328125,31.889175415039062
0,FINAL_QDIFFCL,9.38473892211914,34.45664978027344
0,FINAL_QDIFFCL,2.1263651847839355,58.53962326049805
0,FINAL_QDIFFCL,3.4292280673980713,36.26905822753906
0,FINAL_QDIFFCL,33.09959030151367,36.922550201416016
0,FINAL_QDIFFCL,10.888447761535645,34.98623275756836
0,FINAL_QDIFFCL,4.190213680267334,70.31228637695312
0,FINAL_QDIFFCL,4.058648109436035,63.983280181884766
0,FINAL_QDIFFCL,58.966392517089844,24.27250099182129
0,FINAL_QDIFFCL,49.735313415527344,26.599641799926758
0,FINAL_QDIFFCL,21.895246505737305,40.26325607299805
0,FINAL_QDIFFCL,4.154791355133057,63.90420150756836
0,FINAL_QDIFFCL,-5.805613994598389,48.592655181884766
0,FINAL_QDIFFCL,2.5405304431915283,38.86293411254883
0,FINAL_QDIFFCL,2.504068374633789,38.60696792602539
0,FINAL_QDIFFCL,12.761475563049316,39.46337127685547
0,FINAL_QDIFFCL,10.443540573120117,36.84748077392578
0,FINAL_QDIFFCL,2.7101058959960938,55.009864807128906
0,FINAL_QDIFFCL,8.07751178741455,62.9793586730957
0,FINAL_QDIFFCL,0.5507632493972778,36.93973159790039
0,FINAL_QDIFFCL,6.254036903381348,33.730525970458984
0,FINAL_QDIFFCL,39.74402618408203,34.84378433227539
0,FINAL_QDIFFCL,7.690069675445557,64.46778106689453
0,FINAL_QDIFFCL,54.9359016418457,26.653202056884766
0,FINAL_QDIFFCL,32.333526611328125,36.0362548828125
0,FINAL_QDIFFCL,19.50654411315918,38.73651885986328
0,FINAL_QDIFFCL,23.229625701904297,37.80295944213867
0,FINAL_QDIFFCL,2.3690483570098877,37.62459945678711
0,FINAL_QDIFFCL,1.9931329488754272,58.64773941040039
0,FINAL_QDIFFCL,4.13332986831665,60.190162658691406
0,FINAL_QDIFFCL,-5.820986747741699,46.20102310180664
0,FINAL_QDIFFCL,-2.447652578353882,54.777626037597656
0,FINAL_QDIFFCL,-3.1703040599823,39.37990188598633
0,FINAL_QDIFFCL,0.1407400369644165,54.53526306152344
0,FINAL_QDIFFCL,-17.55748176574707,66.3022689819336
0,FINAL_QDIFFCL,3.864877223968506,72.85315704345703
0,FINAL_QDIFFCL,3.4737963676452637,53.788185119628906
0,FINAL_QDIFFCL,3.3005363941192627,73.72296142578125
0,FINAL_QDIFFCL,4.947432518005371,58.53020477294922
0,FINAL_QDIFFCL,63.903404235839844,20.296310424804688
0,FINAL_QDIFFCL,34.945960998535156,34.38341522216797
0,FINAL_QDIFFCL,40.6550407409668,32.63078689575195
0,FINAL_QDIFFCL,37.87752151489258,34.81002426147461
0,FINAL_QDIFFCL,28.936664581298828,37.214385986328125
0,FINAL_QDIFFCL,61.49184036254883,21.543073654174805
0,FINAL_QDIFFCL,37.14881134033203,32.41875457763672
0,FINAL_QDIFFCL,20.969120025634766,35.670230865478516
0,FINAL_QDIFFCL,3.0690557956695557,36.36442947387695
0,FINAL_QDIFFCL,-4.260378837585449,39.64860534667969
0,FINAL_QDIFFCL,44.6104736328125,31.37381362915039
0,FINAL_QDIFFCL,48.992862701416016,30.02861213684082
0,FINAL_QDIFFCL,60.7239875793457,21.20363426208496
0,FINAL_QDIFFCL,40.81295394897461,33.82752227783203
0,FINAL_QDIFFCL,36.355072021484375,34.181968688964844
0,FINAL_QDIFFCL,2.0670199394226074,36.96162033081055
0,FINAL_QDIFFCL,-2.67038631439209,51.592464447021484
0,FINAL_QDIFFCL,41.833980560302734,34.30632400512695
0,FINAL_QDIFFCL,28.246898651123047,37.041011810302734
0,FINAL_QDIFFCL,7.397838592529297,67.68461608886719
0,FINAL_QDIFFCL,37.07117462158203,32.77994155883789
0,FINAL_QDIFFCL,16.057025909423828,36.61672592163086
0,FINAL_QDIFFCL,-2.7848100662231445,41.45243835449219
0,FINAL_QDIFFCL,13.010933876037598,36.016239166259766
0,FINAL_QDIFFCL,-3.3927435874938965,48.31622314453125
0,FINAL_QDIFFCL,64.73851776123047,19.254838943481445
0,FINAL_QDIFFCL,5.471522331237793,36.27033233642578
0,FINAL_QDIFFCL,4.596053600311279,59.90281677246094
0,FINAL_QDIFFCL,5.697853088378906,64.41133117675781
0,FINAL_QDIFFCL,18.982362747192383,37.18265151977539
0,FINAL_QDIFFCL,40.2952995300293,34.69166564941406
0,FINAL_QDIFFCL,6.44400691986084,67.92988586425781
0,FINAL_QDIFFCL,1.3156154155731201,74.96659088134766
0,FINAL_QDIFFCL,4.59738826751709,65.1401138305664
0,FINAL_QDIFFCL,29.372182846069336,36.556121826171875
0,FINAL_QDIFFCL,3.518024444580078,36.2473030090332
0,FINAL_QDIFFCL,25.038185119628906,35.31590270996094
0,FINAL_QDIFFCL,4.3517842292785645,33.80536651611328
0,FINAL_QDIFFCL,-1.5127291679382324,52.33527374267578
0,FINAL_QDIFFCL,-6.115025520324707,40.63860321044922
0,FINAL_QDIFFCL,15.495970726013184,38.42902755737305
0,FINAL_QDIFFCL,23.326751708984375,37.37432861328125
0,FINAL_QDIFFCL,26.086204528808594,35.95539093017578
0,FINAL_QDIFFCL,4.357178211212158,61.076377868652344
0,FINAL_QDIFFCL,6.849495887756348,64.51130676269531
0,FINAL_QDIFFCL,22.284019470214844,36.2718505859375
0,FINAL_QDIFFCL,22.999113082885742,40.035491943359375
0,FINAL_QDIFFCL,57.56149673461914,25.00279426574707
0,FINAL_QDIFFCL,11.471932411193848,39.875057220458984
0,FINAL_QDIFFCL,5.416699409484863,64.48468780517578
0,FINAL_QDIFFCL,-6.813146591186523,39.737449645996094
0,FINAL_QDIFFCL,19.25503921508789,35.626827239990234
0,FINAL_QDIFFCL,2.652703046798706,36.2861213684082
0,FINAL_QDIFFCL,57.46796798706055,24.876699447631836
0,FINAL_QDIFFCL,39.67689895629883,35.62254333496094
0,FINAL_QDIFFCL,6.531303882598877,65.06790161132812
0,FINAL_QDIFFCL,49.37882995605469,28.506916046142578
0,FINAL_QDIFFCL,42.10258102416992,30.66977310180664
0,FINAL_QDIFFCL,23.33791160583496,39.19678497314453
0,FINAL_QDIFFCL,5.156922340393066,64.59298706054688
0,FINAL_QDIFFCL,-6.143436908721924,40.01807403564453
0,FINAL_QDIFFCL,37.559749603271484,35.99144744873047
0,FINAL_QDIFFCL,3.464816093444824,54.0419807434082
0,FINAL_QDIFFCL,41.39391326904297,34.67573928833008
0,FINAL_QDIFFCL,43.574920654296875,31.99306869506836
0,FINAL_QDIFFCL,35.78022766113281,32.74238204956055
0,FINAL_QDIFFCL,20.524179458618164,38.46798324584961
0,FINAL_QDIFFCL,4.856398582458496,70.18257141113281
0,FINAL_QDIFFCL,5.441379070281982,69.34870147705078
0,FINAL_QDIFFCL,48.94711685180664,28.80451202392578
0,FINAL_QDIFFCL,40.64849090576172,31.78580093383789
0,FINAL_QDIFFCL,54.73912048339844,26.74877166748047
0,FINAL_QDIFFCL,39.009395599365234,37.07493209838867
0,FINAL_QDIFFCL,3.1696605682373047,74.85658264160156
0,FINAL_QDIFFCL,7.94917106628418,67.49893951416016
0,FINAL_QDIFFCL,38.041744232177734,37.207733154296875
0,FINAL_QDIFFCL,61.384193420410156,21.361438751220703
0,FINAL_QDIFFCL,63.97160720825195,20.2374210357666
0,FINAL_QDIFFCL,-3.905353546142578,44.15586471557617
0,FINAL_QDIFFCL,3.4804141521453857,37.13142013549805
0,FINAL_QDIFFCL,25.63241195678711,38.42544174194336
0,FINAL_QDIFFCL,26.327932357788086,36.90169906616211
0,FINAL_QDIFFCL,51.890037536621094,25.969511032104492
0,FINAL_QDIFFCL,56.4106330871582,24.925153732299805
0,FINAL_QDIFFCL,-4.90993070602417,39.57093811035156
0,FINAL_QDIFFCL,-6.18878173828125,40.529945373535156
0,FINAL_QDIFFCL,0.6842657327651978,54.413856506347656
0,FINAL_QDIFFCL,5.457970142364502,33.206729888916016
0,FINAL_QDIFFCL,13.714394569396973,31.56532096862793
0,FINAL_QDIFFCL,13.723448753356934,31.58487319946289
0,FINAL_QDIFFCL,3.447315216064453,32.57954025268555
0,FINAL_QDIFFCL,9.980755805969238,34.05622100830078
0,FINAL_QDIFFCL,8.647224426269531,33.68692398071289
0,FINAL_QDIFFCL,5.262609958648682,34.411407470703125
0,FINAL_QDIFFCL,22.214324951171875,33.566810607910156
0,FINAL_QDIFFCL,-4.3791279792785645,51.5843620300293
0,FINAL_QDIFFCL,-4.550546169281006,51.11373519897461
0,FINAL_QDIFFCL,3.7953178882598877,71.38800048828125
0,FINAL_QDIFFCL,-3.6859545707702637,54.01002502441406
0,FINAL_QDIFFCL,-7.620087146759033,40.573482513427734
0,FINAL_QDIFFCL,30.697965621948242,34.185176849365234
0,FINAL_QDIFFCL,3.084268808364868,39.23216247558594
0,FINAL_QDIFFCL,-7.400794982910156,40.529449462890625
0,FINAL_QDIFFCL,2.6782944202423096,72.64977264404297
0,FINAL_QDIFFCL,48.872615814208984,27.440576553344727
0,FINAL_QDIFFCL,-7.387022972106934,39.966373443603516
0,FINAL_QDIFFCL,56.623802185058594,25.25206184387207
0,FINAL_QDIFFCL,44.93571090698242,31.931381225585938
0,FINAL_QDIFFCL,3.6742875576019287,61.691184997558594
0,FINAL_QDIFFCL,25.94625473022461,38.75144577026367
0,FINAL_QDIFFCL,34.277713775634766,33.62386703491211
0,FINAL_QDIFFCL,58.006439208984375,25.285669326782227
0,FINAL_QDIFFCL,65.30980682373047,19.389549255371094
0,FINAL_QDIFFCL,56.295738220214844,24.95478630065918
0,FINAL_QDIFFCL,7.878236293792725,37.328880310058594
0,FINAL_QDIFFCL,54.930091857910156,26.710309982299805
0,FINAL_QDIFFCL,36.03092956542969,33.72028732299805
0,FINAL_QDIFFCL,6.963191986083984,38.51594924926758
0,FINAL_QDIFFCL,4.842087745666504,71.02539825439453
0,FINAL_QDIFFCL,1.3706756830215454,74.05470275878906
0,FINAL_QDIFFCL,57.833683013916016,24.759048461914062
0,FINAL_QDIFFCL,-6.575155258178711,40.28996658325195
0,FINAL_QDIFFCL,36.19810485839844,36.88114929199219
0,FINAL_QDIFFCL,47.17121887207031,30.79322052001953
0,FINAL_QDIFFCL,50.98514938354492,28.643898010253906
0,FINAL_QDIFFCL,-5.721504211425781,50.39456558227539
0,FINAL_QDIFFCL,-4.73166561126709,50.58486557006836
0,FINAL_QDIFFCL,47.301639556884766,30.51485252380371
0,FINAL_QDIFFCL,39.004676818847656,36.97163772583008
0,FINAL_QDIFFCL,37.54589080810547,35.67046356201172
0,FINAL_QDIFFCL,2.9473865032196045,54.93732833862305
0,FINAL_QDIFFCL,5.56002950668335,68.51770782470703
0,FINAL_QDIFFCL,12.305428504943848,36.83566665649414
0,FINAL_QDIFFCL,38.997982025146484,31.699560165405273
0,FINAL_QDIFFCL,13.683918952941895,38.214969635009766
0,FINAL_QDIFFCL,65.41112518310547,18.82403564453125
0,FINAL_QDIFFCL,12.28564167022705,35.256561279296875
0,FINAL_QDIFFCL,4.661543846130371,73.11438751220703
0,FINAL_QDIFFCL,22.964879989624023,35.349021911621094
1,FINAL_QDIFFCL,-41.408504486083984,25.33868980407715
1,FINAL_QDIFFCL,-48.26963806152344,20.73210906982422
1,FINAL_QDIFFCL,-50.65436935424805,17.984649658203125
1,FINAL_QDIFFCL,-50.55507278442383,18.145729064941406
1,FINAL_QDIFFCL,-48.72145462036133,19.970918655395508
1,FINAL_QDIFFCL,-43.14584732055664,24.171173095703125
1,FINAL_QDIFFCL,-35.38521957397461,31.437639236450195
1,FINAL_QDIFFCL,-37.2935676574707,28.959321975708008
1,FINAL_QDIFFCL,-39.823726654052734,26.182762145996094
1,FINAL_QDIFFCL,-37.50932693481445,28.713970184326172
1,FINAL_QDIFFCL,-36.742549896240234,29.613615036010742
1,FINAL_QDIFFCL,-37.08884811401367,29.218448638916016
1,FINAL_QDIFFCL,-37.241310119628906,29.005224227905273
1,FINAL_QDIFFCL,-36.92559814453125,29.409236907958984
1,FINAL_QDIFFCL,-38.70081329345703,27.224918365478516
1,FINAL_QDIFFCL,-36.43350601196289,29.937475204467773
1,FINAL_QDIFFCL,-36.23552322387695,30.112445831298828
0,FINAL_QDIFFCL,59.13972091674805,21.204978942871094
0,FINAL_QDIFFCL,4.475656986236572,33.26145935058594
1,FINAL_QDIFFCL,-48.507320404052734,20.555877685546875
1,FINAL_QDIFFCL,-49.22690200805664,19.479524612426758
1,FINAL_QDIFFCL,-41.78697204589844,25.086341857910156
1,FINAL_QDIFFCL,-36.759429931640625,29.558040618896484
1,FINAL_QDIFFCL,-39.27350997924805,26.846967697143555
1,FINAL_QDIFFCL,-40.536067962646484,25.74162483215332
1,FINAL_QDIFFCL,-41.76758575439453,25.107421875
1,FINAL_QDIFFCL,-41.94406509399414,24.990262985229492
1,FINAL_QDIFFCL,-39.6446418762207,26.279109954833984
1,FINAL_QDIFFCL,-39.034454345703125,26.893648147583008
1,FINAL_QDIFFCL,-39.142356872558594,26.79817008972168
1,FINAL_QDIFFCL,-38.4493408203125,27.4653263092041
1,FINAL_QDIFFCL,-38.47559356689453,27.477157592773438
1,FINAL_QDIFFCL,-38.41840362548828,27.521562576293945
1,FINAL_QDIFFCL,-39.358177185058594,26.666349411010742
1,FINAL_QDIFFCL,-39.33005142211914,26.67976188659668
1,FINAL_QDIFFCL,-39.396453857421875,26.54234504699707
1,FINAL_QDIFFCL,-39.41305923461914,26.50800895690918
1,FINAL_QDIFFCL,-38.681365966796875,27.27543830871582
1,FINAL_QDIFFCL,-38.12972640991211,27.85030746459961
1,FINAL_QDIFFCL,-38.672828674316406,27.34215545654297
0,FINAL_QDIFFCL,65.41112518310547,18.82403564453125
0,FINAL_QDIFFCL,60.84846878051758,22.947505950927734
0,FINAL_QDIFFCL,16.24449348449707,32.495941162109375
0,FINAL_QDIFFCL,22.964879989624023,35.349021911621094
1,FINAL_QDIFFCL,-42.6720085144043,24.58534049987793
1,FINAL_QDIFFCL,-48.288909912109375,20.423215866088867
1,FINAL_QDIFFCL,-50.990962982177734,14.295663833618164
1,FINAL_QDIFFCL,-51.1639518737793,13.706216812133789
1,FINAL_QDIFFCL,-51.41731643676758,12.79881477355957
1,FINAL_QDIFFCL,-51.372127532958984,12.9285888671875
1,FINAL_QDIFFCL,-49.255638122558594,18.208044052124023
1,FINAL_QDIFFCL,-49.39442825317383,17.888046264648438
1,FINAL_QDIFFCL,-50.030670166015625,16.694469451904297
1,FINAL_QDIFFCL,-49.62864303588867,17.48272132873535
1,FINAL_QDIFFCL,-49.94312286376953,16.929574966430664
1,FINAL_QDIFFCL,-50.43450164794922,15.809137344360352
1,FINAL_QDIFFCL,-50.54225540161133,15.439791679382324
1,FINAL_QDIFFCL,-50.68064880371094,15.014978408813477
1,FINAL_QDIFFCL,-45.50855255126953,22.69721031188965
1,FINAL_QDIFFCL,-49.523738861083984,18.916099548339844
1,FINAL_QDIFFCL,-51.42781448364258,12.703399658203125
1,FINAL_QDIFFCL,-51.11212158203125,13.625707626342773
1,FINAL_QDIFFCL,-50.30644226074219,15.993805885314941
1,FINAL_QDIFFCL,-49.07894515991211,18.46627426147461
1,FINAL_QDIFFCL,-48.91925811767578,18.727624893188477
1,FINAL_QDIFFCL,-48.84457015991211,18.905263900756836
1,FINAL_QDIFFCL,-48.9427604675293,18.759761810302734
1,FINAL_QDIFFCL,-49.5581169128418,17.730510711669922
1,FINAL_QDIFFCL,-49.530521392822266,17.761018753051758
1,FINAL_QDIFFCL,-49.367061614990234,18.07119369506836
1,FINAL_QDIFFCL,-49.773929595947266,17.306659698486328
1,FINAL_QDIFFCL,-49.82149124145508,17.127307891845703
1,FINAL_QDIFFCL,-49.847835540771484,16.957294464111328
1,FINAL_QDIFFCL,-50.14241027832031,16.530000686645508
1,FINAL_QDIFFCL,-49.594852447509766,17.529996871948242
1,FINAL_QDIFFCL,-49.964759826660156,16.77281379699707
1,FINAL_QDIFFCL,-50.4475212097168,15.794350624084473
0,FINAL_QDIFFCL,60.84848403930664,22.947492599487305
0,FINAL_QDIFFCL,12.285615921020508,35.25655746459961
1,FINAL_QDIFFCL,1.32082998752594,37.24617385864258
1,FINAL_QDIFFCL,5.26189661026001,65.5433349609375
1,FINAL_QDIFFCL,30.222454071044922,35.47782897949219
1,FINAL_QDIFFCL,5.7590250968933105,38.97504806518555
1,FINAL_QDIFFCL,29.899372100830078,37.5060920715332
1,FINAL_QDIFFCL,0.2621481716632843,51.2038459777832
1,FINAL_QDIFFCL,2.791630268096924,34.68387985229492
1,FINAL_QDIFFCL,-6.398378849029541,40.355289459228516
1,FINAL_QDIFFCL,3.7177841663360596,60.627933502197266
1,FINAL_QDIFFCL,16.98188018798828,37.886146545410156
1,FINAL_QDIFFCL,17.670211791992188,36.64683532714844
1,FINAL_QDIFFCL,11.993773460388184,39.128116607666016
1,FINAL_QDIFFCL,-4.2898688316345215,47.981536865234375
0,FINAL_QDIFFCL,43.80805587768555,33.3009147644043
1,FINAL_QDIFFCL,7.028787612915039,62.22325134277344
1,FINAL_QDIFFCL,-0.3247547745704651,50.16939926147461
1,FINAL_QDIFFCL,20.549800872802734,39.16122055053711
1,FINAL_QDIFFCL,35.684486389160156,32.13336181640625
1,FINAL_QDIFFCL,26.96554183959961,35.02226257324219
1,FINAL_QDIFFCL,-3.828680992126465,46.29480743408203
1,FINAL_QDIFFCL,7.010499477386475,67.37097930908203
1,FINAL_QDIFFCL,7.184337615966797,61.741554260253906
1,FINAL_QDIFFCL,-1.606772780418396,38.20703125
1,FINAL_QDIFFCL,1.7712749242782593,36.5088005065918
1,FINAL_QDIFFCL,56.72455596923828,25.82130241394043
1,FINAL_QDIFFCL,27.793394088745117,36.605838775634766
1,FINAL_QDIFFCL,14.730537414550781,34.438812255859375
1,FINAL_QDIFFCL,45.130069732666016,32.103431701660156
0,FINAL_QDIFFCL,65.41112518310547,18.82403564453125
0,FINAL_QDIFFCL,60.84845733642578,22.947511672973633
0,FINAL_QDIFFCL,22.964876174926758,35.34901428222656
1,FINAL_QDIFFCL,-25.330612182617188,56.57056427001953
1,FINAL_QDIFFCL,-24.042409896850586,58.734962463378906
1,FINAL_QDIFFCL,-23.3839168548584,60.30438995361328
1,FINAL_QDIFFCL,-22.001523971557617,63.12107849121094
1,FINAL_QDIFFCL,-19.82554817199707,65.2951431274414
1,FINAL_QDIFFCL,-20.879379272460938,63.504146575927734
1,FINAL_QDIFFCL,-19.5073184967041,64.6823959350586
1,FINAL_QDIFFCL,-21.300634384155273,61.8032341003418
1,FINAL_QDIFFCL,-23.91936683654785,59.58940887451172
1,FINAL_QDIFFCL,-20.53120994567871,64.3711929321289
1,FINAL_QDIFFCL,-23.43141746520996,60.288753509521484
1,FINAL_QDIFFCL,-20.24100112915039,63.52812194824219
1,FINAL_QDIFFCL,-23.466434478759766,60.183143615722656
1,FINAL_QDIFFCL,-25.967376708984375,56.730384826660156
1,FINAL_QDIFFCL,-25.72171974182129,57.1944465637207
1,FINAL_QDIFFCL,-25.77871322631836,57.127464294433594
0,FINAL_QDIFFCL,51.3685417175293,27.03554916381836
1,FINAL_QDIFFCL,-22.379304885864258,61.23112487792969
1,FINAL_QDIFFCL,-22.42256736755371,61.551483154296875
1,FINAL_QDIFFCL,-22.172897338867188,62.42821502685547
1,FINAL_QDIFFCL,-24.303932189941406,58.905086517333984
1,FINAL_QDIFFCL,-26.728151321411133,54.20451354980469
1,FINAL_QDIFFCL,-26.689250946044922,54.66931915283203
1,FINAL_QDIFFCL,-23.865835189819336,59.6048698425293
1,FINAL_QDIFFCL,-21.942562103271484,62.177127838134766
1,FINAL_QDIFFCL,-26.326608657836914,54.60940170288086
1,FINAL_QDIFFCL,-26.70038604736328,53.68179702758789
1,FINAL_QDIFFCL,-27.085721969604492,52.802818298339844
1,FINAL_QDIFFCL,-26.37860870361328,54.905303955078125
0,FINAL_QDIFFCL,3.6945242881774902,57.43461608886719
0,FINAL_QDIFFCL,16.244461059570312,32.49594497680664
1,FINAL_QDIFFCL,-32.5716438293457,36.73622512817383
1,FINAL_QDIFFCL,-29.002105712890625,48.852657318115234
1,FINAL_QDIFFCL,-26.86859130859375,53.335655212402344
1,FINAL_QDIFFCL,-24.478656768798828,59.01892852783203
1,FINAL_QDIFFCL,-10.94580364227295,72.48802947998047
1,FINAL_QDIFFCL,-13.374018669128418,70.7342758178711
1,FINAL_QDIFFCL,-10.263565063476562,72.56342315673828
1,FINAL_QDIFFCL,-2.4563753604888916,55.09797286987305
1,FINAL_QDIFFCL,1.3871231079101562,73.44831848144531
1,FINAL_QDIFFCL,4.186147212982178,70.93754577636719
1,FINAL_QDIFFCL,-8.738250732421875,73.82884979248047
1,FINAL_QDIFFCL,0.1004854291677475,74.92219543457031
1,FINAL_QDIFFCL,-9.464920997619629,73.71029663085938
1,FINAL_QDIFFCL,-0.3011734187602997,74.22274017333984
1,FINAL_QDIFFCL,-0.36643755435943604,74.57477569580078
1,FINAL_QDIFFCL,-18.013219833374023,66.99108123779297
1,FINAL_QDIFFCL,-20.23053550720215,65.01434326171875
1,FINAL_QDIFFCL,-15.99315071105957,69.91627502441406
1,FINAL_QDIFFCL,-12.562183380126953,71.92070007324219
0,FINAL_QDIFFCL,32.95443344116211,38.03688049316406
0,FINAL_QDIFFCL,59.13972091674805,21.20497703552246
0,FINAL_QDIFFCL,15.982527732849121,31.93088150024414
0,FINAL_QDIFFCL,4.475662708282471,33.26145935058594
1,FINAL_QDIFFCL,-32.23337936401367,38.97529220581055
1,FINAL_QDIFFCL,-29.672197341918945,47.83962631225586
1,FINAL_QDIFFCL,-24.599193572998047,58.5391845703125
1,FINAL_QDIFFCL,-17.49306869506836,68.37885284423828
1,FINAL_QDIFFCL,-0.6537601351737976,74.54789733886719
1,FINAL_QDIFFCL,0.642627477645874,74.45100402832031
1,FINAL_QDIFFCL,-14.774490356445312,69.71171569824219
1,FINAL_QDIFFCL,-14.893417358398438,69.41616821289062
1,FINAL_QDIFFCL,-15.44716739654541,68.80487060546875
1,FINAL_QDIFFCL,-8.63835334777832,73.51632690429688
1,FINAL_QDIFFCL,1.8209606409072876,74.22005462646484
1,FINAL_QDIFFCL,-13.59144401550293,70.78556060791016
1,FINAL_QDIFFCL,-18.14752769470215,66.33950805664062
1,FINAL_QDIFFCL,-17.98504638671875,65.63044738769531
0,FINAL_QDIFFCL,60.84846878051758,22.947505950927734
1,FINAL_QDIFFCL,-32.729393005371094,40.7584342956543
1,FINAL_QDIFFCL,-54.21747589111328,2.24078631401062
1,FINAL_QDIFFCL,-54.68745803833008,1.5993820428848267
1,FINAL_QDIFFCL,-66.48590087890625,-0.2084013968706131
1,FINAL_QDIFFCL,-66.59069061279297,-0.0883353054523468
1,FINAL_QDIFFCL,-71.57941436767578,5.405232906341553
1,FINAL_QDIFFCL,-71.72286987304688,5.444283485412598
1,FINAL_QDIFFCL,-71.78364562988281,5.458667755126953
1,FINAL_QDIFFCL,-71.82975769042969,5.468334674835205
1,FINAL_QDIFFCL,-71.96001434326172,5.491389274597168
1,FINAL_QDIFFCL,-72.01886749267578,5.500189781188965
1,FINAL_QDIFFCL,-72.0714111328125,5.506917476654053
1,FINAL_QDIFFCL,-72.13745880126953,5.514937400817871
1,FINAL_QDIFFCL,-72.28730010986328,5.531008243560791
1,FINAL_QDIFFCL,-72.57923889160156,5.548091888427734
1,FINAL_QDIFFCL,-72.6384506225586,5.5497589111328125
1,FINAL_QDIFFCL,-72.7171630859375,5.551968097686768
1,FINAL_QDIFFCL,-72.88985443115234,5.555909156799316
1,FINAL_QDIFFCL,-72.91085815429688,5.555965423583984
1,FINAL_QDIFFCL,-72.94326782226562,5.556950092315674
1,FINAL_QDIFFCL,-72.9815902709961,5.5583977699279785
0,FINAL_QDIFFCL,4.475662708282471,33.26145935058594
1,FINAL_QDIFFCL,-35.9715461730957,28.96327781677246
1,FINAL_QDIFFCL,-52.59353256225586,5.055660247802734
1,FINAL_QDIFFCL,-52.81808853149414,4.42926549911499
1,FINAL_QDIFFCL,-52.09791946411133,6.06074333190918
1,FINAL_QDIFFCL,-50.55654525756836,21.705474853515625
1,FINAL_QDIFFCL,-50.49708557128906,21.7298641204834
1,FINAL_QDIFFCL,-50.170501708984375,21.828134536743164
1,FINAL_QDIFFCL,-50.119049072265625,21.82306480407715
1,FINAL_QDIFFCL,-50.02926254272461,21.83953285217285
1,FINAL_QDIFFCL,-50.02395248413086,21.83054542541504
1,FINAL_QDIFFCL,-49.938026428222656,21.85492706298828
1,FINAL_QDIFFCL,-49.82683181762695,21.890493392944336
1,FINAL_QDIFFCL,-49.8912239074707,21.837982177734375
1,FINAL_QDIFFCL,-49.932430267333984,21.811281204223633
1,FINAL_QDIFFCL,-50.18644714355469,21.771066665649414
1,FINAL_QDIFFCL,-49.967857360839844,21.8219051361084
1,FINAL_QDIFFCL,-49.73979568481445,21.886409759521484
1,FINAL_QDIFFCL,-49.72608184814453,21.918590545654297
0,FINAL_QDIFFCL,60.84848403930664,22.947492599487305
0,FINAL_QDIFFCL,12.285661697387695,35.25657653808594
0,FINAL_QDIFFCL,16.244348526000977,32.49597930908203
1,FINAL_QDIFFCL,-42.64281463623047,24.677854537963867
1,FINAL_QDIFFCL,-36.83413314819336,28.873489379882812
1,FINAL_QDIFFCL,-33.927207946777344,33.84061050415039
1,FINAL_QDIFFCL,-34.9030647277832,32.10808181762695
1,FINAL_QDIFFCL,-33.67203140258789,34.414283752441406
1,FINAL_QDIFFCL,-30.58929443359375,43.120880126953125
1,FINAL_QDIFFCL,-30.69152069091797,42.952392578125
1,FINAL_QDIFFCL,-28.682117462158203,47.80796813964844
1,FINAL_QDIFFCL,-29.53933334350586,46.229671478271484
1,FINAL_QDIFFCL,-30.037363052368164,44.80662155151367
1,FINAL_QDIFFCL,-30.104337692260742,44.50474166870117
1,FINAL_QDIFFCL,-30.135007858276367,44.44527053833008
1,FINAL_QDIFFCL,-30.31867790222168,43.93010711669922
1,FINAL_QDIFFCL,-28.386333465576172,47.69661331176758
1,FINAL_QDIFFCL,-29.153953552246094,46.23073196411133
1,FINAL_QDIFFCL,-29.270336151123047,46.54343795776367
1,FINAL_QDIFFCL,-31.429641723632812,38.7308349609375
0,FINAL_QDIFFCL,51.36854553222656,27.03554916381836
0,FINAL_QDIFFCL,32.95443344116211,38.03688049316406
0,FINAL_QDIFFCL,59.13971710205078,21.204988479614258
0,FINAL_QDIFFCL,23.46230125427246,34.13084030151367
0,FINAL_QDIFFCL,15.982527732849121,31.93088150024414
1,FINAL_QDIFFCL,-34.03524398803711,33.640953063964844
1,FINAL_QDIFFCL,-33.825531005859375,34.096595764160156
1,FINAL_QDIFFCL,-34.6661376953125,32.5255012512207
1,FINAL_QDIFFCL,-36.799259185791016,29.727497100830078
1,FINAL_QDIFFCL,-30.95649528503418,39.857852935791016
1,FINAL_QDIFFCL,-28.939878463745117,46.90068054199219
1,FINAL_QDIFFCL,-28.916690826416016,47.12797164916992
1,FINAL_QDIFFCL,-29.09038543701172,47.169532775878906
1,FINAL_QDIFFCL,-28.87982177734375,47.132904052734375
1,FINAL_QDIFFCL,-28.504425048828125,47.9793586730957
1,FINAL_QDIFFCL,-28.17276954650879,49.002445220947266
1,FINAL_QDIFFCL,-29.289104461669922,46.360069274902344
1,FINAL_QDIFFCL,-27.961090087890625,50.27479934692383
1,FINAL_QDIFFCL,-28.96025276184082,47.281497955322266
0,FINAL_QDIFFCL,60.84845733642578,22.947511672973633
0,FINAL_QDIFFCL,3.694525718688965,57.43462371826172
1,FINAL_QDIFFCL,-20.57026481628418,62.919769287109375
1,FINAL_QDIFFCL,-24.43456268310547,58.187862396240234
1,FINAL_QDIFFCL,-32.5301513671875,37.403297424316406
1,FINAL_QDIFFCL,-40.61592102050781,26.34684181213379
1,FINAL_QDIFFCL,-37.354637145996094,28.44658088684082
1,FINAL_QDIFFCL,-41.778385162353516,25.158159255981445
1,FINAL_QDIFFCL,-39.65750503540039,26.923656463623047
1,FINAL_QDIFFCL,-38.62920379638672,28.228763580322266
1,FINAL_QDIFFCL,-38.85036849975586,27.87556266784668
1,FINAL_QDIFFCL,-35.30290222167969,30.97014045715332
1,FINAL_QDIFFCL,-30.619152069091797,41.33282470703125
1,FINAL_QDIFFCL,-36.29200744628906,29.309425354003906
1,FINAL_QDIFFCL,-43.5699577331543,23.99216079711914
1,FINAL_QDIFFCL,-36.323753356933594,30.022747039794922
1,FINAL_QDIFFCL,-32.864261627197266,36.11149215698242
0,FINAL_QDIFFCL,51.36854553222656,27.03554916381836
1,FINAL_QDIFFCL,-30.17424201965332,47.352813720703125
1,FINAL_QDIFFCL,-35.37910461425781,31.04385757446289
1,FINAL_QDIFFCL,-31.748252868652344,37.58675765991211
1,FINAL_QDIFFCL,-34.31837844848633,33.13260269165039
1,FINAL_QDIFFCL,-32.3959846496582,38.06622314453125
1,FINAL_QDIFFCL,-32.690406799316406,36.77089309692383
1,FINAL_QDIFFCL,-34.67024612426758,32.490047454833984
1,FINAL_QDIFFCL,-38.259220123291016,28.000627517700195
1,FINAL_QDIFFCL,-33.84368133544922,34.01588821411133
1,FINAL_QDIFFCL,-30.062891006469727,46.99009323120117
1,FINAL_QDIFFCL,-32.3437385559082,37.41159439086914
1,FINAL_QDIFFCL,-28.1143741607666,50.489044189453125
1,FINAL_QDIFFCL,-26.369840621948242,57.192848205566406
1,FINAL_QDIFFCL,-36.558414459228516,29.855762481689453
1,FINAL_QDIFFCL,-40.67168426513672,26.388097763061523
1,FINAL_QDIFFCL,-40.43242645263672,26.574047088623047
0,FINAL_QDIFFCL,60.848480224609375,22.947492599487305
1,FINAL_QDIFFCL,25.205184936523438,37.25733184814453
1,FINAL_QDIFFCL,4.077402591705322,60.95345687866211
1,FINAL_QDIFFCL,-4.44271183013916,50.994110107421875
1,FINAL_QDIFFCL,31.89270782470703,33.80677795410156
1,FINAL_QDIFFCL,49.85700225830078,26.402820587158203
1,FINAL_QDIFFCL,31.87441635131836,35.058963775634766
1,FINAL_QDIFFCL,20.703914642333984,36.23494338989258
1,FINAL_QDIFFCL,55.4362907409668,25.8797664642334
1,FINAL_QDIFFCL,30.36994171142578,37.851783752441406
1,FINAL_QDIFFCL,0.6016301512718201,52.19838333129883
1,FINAL_QDIFFCL,6.3609747886657715,34.03509521484375
1,FINAL_QDIFFCL,43.016090393066406,32.0966796875
1,FINAL_QDIFFCL,-2.544416666030884,53.37504959106445
1,FINAL_QDIFFCL,41.973968505859375,32.13392639160156
1,FINAL_QDIFFCL,25.289752960205078,35.74690246582031
1,FINAL_QDIFFCL,17.468303680419922,36.545570373535156
1,FINAL_QDIFFCL,-4.411137580871582,49.90834045410156
1,FINAL_QDIFFCL,20.422286987304688,39.08660125732422
1,FINAL_QDIFFCL,35.51600646972656,32.57960891723633
1,FINAL_QDIFFCL,-7.08351993560791,40.86681365966797
1,FINAL_QDIFFCL,5.490762233734131,69.66856384277344
0,FINAL_QDIFFCL,32.95443344116211,38.03688430786133
0,FINAL_QDIFFCL,23.46226692199707,34.1308479309082
1,FINAL_QDIFFCL,0.7314583659172058,37.05755615234375
1,FINAL_QDIFFCL,-4.760666847229004,45.494964599609375
1,FINAL_QDIFFCL,0.037439052015542984,37.212032318115234
1,FINAL_QDIFFCL,37.84806823730469,34.286407470703125
1,FINAL_QDIFFCL,36.29743957519531,32.73198699951172
1,FINAL_QDIFFCL,-3.1660513877868652,55.32180404663086
1,FINAL_QDIFFCL,6.574438571929932,64.79438018798828
1,FINAL_QDIFFCL,7.0383524894714355,61.820308685302734
1,FINAL_QDIFFCL,64.35663604736328,19.749013900756836
1,FINAL_QDIFFCL,63.25308609008789,20.58177947998047
1,FINAL_QDIFFCL,37.354156494140625,36.83784866333008
1,FINAL_QDIFFCL,43.059627532958984,34.13872146606445
1,FINAL_QDIFFCL,5.779251575469971,64.52840423583984
1,FINAL_QDIFFCL,2.6007614135742188,74.08831787109375
0,FINAL_QDIFFCL,65.41112518310547,18.82403564453125
0,FINAL_QDIFFCL,3.6945395469665527,57.434635162353516
0,FINAL_QDIFFCL,4.661543846130371,73.11438751220703
0,FINAL_QDIFFCL,22.96490478515625,35.34901428222656
1,FINAL_QDIFFCL,-18.741445541381836,66.24449920654297
1,FINAL_QDIFFCL,-24.67398452758789,57.38506317138672
1,FINAL_QDIFFCL,-21.800336837768555,61.271202087402344
1,FINAL_QDIFFCL,-7.583726406097412,73.81033325195312
1,FINAL_QDIFFCL,0.3911304771900177,74.09294128417969
1,FINAL_QDIFFCL,1.5984013080596924,74.93871307373047
1,FINAL_QDIFFCL,-7.655757427215576,73.6041030883789
1,FINAL_QDIFFCL,1.8084684610366821,75.26232147216797
1,FINAL_QDIFFCL,-8.079535484313965,73.59528350830078
1,FINAL_QDIFFCL,-22.277463912963867,61.49018478393555
1,FINAL_QDIFFCL,0.03909542039036751,53.24703598022461
1,FINAL_QDIFFCL,-3.3868441581726074,42.076114654541016
1,FINAL_QDIFFCL,31.800867080688477,37.630027770996094
1,FINAL_QDIFFCL,-9.340405464172363,73.90316009521484
1,FINAL_QDIFFCL,-21.183488845825195,62.715877532958984
1,FINAL_QDIFFCL,-18.85308265686035,64.93750762939453
1,FINAL_QDIFFCL,-14.70819091796875,70.17962646484375
1,FINAL_QDIFFCL,3.882697343826294,64.02518463134766
1,FINAL_QDIFFCL,-14.330595016479492,71.26018524169922
1,FINAL_QDIFFCL,-18.71429443359375,67.0859146118164
0,FINAL_QDIFFCL,51.36854553222656,27.03554916381836
0,FINAL_QDIFFCL,59.13971710205078,21.204986572265625
0,FINAL_QDIFFCL,15.982512474060059,31.930870056152344
1,FINAL_QDIFFCL,6.115767002105713,68.68878936767578
1,FINAL_QDIFFCL,-2.5974175930023193,46.97389602661133
1,FINAL_QDIFFCL,0.08901949226856232,53.033477783203125
1,FINAL_QDIFFCL,-9.010777473449707,74.11907958984375
1,FINAL_QDIFFCL,-12.185737609863281,72.19739532470703
1,FINAL_QDIFFCL,-1.012593388557434,74.81312561035156
1,FINAL_QDIFFCL,1.0291937589645386,50.96744155883789
1,FINAL_QDIFFCL,3.216510057449341,54.01763153076172
1,FINAL_QDIFFCL,-17.4649600982666,66.83051300048828
1,FINAL_QDIFFCL,-26.315370559692383,55.359352111816406
1,FINAL_QDIFFCL,-21.673660278320312,60.923831939697266
1,FINAL_QDIFFCL,-2.3247978687286377,51.33134841918945
1,FINAL_QDIFFCL,2.080139398574829,53.519386291503906
1,FINAL_QDIFFCL,-4.0693535804748535,45.35508346557617
1,FINAL_QDIFFCL,-14.6785306930542,70.00578308105469
1,FINAL_QDIFFCL,-16.958940505981445,65.650146484375
1,FINAL_QDIFFCL,-17.58576202392578,66.45909881591797
1,FINAL_QDIFFCL,-18.294389724731445,65.85260772705078
1,FINAL_QDIFFCL,-13.212584495544434,71.0094223022461
1,FINAL_QDIFFCL,-9.049697875976562,73.0947036743164
1,FINAL_QDIFFCL,-8.422883033752441,73.13216400146484
0,FINAL_QDIFFCL,60.84845733642578,22.947509765625
0,FINAL_QDIFFCL,3.6944894790649414,57.43454360961914
0,FINAL_QDIFFCL,4.661543846130371,73.11438751220703
1,FINAL_QDIFFCL,-19.336122512817383,65.13726043701172
1,FINAL_QDIFFCL,-30.269817352294922,44.82000732421875
1,FINAL_QDIFFCL,-26.675708770751953,53.285213470458984
1,FINAL_QDIFFCL,-25.14612579345703,56.85460662841797
1,FINAL_QDIFFCL,-17.993284225463867,66.302734375
1,FINAL_QDIFFCL,-27.6357479095459,51.7872200012207
1,FINAL_QDIFFCL,-30.23448944091797,45.194419860839844
1,FINAL_QDIFFCL,-29.6466121673584,46.590538024902344
1,FINAL_QDIFFCL,-30.711109161376953,42.72734451293945
1,FINAL_QDIFFCL,-27.636554718017578,51.327796936035156
1,FINAL_QDIFFCL,-9.102751731872559,73.5459976196289
1,FINAL_QDIFFCL,-12.548208236694336,71.6902847290039
1,FINAL_QDIFFCL,-12.503094673156738,71.78389739990234
1,FINAL_QDIFFCL,-21.2008113861084,63.87910079956055
1,FINAL_QDIFFCL,-25.441020965576172,56.38296890258789
1,FINAL_QDIFFCL,-27.89434814453125,50.96904373168945
0,FINAL_QDIFFCL,51.36854553222656,27.03554916381836
0,FINAL_QDIFFCL,59.13972091674805,21.204978942871094
1,FINAL_QDIFFCL,-29.903827667236328,46.42831039428711
1,FINAL_QDIFFCL,-26.894105911254883,52.86220932006836
1,FINAL_QDIFFCL,-26.502662658691406,53.370853424072266
1,FINAL_QDIFFCL,-28.180421829223633,50.47242736816406
1,FINAL_QDIFFCL,-25.197769165039062,56.975563049316406
1,FINAL_QDIFFCL,-29.789325714111328,47.223670959472656
1,FINAL_QDIFFCL,-28.02166748046875,51.02506637573242
1,FINAL_QDIFFCL,-29.480941772460938,47.29052734375
1,FINAL_QDIFFCL,-28.065242767333984,50.57090759277344
1,FINAL_QDIFFCL,-26.32140350341797,54.092994689941406
1,FINAL_QDIFFCL,-26.048593521118164,54.62521743774414
1,FINAL_QDIFFCL,-26.68096160888672,53.476261138916016
1,FINAL_QDIFFCL,-29.661293029785156,47.192935943603516
0,FINAL_QDIFFCL,12.28622817993164,35.25469970703125
0,FINAL_QDIFFCL,3.6945242881774902,57.43461608886719
1,FINAL_QDIFFCL,-30.776493072509766,42.50507354736328
1,FINAL_QDIFFCL,-34.25907516479492,33.202362060546875
1,FINAL_QDIFFCL,-40.227481842041016,26.3794002532959
1,FINAL_QDIFFCL,-40.26496505737305,26.21683692932129
1,FINAL_QDIFFCL,-43.63737869262695,23.960744857788086
1,FINAL_QDIFFCL,-45.281654357910156,22.85173797607422
1,FINAL_QDIFFCL,-42.77109909057617,24.483081817626953
1,FINAL_QDIFFCL,-43.03595733642578,24.34577751159668
1,FINAL_QDIFFCL,-40.17930221557617,26.937925338745117
1,FINAL_QDIFFCL,-34.89363098144531,32.1246337890625
1,FINAL_QDIFFCL,-35.810787200927734,30.768131256103516
1,FINAL_QDIFFCL,-35.7473030090332,30.756656646728516
1,FINAL_QDIFFCL,-34.49018478393555,32.818450927734375
1,FINAL_QDIFFCL,-33.28774642944336,35.28079605102539
1,FINAL_QDIFFCL,-35.73830795288086,30.863332748413086
1,FINAL_QDIFFCL,-34.72248840332031,32.40679168701172
1,FINAL_QDIFFCL,-33.918941497802734,33.9085578918457
0,FINAL_QDIFFCL,51.36854553222656,27.03554916381836
0,FINAL_QDIFFCL,23.46230125427246,34.13084030151367
0,FINAL_QDIFFCL,15.98253345489502,31.930883407592773
1,FINAL_QDIFFCL,-33.375423431396484,35.05903625488281
1,FINAL_QDIFFCL,-35.357540130615234,31.451568603515625
1,FINAL_QDIFFCL,-34.02949523925781,33.69366455078125
1,FINAL_QDIFFCL,-36.763526916503906,29.086566925048828
1,FINAL_QDIFFCL,-34.38847351074219,32.98217010498047
1,FINAL_QDIFFCL,-33.00697708129883,35.92097091674805
1,FINAL_QDIFFCL,-32.39524841308594,37.59254837036133
1,FINAL_QDIFFCL,-32.60334777832031,36.90092468261719
1,FINAL_QDIFFCL,-32.109588623046875,38.089759826660156
1,FINAL_QDIFFCL,-36.01320266723633,30.582904815673828
1,FINAL_QDIFFCL,-34.31893539428711,33.151161193847656
1,FINAL_QDIFFCL,-34.028076171875,33.665489196777344
1,FINAL_QDIFFCL,-37.22767639160156,28.725509643554688
1,FINAL_QDIFFCL,-43.18524169921875,24.303369522094727
1,FINAL_QDIFFCL,-50.72060012817383,17.983680725097656
1,FINAL_QDIFFCL,-51.274620056152344,14.635017395019531
1,FINAL_QDIFFCL,-51.3631477355957,13.55002498626709
1,FINAL_QDIFFCL,-51.055789947509766,16.816177368164062
1,FINAL_QDIFFCL,-50.54587936401367,17.262100219726562
1,FINAL_QDIFFCL,-48.947357177734375,19.37506675720215
0,FINAL_QDIFFCL,60.84846878051758,22.947505950927734
1,FINAL_QDIFFCL,-15.438352584838867,69.88704681396484
1,FINAL_QDIFFCL,-44.94927978515625,23.080347061157227
1,FINAL_QDIFFCL,-45.09626007080078,22.978084564208984
1,FINAL_QDIFFCL,-43.2864990234375,24.121427536010742
1,FINAL_QDIFFCL,-51.36904525756836,12.839071273803711
1,FINAL_QDIFFCL,-40.14300537109375,26.05961799621582
1,FINAL_QDIFFCL,-41.69536590576172,25.193422317504883
1,FINAL_QDIFFCL,-33.37810516357422,35.05597686767578
1,FINAL_QDIFFCL,-32.267967224121094,37.167518615722656
1,FINAL_QDIFFCL,-34.39313888549805,32.99863052368164
1,FINAL_QDIFFCL,-35.460914611816406,30.78614616394043
1,FINAL_QDIFFCL,-42.302406311035156,24.821441650390625
1,FINAL_QDIFFCL,-43.116329193115234,24.144611358642578
0,FINAL_QDIFFCL,51.36854934692383,27.035547256469727
0,FINAL_QDIFFCL,32.954429626464844,38.03688430786133
1,FINAL_QDIFFCL,-23.847341537475586,59.529273986816406
1,FINAL_QDIFFCL,-44.23579025268555,23.55827522277832
1,FINAL_QDIFFCL,-48.23773193359375,19.96482276916504
1,FINAL_QDIFFCL,-49.921165466308594,15.94351863861084
1,FINAL_QDIFFCL,-49.76081085205078,16.015586853027344
1,FINAL_QDIFFCL,-48.346923828125,19.483625411987305
1,FINAL_QDIFFCL,-42.6043815612793,24.808820724487305
1,FINAL_QDIFFCL,-44.81289291381836,23.16090965270996
1,FINAL_QDIFFCL,-39.375125885009766,27.412973403930664
1,FINAL_QDIFFCL,-43.24378967285156,24.466745376586914
1,FINAL_QDIFFCL,-45.095703125,22.95223045349121
1,FINAL_QDIFFCL,-48.096717834472656,19.833200454711914
1,FINAL_QDIFFCL,-49.00054168701172,17.874515533447266
1,FINAL_QDIFFCL,-42.45918655395508,24.49281120300293
1,FINAL_QDIFFCL,-43.93687438964844,23.735563278198242
1,FINAL_QDIFFCL,-44.520233154296875,23.373672485351562
1,FINAL_QDIFFCL,-51.73242950439453,11.819490432739258
1,FINAL_QDIFFCL,-51.63724899291992,12.205337524414062
1,FINAL_QDIFFCL,-50.71806716918945,17.90412139892578
1,FINAL_QDIFFCL,-48.547794342041016,20.31850242614746
0,FINAL_QDIFFCL,65.41112518310547,18.82403564453125
0,FINAL_QDIFFCL,12.285594940185547,35.256568908691406
1,FINAL_QDIFFCL,-31.421592712402344,41.149314880371094
1,FINAL_QDIFFCL,-31.66946792602539,39.579200744628906
1,FINAL_QDIFFCL,-31.308195114135742,39.47227478027344
1,FINAL_QDIFFCL,-31.103736877441406,40.573333740234375
1,FINAL_QDIFFCL,-30.884292602539062,42.14899444580078
1,FINAL_QDIFFCL,-29.707855224609375,46.44578552246094
1,FINAL_QDIFFCL,-31.06533432006836,41.659820556640625
1,FINAL_QDIFFCL,-31.6163272857666,40.20285415649414
1,FINAL_QDIFFCL,-31.141054153442383,41.540523529052734
1,FINAL_QDIFFCL,-31.02461814880371,41.57977294921875
1,FINAL_QDIFFCL,-31.370210647583008,40.08344268798828
1,FINAL_QDIFFCL,-31.403303146362305,40.444801330566406
1,FINAL_QDIFFCL,-31.225833892822266,40.99525833129883
1,FINAL_QDIFFCL,-30.87326431274414,40.60123825073242
1,FINAL_QDIFFCL,-31.088716506958008,39.99521255493164
0,FINAL_QDIFFCL,59.13971710205078,21.204986572265625
0,FINAL_QDIFFCL,23.462295532226562,34.13080978393555
0,FINAL_QDIFFCL,43.80805206298828,33.3009147644043
1,FINAL_QDIFFCL,-31.04555320739746,41.85727310180664
1,FINAL_QDIFFCL,-31.717557907104492,40.14548873901367
1,FINAL_QDIFFCL,-31.934234619140625,38.50833511352539
1,FINAL_QDIFFCL,-31.559032440185547,39.95509719848633
1,FINAL_QDIFFCL,-31.294898986816406,41.04768753051758
1,FINAL_QDIFFCL,-31.027341842651367,41.43920135498047
1,FINAL_QDIFFCL,-30.967817306518555,40.345863342285156
1,FINAL_QDIFFCL,-30.84712028503418,40.8001594543457
1,FINAL_QDIFFCL,-31.500980377197266,40.39830780029297
1,FINAL_QDIFFCL,-31.735145568847656,39.39653778076172
1,FINAL_QDIFFCL,-32.30986785888672,37.742469787597656
1,FINAL_QDIFFCL,-32.42954635620117,37.362030029296875
1,FINAL_QDIFFCL,-31.274803161621094,41.095001220703125
1,FINAL_QDIFFCL,-30.084300994873047,45.264312744140625
1,FINAL_QDIFFCL,-31.00879669189453,41.80339431762695
1,FINAL_QDIFFCL,-31.58440399169922,39.88045120239258
1,FINAL_QDIFFCL,-32.01510238647461,38.320987701416016
1,FINAL_QDIFFCL,-31.733484268188477,39.215335845947266
0,FINAL_QDIFFCL,65.41112518310547,18.82403564453125
0,FINAL_QDIFFCL,60.84848403930664,22.947492599487305
0,FINAL_QDIFFCL,12.285634994506836,35.256591796875
0,FINAL_QDIFFCL,3.6945788860321045,57.43466567993164
0,FINAL_QDIFFCL,16.244348526000977,32.49597930908203
0,FINAL_QDIFFCL,22.964876174926758,35.34901428222656
1,FINAL_QDIFFCL,5.622098922729492,38.15547561645508
1,FINAL_QDIFFCL,5.602113723754883,69.30050659179688
1,FINAL_QDIFFCL,3.5257089138031006,60.18611145019531
1,FINAL_QDIFFCL,3.6584253311157227,61.00236892700195
1,FINAL_QDIFFCL,38.22687911987305,32.05832290649414
1,FINAL_QDIFFCL,15.306879997253418,38.92435836791992
1,FINAL_QDIFFCL,31.28910255432129,34.0167121887207
1,FINAL_QDIFFCL,52.33060073852539,26.832307815551758
1,FINAL_QDIFFCL,42.77981185913086,32.44997024536133
1,FINAL_QDIFFCL,54.905181884765625,26.544309616088867
1,FINAL_QDIFFCL,-2.5245838165283203,41.2139892578125
1,FINAL_QDIFFCL,2.053412675857544,33.98434066772461
1,FINAL_QDIFFCL,20.588607788085938,34.43720245361328
1,FINAL_QDIFFCL,41.45480728149414,31.382226943969727
1,FINAL_QDIFFCL,5.538419246673584,38.28681182861328
1,FINAL_QDIFFCL,32.21352005004883,35.89751434326172
1,FINAL_QDIFFCL,11.3486328125,38.17051696777344
1,FINAL_QDIFFCL,-6.9935431480407715,48.08475112915039
1,FINAL_QDIFFCL,-6.141208171844482,38.163291931152344
1,FINAL_QDIFFCL,1.9600447416305542,60.4413948059082
0,FINAL_QDIFFCL,59.13971710205078,21.204988479614258
0,FINAL_QDIFFCL,43.80805969238281,33.3009147644043
1,FINAL_QDIFFCL,5.785427093505859,36.94953155517578
1,FINAL_QDIFFCL,0.06235282123088837,50.69513702392578
1,FINAL_QDIFFCL,30.460693359375,35.33522033691406
1,FINAL_QDIFFCL,4.610683917999268,38.68782424926758
1,FINAL_QDIFFCL,-7.52656888961792,47.364749908447266
1,FINAL_QDIFFCL,39.02570724487305,36.984012603759766
1,FINAL_QDIFFCL,4.0499749183654785,56.21574020385742
1,FINAL_QDIFFCL,10.20028018951416,34.870357513427734
1,FINAL_QDIFFCL,50.879695892333984,28.554855346679688
1,FINAL_QDIFFCL,61.24583053588867,21.588245391845703
1,FINAL_QDIFFCL,41.30839157104492,35.250885009765625
1,FINAL_QDIFFCL,3.71905255317688,34.63653564453125
1,FINAL_QDIFFCL,5.302210330963135,63.104129791259766
1,FINAL_QDIFFCL,5.227423667907715,70.74371337890625
1,FINAL_QDIFFCL,1.3530972003936768,74.76599884033203
0,FINAL_QDIFFCL,16.244340896606445,32.49597930908203
1,FINAL_QDIFFCL,-17.117727279663086,67.72076416015625
1,FINAL_QDIFFCL,-0.9477275013923645,75.01485443115234
1,FINAL_QDIFFCL,-1.4927784204483032,74.85871124267578
1,FINAL_QDIFFCL,-11.402573585510254,72.4256591796875
1,FINAL_QDIFFCL,24.778318405151367,36.88408279418945
1,FINAL_QDIFFCL,-15.235404014587402,70.22393798828125
1,FINAL_QDIFFCL,-24.75330352783203,56.837074279785156
1,FINAL_QDIFFCL,-27.50518226623535,51.99514389038086
1,FINAL_QDIFFCL,-26.940706253051758,53.83838653564453
1,FINAL_QDIFFCL,-8.565923690795898,73.80105590820312
1,FINAL_QDIFFCL,0.9560717940330505,74.6770248413086
1,FINAL_QDIFFCL,1.0980989933013916,58.98088073730469
1,FINAL_QDIFFCL,4.035976409912109,37.00878143310547
1,FINAL_QDIFFCL,-12.47064208984375,71.47257232666016
1,FINAL_QDIFFCL,-9.811517715454102,73.27490234375
1,FINAL_QDIFFCL,-10.199261665344238,72.77161407470703
1,FINAL_QDIFFCL,7.854204177856445,39.206871032714844
1,FINAL_QDIFFCL,-3.5968313217163086,54.41371154785156
0,FINAL_QDIFFCL,43.80805969238281,33.3009147644043
1,FINAL_QDIFFCL,2.0030245780944824,74.28401947021484
1,FINAL_QDIFFCL,-18.807415008544922,65.67755126953125
1,FINAL_QDIFFCL,-16.268028259277344,68.15081024169922
1,FINAL_QDIFFCL,-10.338196754455566,72.58824157714844
1,FINAL_QDIFFCL,-17.569942474365234,67.68488311767578
1,FINAL_QDIFFCL,-0.5859836339950562,74.88063049316406
1,FINAL_QDIFFCL,-12.245089530944824,71.38897705078125
1,FINAL_QDIFFCL,-16.755590438842773,67.97557830810547
1,FINAL_QDIFFCL,-14.748451232910156,69.65727996826172
1,FINAL_QDIFFCL,-8.064809799194336,73.55210876464844
1,FINAL_QDIFFCL,-14.734618186950684,70.02693176269531
1,FINAL_QDIFFCL,-9.172090530395508,73.88300323486328
1,FINAL_QDIFFCL,-5.1744489669799805,52.25062561035156
1,FINAL_QDIFFCL,-5.315112113952637,52.22677993774414
1,FINAL_QDIFFCL,-24.439590454101562,59.33030319213867
1,FINAL_QDIFFCL,-24.69025421142578,58.722129821777344
1,FINAL_QDIFFCL,-11.304265975952148,72.14917755126953
1,FINAL_QDIFFCL,-22.99203109741211,59.22550964355469
1,FINAL_QDIFFCL,-18.063373565673828,65.69995880126953
0,FINAL_QDIFFCL,65.41112518310547,18.82403564453125
0,FINAL_QDIFFCL,4.661543846130371,73.11438751220703
1,FINAL_QDIFFCL,-5.4123454093933105,46.065399169921875
1,FINAL_QDIFFCL,-53.374839782714844,5.2762603759765625
1,FINAL_QDIFFCL,-53.069271087646484,6.620847225189209
1,FINAL_QDIFFCL,-50.951072692871094,14.374486923217773
1,FINAL_QDIFFCL,-52.91114044189453,7.286116123199463
1,FINAL_QDIFFCL,-51.09803771972656,14.011932373046875
1,FINAL_QDIFFCL,-53.20990753173828,5.778542518615723
1,FINAL_QDIFFCL,-54.0272331237793,3.018613815307617
1,FINAL_QDIFFCL,-53.505496978759766,4.807645320892334
1,FINAL_QDIFFCL,-54.01436996459961,3.0468921661376953
1,FINAL_QDIFFCL,-54.128665924072266,2.7620015144348145
1,FINAL_QDIFFCL,-51.475189208984375,12.62165355682373
1,FINAL_QDIFFCL,-52.93714904785156,7.202831268310547
1,FINAL_QDIFFCL,-53.39165115356445,5.303061485290527
1,FINAL_QDIFFCL,-54.20273208618164,2.601783275604248
1,FINAL_QDIFFCL,-52.8129768371582,7.6790289878845215
1,FINAL_QDIFFCL,-53.53400802612305,4.688919544219971
1,FINAL_QDIFFCL,-52.895267486572266,7.35183572769165
1,FINAL_QDIFFCL,-52.92597579956055,7.228485107421875
1,FINAL_QDIFFCL,-54.39127731323242,2.1610209941864014
1,FINAL_QDIFFCL,-54.091800689697266,2.8645715713500977
1,FINAL_QDIFFCL,-53.67122268676758,4.148897647857666
0,FINAL_QDIFFCL,43.80805969238281,33.3009147644043
1,FINAL_QDIFFCL,-44.30432891845703,23.507387161254883
1,FINAL_QDIFFCL,-53.43760681152344,5.197437286376953
1,FINAL_QDIFFCL,-53.88569641113281,3.3914968967437744
1,FINAL_QDIFFCL,-53.70664596557617,4.011948585510254
1,FINAL_QDIFFCL,-53.36506271362305,5.449228763580322
1,FINAL_QDIFFCL,-53.20337677001953,6.239848613739014
1,FINAL_QDIFFCL,-53.29731750488281,5.7745041847229
1,FINAL_QDIFFCL,-53.67668533325195,4.092409610748291
1,FINAL_QDIFFCL,-50.90694046020508,14.678613662719727
1,FINAL_QDIFFCL,-50.40510177612305,16.605810165405273
1,FINAL_QDIFFCL,-51.07960510253906,14.01610279083252
1,FINAL_QDIFFCL,-53.3204345703125,5.541283130645752
1,FINAL_QDIFFCL,-52.95598602294922,7.029331684112549
1,FINAL_QDIFFCL,-53.19464111328125,6.182229518890381
1,FINAL_QDIFFCL,-52.87395477294922,7.438196659088135
1,FINAL_QDIFFCL,-51.5228385925293,12.480134963989258
1,FINAL_QDIFFCL,-53.08554458618164,6.562536716461182
1,FINAL_QDIFFCL,-54.185855865478516,2.6371266841888428
1,FINAL_QDIFFCL,-54.14104461669922,2.7213447093963623
1,FINAL_QDIFFCL,-53.48591995239258,4.998490333557129
1,FINAL_QDIFFCL,-53.412899017333984,5.475035190582275
0,FINAL_QDIFFCL,12.286126136779785,35.25474166870117
0,FINAL_QDIFFCL,3.6945858001708984,57.43467330932617
0,FINAL_QDIFFCL,16.244583129882812,32.49610137939453
1,FINAL_QDIFFCL,2.922976016998291,59.3868293762207
1,FINAL_QDIFFCL,-40.10963439941406,26.047168731689453
1,FINAL_QDIFFCL,-50.24623107910156,17.14455795288086
1,FINAL_QDIFFCL,-51.06904220581055,14.380735397338867
1,FINAL_QDIFFCL,-54.409461975097656,2.1147708892822266
1,FINAL_QDIFFCL,-54.32788848876953,2.184213161468506
1,FINAL_QDIFFCL,-53.92550277709961,2.7586586475372314
1,FINAL_QDIFFCL,-52.588836669921875,5.772462844848633
1,FINAL_QDIFFCL,-52.19595718383789,9.503899574279785
1,FINAL_QDIFFCL,-52.23646926879883,9.472640991210938
1,FINAL_QDIFFCL,-52.38029479980469,9.788406372070312
1,FINAL_QDIFFCL,-51.9299201965332,9.73963737487793
1,FINAL_QDIFFCL,-52.047088623046875,9.605761528015137
1,FINAL_QDIFFCL,-52.33277893066406,9.698941230773926
1,FINAL_QDIFFCL,-52.371795654296875,9.950268745422363
1,FINAL_QDIFFCL,-52.36946487426758,9.913606643676758
0,FINAL_QDIFFCL,23.462385177612305,34.13082504272461
0,FINAL_QDIFFCL,4.475623607635498,33.261478424072266
1,FINAL_QDIFFCL,-5.770605087280273,50.507816314697266
1,FINAL_QDIFFCL,-35.37345886230469,31.2855167388916
1,FINAL_QDIFFCL,-44.479393005371094,23.392887115478516
1,FINAL_QDIFFCL,-49.6005973815918,17.319698333740234
1,FINAL_QDIFFCL,-51.67707824707031,11.838983535766602
1,FINAL_QDIFFCL,-51.48489761352539,12.793973922729492
1,FINAL_QDIFFCL,-52.72551345825195,7.562196254730225
1,FINAL_QDIFFCL,-52.95689010620117,6.151810169219971
1,FINAL_QDIFFCL,-53.958133697509766,3.086613655090332
1,FINAL_QDIFFCL,-54.15540313720703,2.4301044940948486
1,FINAL_QDIFFCL,-52.2365608215332,9.36309814453125
1,FINAL_QDIFFCL,-52.076114654541016,9.55545711517334
1,FINAL_QDIFFCL,-52.004032135009766,10.240737915039062
1,FINAL_QDIFFCL,-51.9567985534668,10.212098121643066
1,FINAL_QDIFFCL,-51.85918426513672,9.994353294372559
1,FINAL_QDIFFCL,-51.842777252197266,9.952922821044922
1,FINAL_QDIFFCL,-51.85737991333008,9.931012153625488
1,FINAL_QDIFFCL,-52.20228576660156,10.196596145629883
1,FINAL_QDIFFCL,-52.02827453613281,10.310221672058105
1,FINAL_QDIFFCL,-52.21186828613281,10.15695858001709
1,FINAL_QDIFFCL,-52.19987487792969,10.199995994567871
0,FINAL_QDIFFCL,65.54444885253906,18.995094299316406
0,FINAL_QDIFFCL,60.84848403930664,22.947490692138672
0,FINAL_QDIFFCL,3.6945858001708984,57.43467330932617
1,FINAL_QDIFFCL,-17.00240707397461,67.87698364257812
1,FINAL_QDIFFCL,-22.477474212646484,61.223411560058594
1,FINAL_QDIFFCL,-17.151838302612305,67.95289611816406
1,FINAL_QDIFFCL,-10.119050025939941,73.43989562988281
1,FINAL_QDIFFCL,-11.536049842834473,72.26032257080078
1,FINAL_QDIFFCL,-12.935123443603516,71.40940856933594
1,FINAL_QDIFFCL,-16.764835357666016,68.35686492919922
1,FINAL_QDIFFCL,-18.551525115966797,66.64474487304688
1,FINAL_QDIFFCL,-13.856329917907715,70.45579528808594
1,FINAL_QDIFFCL,-13.967321395874023,70.26896667480469
1,FINAL_QDIFFCL,-24.40923500061035,58.6458740234375
1,FINAL_QDIFFCL,-19.400592803955078,66.26665496826172
1,FINAL_QDIFFCL,-16.89446258544922,68.55866241455078
1,FINAL_QDIFFCL,-19.287878036499023,65.47233581542969
1,FINAL_QDIFFCL,-13.355480194091797,70.77703094482422
1,FINAL_QDIFFCL,-16.350793838500977,68.5039291381836
1,FINAL_QDIFFCL,-19.307035446166992,66.39553833007812
1,FINAL_QDIFFCL,-19.394947052001953,66.32816314697266
1,FINAL_QDIFFCL,-18.412137985229492,67.25263977050781
1,FINAL_QDIFFCL,-21.67527961730957,61.87621307373047
1,FINAL_QDIFFCL,-19.061235427856445,65.90238189697266
1,FINAL_QDIFFCL,-12.45376205444336,71.82624816894531
1,FINAL_QDIFFCL,-9.692021369934082,74.00505065917969
1,FINAL_QDIFFCL,-19.673917770385742,66.25116729736328
0,FINAL_QDIFFCL,51.36854934692383,27.03554916381836
0,FINAL_QDIFFCL,59.13971710205078,21.20499038696289
0,FINAL_QDIFFCL,23.462343215942383,34.13078308105469
1,FINAL_QDIFFCL,-17.387147903442383,67.48957824707031
1,FINAL_QDIFFCL,-16.962879180908203,67.14219665527344
1,FINAL_QDIFFCL,-22.099924087524414,61.873291015625
1,FINAL_QDIFFCL,-21.218955993652344,62.35313034057617
1,FINAL_QDIFFCL,-22.017627716064453,61.802433013916016
1,FINAL_QDIFFCL,-20.924837112426758,63.122005462646484
1,FINAL_QDIFFCL,-16.250579833984375,68.96548461914062
1,FINAL_QDIFFCL,-21.950361251831055,62.901580810546875
1,FINAL_QDIFFCL,-9.852018356323242,72.91021728515625
1,FINAL_QDIFFCL,-13.634760856628418,70.4818115234375
1,FINAL_QDIFFCL,-15.021503448486328,69.24853515625
1,FINAL_QDIFFCL,-23.790647506713867,59.743385314941406
1,FINAL_QDIFFCL,-18.10317039489746,66.64311218261719
1,FINAL_QDIFFCL,-16.81418800354004,67.78556823730469
1,FINAL_QDIFFCL,-20.014575958251953,63.86589431762695
1,FINAL_QDIFFCL,-13.531075477600098,70.72622680664062
1,FINAL_QDIFFCL,-19.996286392211914,64.3620376586914
1,FINAL_QDIFFCL,-21.65399932861328,62.38468551635742
1,FINAL_QDIFFCL,-25.486665725708008,56.53257369995117
0,FINAL_QDIFFCL,65.54444885253906,18.995094299316406
0,FINAL_QDIFFCL,4.661544322967529,73.11439514160156
1,FINAL_QDIFFCL,-2.0064947605133057,74.93043518066406
1,FINAL_QDIFFCL,-28.945098876953125,49.3889274597168
1,FINAL_QDIFFCL,-20.389488220214844,63.492828369140625
1,FINAL_QDIFFCL,-27.610570907592773,51.677085876464844
1,FINAL_QDIFFCL,-27.87346076965332,51.40471267700195
1,FINAL_QDIFFCL,-28.894014358520508,49.2506103515625
1,FINAL_QDIFFCL,-26.66349220275879,53.95509719848633
1,FINAL_QDIFFCL,-24.791112899780273,57.06270217895508
1,FINAL_QDIFFCL,-29.80287742614746,47.799137115478516
1,FINAL_QDIFFCL,-23.53287124633789,59.310028076171875
1,FINAL_QDIFFCL,-26.030712127685547,55.253719329833984
1,FINAL_QDIFFCL,-27.68148422241211,51.84193420410156
1,FINAL_QDIFFCL,-24.409395217895508,57.78133773803711
1,FINAL_QDIFFCL,-22.931610107421875,59.625980377197266
1,FINAL_QDIFFCL,-21.47718620300293,61.992149353027344
1,FINAL_QDIFFCL,-26.30739402770996,53.997440338134766
1,FINAL_QDIFFCL,-22.83316993713379,60.21479034423828
1,FINAL_QDIFFCL,-21.223058700561523,62.226348876953125
1,FINAL_QDIFFCL,-20.836811065673828,62.56815719604492
1,FINAL_QDIFFCL,-28.798965454101562,49.97831726074219
1,FINAL_QDIFFCL,-29.634069442749023,48.37001419067383
1,FINAL_QDIFFCL,-27.159343719482422,54.40664291381836
1,FINAL_QDIFFCL,-27.54126739501953,53.8650016784668
1,FINAL_QDIFFCL,-17.860254287719727,66.8897476196289
1,FINAL_QDIFFCL,-30.08911895751953,47.26838684082031
1,FINAL_QDIFFCL,-21.110305786132812,61.46613311767578
1,FINAL_QDIFFCL,-24.576242446899414,57.8642692565918
1,FINAL_QDIFFCL,-27.441162109375,53.884498596191406
1,FINAL_QDIFFCL,-27.975666046142578,52.33761215209961
1,FINAL_QDIFFCL,-26.4760799407959,55.10373306274414
1,FINAL_QDIFFCL,-28.787309646606445,49.75890350341797
1,FINAL_QDIFFCL,-27.25641632080078,52.599815368652344
1,FINAL_QDIFFCL,-28.47523307800293,50.13068771362305
1,FINAL_QDIFFCL,-30.203683853149414,45.853328704833984
1,FINAL_QDIFFCL,-24.436969757080078,57.817955017089844
1,FINAL_QDIFFCL,-25.634428024291992,56.0003662109375
1,FINAL_QDIFFCL,-29.685741424560547,47.882144927978516
1,FINAL_QDIFFCL,-22.578161239624023,60.41703414916992
0,DCBR,24.880393981933594,-58.8958740234375
0,DCBR,8.639710426330566,-66.49026489257812
0,DCBR,37.38465881347656,0.5966407060623169
0,DCBR,38.56153106689453,5.327327728271484
0,DCBR,8.760269165039062,-40.49745559692383
0,DCBR,33.11137771606445,-6.229953765869141
0,DCBR,-11.653644561767578,-54.54644775390625
0,DCBR,-7.586644649505615,-62.90950393676758
0,DCBR,31.059175491333008,-4.8555827140808105
0,DCBR,-8.142706871032715,-60.915504455566406
0,DCBR,27.913738250732422,-59.74070358276367
0,DCBR,-6.294439315795898,-42.31104278564453
0,DCBR,6.032589435577393,-68.06400299072266
0,DCBR,1.086186170578003,-66.3014144897461
0,DCBR,-11.534146308898926,-46.23080825805664
0,DCBR,7.609114646911621,-38.43923568725586
0,DCBR,-2.5333476066589355,-67.38965606689453
0,DCBR,-10.606165885925293,-47.01846694946289
0,DCBR,2.4086499214172363,-38.4395866394043
0,DCBR,1.8795424699783325,-39.53193664550781
0,DCBR,-4.223119735717773,-67.5555191040039
0,DCBR,7.417457580566406,-39.0190315246582
0,DCBR,11.781852722167969,-67.62435150146484
0,DCBR,25.038841247558594,-58.314720153808594
0,DCBR,9.494452476501465,-65.5563735961914
0,DCBR,-6.693055629730225,-63.25130844116211
0,DCBR,38.69683837890625,0.33371174335479736
0,DCBR,-9.13937759399414,-49.094635009765625
0,DCBR,-7.245849609375,-44.11030197143555
0,DCBR,-12.242023468017578,-52.09794616699219
0,DCBR,-6.532297134399414,-63.619537353515625
0,DCBR,30.282426834106445,-57.319950103759766
0,DCBR,-9.847136497497559,-51.943538665771484
0,DCBR,-9.539400100708008,-50.94281005859375
0,DCBR,27.874004364013672,-59.46504592895508
0,DCBR,28.74178695678711,-58.5372428894043
0,DCBR,34.620216369628906,-4.694913864135742
0,DCBR,32.91609573364258,12.541290283203125
0,DCBR,34.67115783691406,11.400007247924805
0,DCBR,32.619728088378906,-4.188950538635254
0,DCBR,20.326745986938477,-63.961524963378906
0,DCBR,-2.9758126735687256,-66.01295471191406
0,DCBR,-13.64456844329834,-54.051544189453125
0,DCBR,-7.521056652069092,-57.31809616088867
0,DCBR,9.829548835754395,-66.21945190429688
0,DCBR,6.748510360717773,-69.81796264648438
0,DCBR,14.31773853302002,-69.51034545898438
0,DCBR,25.36567497253418,-61.033172607421875
0,DCBR,11.862860679626465,-68.29764556884766
0,DCBR,-6.401477813720703,-58.44784927368164
0,DCBR,-6.729069232940674,-57.59739685058594
0,DCBR,20.01726722717285,-62.973045349121094
0,DCBR,9.93091869354248,-71.0135726928711
0,DCBR,38.85600662231445,5.785057544708252
0,DCBR,0.957403838634491,-66.7469253540039
0,DCBR,9.627973556518555,-67.2684326171875
0,DCBR,12.46473217010498,-68.7593994140625
0,DCBR,20.886409759521484,-65.57763671875
0,DCBR,-9.421366691589355,-56.037418365478516
0,DCBR,23.125707626342773,-63.4649772644043
0,DCBR,29.967199325561523,-57.827980041503906
0,DCBR,27.568437576293945,14.5256986618042
0,DCBR,38.18674850463867,5.778707027435303
0,DCBR,39.62301254272461,4.832517623901367
0,DCBR,-3.77742862701416,-39.86674118041992
0,DCBR,7.3250885009765625,-67.07804870605469
0,DCBR,-9.778569221496582,-51.28342056274414
0,DCBR,-14.188765525817871,-52.89170837402344
0,DCBR,12.072575569152832,-68.82765197753906
0,DCBR,31.056900024414062,-56.72529602050781
0,DCBR,31.94294548034668,-56.0096549987793
0,DCBR,0.8255845904350281,-64.5940170288086
0,DCBR,3.7917320728302,-67.12144470214844
0,DCBR,-8.092950820922852,-62.82906723022461
0,DCBR,3.228118896484375,-39.63564682006836
0,DCBR,-1.9643796682357788,-68.05037689208984
0,DCBR,-10.210203170776367,-61.31914138793945
0,DCBR,-14.13824462890625,-58.49227523803711
0,DCBR,-13.24207878112793,-60.96706771850586
0,DCBR,-11.993907928466797,-44.85431671142578
0,DCBR,37.68660354614258,0.020840898156166077
0,DCBR,14.241226196289062,-35.13925552368164
0,DCBR,13.222174644470215,-35.51176834106445
0,DCBR,11.633008003234863,-35.04803466796875
0,DCBR,-6.022726535797119,-60.29072570800781
0,DCBR,-2.23050594329834,-62.89304733276367
0,DCBR,-9.573982238769531,-56.16788864135742
0,DCBR,21.418991088867188,-63.45626449584961
0,DCBR,30.33897590637207,-57.25091552734375
0,DCBR,25.894561767578125,-60.95355987548828
0,DCBR,-9.80942153930664,-45.80612564086914
0,DCBR,38.226959228515625,-0.15224213898181915
0,DCBR,13.768153190612793,-33.90903091430664
0,DCBR,33.36265563964844,-4.218807220458984
0,DCBR,38.268611907958984,3.1722121238708496
0,DCBR,-12.709451675415039,-59.142635345458984
0,DCBR,6.640669822692871,-69.33890533447266
0,DCBR,9.88771915435791,-66.42626190185547
0,DCBR,-11.347444534301758,-56.22093200683594
0,DCBR,12.785240173339844,-68.12744903564453
0,DCBR,6.102398872375488,-69.55609893798828
0,DCBR,-10.496907234191895,-57.901206970214844
0,DCBR,23.0657958984375,-61.699180603027344
0,DCBR,18.24324607849121,-66.30719757080078
0,DCBR,7.076884746551514,-40.22719192504883
0,DCBR,27.338977813720703,-60.405887603759766
0,DCBR,28.15191650390625,-59.62146759033203
0,DCBR,22.3686580657959,-63.26454162597656
0,DCBR,28.192289352416992,-58.709808349609375
0,DCBR,-9.47019100189209,-45.68266677856445
0,DCBR,15.08853816986084,-66.40680694580078
0,DCBR,13.42131233215332,-36.22503662109375
0,DCBR,27.058284759521484,14.544807434082031
0,DCBR,36.74945831298828,10.058609008789062
0,DCBR,1.0173784494400024,-37.42669677734375
0,DCBR,-8.511176109313965,-51.37992477416992
0,DCBR,37.86920166015625,9.586132049560547
0,DCBR,-2.466600179672241,-64.97779083251953
0,DCBR,13.915850639343262,-36.30276107788086
0,DCBR,0.6504579782485962,-64.94599914550781
0,DCBR,24.55848503112793,-59.91521453857422
0,DCBR,-13.398236274719238,-59.38496017456055
0,DCBR,-3.650966167449951,-66.99958038330078
0,DCBR,-3.9728119373321533,-42.0349235534668
0,DCBR,9.686172485351562,-39.290809631347656
0,DCBR,35.30738067626953,-5.887941837310791
0,DCBR,38.2982177734375,1.7459704875946045
0,DCBR,11.500314712524414,-36.30013656616211
0,DCBR,-3.7295539379119873,-41.92529296875
0,DCBR,-4.52110481262207,-40.73820877075195
0,DCBR,-4.513833522796631,-62.7728385925293
0,DCBR,-3.5006794929504395,-63.05546188354492
0,DCBR,-10.084614753723145,-57.965965270996094
0,DCBR,9.887314796447754,-38.53647994995117
0,DCBR,7.571302890777588,-37.124847412109375
0,DCBR,-2.5724804401397705,-43.268707275390625
0,DCBR,13.377345085144043,-65.9566879272461
0,DCBR,19.460105895996094,-63.66700744628906
0,DCBR,30.51683807373047,-57.1675910949707
0,DCBR,30.4464111328125,-57.049869537353516
0,DCBR,30.108932495117188,-57.53671646118164
0,DCBR,29.163755416870117,-58.07814025878906
0,DCBR,3.2933318614959717,-69.70111083984375
0,DCBR,23.73531723022461,-62.76646423339844
0,DCBR,-7.872962474822998,-64.83295440673828
0,DCBR,32.12886428833008,-4.5831098556518555
0,DCBR,-12.190474510192871,-46.436302185058594
0,DCBR,9.190159797668457,-39.71885681152344
0,DCBR,-15.62547492980957,-57.548152923583984
0,DCBR,-8.110812187194824,-43.144805908203125
0,DCBR,-9.45218276977539,-51.984588623046875
0,DCBR,-2.3132665157318115,-66.43698120117188
0,DCBR,9.864583015441895,-66.7698974609375
0,DCBR,-10.092768669128418,-57.64662551879883
0,DCBR,32.148433685302734,13.411887168884277
0,DCBR,26.84105682373047,14.586713790893555
0,DCBR,0.5871350765228271,-63.79481887817383
0,DCBR,24.677783966064453,-59.4379997253418
0,DCBR,-14.314129829406738,-52.28778839111328
0,DCBR,32.68069839477539,-4.312561511993408
0,DCBR,-2.9072375297546387,-38.951454162597656
0,DCBR,-9.7215576171875,-44.549381256103516
0,DCBR,37.64897537231445,-0.8110560774803162
0,DCBR,8.744020462036133,-40.08670425415039
0,DCBR,-11.577665328979492,-51.49013137817383
0,DCBR,32.81535339355469,-5.607260704040527
0,DCBR,13.2496337890625,-67.72502899169922
0,DCBR,7.250918865203857,-40.62179946899414
0,DCBR,38.793582916259766,5.459827423095703
0,DCBR,22.957399368286133,-62.76997756958008
0,DCBR,-10.474740028381348,-46.52083969116211
0,DCBR,-11.77904224395752,-60.673004150390625
0,DCBR,-7.831406116485596,-65.41944885253906
0,DCBR,-1.2673419713974,-40.54335403442383
0,DCBR,-12.815203666687012,-56.14093780517578
0,DCBR,-10.908361434936523,-51.92818832397461
0,DCBR,8.253270149230957,-68.01468658447266
0,DCBR,8.657456398010254,-39.40813446044922
0,DCBR,7.795230865478516,-36.305381774902344
0,DCBR,12.85933780670166,-34.08864974975586
0,DCBR,38.09375762939453,5.099030017852783
0,DCBR,22.873167037963867,-61.60066223144531
0,DCBR,22.50884437561035,-61.81365203857422
0,DCBR,-4.061769008636475,-61.387062072753906
0,DCBR,-8.83656120300293,-51.374671936035156
0,DCBR,5.064268589019775,-39.9007568359375
0,DCBR,31.652320861816406,-5.818237781524658
0,DCBR,-5.289458751678467,-66.7042465209961
0,DCBR,7.527013778686523,-39.5668830871582
0,DCBR,7.412276744842529,-35.70764923095703
0,DCBR,11.395816802978516,-34.937355041503906
0,DCBR,-11.106040954589844,-50.05577087402344
0,DCBR,-7.734951496124268,-45.370243072509766
0,DCBR,-8.758465766906738,-61.704734802246094
0,DCBR,-10.367756843566895,-43.53962326049805
0,DCBR,31.959331512451172,-4.785488128662109
0,DCBR,37.31965255737305,-1.1908982992172241
0,DCBR,4.386149883270264,-38.166019439697266
0,DCBR,-13.400050163269043,-57.09421920776367
0,DCBR,-11.945845603942871,-53.29716873168945
0,DCBR,37.43659591674805,2.532045602798462
0,DCBR,-4.448333740234375,-39.69904327392578
0,DCBR,-9.480916976928711,-51.596641540527344
0,DCBR,34.748538970947266,11.49313735961914
0,DCBR,32.10511016845703,13.210968017578125
0,DCBR,32.27505111694336,12.82809066772461
0,DCBR,38.29496765136719,-1.2233381271362305
0,DCBR,-6.117363929748535,-62.640987396240234
0,DCBR,24.255996704101562,-59.45770263671875
0,DCBR,-3.2860748767852783,-64.07880401611328
0,DCBR,-7.04803466796875,-63.13349533081055
0,DCBR,-12.11355209350586,-61.349727630615234
0,DCBR,-3.6097359657287598,-40.438438415527344
0,DCBR,34.6769905090332,-5.222439289093018
0,DCBR,-4.69191837310791,-41.98458480834961
0,DCBR,26.36026954650879,-59.90130615234375
0,DCBR,17.563154220581055,-68.24140930175781
0,DCBR,30.719730377197266,-57.02891159057617
0,DCBR,-6.169992446899414,-66.53277587890625
0,DCBR,14.58041763305664,-66.96395874023438
0,DCBR,10.686535835266113,-38.56825637817383
0,DCBR,11.955743789672852,-35.37153625488281
0,DCBR,-6.800173759460449,-66.72565460205078
0,DCBR,32.16952896118164,-5.878879547119141
0,DCBR,39.35214614868164,5.155030250549316
0,DCBR,29.8062744140625,-56.912353515625
0,DCBR,-3.8023664951324463,-40.43656539916992
0,DCBR,0.3383643329143524,-38.411231994628906
0,DCBR,0.9026793837547302,-63.668067932128906
0,DCBR,0.8974721431732178,-63.90167236328125
0,DCBR,-3.927751302719116,-39.88481521606445
0,DCBR,17.764976501464844,-68.27436828613281
0,DCBR,-12.587287902832031,-61.23664855957031
0,DCBR,32.62813186645508,-7.1923675537109375
0,DCBR,-11.20492935180664,-48.04829788208008
0,DCBR,6.0110907554626465,-67.7359390258789
0,DCBR,-12.950235366821289,-60.573055267333984
0,DCBR,-11.081219673156738,-59.86171340942383
0,DCBR,9.399331092834473,-68.65497589111328
0,DCBR,-7.848268508911133,-64.82392120361328
0,DCBR,-5.867469787597656,-42.82475280761719
0,DCBR,-10.0402250289917,-47.80888748168945
0,DCBR,31.93875503540039,-5.613553047180176
0,DCBR,-10.578842163085938,-59.46897888183594
0,DCBR,-2.07562255859375,-65.5389175415039
0,DCBR,-11.985267639160156,-49.30701446533203
0,DCBR,-11.669322967529297,-57.236045837402344
0,DCBR,37.962852478027344,3.108128786087036
0,DCBR,1.6024556159973145,-67.93819427490234
0,DCBR,4.058837413787842,-69.09033203125
0,DCBR,37.15795135498047,8.167434692382812
0,DCBR,7.468729019165039,-39.756221771240234
0,DCBR,33.92606735229492,-4.6258745193481445
0,DCBR,-1.9541722536087036,-40.841957092285156
0,DCBR,14.10241413116455,-35.427040100097656
0,DCBR,15.82763957977295,-68.44390106201172
0,DCBR,-11.551040649414062,-57.05450439453125
0,DCBR,-8.500266075134277,-54.38306427001953
0,DCBR,4.635493755340576,-35.51042556762695
0,DCBR,37.07003402709961,0.20479550957679749
0,DCBR,37.154720306396484,8.342267036437988
0,DCBR,4.066140651702881,-37.96136474609375
0,DCBR,18.70882797241211,-65.62049102783203
0,DCBR,24.914386749267578,-59.968902587890625
0,DCBR,-10.181530952453613,-62.345218658447266
0,DCBR,-2.8490545749664307,-42.19563293457031
0,DCBR,2.071146249771118,-39.69407272338867
0,DCBR,3.1376893520355225,-67.48441314697266
0,DCBR,16.383182525634766,-68.13729858398438
0,DCBR,-12.522906303405762,-52.76137161254883
0,DCBR,-12.156005859375,-46.158294677734375
0,DCBR,-6.128736972808838,-60.482208251953125
0,DCBR,-7.327908039093018,-52.28234100341797
0,DCBR,-6.768283367156982,-56.05706024169922
0,DCBR,31.963333129882812,-6.219790935516357
0,DCBR,-14.885293006896973,-57.89836502075195
0,DCBR,-10.100850105285645,-56.6182861328125
0,DCBR,4.692242622375488,-39.72572708129883
0,DCBR,38.74579620361328,1.3090291023254395
0,DCBR,-6.912561893463135,-46.58565902709961
0,DCBR,24.1697998046875,-61.823333740234375
0,DCBR,14.469130516052246,-67.42616271972656
0,DCBR,12.315523147583008,-68.08435821533203
0,DCBR,11.210625648498535,-67.4558334350586
0,DCBR,24.096006393432617,-61.45293426513672
0,DCBR,28.67154884338379,-57.715694427490234
0,DCBR,9.599095344543457,-65.95195770263672
0,DCBR,-6.453999996185303,-57.19914627075195
0,DCBR,6.3614654541015625,-36.460411071777344
0,DCBR,31.116741180419922,-56.64792251586914
0,DCBR,28.167499542236328,-59.032527923583984
0,DCBR,0.8503203392028809,-64.10753631591797
0,DCBR,-11.697286605834961,-48.38434982299805
0,DCBR,-11.556495666503906,-52.799922943115234
0,DCBR,-10.768909454345703,-49.804176330566406
0,DCBR,16.49640464782715,-67.04600524902344
0,DCBR,38.16960144042969,-1.2931029796600342
0,DCBR,-4.397225856781006,-43.37940979003906
0,DCBR,10.560165405273438,-35.68350601196289
0,DCBR,37.24421691894531,-2.4361660480499268
0,DCBR,38.93644332885742,4.571164131164551
0,DCBR,36.10539627075195,9.777817726135254
0,DCBR,30.94032096862793,12.843236923217773
0,DCBR,4.684665679931641,-40.611900329589844
0,DCBR,-11.257163047790527,-51.63385772705078
0,DCBR,26.206266403198242,14.839505195617676
0,DCBR,38.641300201416016,6.783669471740723
0,DCBR,35.9719352722168,-4.568362236022949
0,DCBR,-7.902120590209961,-63.559776306152344
0,DCBR,-9.436614990234375,-54.74408721923828
0,DCBR,-8.665270805358887,-53.877506256103516
0,DCBR,35.58150863647461,10.388193130493164
0,DCBR,39.08877182006836,5.25894832611084
0,DCBR,16.287841796875,-67.37054443359375
0,DCBR,11.786125183105469,-37.77855682373047
0,DCBR,-10.593857765197754,-44.461578369140625
0,DCBR,14.16081714630127,-67.43985748291016
0,DCBR,-11.92243480682373,-46.485172271728516
0,DCBR,33.422733306884766,-4.165657043457031
0,DCBR,8.663713455200195,-65.563232421875
0,DCBR,1.01300847530365,-67.2567367553711
0,DCBR,-7.419280052185059,-52.79832458496094
0,DCBR,-7.436669826507568,-52.751197814941406
0,DCBR,36.84406661987305,8.82282829284668
0,DCBR,37.41752624511719,-0.20496942102909088
0,DCBR,40.041263580322266,3.2983217239379883
0,DCBR,37.07206344604492,8.899608612060547
0,DCBR,38.83379364013672,1.700806736946106
0,DCBR,-7.800577163696289,-43.21024703979492
0,DCBR,37.229026794433594,8.403945922851562
0,DCBR,37.3360710144043,-1.0463837385177612
0,DCBR,39.823246002197266,4.0483198165893555
0,DCBR,-2.5522146224975586,-39.451385498046875
0,DCBR,17.051427841186523,-65.734130859375
0,DCBR,2.5104782581329346,-69.12301635742188
0,DCBR,27.215259552001953,-60.00062942504883
0,DCBR,30.871780395507812,-56.79381561279297
0,DCBR,-9.731077194213867,-56.66776657104492
0,DCBR,13.435083389282227,-34.97258758544922
0,DCBR,11.203415870666504,-68.83726501464844
0,DCBR,10.916121482849121,-68.71837615966797
0,DCBR,3.2566909790039062,-68.3376235961914
0,DCBR,-15.048365592956543,-54.46612548828125
0,DCBR,5.597984313964844,-68.76012420654297
0,DCBR,35.323875427246094,-2.7137296199798584
0,DCBR,-11.434532165527344,-55.76076126098633
0,DCBR,22.41935920715332,-62.11094284057617
0,DCBR,-13.645689010620117,-50.210689544677734
0,DCBR,-6.729746341705322,-65.90900421142578
0,DCBR,8.102682113647461,-40.15761947631836
0,DCBR,2.7529356479644775,-41.49742126464844
0,DCBR,-10.257105827331543,-46.779048919677734
0,DCBR,-7.7447638511657715,-44.573951721191406
0,DCBR,-10.735966682434082,-45.6101188659668
0,DCBR,1.8410695791244507,-69.79981994628906
0,DCBR,21.897708892822266,-64.0685806274414
0,DCBR,5.475816249847412,-67.89201354980469
0,DCBR,-12.375086784362793,-54.53601837158203
0,DCBR,15.612236022949219,-66.86300659179688
0,DCBR,29.28933334350586,-58.46694564819336
0,DCBR,-9.987142562866211,-43.22465515136719
0,DCBR,-13.874234199523926,-57.88618087768555
0,DCBR,12.552909851074219,-68.67378997802734
0,DCBR,-9.832184791564941,-49.313533782958984
0,DCBR,3.228119373321533,-68.66768646240234
0,DCBR,18.322277069091797,-67.70327758789062
0,DCBR,-9.862313270568848,-45.12309265136719
0,DCBR,-13.775201797485352,-58.59380340576172
0,DCBR,-1.262359857559204,-40.73626708984375
0,DCBR,9.701404571533203,-36.62087631225586
0,DCBR,37.62701416015625,9.14420223236084
0,DCBR,36.10057067871094,-4.767234802246094
0,DCBR,32.36323928833008,12.209184646606445
0,DCBR,-7.008129119873047,-55.90021514892578
0,DCBR,19.277681350708008,-66.670166015625
0,DCBR,3.072382688522339,-69.16899871826172
0,DCBR,25.562929153442383,-61.37654495239258
0,DCBR,-10.99467658996582,-48.557212829589844
0,DCBR,25.2968692779541,-59.54202651977539
0,DCBR,8.163061141967773,-37.559207916259766
0,DCBR,13.399545669555664,-34.280670166015625
0,DCBR,9.354949951171875,-37.533592224121094
0,DCBR,-0.6727883219718933,-41.01129150390625
0,DCBR,6.108553409576416,-35.23617172241211
0,DCBR,40.84864044189453,2.7318360805511475
0,DCBR,36.44646453857422,-5.875406742095947
0,DCBR,2.4539871215820312,-35.71342468261719
0,DCBR,-11.210427284240723,-55.617706298828125
0,DCBR,-13.090947151184082,-57.13338851928711
0,DCBR,36.3590087890625,9.476219177246094
0,DCBR,34.5469856262207,-4.142643451690674
0,DCBR,35.732215881347656,-2.35253643989563
0,DCBR,25.804330825805664,-60.709285736083984
0,DCBR,35.81538391113281,-4.895679950714111
0,DCBR,38.12289047241211,8.988990783691406
0,DCBR,-1.5224753618240356,-39.197479248046875
0,DCBR,38.67820739746094,4.355700492858887
0,DCBR,3.044302225112915,-37.49908447265625
0,DCBR,-9.052749633789062,-62.67184829711914
0,DCBR,-7.28547477722168,-62.793941497802734
0,DCBR,20.328088760375977,-64.47046661376953
0,DCBR,20.4547176361084,-65.17741394042969
0,DCBR,-3.429478645324707,-67.88809967041016
0,DCBR,8.585914611816406,-38.95200729370117
0,DCBR,39.114707946777344,2.074202060699463
0,DCBR,29.094215393066406,13.97487735748291
0,DCBR,25.58303451538086,15.134878158569336
0,DCBR,13.124159812927246,-34.39180374145508
0,DCBR,-12.282829284667969,-55.14902114868164
0,DCBR,35.962406158447266,9.3561429977417
0,DCBR,33.214012145996094,-4.2644572257995605
0,DCBR,-9.88770580291748,-60.98450469970703
0,DCBR,39.04941177368164,2.437011480331421
0,DCBR,-13.508804321289062,-60.58567810058594
0,DCBR,13.438796997070312,-35.77050018310547
0,DCBR,8.055715560913086,-65.75167083740234
0,DCBR,-10.06699275970459,-44.134517669677734
0,DCBR,-6.042259216308594,-63.74003219604492
0,DCBR,-9.230608940124512,-49.82070541381836
0,DCBR,19.026840209960938,-64.82072448730469
0,DCBR,5.642487049102783,-69.14840698242188
0,DCBR,-3.9866809844970703,-68.44380187988281
0,DCBR,10.426055908203125,-36.5758171081543
0,DCBR,12.852683067321777,-34.794864654541016
0,DCBR,32.06592559814453,12.612524032592773
0,DCBR,34.132957458496094,11.397451400756836
0,DCBR,-0.7768967151641846,-41.30030822753906
0,DCBR,-14.753973007202148,-56.09940719604492
0,DCBR,-13.73160171508789,-56.080204010009766
0,DCBR,-8.357931137084961,-42.69428253173828
0,DCBR,10.54636287689209,-70.02820587158203
0,DCBR,26.251644134521484,-60.254066467285156
0,DCBR,0.8891400098800659,-66.2604751586914
0,DCBR,9.821120262145996,-65.47797393798828
0,DCBR,-7.020677089691162,-54.9383544921875
0,DCBR,-4.811617851257324,-42.326255798339844
0,DCBR,-13.00590705871582,-57.8955192565918
0,DCBR,34.167598724365234,-4.1598639488220215
0,DCBR,12.602151870727539,-35.71763610839844
0,DCBR,-6.835936546325684,-45.99209976196289
0,DCBR,-9.639540672302246,-50.88750457763672
0,DCBR,23.518434524536133,-62.6884765625
0,DCBR,21.312389373779297,-63.62971496582031
0,DCBR,-4.671563148498535,-66.32479095458984
0,DCBR,28.025712966918945,-58.72294235229492
0,DCBR,17.051435470581055,-65.21135711669922
0,DCBR,0.06926222890615463,-65.5039291381836
0,DCBR,3.603440523147583,-41.8117561340332
0,DCBR,2.6928374767303467,-41.00639343261719
0,DCBR,22.37310028076172,-62.75567626953125
0,DCBR,-0.04966722056269646,-67.34056091308594
0,DCBR,-10.464986801147461,-58.794586181640625
0,DCBR,12.239823341369629,-35.87578582763672
0,DCBR,-6.05806303024292,-66.54596710205078
0,DCBR,-7.667390823364258,-64.35619354248047
0,DCBR,6.701127529144287,-35.576839447021484
0,DCBR,-7.012557029724121,-54.529823303222656
0,DCBR,-6.822605133056641,-48.48138427734375
0,DCBR,0.5426942110061646,-64.49434661865234
0,DCBR,-8.731328964233398,-51.82600402832031
0,DCBR,31.054302215576172,-56.70186996459961
0,DCBR,7.901954174041748,-67.28540802001953
0,DCBR,27.749643325805664,-57.501312255859375
0,DCBR,13.903454780578613,-65.79290008544922
0,DCBR,-3.032982110977173,-63.80862808227539
0,DCBR,37.81843948364258,8.442750930786133
0,DCBR,3.6058030128479004,-39.58958053588867
0,DCBR,27.50226402282715,14.665478706359863
0,DCBR,35.701171875,10.587759971618652
0,DCBR,3.8612594604492188,-37.06854248046875
0,DCBR,34.43399429321289,-4.900517463684082
0,DCBR,40.29355239868164,3.2613041400909424
0,DCBR,8.161327362060547,-38.33845138549805
0,DCBR,38.13472366333008,5.331933498382568
0,DCBR,33.58470916748047,11.907118797302246
0,DCBR,-8.837085723876953,-61.756309509277344
0,DCBR,-5.925591468811035,-42.21095275878906
0,DCBR,-13.759296417236328,-50.36419677734375
0,DCBR,8.306450843811035,-69.8940658569336
0,DCBR,18.964527130126953,-65.06777954101562
0,DCBR,-3.692078113555908,-63.316349029541016
0,DCBR,7.706873416900635,-39.00927734375
0,DCBR,33.68122482299805,-5.915982723236084
0,DCBR,-10.060811996459961,-46.0792121887207
0,DCBR,12.745570182800293,-35.87553024291992
0,DCBR,-14.358033180236816,-53.63295364379883
0,DCBR,13.782157897949219,-36.092552185058594
0,DCBR,-4.1576409339904785,-61.69536209106445
0,DCBR,-7.956188678741455,-50.90027618408203
0,DCBR,-4.054042339324951,-62.0908317565918
0,DCBR,17.9499568939209,-65.14725494384766
0,DCBR,1.8857085704803467,-65.69947052001953
0,DCBR,0.6506354808807373,-65.40406036376953
0,DCBR,31.669105529785156,-5.833020210266113
0,DCBR,-11.018282890319824,-61.41889572143555
0,DCBR,-1.7399327754974365,-67.9128189086914
0,DCBR,-6.094374179840088,-45.23304748535156
0,DCBR,-4.020267963409424,-62.98414993286133
0,DCBR,20.723323822021484,-62.36173629760742
0,DCBR,-10.087837219238281,-44.00169372558594
0,DCBR,2.5660719871520996,-41.73939895629883
0,DCBR,-12.252373695373535,-46.48478698730469
0,DCBR,11.714081764221191,-69.29496765136719
0,DCBR,-11.381362915039062,-62.19559860229492
0,DCBR,-3.749992609024048,-67.05278015136719
0,DCBR,-8.032842636108398,-63.989559173583984
0,DCBR,5.00748872756958,-40.018062591552734
0,DCBR,18.641332626342773,-66.95950317382812
0,DCBR,30.741918563842773,-57.14509201049805
0,DCBR,26.192602157592773,-61.213661193847656
0,DCBR,-6.240181922912598,-66.29032897949219
0,DCBR,24.30946159362793,-59.95351791381836
0,DCBR,-4.147808074951172,-66.23896789550781
0,DCBR,4.082693576812744,-40.857643127441406
0,DCBR,-3.209320306777954,-41.108909606933594
0,DCBR,-6.785477161407471,-43.48795700073242
0,DCBR,-0.20323428511619568,-64.40599822998047
0,DCBR,-8.547321319580078,-52.358272552490234
0,DCBR,-8.834494590759277,-48.699764251708984
0,DCBR,-8.483241081237793,-56.863834381103516
0,DCBR,34.32352828979492,11.388110160827637
0,DCBR,16.524885177612305,-65.82220458984375
0,DCBR,33.76631546020508,-4.150946617126465
0,DCBR,31.17230987548828,13.297286033630371
0,DCBR,12.103009223937988,-34.03499984741211
0,DCBR,2.203495740890503,-37.74870300292969
0,DCBR,2.6909470558166504,-41.08112716674805
0,DCBR,-0.4962288439273834,-68.71656799316406
0,DCBR,39.5690803527832,3.8388288021087646
0,DCBR,-12.674649238586426,-55.930397033691406
0,DCBR,-1.1888078451156616,-68.92459106445312
0,DCBR,0.379947692155838,-40.491092681884766
0,DCBR,-4.527171611785889,-39.947410583496094
0,DCBR,29.435596466064453,-57.956478118896484
0,DCBR,19.143522262573242,-62.98635482788086
0,DCBR,6.46838903427124,-35.25215148925781
0,DCBR,0.5861760377883911,-66.31234741210938
0,DCBR,29.705181121826172,-57.47570037841797
0,DCBR,-5.013033390045166,-67.91746520996094
0,DCBR,14.002039909362793,-69.67378997802734
0,DCBR,25.209468841552734,-61.21009826660156
0,DCBR,21.268753051757812,-63.60859680175781
0,DCBR,-5.688112735748291,-67.18352508544922
0,DCBR,26.62550163269043,-61.086387634277344
0,DCBR,-14.192448616027832,-55.39289093017578
0,DCBR,10.441969871520996,-38.29627227783203
0,DCBR,10.044465065002441,-38.2761116027832
0,DCBR,-6.330482006072998,-41.56269836425781
0,DCBR,9.965171813964844,-68.91871643066406
0,DCBR,8.516456604003906,-70.69851684570312
0,DCBR,-1.141564965248108,-68.21485137939453
0,DCBR,25.48605728149414,-60.48143005371094
0,DCBR,38.46279525756836,7.005212783813477
0,DCBR,8.199538230895996,-36.22829818725586
0,DCBR,22.284303665161133,-63.93941116333008
0,DCBR,-9.410923957824707,-61.24711227416992
0,DCBR,37.27650451660156,-1.9198769330978394
0,DCBR,15.770459175109863,-66.10795593261719
0,DCBR,1.738038420677185,-69.46822357177734
0,DCBR,29.026844024658203,-58.6726188659668
0,DCBR,-7.202859878540039,-61.87644577026367
0,DCBR,36.023502349853516,-2.2802326679229736
0,DCBR,-4.926709175109863,-67.24838256835938
0,DCBR,-1.0589823722839355,-67.33556365966797
0,DCBR,6.205173969268799,-36.733612060546875
0,DCBR,5.532288074493408,-35.28062057495117
0,DCBR,35.2407341003418,-4.963774681091309
0,DCBR,2.6108546257019043,-39.519229888916016
0,DCBR,-9.652322769165039,-46.84126281738281
0,DCBR,1.4178786277770996,-67.34980010986328
0,DCBR,14.876663208007812,-66.96250915527344
0,DCBR,39.20409393310547,4.686002731323242
0,DCBR,33.31953430175781,-5.100922107696533
0,DCBR,36.35176086425781,-2.5958611965179443
0,DCBR,29.688987731933594,13.60275650024414
0,DCBR,35.12506866455078,-5.756433486938477
0,DCBR,6.239811420440674,-35.17457580566406
0,DCBR,30.612327575683594,13.856632232666016
0,DCBR,34.704097747802734,11.310540199279785
0,DCBR,30.498153686523438,13.244428634643555
0,DCBR,-2.8630971908569336,-40.73043441772461
0,DCBR,-8.814929962158203,-52.87667465209961
0,DCBR,37.37659454345703,9.028204917907715
0,DCBR,12.323780059814453,-33.52333068847656
0,DCBR,13.587015151977539,-34.197021484375
0,DCBR,-10.007596969604492,-52.343360900878906
0,DCBR,-10.428325653076172,-51.977439880371094
0,DCBR,-10.892714500427246,-60.83856964111328
0,DCBR,32.18572235107422,-5.097793102264404
0,DCBR,7.727171897888184,-39.690879821777344
0,DCBR,1.4148025512695312,-39.17970657348633
0,DCBR,-6.521907329559326,-45.97916793823242
0,DCBR,2.416691780090332,-68.17499542236328
0,DCBR,-1.5271308422088623,-68.67185974121094
0,DCBR,-15.223978996276855,-58.418697357177734
0,DCBR,3.7582452297210693,-36.026390075683594
0,DCBR,35.684051513671875,10.066889762878418
0,DCBR,7.756008625030518,-36.0207405090332
0,DCBR,-9.790066719055176,-46.164527893066406
0,DCBR,-3.1080191135406494,-40.906898498535156
0,DCBR,0.8486018776893616,-37.45655822753906
0,DCBR,38.557098388671875,4.493706226348877
0,DCBR,37.828948974609375,8.492765426635742
0,DCBR,33.19179153442383,12.032061576843262
0,DCBR,30.717777252197266,13.154621124267578
0,DCBR,37.67451095581055,0.3185250163078308
0,DCBR,11.2435884475708,-35.595333099365234
0,DCBR,-9.299666404724121,-49.85660171508789
0,DCBR,-8.415061950683594,-42.33549118041992
0,DCBR,-13.833642959594727,-51.60722351074219
0,DCBR,-10.363499641418457,-59.426605224609375
0,DCBR,37.17269515991211,-1.7641842365264893
0,DCBR,12.251659393310547,-34.36531448364258
0,DCBR,-0.591019332408905,-39.27689743041992
0,DCBR,38.85858154296875,1.8887898921966553
0,DCBR,2.3716647624969482,-36.84257507324219
0,DCBR,28.237363815307617,-57.700260162353516
0,DCBR,27.341705322265625,-60.282894134521484
0,DCBR,2.0826542377471924,-69.98410034179688
0,DCBR,-13.89856243133545,-60.30313491821289
0,DCBR,-5.39101505279541,-40.50559616088867
0,DCBR,18.44231414794922,-67.00909423828125
0,DCBR,-14.282112121582031,-52.23351287841797
0,DCBR,-13.69234561920166,-59.663482666015625
0,DCBR,-1.7321110963821411,-66.96746826171875
0,DCBR,15.177783012390137,-66.98986053466797
0,DCBR,6.439194202423096,-68.21247863769531
0,DCBR,-10.106246948242188,-46.463436126708984
0,DCBR,36.4339599609375,-1.285883903503418
0,DCBR,6.955620765686035,-41.44633483886719
0,DCBR,-13.56717300415039,-56.43388748168945
0,DCBR,39.25859069824219,4.733423709869385
0,DCBR,-12.779611587524414,-58.40736770629883
0,DCBR,-10.471564292907715,-46.924930572509766
0,DCBR,-1.1281403303146362,-66.48389434814453
0,DCBR,17.087963104248047,-66.13807678222656
0,DCBR,10.866643905639648,-66.95852661132812
0,DCBR,13.177984237670898,-36.09040451049805
0,DCBR,10.726344108581543,-67.22197723388672
0,DCBR,19.485340118408203,-64.02543640136719
0,DCBR,19.560415267944336,-65.60128784179688
0,DCBR,29.406686782836914,13.80605697631836
0,DCBR,36.31803894042969,9.805437088012695
0,DCBR,27.71516990661621,-60.24270248413086
0,DCBR,22.154695510864258,-64.80293273925781
0,DCBR,3.830399513244629,-42.112770080566406
0,DCBR,38.495479583740234,3.5059192180633545
0,DCBR,33.95819854736328,-3.604429006576538
0,DCBR,2.8635077476501465,-41.98560333251953
0,DCBR,-4.393168926239014,-39.6705322265625
0,DCBR,5.1416826248168945,-41.502586364746094
0,DCBR,-12.170313835144043,-53.07981872558594
0,DCBR,-6.225111961364746,-58.59690856933594
0,DCBR,-7.437027454376221,-52.61283874511719
0,DCBR,1.406705617904663,-41.03000259399414
0,DCBR,-7.1728129386901855,-63.061893463134766
0,DCBR,18.721229553222656,-66.23031616210938
0,DCBR,39.72503662109375,4.297726631164551
0,DCBR,0.02058505080640316,-67.86804962158203
0,DCBR,-2.884143590927124,-39.475791931152344
0,DCBR,-1.4847079515457153,-40.74522018432617
0,DCBR,4.646965026855469,-68.72702026367188
0,DCBR,0.5396536588668823,-64.63829040527344
0,DCBR,36.03838348388672,9.68830680847168
0,DCBR,36.888118743896484,9.111773490905762
0,DCBR,7.928801536560059,-38.942481994628906
0,DCBR,13.28934097290039,-36.70059585571289
0,DCBR,-3.9747605323791504,-61.57426834106445
0,DCBR,38.59077835083008,0.4812757074832916
0,DCBR,21.5632381439209,16.345613479614258
0,DCBR,31.442956924438477,12.693739891052246
0,DCBR,2.5069069862365723,-35.63158416748047
0,DCBR,35.61988067626953,-5.146988868713379
0,DCBR,-7.139558792114258,-48.98456954956055
0,DCBR,10.889220237731934,-70.4023208618164
0,DCBR,3.580808401107788,-68.576904296875
0,DCBR,-1.964590072631836,-67.26261138916016
0,DCBR,-8.324451446533203,-62.34461212158203
0,DCBR,-5.636826515197754,-65.92008972167969
0,DCBR,20.39588165283203,-66.0430679321289
0,DCBR,-12.431868553161621,-51.61075973510742
0,DCBR,-7.451969146728516,-45.70700454711914
0,DCBR,6.630305290222168,-36.034637451171875
0,DCBR,-9.017537117004395,-45.81821060180664
0,DCBR,-4.496838569641113,-68.28184509277344
0,DCBR,-9.860136032104492,-44.53267288208008
0,DCBR,31.576597213745117,-56.31098937988281
0,DCBR,-12.686029434204102,-57.29912185668945
0,DCBR,-10.424304008483887,-44.05004119873047
0,DCBR,10.214418411254883,-39.021080017089844
0,DCBR,11.500950813293457,-35.9328727722168
0,DCBR,12.319541931152344,-66.6069107055664
0,DCBR,15.502150535583496,-65.63533782958984
0,DCBR,35.29841232299805,-5.8877339363098145
0,DCBR,-6.27479362487793,-63.641998291015625
0,DCBR,-4.1869215965271,-42.559959411621094
0,DCBR,2.246673107147217,-38.27203369140625
0,DCBR,3.7204978466033936,-69.25863647460938
0,DCBR,-11.30415153503418,-53.808319091796875
0,DCBR,31.70481300354004,-56.203590393066406
0,DCBR,-4.36032247543335,-38.970550537109375
0,DCBR,-9.7224702835083,-50.37697219848633
0,DCBR,-0.11855529993772507,-40.66986846923828
0,DCBR,-4.324599266052246,-67.31946563720703
0,DCBR,-3.1612820625305176,-65.12124633789062
0,DCBR,31.5064640045166,13.072212219238281
0,DCBR,37.45704650878906,9.79556941986084
0,DCBR,32.99506759643555,11.782561302185059
0,DCBR,-13.42444896697998,-54.38219451904297
0,DCBR,-7.858251094818115,-62.151588439941406
0,DCBR,-7.314398288726807,-62.264217376708984
0,DCBR,-11.861659049987793,-58.3790397644043
0,DCBR,-6.224133491516113,-62.05710220336914
0,DCBR,1.11428964138031,-66.01239776611328
0,DCBR,-6.9843220710754395,-66.97962951660156
0,DCBR,-15.282530784606934,-57.710689544677734
0,DCBR,-1.3037971258163452,-66.66026306152344
0,DCBR,-7.646054744720459,-58.48039245605469
0,DCBR,36.580989837646484,9.263633728027344
0,DCBR,-8.809782981872559,-43.25321578979492
0,DCBR,7.451229572296143,-40.00148391723633
0,DCBR,-14.027763366699219,-58.14447784423828
0,DCBR,-5.747912883758545,-41.78667068481445
0,DCBR,11.779046058654785,-35.339210510253906
0,DCBR,7.302070617675781,-41.1937370300293
0,DCBR,-9.41939926147461,-50.94963836669922
0,DCBR,-11.256600379943848,-55.39174270629883
0,DCBR,-13.334488868713379,-58.234066009521484
0,DCBR,7.526939392089844,-65.5617446899414
0,DCBR,10.121153831481934,-39.47946548461914
0,DCBR,-14.766521453857422,-52.038455963134766
0,DCBR,-12.240620613098145,-45.460296630859375
0,DCBR,-5.293968677520752,-67.89663696289062
0,DCBR,-4.314759254455566,-40.69001770019531
0,DCBR,8.904884338378906,-67.86795043945312
0,DCBR,-4.147279262542725,-64.15277099609375
0,DCBR,-4.419173240661621,-45.79104232788086
0,DCBR,7.9005866050720215,-67.35814666748047
0,DCBR,11.504231452941895,-69.2972412109375
0,DCBR,2.855485439300537,-69.61434173583984
0,DCBR,-3.805910587310791,-67.19969177246094
0,DCBR,33.47145080566406,12.038405418395996
0,DCBR,37.15653610229492,9.75981330871582
0,DCBR,-8.171185493469238,-63.43885040283203
0,DCBR,-13.222277641296387,-55.27108383178711
0,DCBR,6.547796726226807,-67.62935638427734
0,DCBR,-4.097239017486572,-61.34402847290039
0,DCBR,40.40717315673828,3.847172260284424
0,DCBR,14.266427040100098,-33.432716369628906
0,DCBR,-6.57769775390625,-45.586280822753906
0,DCBR,-11.748248100280762,-53.82814025878906
0,DCBR,-2.597898483276367,-39.286251068115234
0,DCBR,3.768505573272705,-36.842384338378906
0,DCBR,13.301568031311035,-35.58356857299805
0,DCBR,-3.3813552856445312,-41.30592727661133
0,DCBR,21.471359252929688,-65.42259979248047
0,DCBR,5.024601459503174,-69.32342529296875
0,DCBR,28.799213409423828,-58.52684020996094
0,DCBR,27.442140579223633,-57.605628967285156
0,DCBR,-4.043291091918945,-42.22301483154297
0,DCBR,37.46782302856445,-1.9642949104309082
0,DCBR,-10.345905303955078,-55.26424026489258
0,DCBR,-4.969812870025635,-61.82678985595703
0,DCBR,-6.109041213989258,-60.33864974975586
0,DCBR,-10.544797897338867,-52.488014221191406
0,DCBR,-5.373805999755859,-44.142452239990234
0,DCBR,-10.467373847961426,-51.18937301635742
0,DCBR,-3.149833917617798,-65.212890625
0,DCBR,28.010007858276367,-57.600616455078125
0,DCBR,38.56085968017578,3.4593148231506348
0,DCBR,38.37486267089844,4.368292331695557
0,DCBR,33.072532653808594,-5.957590103149414
0,DCBR,-11.432828903198242,-44.49037551879883
0,DCBR,-12.909087181091309,-61.113887786865234
0,DCBR,3.2285656929016113,-69.96976470947266
0,DCBR,9.484212875366211,-40.126731872558594
0,DCBR,-13.815080642700195,-53.350406646728516
0,DCBR,33.607845306396484,11.837621688842773
0,DCBR,22.150787353515625,-63.76217269897461
0,DCBR,9.173025131225586,-40.06123733520508
0,DCBR,-0.2584705054759979,-67.92525482177734
0,DCBR,6.43121337890625,-69.3516616821289
0,DCBR,-4.936156749725342,-41.34645462036133
0,DCBR,-0.8298056125640869,-68.39363098144531
0,DCBR,6.719827651977539,-68.17112731933594
0,DCBR,23.80691909790039,-62.71607208251953
0,DCBR,24.279552459716797,-62.95220947265625
0,DCBR,11.527002334594727,-68.0244140625
0,DCBR,-14.7358980178833,-58.707618713378906
0,DCBR,-12.65107250213623,-50.81171417236328
0,DCBR,4.8258056640625,-41.48773193359375
0,DCBR,36.51609802246094,-1.515326738357544
0,DCBR,13.34647274017334,-35.48094177246094
0,DCBR,38.681583404541016,7.143337249755859
0,DCBR,29.39381980895996,-57.95164108276367
0,DCBR,-3.631816864013672,-40.28581619262695
0,DCBR,25.491016387939453,-60.2933235168457
0,DCBR,26.560232162475586,-60.091461181640625
0,DCBR,25.979652404785156,-60.9212760925293
0,DCBR,-13.76663875579834,-52.020992279052734
0,DCBR,-13.068672180175781,-53.139549255371094
0,DCBR,6.705389022827148,-69.0816421508789
0,DCBR,25.2811279296875,-58.653228759765625
0,DCBR,-10.74036979675293,-46.82223892211914
0,DCBR,40.035709381103516,4.7476043701171875
0,DCBR,37.550750732421875,-0.32272329926490784
0,DCBR,-14.043478012084961,-59.569000244140625
0,DCBR,-14.924644470214844,-58.797332763671875
0,DCBR,-7.071224689483643,-41.96296310424805
0,DCBR,17.111690521240234,-68.4175033569336
0,DCBR,3.0893349647521973,-40.299198150634766
0,DCBR,5.513324737548828,-36.04169464111328
0,DCBR,8.639701843261719,-66.4902572631836
1,DCBR,-43.96819305419922,-26.399232864379883
1,DCBR,-56.98461151123047,-14.575311660766602
1,DCBR,-57.5866813659668,-13.723043441772461
1,DCBR,-55.59390640258789,-15.452842712402344
1,DCBR,-55.96226119995117,-15.361091613769531
1,DCBR,-43.88871765136719,-26.14325523376465
1,DCBR,-27.615816116333008,-27.280494689941406
1,DCBR,-31.699054718017578,-28.71978759765625
1,DCBR,-39.546165466308594,-28.292659759521484
1,DCBR,-34.404170989990234,-29.175668716430664
1,DCBR,-30.379159927368164,-28.422550201416016
1,DCBR,-34.98310089111328,-29.152355194091797
1,DCBR,-35.891143798828125,-29.051605224609375
1,DCBR,-34.60935974121094,-29.166786193847656
1,DCBR,-38.56014633178711,-28.602069854736328
1,DCBR,-31.779821395874023,-28.870267868041992
1,DCBR,-30.00989532470703,-28.453617095947266
0,DCBR,2.2352662086486816,-66.5850830078125
0,DCBR,-1.026648759841919,-42.36957550048828
1,DCBR,-57.499427795410156,-13.952056884765625
1,DCBR,-54.114723205566406,-17.78532600402832
1,DCBR,-40.400367736816406,-27.989543914794922
1,DCBR,-31.637052536010742,-28.784814834594727
1,DCBR,-38.39411163330078,-28.580472946166992
1,DCBR,-43.34434509277344,-26.442628860473633
1,DCBR,-44.125640869140625,-26.02672004699707
1,DCBR,-43.809608459472656,-26.181291580200195
1,DCBR,-39.99460220336914,-28.11741065979004
1,DCBR,-38.934810638427734,-28.507057189941406
1,DCBR,-39.20069122314453,-28.397092819213867
1,DCBR,-38.83238220214844,-28.487102508544922
1,DCBR,-38.85850524902344,-28.465972900390625
1,DCBR,-38.80656814575195,-28.503755569458008
1,DCBR,-39.385093688964844,-28.35528564453125
1,DCBR,-38.884613037109375,-28.47019386291504
1,DCBR,-39.57203674316406,-28.258621215820312
1,DCBR,-39.79061508178711,-28.194293975830078
1,DCBR,-38.435791015625,-28.611942291259766
1,DCBR,-35.99504470825195,-29.044824600219727
1,DCBR,-37.83989334106445,-28.71055793762207
0,DCBR,17.1116943359375,-68.41751861572266
0,DCBR,9.979781150817871,-71.49800872802734
0,DCBR,24.880395889282227,-58.895877838134766
0,DCBR,8.639701843261719,-66.49027252197266
1,DCBR,-33.14402389526367,-29.066984176635742
1,DCBR,-43.77973175048828,-26.466224670410156
1,DCBR,-46.614540100097656,-24.48885154724121
1,DCBR,-50.471805572509766,-20.391990661621094
1,DCBR,-54.62849044799805,-16.573612213134766
1,DCBR,-55.3160285949707,-15.979815483093262
1,DCBR,-52.31438446044922,-18.27955436706543
1,DCBR,-52.250526428222656,-18.297119140625
1,DCBR,-54.25667190551758,-16.762622833251953
1,DCBR,-53.389991760253906,-17.378856658935547
1,DCBR,-54.233612060546875,-16.735401153564453
1,DCBR,-54.8211555480957,-16.32571029663086
1,DCBR,-55.24777603149414,-15.988011360168457
1,DCBR,-55.34270477294922,-15.871750831604004
1,DCBR,-40.44033432006836,-27.863279342651367
1,DCBR,-43.917171478271484,-26.385557174682617
1,DCBR,-57.35898208618164,-13.975357055664062
1,DCBR,-57.3106575012207,-14.050941467285156
1,DCBR,-55.53660202026367,-15.784079551696777
1,DCBR,-52.72285079956055,-17.955774307250977
1,DCBR,-52.29373550415039,-18.300935745239258
1,DCBR,-52.16009521484375,-18.446992874145508
1,DCBR,-52.384857177734375,-18.242637634277344
1,DCBR,-53.53744125366211,-17.32428741455078
1,DCBR,-53.15984344482422,-17.60103988647461
1,DCBR,-52.9278450012207,-17.755735397338867
1,DCBR,-53.315834045410156,-17.457473754882812
1,DCBR,-53.88343811035156,-17.047792434692383
1,DCBR,-54.07630157470703,-16.901134490966797
1,DCBR,-54.66653823852539,-16.394065856933594
1,DCBR,-53.899169921875,-16.998991012573242
1,DCBR,-53.888370513916016,-17.036542892456055
1,DCBR,-55.0456657409668,-16.109132766723633
0,DCBR,9.979798316955566,-71.49797821044922
0,DCBR,3.0893146991729736,-40.299232482910156
1,DCBR,9.277299880981445,-39.252464294433594
1,DCBR,32.666500091552734,12.06147575378418
1,DCBR,38.694583892822266,2.6286849975585938
1,DCBR,38.42937469482422,2.182807207107544
1,DCBR,0.04735252633690834,-39.82509231567383
1,DCBR,39.1009521484375,0.8744480013847351
1,DCBR,-0.6458110213279724,-41.37385177612305
1,DCBR,-14.479422569274902,-52.45004653930664
1,DCBR,32.9727897644043,-4.899247646331787
1,DCBR,2.6308751106262207,-67.94957733154297
1,DCBR,9.310358047485352,-67.62870025634766
1,DCBR,-11.838077545166016,-46.06367492675781
1,DCBR,-9.309844017028809,-46.40838623046875
0,DCBR,-12.167438507080078,-58.46987533569336
1,DCBR,38.050777435302734,-2.0667543411254883
1,DCBR,1.9364428520202637,-38.83458709716797
1,DCBR,-13.732666969299316,-56.42885971069336
1,DCBR,-10.050675392150879,-58.44040298461914
1,DCBR,-6.416903018951416,-58.192928314208984
1,DCBR,-4.091191291809082,-43.104244232177734
1,DCBR,33.38566970825195,11.767130851745605
1,DCBR,11.819623947143555,-34.71723556518555
1,DCBR,33.348114013671875,-5.662011623382568
1,DCBR,9.136578559875488,-37.864654541015625
1,DCBR,15.027952194213867,-66.83174133300781
1,DCBR,-5.556225776672363,-62.65056228637695
1,DCBR,7.029475212097168,-36.28240203857422
1,DCBR,18.244951248168945,-66.07044219970703
0,DCBR,17.111696243286133,-68.4175033569336
0,DCBR,9.979791641235352,-71.49806213378906
0,DCBR,8.639700889587402,-66.49026489257812
1,DCBR,-8.593482971191406,11.406964302062988
1,DCBR,-8.703973770141602,11.324472427368164
1,DCBR,-5.516534805297852,13.049074172973633
1,DCBR,0.15208812057971954,15.471879959106445
1,DCBR,-7.09333610534668,12.291948318481445
1,DCBR,-6.705517292022705,12.644086837768555
1,DCBR,-1.895538330078125,14.95076847076416
1,DCBR,-5.1766533851623535,13.52505874633789
1,DCBR,-1.5780402421951294,15.052531242370605
1,DCBR,21.46279525756836,16.34897804260254
1,DCBR,0.5652210712432861,15.700010299682617
1,DCBR,2.5591318607330322,16.243330001831055
1,DCBR,-3.975914239883423,14.071183204650879
1,DCBR,-7.658990859985352,11.744268417358398
1,DCBR,-6.0654616355896,12.737434387207031
1,DCBR,-6.807069301605225,12.336859703063965
0,DCBR,21.011316299438477,-64.2173843383789
1,DCBR,-3.6727406978607178,14.2272367477417
1,DCBR,-4.854040622711182,13.607076644897461
1,DCBR,-2.640956163406372,14.638772964477539
1,DCBR,-1.813237190246582,15.358370780944824
1,DCBR,-11.524676322937012,9.062023162841797
1,DCBR,-8.087408065795898,11.865327835083008
1,DCBR,-6.7429986000061035,12.843681335449219
1,DCBR,-0.22919119894504547,15.449505805969238
1,DCBR,-9.231576919555664,10.960905075073242
1,DCBR,-11.167200088500977,9.515656471252441
1,DCBR,-11.656092643737793,9.1074800491333
1,DCBR,-10.039013862609863,10.382302284240723
0,DCBR,-6.148751258850098,-43.92346954345703
0,DCBR,24.880395889282227,-58.8958740234375
1,DCBR,-25.081727981567383,-7.597477436065674
1,DCBR,-25.0316162109375,-6.9314961433410645
1,DCBR,-22.82585334777832,-2.6853792667388916
1,DCBR,-17.090438842773438,3.264620304107666
1,DCBR,-12.559764862060547,8.342029571533203
1,DCBR,-13.687673568725586,7.274526119232178
1,DCBR,-11.52335262298584,9.034615516662598
1,DCBR,2.990665912628174,16.134841918945312
1,DCBR,-2.4717583656311035,14.512537002563477
1,DCBR,-7.931461811065674,11.76073169708252
1,DCBR,-9.613950729370117,10.686751365661621
1,DCBR,-6.281196117401123,12.952958106994629
1,DCBR,-8.413824081420898,11.526653289794922
1,DCBR,-6.8433990478515625,12.275420188903809
1,DCBR,-4.798007965087891,13.576497077941895
1,DCBR,-11.681487083435059,9.16861629486084
1,DCBR,-14.719764709472656,6.0670857429504395
1,DCBR,-11.43801498413086,9.594843864440918
1,DCBR,-8.980809211730957,11.11157512664795
0,DCBR,-9.970452308654785,-55.804691314697266
0,DCBR,2.2352702617645264,-66.5850830078125
0,DCBR,12.862339973449707,-33.47993469238281
0,DCBR,-1.026648759841919,-42.36957550048828
1,DCBR,-19.876943588256836,0.5356290936470032
1,DCBR,-25.105810165405273,-7.074271202087402
1,DCBR,-16.699724197387695,3.7788145542144775
1,DCBR,-13.338865280151367,7.617864608764648
1,DCBR,-6.405873775482178,12.603595733642578
1,DCBR,-5.715609073638916,13.114120483398438
1,DCBR,-13.63631820678711,7.322972774505615
1,DCBR,-14.077469825744629,6.834990501403809
1,DCBR,-12.651946067810059,8.239500045776367
1,DCBR,-11.391366958618164,9.32552719116211
1,DCBR,-6.643943786621094,12.340239524841309
1,DCBR,-9.888001441955566,10.485250473022461
1,DCBR,-13.385323524475098,7.594526290893555
1,DCBR,-13.607183456420898,7.423916339874268
0,DCBR,9.979818344116211,-71.49803924560547
1,DCBR,-21.670461654663086,0.020898494869470596
1,DCBR,-65.68021392822266,-3.277657985687256
1,DCBR,-70.5153579711914,0.7126297354698181
1,DCBR,-73.45288848876953,3.0932466983795166
1,DCBR,-73.98204803466797,3.7552850246429443
1,DCBR,-76.9579086303711,7.161783218383789
1,DCBR,-77.41119384765625,7.572042942047119
1,DCBR,-77.50823211669922,7.671413421630859
1,DCBR,-77.59910583496094,7.762513160705566
1,DCBR,-77.79873657226562,7.978916645050049
1,DCBR,-77.90335083007812,8.050265312194824
1,DCBR,-77.96141052246094,8.12098217010498
1,DCBR,-78.01721954345703,8.230514526367188
1,DCBR,-78.22042846679688,8.472978591918945
1,DCBR,-78.5208740234375,8.802903175354004
1,DCBR,-78.59362030029297,8.857629776000977
1,DCBR,-78.71923828125,8.939340591430664
1,DCBR,-78.9937973022461,9.035746574401855
1,DCBR,-79.02244567871094,9.061624526977539
1,DCBR,-79.03362274169922,9.088469505310059
1,DCBR,-79.1032943725586,9.094900131225586
0,DCBR,-1.0263179540634155,-42.369388580322266
1,DCBR,-32.244014739990234,-28.154090881347656
1,DCBR,-62.856544494628906,-6.920247554779053
1,DCBR,-62.67732238769531,-7.179947853088379
1,DCBR,-61.683372497558594,-8.439140319824219
1,DCBR,-58.136444091796875,-13.153179168701172
1,DCBR,-58.05147933959961,-13.27079963684082
1,DCBR,-56.73332214355469,-15.502960205078125
1,DCBR,-56.578399658203125,-15.766565322875977
1,DCBR,-56.37660598754883,-16.128463745117188
1,DCBR,-55.85132598876953,-16.995357513427734
1,DCBR,-53.761383056640625,-19.58709716796875
1,DCBR,-53.47101974487305,-19.85659408569336
1,DCBR,-53.56081771850586,-19.770751953125
1,DCBR,-53.67611312866211,-19.672988891601562
1,DCBR,-53.873268127441406,-19.503986358642578
1,DCBR,-53.326446533203125,-20.00673484802246
1,DCBR,-52.82723617553711,-20.412551879882812
1,DCBR,-53.26203918457031,-20.106306076049805
0,DCBR,9.979850769042969,-71.498046875
0,DCBR,3.089325189590454,-40.29923629760742
0,DCBR,24.880393981933594,-58.895877838134766
1,DCBR,-41.722900390625,-27.3809814453125
1,DCBR,-32.6376953125,-29.52650260925293
1,DCBR,-27.362539291381836,-27.257577896118164
1,DCBR,-30.584627151489258,-29.58365821838379
1,DCBR,-25.100482940673828,-8.194722175598145
1,DCBR,-24.989103317260742,-7.390190124511719
1,DCBR,-18.194610595703125,1.4557701349258423
1,DCBR,-18.227365493774414,1.6812986135482788
1,DCBR,-20.475849151611328,-1.2493221759796143
1,DCBR,-19.692100524902344,-0.3649885952472687
1,DCBR,-18.870197296142578,0.37373191118240356
1,DCBR,-19.67735481262207,-0.4586260914802551
1,DCBR,-21.497774124145508,-2.02946400642395
1,DCBR,-18.744298934936523,0.4569430649280548
1,DCBR,-20.221302032470703,-1.063432216644287
1,DCBR,-17.86133575439453,1.9492133855819702
1,DCBR,-22.16520118713379,-2.5245723724365234
0,DCBR,21.011316299438477,-64.2173843383789
0,DCBR,-9.97046184539795,-55.803924560546875
0,DCBR,2.235260009765625,-66.58509063720703
0,DCBR,38.5008544921875,-0.6170064806938171
0,DCBR,12.862306594848633,-33.47995376586914
1,DCBR,-27.2659912109375,-27.4836368560791
1,DCBR,-30.736421585083008,-29.651369094848633
1,DCBR,-30.373706817626953,-29.607900619506836
1,DCBR,-31.55684471130371,-30.006715774536133
1,DCBR,-24.613319396972656,-6.688561916351318
1,DCBR,-17.498558044433594,2.487639904022217
1,DCBR,-17.79051399230957,1.8840229511260986
1,DCBR,-18.915319442749023,0.5313122868537903
1,DCBR,-20.487213134765625,-1.2637720108032227
1,DCBR,-20.27970314025879,-1.0990267992019653
1,DCBR,-16.71555519104004,3.5879898071289062
1,DCBR,-20.018924713134766,-0.7113194465637207
1,DCBR,-17.072261810302734,3.1034140586853027
1,DCBR,-18.69118881225586,0.805671215057373
0,DCBR,9.979805946350098,-71.49801635742188
0,DCBR,-6.148754119873047,-43.9234733581543
1,DCBR,-3.7711708545684814,14.233646392822266
1,DCBR,-5.9948930740356445,13.361262321472168
1,DCBR,-21.956058502197266,-0.9646191000938416
1,DCBR,-37.70354461669922,-28.628450393676758
1,DCBR,-39.2468147277832,-27.92892837524414
1,DCBR,-46.30243682861328,-24.74518394470215
1,DCBR,-42.43600845336914,-27.03084373474121
1,DCBR,-24.910747528076172,-15.320107460021973
1,DCBR,-25.135196685791016,-14.31946086883545
1,DCBR,-27.04346466064453,-26.335037231445312
1,DCBR,-22.476560592651367,-2.5345778465270996
1,DCBR,-39.9240837097168,-28.047819137573242
1,DCBR,-53.84132766723633,-18.173444747924805
1,DCBR,-27.231569290161133,-27.48874282836914
1,DCBR,-25.53723907470703,-10.793203353881836
0,DCBR,21.011316299438477,-64.2173843383789
1,DCBR,-17.75308609008789,3.0151124000549316
1,DCBR,-31.193689346313477,-29.90840721130371
1,DCBR,-27.061830520629883,-26.90475082397461
1,DCBR,-25.14691925048828,-14.878776550292969
1,DCBR,-18.365427017211914,1.4429482221603394
1,DCBR,-17.417896270751953,2.7382326126098633
1,DCBR,-22.880306243896484,-2.968229293823242
1,DCBR,-25.248912811279297,-10.157915115356445
1,DCBR,-25.27035140991211,-9.225730895996094
1,DCBR,-22.783132553100586,-2.655686855316162
1,DCBR,-25.220808029174805,-6.689044952392578
1,DCBR,-20.938255310058594,-0.7290799021720886
1,DCBR,-2.373809814453125,15.70956039428711
1,DCBR,-25.05926513671875,-15.03490924835205
1,DCBR,-26.76943016052246,-27.744647979736328
1,DCBR,-26.986814498901367,-27.76517105102539
0,DCBR,9.979809761047363,-71.49810028076172
1,DCBR,-1.8899801969528198,-67.8839111328125
1,DCBR,36.48845291137695,-1.5395337343215942
1,DCBR,36.133399963378906,-2.273665428161621
1,DCBR,-12.430919647216797,-61.64297866821289
1,DCBR,22.470203399658203,-63.88023376464844
1,DCBR,36.02548599243164,-2.5558321475982666
1,DCBR,11.067870140075684,-36.323638916015625
1,DCBR,-7.97214412689209,-61.58567810058594
1,DCBR,-11.55777645111084,-57.457130432128906
1,DCBR,37.665618896484375,7.919572353363037
1,DCBR,-6.687885284423828,-44.62246322631836
1,DCBR,15.81001091003418,-66.19844055175781
1,DCBR,-2.19799542427063,-40.740203857421875
1,DCBR,10.869001388549805,-68.09573364257812
1,DCBR,0.21830181777477264,-65.38014221191406
1,DCBR,19.907955169677734,-63.06270980834961
1,DCBR,-13.563128471374512,-54.117515563964844
1,DCBR,-6.2551960945129395,-66.87358856201172
1,DCBR,16.152057647705078,-67.75514221191406
1,DCBR,-13.937528610229492,-50.93418502807617
1,DCBR,8.684123992919922,-40.41506576538086
0,DCBR,-9.970442771911621,-55.80470275878906
0,DCBR,38.5008544921875,-0.617007315158844
1,DCBR,-2.623441696166992,-67.41532135009766
1,DCBR,-12.683601379394531,-51.76819610595703
1,DCBR,0.6792443990707397,-39.7288932800293
1,DCBR,-2.2393639087677,-67.13034057617188
1,DCBR,9.650409698486328,-69.0190200805664
1,DCBR,37.22026443481445,8.023076057434082
1,DCBR,31.74957275390625,12.664168357849121
1,DCBR,39.74303436279297,5.2942728996276855
1,DCBR,30.755659103393555,-56.943092346191406
1,DCBR,28.067358016967773,-59.06985855102539
1,DCBR,9.976122856140137,-66.65918731689453
1,DCBR,7.507692813873291,-66.35359191894531
1,DCBR,8.1535062789917,-38.99760437011719
1,DCBR,34.32270050048828,11.665891647338867
0,DCBR,17.11167335510254,-68.41752624511719
0,DCBR,-6.148757457733154,-43.92346954345703
0,DCBR,5.513334274291992,-36.041709899902344
0,DCBR,8.63970947265625,-66.49026489257812
1,DCBR,-0.9080994725227356,15.303205490112305
1,DCBR,-5.8870415687561035,13.021543502807617
1,DCBR,-3.1168980598449707,14.501951217651367
1,DCBR,21.15159797668457,16.440366744995117
1,DCBR,36.942115783691406,9.57519817352295
1,DCBR,27.716703414916992,14.530753135681152
1,DCBR,22.677669525146484,16.021812438964844
1,DCBR,22.94911766052246,15.919403076171875
1,DCBR,25.682415008544922,15.176763534545898
1,DCBR,1.171684980392456,15.90253734588623
1,DCBR,38.03241729736328,0.21919675171375275
1,DCBR,-8.941839218139648,-55.05529022216797
1,DCBR,20.005817413330078,-62.633140563964844
1,DCBR,30.66439437866211,13.962023735046387
1,DCBR,-0.3671089708805084,15.712419509887695
1,DCBR,0.8612586259841919,15.995319366455078
1,DCBR,22.689870834350586,15.882210731506348
1,DCBR,37.49553298950195,0.9352396726608276
1,DCBR,26.034671783447266,14.901978492736816
1,DCBR,26.896499633789062,14.932692527770996
0,DCBR,21.011316299438477,-64.2173843383789
0,DCBR,2.2352921962738037,-66.58509826660156
0,DCBR,12.862306594848633,-33.47995376586914
1,DCBR,38.269229888916016,0.41527482867240906
1,DCBR,-10.513101577758789,-52.81407165527344
1,DCBR,13.352022171020508,-33.10772705078125
1,DCBR,30.321983337402344,13.39881706237793
1,DCBR,25.683292388916016,14.797147750854492
1,DCBR,26.490995407104492,14.725993156433105
1,DCBR,36.47092819213867,-5.1671223640441895
1,DCBR,36.58658981323242,-5.17032527923584
1,DCBR,18.900915145874023,17.21512794494629
1,DCBR,-8.213956832885742,11.695919036865234
1,DCBR,-2.333144187927246,15.004834175109863
1,DCBR,5.5246686935424805,-35.365509033203125
1,DCBR,38.95457077026367,-1.6626808643341064
1,DCBR,29.25857162475586,14.017683982849121
1,DCBR,2.5973739624023438,16.18863868713379
1,DCBR,-3.183168649673462,14.55631160736084
1,DCBR,24.783451080322266,15.344351768493652
1,DCBR,21.68613624572754,16.314422607421875
1,DCBR,20.868257522583008,16.588729858398438
1,DCBR,2.317462921142578,16.443578720092773
1,DCBR,2.1758956909179688,16.38267707824707
0,DCBR,9.979776382446289,-71.49791717529297
0,DCBR,-6.148745059967041,-43.923465728759766
0,DCBR,5.513334274291992,-36.041709899902344
1,DCBR,-5.003085613250732,13.54953384399414
1,DCBR,-22.111225128173828,-2.025648832321167
1,DCBR,-16.48262596130371,4.143960952758789
1,DCBR,-14.3629732131958,6.733599662780762
1,DCBR,-0.33811426162719727,15.598577499389648
1,DCBR,-15.709343910217285,5.095923900604248
1,DCBR,-22.15377426147461,-2.093238592147827
1,DCBR,-18.862773895263672,1.1037858724594116
1,DCBR,-21.749719619750977,-1.8259507417678833
1,DCBR,-14.996112823486328,5.8901777267456055
1,DCBR,26.145029067993164,15.164114952087402
1,DCBR,0.9454541206359863,15.91554069519043
1,DCBR,2.1809070110321045,16.006515502929688
1,DCBR,-6.919857025146484,12.766648292541504
1,DCBR,-12.11444091796875,8.748637199401855
1,DCBR,-15.91224193572998,4.815607070922852
0,DCBR,21.011316299438477,-64.2173843383789
0,DCBR,2.23525333404541,-66.5850830078125
1,DCBR,-20.19487953186035,-0.3452065587043762
1,DCBR,-16.04895782470703,4.6945343017578125
1,DCBR,-15.177633285522461,5.693437099456787
1,DCBR,-18.182510375976562,2.160731554031372
1,DCBR,-10.822253227233887,9.788654327392578
1,DCBR,-20.99379539489746,-0.744747519493103
1,DCBR,-16.38142967224121,4.306687355041504
1,DCBR,-20.429447174072266,-0.5445378422737122
1,DCBR,-16.204992294311523,4.492430686950684
1,DCBR,-13.987071990966797,7.067943096160889
1,DCBR,-12.216988563537598,8.647112846374512
1,DCBR,-12.7300386428833,8.190410614013672
1,DCBR,-19.762451171875,0.35824480652809143
0,DCBR,3.0893330574035645,-40.299198150634766
0,DCBR,-6.148738861083984,-43.92344284057617
1,DCBR,-21.507774353027344,-1.5163382291793823
1,DCBR,-27.74045181274414,-27.45754051208496
1,DCBR,-41.17829132080078,-27.60833168029785
1,DCBR,-45.468658447265625,-25.38054084777832
1,DCBR,-50.500831604003906,-20.436683654785156
1,DCBR,-53.613853454589844,-18.534658432006836
1,DCBR,-43.92805099487305,-26.262060165405273
1,DCBR,-45.28197479248047,-25.484270095825195
1,DCBR,-35.524227142333984,-28.59600257873535
1,DCBR,-25.336711883544922,-13.799338340759277
1,DCBR,-32.958290100097656,-29.214340209960938
1,DCBR,-35.668212890625,-28.964252471923828
1,DCBR,-25.355392456054688,-13.81871509552002
1,DCBR,-25.185747146606445,-7.398916244506836
1,DCBR,-34.10751724243164,-29.154367446899414
1,DCBR,-26.64268684387207,-25.8465518951416
1,DCBR,-25.113204956054688,-7.406106472015381
0,DCBR,21.011316299438477,-64.2173843383789
0,DCBR,38.5008544921875,-0.617007315158844
0,DCBR,12.862303733825684,-33.479957580566406
1,DCBR,-25.34915542602539,-13.728812217712402
1,DCBR,-26.46769905090332,-25.735937118530273
1,DCBR,-25.353107452392578,-10.705338478088379
1,DCBR,-35.366458892822266,-28.927413940429688
1,DCBR,-32.00248718261719,-29.089527130126953
1,DCBR,-25.30344581604004,-14.008049011230469
1,DCBR,-25.080116271972656,-7.45237398147583
1,DCBR,-25.190446853637695,-8.365376472473145
1,DCBR,-25.20635414123535,-7.986485004425049
1,DCBR,-26.497812271118164,-26.673717498779297
1,DCBR,-25.30958366394043,-13.588604927062988
1,DCBR,-25.076786041259766,-15.4928560256958
1,DCBR,-37.69797134399414,-28.620601654052734
1,DCBR,-43.131927490234375,-26.791149139404297
1,DCBR,-57.63536834716797,-13.915053367614746
1,DCBR,-58.759864807128906,-12.449698448181152
1,DCBR,-60.511451721191406,-10.089170455932617
1,DCBR,-58.16408157348633,-13.16519832611084
1,DCBR,-58.161930084228516,-13.172688484191895
1,DCBR,-57.647125244140625,-13.910987854003906
0,DCBR,9.979833602905273,-71.49808502197266
1,DCBR,2.896336317062378,16.24869155883789
1,DCBR,-50.12767028808594,-20.660985946655273
1,DCBR,-44.76649475097656,-25.669862747192383
1,DCBR,-35.509674072265625,-29.246496200561523
1,DCBR,-55.59377670288086,-15.746671676635742
1,DCBR,-44.745853424072266,-25.683578491210938
1,DCBR,-26.61565399169922,-27.205440521240234
1,DCBR,-25.24049186706543,-6.4545369148254395
1,DCBR,-25.259483337402344,-6.543830871582031
1,DCBR,-22.809864044189453,-2.987938642501831
1,DCBR,-35.445587158203125,-29.30843162536621
1,DCBR,-52.68041229248047,-18.356054306030273
1,DCBR,-42.736549377441406,-26.810606002807617
0,DCBR,21.011316299438477,-64.2173843383789
0,DCBR,-9.97046184539795,-55.803924560546875
1,DCBR,-6.342089653015137,13.605219841003418
1,DCBR,-37.9448356628418,-29.031354904174805
1,DCBR,-44.62342834472656,-25.679811477661133
1,DCBR,-54.879852294921875,-16.661653518676758
1,DCBR,-55.5599479675293,-16.111648559570312
1,DCBR,-50.159507751464844,-20.526695251464844
1,DCBR,-33.972774505615234,-29.3876953125
1,DCBR,-50.273887634277344,-20.50701332092285
1,DCBR,-25.159021377563477,-14.455652236938477
1,DCBR,-40.835304260253906,-27.737621307373047
1,DCBR,-46.029605865478516,-24.98053741455078
1,DCBR,-50.040306091308594,-20.648820877075195
1,DCBR,-50.05029296875,-20.514366149902344
1,DCBR,-53.65960693359375,-18.155136108398438
1,DCBR,-51.40496063232422,-19.432661056518555
1,DCBR,-50.340633392333984,-20.6533145904541
1,DCBR,-60.89393615722656,-9.507479667663574
1,DCBR,-60.63108825683594,-9.844123840332031
1,DCBR,-56.36767578125,-15.187125205993652
1,DCBR,-50.147300720214844,-20.68182945251465
0,DCBR,17.111698150634766,-68.4175033569336
0,DCBR,3.0893704891204834,-40.29922866821289
1,DCBR,-30.30454444885254,-28.90137481689453
1,DCBR,-30.66873550415039,-28.95817756652832
1,DCBR,-31.88080406188965,-29.44377899169922
1,DCBR,-32.22290802001953,-29.43751335144043
1,DCBR,-28.205944061279297,-27.694923400878906
1,DCBR,-25.115018844604492,-14.995565414428711
1,DCBR,-28.653396606445312,-28.007179260253906
1,DCBR,-30.933210372924805,-29.028799057006836
1,DCBR,-27.573930740356445,-26.723649978637695
1,DCBR,-27.395336151123047,-26.464454650878906
1,DCBR,-27.742996215820312,-27.10906982421875
1,DCBR,-27.367616653442383,-26.447006225585938
1,DCBR,-28.736196517944336,-28.067964553833008
1,DCBR,-27.76258659362793,-27.057695388793945
1,DCBR,-28.485849380493164,-27.907352447509766
0,DCBR,2.2352983951568604,-66.5851058959961
0,DCBR,38.500858306884766,-0.6170071959495544
0,DCBR,-12.167441368103027,-58.46989822387695
1,DCBR,-28.17609977722168,-27.711217880249023
1,DCBR,-30.697673797607422,-29.10911750793457
1,DCBR,-33.30317306518555,-29.359344482421875
1,DCBR,-30.965499877929688,-29.088041305541992
1,DCBR,-31.271041870117188,-29.215740203857422
1,DCBR,-29.97710418701172,-28.79253578186035
1,DCBR,-27.984100341796875,-27.273860931396484
1,DCBR,-28.268096923828125,-27.702085494995117
1,DCBR,-30.562891006469727,-29.063024520874023
1,DCBR,-30.701488494873047,-29.11458969116211
1,DCBR,-32.56951904296875,-29.3653621673584
1,DCBR,-35.187705993652344,-29.1942195892334
1,DCBR,-31.178363800048828,-29.183237075805664
1,DCBR,-27.254404067993164,-26.2874755859375
1,DCBR,-27.674558639526367,-26.94183349609375
1,DCBR,-29.26304054260254,-28.382896423339844
1,DCBR,-31.258176803588867,-29.165969848632812
1,DCBR,-31.674713134765625,-29.35279083251953
0,DCBR,17.1116886138916,-68.41751098632812
0,DCBR,9.979848861694336,-71.49810028076172
0,DCBR,3.0893330574035645,-40.299198150634766
0,DCBR,-6.148690700531006,-43.92340087890625
0,DCBR,24.880393981933594,-58.895877838134766
0,DCBR,8.639702796936035,-66.49026489257812
1,DCBR,4.559651851654053,-39.996368408203125
1,DCBR,37.509639739990234,7.804758071899414
1,DCBR,36.57002258300781,9.227789878845215
1,DCBR,39.14866256713867,5.216533184051514
1,DCBR,9.057012557983398,-40.40373992919922
1,DCBR,8.722090721130371,-40.26791000366211
1,DCBR,-12.012062072753906,-62.13595962524414
1,DCBR,-7.561934947967529,-42.18116760253906
1,DCBR,-10.46229362487793,-57.68878173828125
1,DCBR,11.959875106811523,-67.1484146118164
1,DCBR,31.015531539916992,-4.905496120452881
1,DCBR,3.283876895904541,-38.45639419555664
1,DCBR,-8.018558502197266,-61.154449462890625
1,DCBR,27.8132266998291,-59.901641845703125
1,DCBR,2.9202451705932617,-69.3482666015625
1,DCBR,20.775592803955078,-63.82286071777344
1,DCBR,5.926689147949219,-68.58056640625
1,DCBR,-3.492419481277466,-39.26600646972656
1,DCBR,6.786392688751221,-39.05569076538086
1,DCBR,-5.940326690673828,-42.76323318481445
0,DCBR,2.2352983951568604,-66.5851058959961
0,DCBR,-12.167439460754395,-58.46989059448242
1,DCBR,2.080386161804199,-68.18866729736328
1,DCBR,1.9868429899215698,-38.679298400878906
1,DCBR,-11.467835426330566,-61.60665512084961
1,DCBR,-14.185460090637207,-54.64338684082031
1,DCBR,13.271320343017578,-36.88114929199219
1,DCBR,25.953704833984375,-58.062198638916016
1,DCBR,-5.549034595489502,-44.30101776123047
1,DCBR,-6.512629508972168,-43.28567886352539
1,DCBR,-6.415339469909668,-63.62490463256836
1,DCBR,27.962196350097656,-58.95855712890625
1,DCBR,12.731294631958008,-66.65612030029297
1,DCBR,-9.189677238464355,-50.018310546875
1,DCBR,8.987960815429688,-38.53370666503906
1,DCBR,32.54684066772461,12.732669830322266
1,DCBR,33.30006408691406,12.508957862854004
0,DCBR,24.880395889282227,-58.895877838134766
1,DCBR,-1.0943070650100708,15.264420509338379
1,DCBR,29.753379821777344,13.656548500061035
1,DCBR,19.250564575195312,17.06473159790039
1,DCBR,19.07819366455078,17.12204360961914
1,DCBR,13.410268783569336,-34.49894332885742
1,DCBR,19.010847091674805,17.188011169433594
1,DCBR,-8.442999839782715,11.592978477478027
1,DCBR,-13.866552352905273,7.120027542114258
1,DCBR,-12.96013069152832,7.971976280212402
1,DCBR,28.87050437927246,14.10305404663086
1,DCBR,39.132728576660156,2.191666603088379
1,DCBR,32.877655029296875,11.750493049621582
1,DCBR,3.3967878818511963,-39.11027526855469
1,DCBR,23.59953498840332,15.67020034790039
1,DCBR,25.9212646484375,14.917893409729004
1,DCBR,28.303348541259766,14.203936576843262
1,DCBR,3.321166515350342,-42.36373519897461
1,DCBR,33.228675842285156,-6.301538944244385
0,DCBR,-12.167428970336914,-58.46989822387695
1,DCBR,38.72013854980469,6.180537223815918
1,DCBR,-1.5865951776504517,15.067410469055176
1,DCBR,19.88456916809082,16.913105010986328
1,DCBR,25.66261863708496,15.131998062133789
1,DCBR,-2.478496551513672,14.738136291503906
1,DCBR,23.058277130126953,15.828042030334473
1,DCBR,29.764057159423828,14.734200477600098
1,DCBR,19.242433547973633,17.15043067932129
1,DCBR,2.932467460632324,16.274988174438477
1,DCBR,22.3492374420166,16.0654354095459
1,DCBR,2.497852087020874,16.124313354492188
1,DCBR,22.421072006225586,16.002744674682617
1,DCBR,-3.5632424354553223,-41.640052795410156
1,DCBR,30.353721618652344,13.508368492126465
1,DCBR,-6.617371082305908,12.939730644226074
1,DCBR,-5.249557971954346,13.559582710266113
1,DCBR,21.34444808959961,16.380346298217773
1,DCBR,-2.5190529823303223,15.007533073425293
1,DCBR,-1.7203513383865356,15.209383964538574
0,DCBR,17.111698150634766,-68.4175033569336
0,DCBR,5.513310432434082,-36.04166793823242
1,DCBR,36.39966583251953,9.177224159240723
1,DCBR,-71.28834533691406,1.2252329587936401
1,DCBR,-70.1844482421875,0.3002200424671173
1,DCBR,-65.48031616210938,-3.570394515991211
1,DCBR,-69.9471206665039,0.15972864627838135
1,DCBR,-65.67198944091797,-3.237332582473755
1,DCBR,-71.07621002197266,1.0878863334655762
1,DCBR,-72.93949127197266,2.5306551456451416
1,DCBR,-71.58441162109375,1.4392462968826294
1,DCBR,-72.7738265991211,2.4084982872009277
1,DCBR,-72.97949981689453,2.5658509731292725
1,DCBR,-66.00434875488281,-2.853888988494873
1,DCBR,-69.0692138671875,-0.6444846391677856
1,DCBR,-70.89852142333984,1.0044082403182983
1,DCBR,-73.13361358642578,2.712505578994751
1,DCBR,-69.1573486328125,-0.5574491620063782
1,DCBR,-71.51783752441406,1.4229979515075684
1,DCBR,-69.55321502685547,-0.26595795154571533
1,DCBR,-69.65263366699219,-0.17517121136188507
1,DCBR,-73.50243377685547,3.146892547607422
1,DCBR,-73.00487518310547,2.6007306575775146
1,DCBR,-72.0313720703125,1.8293673992156982
0,DCBR,-12.16743278503418,-58.46988296508789
1,DCBR,-61.49070739746094,-8.57375717163086
1,DCBR,-70.88568115234375,0.8948556184768677
1,DCBR,-72.2285385131836,1.9900158643722534
1,DCBR,-71.62771606445312,1.4926064014434814
1,DCBR,-70.21588134765625,0.2970544397830963
1,DCBR,-69.75298309326172,-0.10572148114442825
1,DCBR,-70.40933227539062,0.5397974252700806
1,DCBR,-71.64453125,1.4926693439483643
1,DCBR,-65.21878051757812,-4.000388145446777
1,DCBR,-64.90190887451172,-4.653046131134033
1,DCBR,-65.71788787841797,-3.1842145919799805
1,DCBR,-70.7428207397461,0.9103130102157593
1,DCBR,-69.96287536621094,0.0813230574131012
1,DCBR,-70.37957763671875,0.48264065384864807
1,DCBR,-69.50577545166016,-0.30085819959640503
1,DCBR,-66.10887145996094,-2.7208669185638428
1,DCBR,-69.96726989746094,0.15192337334156036
1,DCBR,-73.16234588623047,2.7434139251708984
1,DCBR,-72.99304962158203,2.590930223464966
1,DCBR,-70.97577667236328,1.0202127695083618
1,DCBR,-70.746826171875,0.7935801148414612
0,DCBR,3.0892722606658936,-40.299232482910156
0,DCBR,-6.1487650871276855,-43.923492431640625
0,DCBR,24.880393981933594,-58.89588165283203
1,DCBR,34.96562576293945,10.736220359802246
1,DCBR,-56.04520797729492,-15.258369445800781
1,DCBR,-60.44271469116211,-10.181087493896484
1,DCBR,-61.09869384765625,-9.184928894042969
1,DCBR,-66.11942291259766,-2.666879653930664
1,DCBR,-56.56618118286133,-16.40266990661621
1,DCBR,-49.92654037475586,-23.66353416442871
1,DCBR,-37.67338180541992,-19.832645416259766
1,DCBR,-32.0735969543457,-8.548640251159668
1,DCBR,-32.08531951904297,-8.574954986572266
1,DCBR,-32.077476501464844,-8.55891227722168
1,DCBR,-32.05883026123047,-8.510860443115234
1,DCBR,-32.068275451660156,-8.532432556152344
1,DCBR,-32.0847053527832,-8.572367668151855
1,DCBR,-32.05586624145508,-8.505064964294434
1,DCBR,-32.05382537841797,-8.501428604125977
0,DCBR,38.50086212158203,-0.617001473903656
0,DCBR,-1.0266488790512085,-42.36957550048828
1,DCBR,2.146475315093994,-40.42580795288086
1,DCBR,-43.854896545410156,-26.154041290283203
1,DCBR,-59.98281478881836,-10.797616958618164
1,DCBR,-61.905494689941406,-8.12874984741211
1,DCBR,-61.75350570678711,-8.33309268951416
1,DCBR,-60.63066101074219,-9.938530921936035
1,DCBR,-62.56977844238281,-7.400058746337891
1,DCBR,-64.64742279052734,-5.040681838989258
1,DCBR,-65.08474731445312,-4.366544723510742
1,DCBR,-61.46238327026367,-8.620057106018066
1,DCBR,-37.67580032348633,-19.835098266601562
1,DCBR,-37.66233825683594,-19.779687881469727
1,DCBR,-33.16472244262695,-10.894911766052246
1,DCBR,-33.18205642700195,-10.931180953979492
1,DCBR,-33.2067985534668,-10.97811508178711
1,DCBR,-33.19318389892578,-10.950203895568848
1,DCBR,-33.16167068481445,-10.888283729553223
1,DCBR,-33.16017150878906,-10.888548851013184
1,DCBR,-33.109336853027344,-10.778404235839844
1,DCBR,-33.197200775146484,-10.969679832458496
1,DCBR,-33.168357849121094,-10.909587860107422
0,DCBR,17.111726760864258,-68.4175033569336
0,DCBR,9.979763984680176,-71.4979248046875
0,DCBR,-6.148770332336426,-43.923500061035156
1,DCBR,21.765047073364258,16.244245529174805
1,DCBR,-3.3984029293060303,14.362723350524902
1,DCBR,0.5483181476593018,15.77823257446289
1,DCBR,29.943899154663086,13.601492881774902
1,DCBR,28.446590423583984,14.195687294006348
1,DCBR,18.495616912841797,17.300870895385742
1,DCBR,0.6486119627952576,15.801291465759277
1,DCBR,-0.0768546462059021,15.619805335998535
1,DCBR,22.392637252807617,16.062864303588867
1,DCBR,23.51904296875,15.716588020324707
1,DCBR,0.0852777510881424,15.80273151397705
1,DCBR,26.64845085144043,14.771944999694824
1,DCBR,28.614425659179688,14.069082260131836
1,DCBR,20.137393951416016,16.817869186401367
1,DCBR,32.276309967041016,12.780031204223633
1,DCBR,25.24022102355957,15.196717262268066
1,DCBR,19.187070846557617,17.11332893371582
1,DCBR,19.774179458618164,16.937292098999023
1,DCBR,23.86683464050293,15.594472885131836
1,DCBR,2.766662359237671,16.192028045654297
1,DCBR,2.0137686729431152,16.009233474731445
1,DCBR,29.388307571411133,13.796262741088867
1,DCBR,33.25599670410156,12.04664134979248
1,DCBR,21.653562545776367,16.32148551940918
0,DCBR,21.011310577392578,-64.2173843383789
0,DCBR,2.235243797302246,-66.58509063720703
0,DCBR,38.5008659362793,-0.616998016834259
1,DCBR,19.905715942382812,16.888565063476562
1,DCBR,23.57684898376465,15.700427055358887
1,DCBR,1.7475415468215942,16.0485782623291
1,DCBR,1.086045503616333,15.924600601196289
1,DCBR,-0.6928126811981201,15.411741256713867
1,DCBR,0.8992369174957275,15.835891723632812
1,DCBR,22.529312133789062,15.992883682250977
1,DCBR,-3.032258987426758,14.583251953125
1,DCBR,28.566410064697266,14.513668060302734
1,DCBR,26.608322143554688,15.155117988586426
1,DCBR,24.890010833740234,15.343977928161621
1,DCBR,-4.767091274261475,13.688267707824707
1,DCBR,18.731233596801758,17.278411865234375
1,DCBR,20.114315032958984,16.820343017578125
1,DCBR,2.30576753616333,16.211456298828125
1,DCBR,27.72415542602539,14.486133575439453
1,DCBR,24.082439422607422,15.522150039672852
1,DCBR,18.89878273010254,17.208024978637695
1,DCBR,-2.331939458847046,14.978620529174805
0,DCBR,17.111726760864258,-68.4175033569336
0,DCBR,5.513338088989258,-36.041709899902344
1,DCBR,23.19647216796875,15.793927192687988
1,DCBR,-21.030807495117188,-0.8314946889877319
1,DCBR,-8.346039772033691,11.596270561218262
1,DCBR,-19.00000762939453,1.033607840538025
1,DCBR,-19.03322410583496,1.109130859375
1,DCBR,-20.7427978515625,-0.694351315498352
1,DCBR,-17.116506576538086,3.3961105346679688
1,DCBR,-14.813521385192871,6.204829216003418
1,DCBR,-19.954883575439453,0.18653705716133118
1,DCBR,-7.513679504394531,12.246832847595215
1,DCBR,-14.46648120880127,6.614987373352051
1,DCBR,-18.377140045166016,1.9610322713851929
1,DCBR,-11.770795822143555,9.14544677734375
1,DCBR,-11.888833999633789,9.036347389221191
1,DCBR,-11.84264850616455,9.043901443481445
1,DCBR,-17.811784744262695,2.60538649559021
1,DCBR,-10.9232759475708,9.755670547485352
1,DCBR,-4.771095275878906,13.643927574157715
1,DCBR,-4.898561000823975,13.542861938476562
1,DCBR,-18.993349075317383,1.6269221305847168
1,DCBR,-21.9323673248291,-1.6866258382797241
1,DCBR,-15.361936569213867,5.622337818145752
1,DCBR,-15.086834907531738,6.13202428817749
1,DCBR,3.1114649772644043,16.258991241455078
1,DCBR,-19.523794174194336,0.8191287517547607
1,DCBR,-7.635958671569824,12.42878532409668
1,DCBR,-14.047507286071777,7.07267951965332
1,DCBR,-14.670098304748535,6.697188854217529
1,DCBR,-16.862985610961914,3.838331460952759
1,DCBR,-10.927989959716797,9.676039695739746
1,DCBR,-18.56900978088379,1.8977960348129272
1,DCBR,-16.431982040405273,4.267334938049316
1,DCBR,-18.388996124267578,1.9904249906539917
1,DCBR,-22.24647331237793,-2.090195417404175
1,DCBR,-10.587982177734375,9.967833518981934
1,DCBR,-14.54153060913086,6.450860977172852
1,DCBR,-22.861427307128906,-2.5979976654052734
1,DCBR,-14.440299034118652,6.690669536590576
0,SCALING,55.135894775390625,-18.02910614013672
0,SCALING,34.413917541503906,-18.487136840820312
0,SCALING,-2.8384547233581543,-1.4852920770645142
0,SCALING,16.361541748046875,1.8914953470230103
0,SCALING,4.150207996368408,-18.4663028717041
0,SCALING,5.790961742401123,-19.18174171447754
0,SCALING,17.354589462280273,-18.375221252441406
0,SCALING,13.799965858459473,-19.176162719726562
0,SCALING,-8.365616798400879,-14.316341400146484
0,SCALING,36.06159591674805,-19.19158363342285
0,SCALING,50.62583541870117,-39.764801025390625
0,SCALING,4.9681854248046875,-19.27729034423828
0,SCALING,40.531707763671875,-18.942054748535156
0,SCALING,-1.89244544506073,-16.864248275756836
0,SCALING,3.6031758785247803,-0.3677334487438202
0,SCALING,-1.2954351902008057,-15.734149932861328
0,SCALING,41.117244720458984,-19.13273048400879
0,SCALING,18.06583595275879,-19.492084503173828
0,SCALING,-2.2705087661743164,-4.139975547790527
0,SCALING,-0.8058156967163086,-2.1729354858398438
0,SCALING,26.558385848999023,-21.42701530456543
0,SCALING,-3.155310869216919,-1.489113450050354
0,SCALING,54.525291442871094,-35.923828125
0,SCALING,53.05308532714844,-38.41567611694336
0,SCALING,56.293827056884766,-19.34076690673828
0,SCALING,42.040138244628906,-16.10091781616211
0,SCALING,10.642333984375,-16.908180236816406
0,SCALING,32.07319641113281,-18.341854095458984
0,SCALING,29.299386978149414,-20.918067932128906
0,SCALING,25.309247970581055,-20.848468780517578
0,SCALING,24.11939239501953,-21.357372283935547
0,SCALING,51.83252716064453,-38.36922836303711
0,SCALING,2.5983669757843018,-20.17812728881836
0,SCALING,-7.161703586578369,-12.514721870422363
0,SCALING,53.52043914794922,-20.564546585083008
0,SCALING,55.880985260009766,-30.507740020751953
0,SCALING,15.234160423278809,0.7806930541992188
0,SCALING,17.486526489257812,3.0970218181610107
0,SCALING,18.09867286682129,6.163207530975342
0,SCALING,4.046693801879883,0.6174375414848328
0,SCALING,55.641212463378906,-24.98695182800293
0,SCALING,34.46542739868164,-20.057584762573242
0,SCALING,37.780826568603516,-19.570045471191406
0,SCALING,23.567838668823242,-17.466623306274414
0,SCALING,24.056922912597656,-17.635326385498047
0,SCALING,49.152809143066406,-15.978460311889648
0,SCALING,53.03850555419922,-36.625885009765625
0,SCALING,54.83052444458008,-35.07261657714844
0,SCALING,47.790069580078125,-17.528718948364258
0,SCALING,43.18049240112305,-16.383258819580078
0,SCALING,37.609832763671875,-16.2701416015625
0,SCALING,24.127277374267578,-17.990680694580078
0,SCALING,53.147911071777344,-21.257476806640625
0,SCALING,0.3289431929588318,-1.019202470779419
0,SCALING,21.847871780395508,-18.758344650268555
0,SCALING,37.81745147705078,-19.153575897216797
0,SCALING,55.40850067138672,-24.012954711914062
0,SCALING,48.5814208984375,-15.480345726013184
0,SCALING,13.376259803771973,-17.37319564819336
0,SCALING,56.16566848754883,-33.551387786865234
0,SCALING,50.3638916015625,-40.048072814941406
0,SCALING,16.92302131652832,10.321802139282227
0,SCALING,-4.045301914215088,-12.193631172180176
0,SCALING,16.962934494018555,2.810555934906006
0,SCALING,-5.022324562072754,-4.3755903244018555
0,SCALING,19.87844467163086,-17.54728889465332
0,SCALING,-7.060662746429443,-13.520808219909668
0,SCALING,25.483762741088867,-22.316123962402344
0,SCALING,56.502254486083984,-30.37196159362793
0,SCALING,50.90117263793945,-39.52000427246094
0,SCALING,49.28227233886719,-41.225074768066406
0,SCALING,1.7545818090438843,-20.49700355529785
0,SCALING,17.626476287841797,-20.09311866760254
0,SCALING,42.92472457885742,-17.395978927612305
0,SCALING,21.18486213684082,-20.09033966064453
0,SCALING,55.33298110961914,-23.204492568969727
0,SCALING,8.782472610473633,-19.860647201538086
0,SCALING,1.7819781303405762,-16.173057556152344
0,SCALING,13.96537971496582,-21.52374839782715
0,SCALING,13.863821983337402,-21.60892677307129
0,SCALING,-2.032221794128418,-2.494844675064087
0,SCALING,8.647554397583008,-1.0341196060180664
0,SCALING,-1.804197907447815,-1.9722164869308472
0,SCALING,6.4165496826171875,-20.59023666381836
0,SCALING,55.06818389892578,-28.926069259643555
0,SCALING,17.6886043548584,-16.26091766357422
0,SCALING,52.86156463623047,-18.80866813659668
0,SCALING,54.31306076049805,-21.674962997436523
0,SCALING,56.254310607910156,-23.757165908813477
0,SCALING,32.71118927001953,-21.344053268432617
0,SCALING,-6.730252742767334,-12.365144729614258
0,SCALING,2.068260669708252,-1.8196048736572266
0,SCALING,2.2325236797332764,-20.60953140258789
0,SCALING,-4.943967819213867,-10.653153419494629
0,SCALING,-5.861354827880859,-5.334667682647705
0,SCALING,54.57155990600586,-20.990951538085938
0,SCALING,28.58930015563965,-23.691879272460938
0,SCALING,31.772613525390625,-18.27536392211914
0,SCALING,-6.8053083419799805,-12.767345428466797
0,SCALING,21.216325759887695,-22.289081573486328
0,SCALING,26.891887664794922,-22.977603912353516
0,SCALING,20.65428924560547,-17.9387264251709
0,SCALING,56.953453063964844,-23.92165756225586
0,SCALING,54.10402297973633,-35.77840042114258
0,SCALING,-5.509206771850586,-8.626128196716309
0,SCALING,50.5695915222168,-39.7955436706543
0,SCALING,50.21183395385742,-40.22250747680664
0,SCALING,55.99465560913086,-32.066307067871094
0,SCALING,55.700340270996094,-21.558876037597656
0,SCALING,-5.19087028503418,-15.784737586975098
0,SCALING,43.65740966796875,-16.605968475341797
0,SCALING,8.10709285736084,-1.447749137878418
0,SCALING,16.901308059692383,10.585803985595703
0,SCALING,18.4544620513916,6.17755126953125
0,SCALING,9.39177417755127,-2.2351672649383545
0,SCALING,-2.5016913414001465,-5.397069931030273
0,SCALING,16.556245803833008,0.8470879793167114
0,SCALING,54.41740036010742,-18.908681869506836
0,SCALING,8.12159252166748,-1.6387513875961304
0,SCALING,38.846397399902344,-16.9299373626709
0,SCALING,55.14374923706055,-31.577054977416992
0,SCALING,56.20155715942383,-31.541454315185547
0,SCALING,51.22381591796875,-39.041290283203125
0,SCALING,-3.0072367191314697,-17.088239669799805
0,SCALING,-4.658357620239258,-3.902676820755005
0,SCALING,-8.210643768310547,-11.990123748779297
0,SCALING,3.5444514751434326,0.4187817871570587
0,SCALING,-3.0289249420166016,-16.141643524169922
0,SCALING,0.6202074885368347,-18.56014060974121
0,SCALING,9.259404182434082,-18.741268157958984
0,SCALING,0.7151870131492615,-21.68115997314453
0,SCALING,13.465578079223633,-15.782109260559082
0,SCALING,20.153549194335938,-20.612010955810547
0,SCALING,39.754398345947266,-19.774263381958008
0,SCALING,21.325319290161133,-18.983888626098633
0,SCALING,12.819866180419922,-17.193471908569336
0,SCALING,53.02336120605469,-38.37907028198242
0,SCALING,34.900726318359375,-18.231355667114258
0,SCALING,56.09455108642578,-29.800291061401367
0,SCALING,49.93037414550781,-40.55112075805664
0,SCALING,53.53143310546875,-36.2531623840332
0,SCALING,56.321556091308594,-22.525651931762695
0,SCALING,39.894962310791016,-20.81456756591797
0,SCALING,55.852272033691406,-33.236839294433594
0,SCALING,25.648082733154297,-22.166973114013672
0,SCALING,4.124194622039795,0.17323777079582214
0,SCALING,1.2882130146026611,-16.795082092285156
0,SCALING,10.185417175292969,-1.1320924758911133
0,SCALING,33.811031341552734,-23.152631759643555
0,SCALING,17.955827713012695,-21.298635482788086
0,SCALING,27.627614974975586,-18.275373458862305
0,SCALING,14.925507545471191,-19.217510223388672
0,SCALING,49.100215911865234,-18.751075744628906
0,SCALING,16.307601928710938,-18.81689453125
0,SCALING,17.656511306762695,8.381501197814941
0,SCALING,-0.7894033789634705,-18.604528427124023
0,SCALING,37.66947555541992,-15.760079383850098
0,SCALING,54.52861022949219,-17.657699584960938
0,SCALING,5.255256175994873,-18.30437660217285
0,SCALING,-5.212981700897217,-3.6168525218963623
0,SCALING,15.201085090637207,-21.692556381225586
0,SCALING,32.915855407714844,-19.59605598449707
0,SCALING,2.526374578475952,-0.5683476328849792
0,SCALING,-5.745561122894287,-14.10100269317627
0,SCALING,-3.495779037475586,-4.135856628417969
0,SCALING,4.279816150665283,-19.5771427154541
0,SCALING,48.65512466430664,-16.910306930541992
0,SCALING,0.5614326596260071,-17.23524284362793
0,SCALING,3.5910308361053467,-1.059605598449707
0,SCALING,49.650848388671875,-16.56485939025879
0,SCALING,-4.192868232727051,-14.697019577026367
0,SCALING,7.236057758331299,-19.958850860595703
0,SCALING,40.758113861083984,-19.753929138183594
0,SCALING,13.68980884552002,-18.37887954711914
0,SCALING,51.77938461303711,-18.06695556640625
0,SCALING,38.390018463134766,-17.60063362121582
0,SCALING,37.94475555419922,-17.245088577270508
0,SCALING,-2.5823304653167725,-16.998435974121094
0,SCALING,-6.538475513458252,-10.42790412902832
0,SCALING,-3.2787153720855713,-16.28115463256836
0,SCALING,-4.479338645935059,-2.531060218811035
0,SCALING,57.24843978881836,-25.733903884887695
0,SCALING,55.97711181640625,-20.570451736450195
0,SCALING,26.77425193786621,-17.233356475830078
0,SCALING,-7.097482681274414,-13.911327362060547
0,SCALING,-0.6534879803657532,-18.360532760620117
0,SCALING,13.123824119567871,-18.92390251159668
0,SCALING,0.3248251974582672,-16.755125045776367
0,SCALING,11.078179359436035,-1.0654797554016113
0,SCALING,-7.86788272857666,-9.333110809326172
0,SCALING,-7.5745463371276855,-10.469365119934082
0,SCALING,41.307884216308594,-16.081340789794922
0,SCALING,36.828121185302734,-19.280000686645508
0,SCALING,14.925198554992676,-17.242399215698242
0,SCALING,41.130767822265625,-20.37871551513672
0,SCALING,3.895420551300049,0.31810134649276733
0,SCALING,16.93878936767578,2.5243544578552246
0,SCALING,-2.5065836906433105,-3.842681884765625
0,SCALING,-5.472847938537598,-7.489467620849609
0,SCALING,9.469895362854004,-17.41779136657715
0,SCALING,17.496793746948242,2.903440475463867
0,SCALING,-5.425156116485596,-15.179421424865723
0,SCALING,13.461139678955078,-17.155166625976562
0,SCALING,17.73417854309082,8.01133918762207
0,SCALING,17.3016414642334,9.267210006713867
0,SCALING,17.935922622680664,7.426023006439209
0,SCALING,-6.324539661407471,-8.287888526916504
0,SCALING,51.40534210205078,-17.94716453552246
0,SCALING,52.82813262939453,-38.29672622680664
0,SCALING,41.09136962890625,-16.219226837158203
0,SCALING,36.28618621826172,-19.345258712768555
0,SCALING,55.303550720214844,-24.411373138427734
0,SCALING,17.35419273376465,-20.521108627319336
0,SCALING,16.12215232849121,1.2521332502365112
0,SCALING,5.526257038116455,-20.892536163330078
0,SCALING,56.246971130371094,-20.447481155395508
0,SCALING,57.39478302001953,-28.782917022705078
0,SCALING,51.71406173706055,-38.31044387817383
0,SCALING,24.43593406677246,-21.06888198852539
0,SCALING,33.27463150024414,-19.4204158782959
0,SCALING,2.8641042709350586,-18.13844871520996
0,SCALING,10.967247009277344,-1.1042273044586182
0,SCALING,46.66576385498047,-16.547334671020508
0,SCALING,-0.3044045567512512,-17.857196807861328
0,SCALING,17.71862030029297,4.142323970794678
0,SCALING,52.95010757446289,-38.68527603149414
0,SCALING,25.781848907470703,-22.0502872467041
0,SCALING,16.641582489013672,-17.483375549316406
0,SCALING,30.375091552734375,-17.744421005249023
0,SCALING,37.406742095947266,-16.442224502563477
0,SCALING,2.2629785537719727,-16.822063446044922
0,SCALING,57.49669647216797,-28.431249618530273
0,SCALING,45.74197006225586,-17.45880699157715
0,SCALING,10.485307693481445,-1.4303407669067383
0,SCALING,2.397850275039673,-18.25122833251953
0,SCALING,23.553205490112305,-20.345006942749023
0,SCALING,14.710190773010254,-21.154312133789062
0,SCALING,22.611610412597656,-20.664573669433594
0,SCALING,43.54096221923828,-18.814922332763672
0,SCALING,48.947959899902344,-18.245290756225586
0,SCALING,1.8564549684524536,-18.335975646972656
0,SCALING,13.81995964050293,-18.277626037597656
0,SCALING,-4.27703332901001,-4.592092037200928
0,SCALING,38.06891632080078,-19.56923484802246
0,SCALING,41.765586853027344,-15.963086128234863
0,SCALING,-0.7546364665031433,-18.191925048828125
0,SCALING,3.3613860607147217,-19.648054122924805
0,SCALING,-4.628579139709473,-9.184670448303223
0,SCALING,29.367042541503906,-21.40886116027832
0,SCALING,46.14910125732422,-16.817049026489258
0,SCALING,8.541465759277344,-1.6354256868362427
0,SCALING,-4.979855537414551,-14.313650131225586
0,SCALING,-4.3328423500061035,-3.9565091133117676
0,SCALING,9.08547592163086,-18.711036682128906
0,SCALING,10.862923622131348,-0.8508812785148621
0,SCALING,54.96188735961914,-22.780611038208008
0,SCALING,-1.1371219158172607,-18.789216995239258
0,SCALING,5.26015043258667,-20.905563354492188
0,SCALING,-2.5721216201782227,-4.778961658477783
0,SCALING,13.181929588317871,-17.403867721557617
0,SCALING,1.6586345434188843,-18.06281089782715
0,SCALING,27.594614028930664,-18.25615692138672
0,SCALING,42.70391845703125,-15.555855751037598
0,SCALING,55.81571960449219,-29.651500701904297
0,SCALING,47.47160339355469,-16.55298614501953
0,SCALING,21.89080047607422,-19.97287940979004
0,SCALING,10.059823989868164,-18.397342681884766
0,SCALING,49.65315246582031,-17.571279525756836
0,SCALING,55.82262420654297,-25.136642456054688
0,SCALING,6.061803817749023,-19.993675231933594
0,SCALING,19.963184356689453,-21.438859939575195
0,SCALING,10.124059677124023,-16.824180603027344
0,SCALING,37.772117614746094,-15.487717628479004
0,SCALING,37.24177169799805,-15.730522155761719
0,SCALING,-0.9400104284286499,-18.154687881469727
0,SCALING,9.627283096313477,-18.314115524291992
0,SCALING,10.938272476196289,-19.434032440185547
0,SCALING,-6.772509574890137,-9.621271133422852
0,SCALING,-2.2527353763580322,-15.60280704498291
0,SCALING,11.31396484375,-16.8790340423584
0,SCALING,56.01886749267578,-22.496742248535156
0,SCALING,49.72732925415039,-17.38675308227539
0,SCALING,46.82626724243164,-17.28523063659668
0,SCALING,56.4383659362793,-22.71627426147461
0,SCALING,52.24593734741211,-38.232872009277344
0,SCALING,51.995994567871094,-39.225059509277344
0,SCALING,54.873878479003906,-29.425525665283203
0,SCALING,55.7685661315918,-17.52075958251953
0,SCALING,51.58338928222656,-17.911663055419922
0,SCALING,49.48295211791992,-41.018856048583984
0,SCALING,50.38417434692383,-40.11227035522461
0,SCALING,38.55063247680664,-16.780736923217773
0,SCALING,-5.855771541595459,-11.310809135437012
0,SCALING,10.186470985412598,-18.769336700439453
0,SCALING,14.000925064086914,-19.6385555267334
0,SCALING,54.85934066772461,-22.005817413330078
0,SCALING,1.8957479000091553,-1.8398349285125732
0,SCALING,-0.48279890418052673,-19.698158264160156
0,SCALING,11.222199440002441,-0.6282256245613098
0,SCALING,8.178780555725098,-1.4762920141220093
0,SCALING,7.955493927001953,-1.603918194770813
0,SCALING,8.957523345947266,-1.2223002910614014
0,SCALING,14.762234687805176,0.4024807810783386
0,SCALING,12.784893035888672,-19.759355545043945
0,SCALING,-4.276273250579834,-15.255256652832031
0,SCALING,17.873600006103516,4.741085529327393
0,SCALING,-0.2158787101507187,-2.760807752609253
0,SCALING,-0.456146776676178,-2.27204966545105
0,SCALING,54.062252044677734,-20.734851837158203
0,SCALING,28.736618041992188,-19.65069007873535
0,SCALING,-5.146340847015381,-16.198087692260742
0,SCALING,-6.385180473327637,-13.496188163757324
0,SCALING,2.7469606399536133,-19.184879302978516
0,SCALING,55.2159538269043,-24.522249221801758
0,SCALING,8.994921684265137,-1.9644562005996704
0,SCALING,15.795966148376465,-20.091190338134766
0,SCALING,55.90900802612305,-30.392860412597656
0,SCALING,20.331727981567383,-22.411685943603516
0,SCALING,-4.790266036987305,-13.211694717407227
0,SCALING,25.900564193725586,-17.250370025634766
0,SCALING,25.65562629699707,-17.17247772216797
0,SCALING,17.445932388305664,-16.448198318481445
0,SCALING,-6.539690971374512,-15.780904769897461
0,SCALING,3.307133913040161,-0.009515744633972645
0,SCALING,-3.9570868015289307,-15.024640083312988
0,SCALING,2.7888550758361816,-1.3395966291427612
0,SCALING,15.51417350769043,1.0604223012924194
0,SCALING,-4.824865341186523,-10.583508491516113
0,SCALING,28.03495216369629,-21.80622100830078
0,SCALING,16.674009323120117,1.8049778938293457
0,SCALING,1.6562026739120483,-18.138225555419922
0,SCALING,-5.837240219116211,-10.860989570617676
0,SCALING,30.75650978088379,-23.087379455566406
0,SCALING,49.279300689697266,-17.456418991088867
0,SCALING,23.01241683959961,-22.18073081970215
0,SCALING,53.83823776245117,-35.79299545288086
0,SCALING,52.69300842285156,-37.96903610229492
0,SCALING,49.404876708984375,-18.038726806640625
0,SCALING,-3.272860527038574,-17.332443237304688
0,SCALING,52.37102127075195,-37.43937683105469
0,SCALING,53.799930572509766,-22.19620132446289
0,SCALING,28.31325912475586,-21.391454696655273
0,SCALING,33.25251388549805,-21.88521385192871
0,SCALING,30.416345596313477,-22.260847091674805
0,SCALING,12.189920425415039,-0.13013410568237305
0,SCALING,-7.023062229156494,-12.144588470458984
0,SCALING,25.414474487304688,-18.290599822998047
0,SCALING,26.982219696044922,-20.904943466186523
0,SCALING,56.32718276977539,-23.210674285888672
0,SCALING,28.571849822998047,-21.85987663269043
0,SCALING,24.149137496948242,-22.62128257751465
0,SCALING,-5.73329496383667,-7.212554931640625
0,SCALING,0.34890684485435486,-3.575514793395996
0,SCALING,14.814068794250488,-17.17053985595703
0,SCALING,55.55812454223633,-25.42632293701172
0,SCALING,56.325626373291016,-31.64278793334961
0,SCALING,20.63345718383789,-19.540006637573242
0,SCALING,29.938344955444336,-18.790569305419922
0,SCALING,56.50430679321289,-28.527469635009766
0,SCALING,50.597896575927734,-39.770240783691406
0,SCALING,14.812728881835938,-20.931650161743164
0,SCALING,5.624790668487549,-19.03754234313965
0,SCALING,31.346542358398438,-21.34683609008789
0,SCALING,-4.367234230041504,-16.550573348999023
0,SCALING,19.31181526184082,-22.46321678161621
0,SCALING,57.3685188293457,-29.001243591308594
0,SCALING,10.404170036315918,-19.665477752685547
0,SCALING,8.791352272033691,-19.167016983032227
0,SCALING,-5.118984699249268,-5.194239616394043
0,SCALING,2.7016232013702393,-1.356276035308838
0,SCALING,17.65964698791504,3.8198418617248535
0,SCALING,14.188713073730469,0.6430701613426208
0,SCALING,-6.172207355499268,-5.402015209197998
0,SCALING,1.627290964126587,-21.200212478637695
0,SCALING,56.25709533691406,-30.978544235229492
0,SCALING,46.00948715209961,-17.17110252380371
0,SCALING,56.446922302246094,-31.316513061523438
0,SCALING,21.2137508392334,-19.332733154296875
0,SCALING,55.54391860961914,-29.877519607543945
0,SCALING,-6.197413921356201,-10.492645263671875
0,SCALING,-6.805850028991699,-12.670366287231445
0,SCALING,-5.661678791046143,-5.71319055557251
0,SCALING,-5.9483418464660645,-6.017858028411865
0,SCALING,1.464155912399292,-1.995710849761963
0,SCALING,18.232603073120117,5.2731828689575195
0,SCALING,17.426666259765625,1.9990869760513306
0,SCALING,-8.99918270111084,-11.35246753692627
0,SCALING,43.24251174926758,-16.603206634521484
0,SCALING,56.42756271362305,-27.052505493164062
0,SCALING,15.429965019226074,0.7064380645751953
0,SCALING,2.3995516300201416,-0.38979631662368774
0,SCALING,4.0903544425964355,-0.5810709595680237
0,SCALING,54.500465393066406,-22.291635513305664
0,SCALING,1.9559179544448853,-20.51097869873047
0,SCALING,13.901126861572266,0.5267379283905029
0,SCALING,20.679189682006836,-22.487316131591797
0,SCALING,9.590867042541504,-1.5624035596847534
0,SCALING,-2.1094725131988525,-2.9258759021759033
0,SCALING,-1.3067045211791992,-16.524250030517578
0,SCALING,28.601469039916992,-19.020177841186523
0,SCALING,54.071197509765625,-35.08707046508789
0,SCALING,49.2767448425293,-16.51734161376953
0,SCALING,40.582218170166016,-20.943078994750977
0,SCALING,-4.930758953094482,-9.997343063354492
0,SCALING,12.77189826965332,0.0007563059916719794
0,SCALING,17.926088333129883,6.577469825744629
0,SCALING,17.409631729125977,9.346200942993164
0,SCALING,-7.118002414703369,-8.355674743652344
0,SCALING,48.62474060058594,-17.765361785888672
0,SCALING,14.75275707244873,0.30078771710395813
0,SCALING,-5.420799732208252,-5.7611565589904785
0,SCALING,23.114225387573242,-21.489154815673828
0,SCALING,8.94446849822998,0.11627240478992462
0,SCALING,24.48958396911621,-22.38418197631836
0,SCALING,12.112046241760254,-0.7221908569335938
0,SCALING,28.273548126220703,-18.140583038330078
0,SCALING,26.447385787963867,-21.86050796508789
0,SCALING,38.86650466918945,-18.254297256469727
0,SCALING,1.1156041622161865,-19.082462310791016
0,SCALING,54.31268310546875,-35.47132873535156
0,SCALING,46.3583869934082,-17.564332962036133
0,SCALING,33.4307975769043,-22.835586547851562
0,SCALING,6.370546340942383,-19.923583984375
0,SCALING,-4.167715072631836,-4.599625587463379
0,SCALING,15.019649505615234,0.9896532297134399
0,SCALING,13.340458869934082,0.27818670868873596
0,SCALING,5.233582973480225,0.1608647257089615
0,SCALING,-5.59957218170166,-4.617576599121094
0,SCALING,39.77589416503906,-19.5719051361084
0,SCALING,-2.907400369644165,-1.6301625967025757
0,SCALING,19.575103759765625,-22.67177963256836
0,SCALING,56.424678802490234,-27.048992156982422
0,SCALING,28.833810806274414,-20.043874740600586
0,SCALING,30.88749122619629,-17.55878448486328
0,SCALING,12.059294700622559,-15.670276641845703
0,SCALING,13.229290962219238,-17.58734703063965
0,SCALING,49.76158142089844,-16.594846725463867
0,SCALING,21.524513244628906,-19.22336769104004
0,SCALING,17.959863662719727,-17.520660400390625
0,SCALING,-7.702197074890137,-11.984028816223145
0,SCALING,2.3218960762023926,-20.488191604614258
0,SCALING,54.33441925048828,-35.282691955566406
0,SCALING,54.44593048095703,-23.114439010620117
0,SCALING,35.667808532714844,-21.091569900512695
0,SCALING,53.83017349243164,-36.320556640625
0,SCALING,54.50895309448242,-22.752891540527344
0,SCALING,39.303768157958984,-18.236007690429688
0,SCALING,30.931150436401367,-22.106321334838867
0,SCALING,27.307769775390625,-21.79215431213379
0,SCALING,52.3294563293457,-18.330459594726562
0,SCALING,15.987820625305176,-19.655048370361328
0,SCALING,21.967784881591797,-20.764238357543945
0,SCALING,-4.58005952835083,-4.601285457611084
0,SCALING,45.513389587402344,-17.482887268066406
0,SCALING,38.07777404785156,-19.463972091674805
0,SCALING,-7.257096290588379,-6.700192451477051
0,SCALING,-2.4871578216552734,-5.583568096160889
0,SCALING,-8.821704864501953,-9.082086563110352
0,SCALING,37.76747512817383,-16.22014808654785
0,SCALING,40.41058349609375,-16.935466766357422
0,SCALING,51.428466796875,-38.74943923950195
0,SCALING,36.76216506958008,-18.118587493896484
0,SCALING,55.80410385131836,-18.075716018676758
0,SCALING,31.181884765625,-17.54606819152832
0,SCALING,40.968868255615234,-15.789593696594238
0,SCALING,14.180825233459473,0.2182253897190094
0,SCALING,30.598228454589844,-21.148746490478516
0,SCALING,17.048015594482422,10.080735206604004
0,SCALING,2.4451544284820557,-1.9188733100891113
0,SCALING,29.43549156188965,-19.9072265625
0,SCALING,-5.896079063415527,-13.445725440979004
0,SCALING,9.153841018676758,-0.48133280873298645
0,SCALING,9.94751262664795,-19.53209686279297
0,SCALING,5.74400520324707,-17.847454071044922
0,SCALING,7.429491996765137,0.012140552513301373
0,SCALING,17.68144416809082,-18.844953536987305
0,SCALING,-2.54964280128479,-16.647239685058594
0,SCALING,0.08760463446378708,-16.534366607666016
0,SCALING,39.93034744262695,-21.510272979736328
0,SCALING,54.09872055053711,-17.90585708618164
0,SCALING,25.020782470703125,-17.92352867126465
0,SCALING,9.321159362792969,-19.98897361755371
0,SCALING,-2.2707691192626953,-1.0629758834838867
0,SCALING,5.422033786773682,-20.036678314208984
0,SCALING,-5.194655895233154,-15.04711627960205
0,SCALING,39.4971923828125,-20.362625122070312
0,SCALING,14.136439323425293,-18.147981643676758
0,SCALING,29.901887893676758,-18.29789924621582
0,SCALING,-9.034011840820312,-10.7080659866333
0,SCALING,3.6471972465515137,-21.302902221679688
0,SCALING,48.487064361572266,-17.848955154418945
0,SCALING,50.0802001953125,-18.476333618164062
0,SCALING,48.847049713134766,-18.399778366088867
0,SCALING,-0.7084164619445801,-17.238130569458008
0,SCALING,-0.6570042371749878,-16.579940795898438
0,SCALING,31.61236000061035,-21.09351921081543
0,SCALING,-0.10321813821792603,-20.713987350463867
0,SCALING,12.777527809143066,-16.025259017944336
0,SCALING,41.2890739440918,-15.977091789245605
0,SCALING,-4.29751443862915,-15.305060386657715
0,SCALING,-5.135983467102051,-14.336483001708984
0,SCALING,22.497114181518555,-22.093626022338867
0,SCALING,46.00203323364258,-17.813024520874023
0,SCALING,39.52400207519531,-19.624963760375977
0,SCALING,54.97178268432617,-23.315977096557617
0,SCALING,30.80611801147461,-21.735172271728516
0,SCALING,10.578288078308105,-19.210412979125977
0,SCALING,56.42524719238281,-31.337993621826172
0,SCALING,54.83108139038086,-34.23460006713867
0,SCALING,53.45689010620117,-22.29905891418457
0,SCALING,27.648632049560547,-20.848405838012695
0,SCALING,52.75886154174805,-18.637664794921875
0,SCALING,3.780154228210449,-18.759662628173828
0,SCALING,-4.418546676635742,-13.921711921691895
0,SCALING,29.584789276123047,-21.17032241821289
0,SCALING,21.448204040527344,-19.769512176513672
0,SCALING,43.7130012512207,-16.257429122924805
0,SCALING,29.040613174438477,-18.9815731048584
0,SCALING,-6.451885223388672,-8.214146614074707
0,SCALING,28.268346786499023,-17.826311111450195
0,SCALING,12.490427017211914,0.05753933638334274
0,SCALING,55.562042236328125,-30.954078674316406
0,SCALING,7.79470682144165,-0.37160226702690125
0,SCALING,17.69171142578125,8.400199890136719
0,SCALING,-7.4895100593566895,-6.776424407958984
0,SCALING,13.288140296936035,-16.755640029907227
0,SCALING,-5.436310768127441,-12.75727653503418
0,SCALING,40.62578201293945,-19.7447566986084
0,SCALING,17.583240509033203,3.543012857437134
0,SCALING,5.704165935516357,-19.553756713867188
0,SCALING,32.11322784423828,-22.993101119995117
0,SCALING,-5.581132411956787,-12.283113479614258
0,SCALING,7.895781517028809,-19.736692428588867
0,SCALING,57.13650131225586,-28.74054718017578
0,SCALING,23.140430450439453,-17.204580307006836
0,SCALING,-2.2058839797973633,-4.731837272644043
0,SCALING,50.87679672241211,-17.635400772094727
0,SCALING,50.99394226074219,-39.68354034423828
0,SCALING,33.38546371459961,-21.839324951171875
0,SCALING,48.56018829345703,-15.561192512512207
0,SCALING,56.83987808227539,-29.801759719848633
0,SCALING,54.18619155883789,-22.20526885986328
0,SCALING,26.035785675048828,-22.20740509033203
0,SCALING,51.74653244018555,-37.897865295410156
0,SCALING,8.566024780273438,-19.695873260498047
0,SCALING,0.5760806202888489,0.27759191393852234
0,SCALING,1.1477137804031372,0.1351778358221054
0,SCALING,-0.7930710315704346,-16.665102005004883
0,SCALING,45.338016510009766,-17.673282623291016
0,SCALING,48.05715560913086,-15.383907318115234
0,SCALING,24.976871490478516,-22.83903694152832
0,SCALING,50.24272918701172,-17.457738876342773
0,SCALING,11.696696281433105,-0.08301978558301926
0,SCALING,-2.3104941844940186,-3.316727638244629
0,SCALING,57.35527038574219,-29.639734268188477
0,SCALING,-6.355987548828125,-13.347349166870117
0,SCALING,9.312336921691895,-1.208890438079834
0,SCALING,49.14631652832031,-17.92501449584961
0,SCALING,26.403182983398438,-21.2089900970459
0,SCALING,50.953887939453125,-39.19416427612305
0,SCALING,37.60047149658203,-18.697654724121094
0,SCALING,-2.4135799407958984,-1.9411053657531738
0,SCALING,45.90249252319336,-16.864490509033203
0,SCALING,28.24909019470215,-20.950279235839844
0,SCALING,15.854887008666992,-17.708213806152344
0,SCALING,-0.042852725833654404,-3.331184148788452
0,SCALING,-6.7027692794799805,-14.795953750610352
0,SCALING,19.26967430114746,-18.887252807617188
0,SCALING,42.37907028198242,-17.369478225708008
0,SCALING,56.74582290649414,-24.18890380859375
0,SCALING,55.28382110595703,-21.48467254638672
0,SCALING,18.030014038085938,6.7988386154174805
0,SCALING,9.49982738494873,-1.0700024366378784
0,SCALING,-0.42091190814971924,-18.23785400390625
0,SCALING,8.386242866516113,-0.3248186707496643
0,SCALING,12.001225471496582,-0.1050577461719513
0,SCALING,-8.714898109436035,-10.819119453430176
0,SCALING,16.41881561279297,11.146577835083008
0,SCALING,17.99822425842285,5.9937286376953125
0,SCALING,13.07914924621582,-0.23127229511737823
0,SCALING,1.575282096862793,-17.638837814331055
0,SCALING,-1.8659672737121582,-2.964033603668213
0,SCALING,17.87371063232422,7.724045276641846
0,SCALING,-6.556663990020752,-5.691234588623047
0,SCALING,-2.397895336151123,-18.067712783813477
0,SCALING,22.927396774291992,-18.514780044555664
0,SCALING,10.197078704833984,-19.483163833618164
0,SCALING,17.30027198791504,-20.710664749145508
0,SCALING,-5.7309675216674805,-11.815462112426758
0,SCALING,-5.063264846801758,-13.345499038696289
0,SCALING,-6.14486026763916,-13.075239181518555
0,SCALING,-7.798655033111572,-9.902961730957031
0,SCALING,48.770957946777344,-17.307180404663086
0,SCALING,45.70849609375,-17.654552459716797
0,SCALING,14.893050193786621,-21.319766998291016
0,SCALING,7.836989879608154,-1.262674331665039
0,SCALING,-5.181168556213379,-9.39606761932373
0,SCALING,13.222883224487305,0.06365153193473816
0,SCALING,-2.026780843734741,-2.1079163551330566
0,SCALING,5.314695835113525,-19.598955154418945
0,SCALING,-0.7283086776733398,-3.637302875518799
0,SCALING,8.196013450622559,-0.7468394637107849
0,SCALING,17.927108764648438,5.392483234405518
0,SCALING,16.737085342407227,10.781709671020508
0,SCALING,18.1068172454834,6.442127227783203
0,SCALING,8.149592399597168,-0.8665409684181213
0,SCALING,-0.7437242269515991,-2.8796353340148926
0,SCALING,2.6957895755767822,-1.2874109745025635
0,SCALING,15.945240020751953,-21.35294532775879
0,SCALING,22.4306583404541,-22.205760955810547
0,SCALING,10.095183372497559,-20.09637451171875
0,SCALING,10.20484447479248,-1.3176953792572021
0,SCALING,-6.129653453826904,-7.264974117279053
0,SCALING,13.118239402770996,-20.158733367919922
0,SCALING,7.279397010803223,-0.49123167991638184
0,SCALING,-0.39848989248275757,-20.114423751831055
0,SCALING,55.225677490234375,-28.73949432373047
0,SCALING,53.73579788208008,-35.44841766357422
0,SCALING,48.07118225097656,-15.555502891540527
0,SCALING,34.192039489746094,-22.687320709228516
0,SCALING,14.906987190246582,-20.60449981689453
0,SCALING,55.0884895324707,-22.259540557861328
0,SCALING,39.7243766784668,-20.496965408325195
0,SCALING,54.94648742675781,-22.340734481811523
0,SCALING,28.499767303466797,-21.200580596923828
0,SCALING,41.08857345581055,-18.076435089111328
0,SCALING,24.19853973388672,-20.44913101196289
0,SCALING,12.21857738494873,-19.046894073486328
0,SCALING,2.0272645950317383,-16.30108642578125
0,SCALING,21.1778507232666,-23.120777130126953
0,SCALING,-4.049408435821533,-13.653532981872559
0,SCALING,16.888301849365234,1.9351084232330322
0,SCALING,3.142197608947754,-19.398717880249023
0,SCALING,27.15235137939453,-22.969322204589844
0,SCALING,40.76693344116211,-16.33384132385254
0,SCALING,41.92039489746094,-15.732847213745117
0,SCALING,13.323305130004883,-19.029747009277344
0,SCALING,-2.669886827468872,-2.1832823753356934
0,SCALING,41.37607192993164,-17.144012451171875
0,SCALING,37.51436996459961,-17.696378707885742
0,SCALING,28.478647232055664,-23.898775100708008
0,SCALING,18.15609359741211,7.3528313636779785
0,SCALING,16.068742752075195,1.5841970443725586
0,SCALING,50.587493896484375,-39.67943572998047
0,SCALING,56.058292388916016,-35.654205322265625
0,SCALING,9.03066349029541,-20.74627685546875
0,SCALING,14.006423950195312,-0.1353190839290619
0,SCALING,4.514251232147217,0.12293178588151932
0,SCALING,-5.328930854797363,-3.732816457748413
0,SCALING,14.173335075378418,-21.089229583740234
0,SCALING,23.070722579956055,-22.8555908203125
0,SCALING,38.84730911254883,-20.186389923095703
0,SCALING,20.34116554260254,-17.13028907775879
0,SCALING,-8.797863006591797,-11.416085243225098
0,SCALING,6.38841438293457,-18.028703689575195
0,SCALING,30.051912307739258,-20.026247024536133
0,SCALING,44.1774787902832,-17.020002365112305
0,SCALING,9.857730865478516,-0.9158819317817688
0,SCALING,41.0833740234375,-19.344907760620117
0,SCALING,31.864830017089844,-22.952375411987305
0,SCALING,-3.1145780086517334,-2.1655421257019043
0,SCALING,39.59020233154297,-20.276351928710938
0,SCALING,-3.2070348262786865,-17.460153579711914
0,SCALING,13.742588996887207,-0.20698314905166626
0,SCALING,-6.757667064666748,-11.0423583984375
0,SCALING,-5.4359259605407715,-11.677205085754395
0,SCALING,-5.592250823974609,-9.838253021240234
0,SCALING,23.32612419128418,-17.274023056030273
0,SCALING,3.8627119064331055,-0.23657523095607758
0,SCALING,8.531725883483887,16.828012466430664
0,SCALING,2.4259822368621826,-0.7921117544174194
0,SCALING,0.7614958882331848,-21.714984893798828
0,SCALING,2.39778470993042,-1.748744010925293
0,SCALING,1.5354114770889282,-21.421615600585938
0,SCALING,55.02012634277344,-23.41118812561035
0,SCALING,23.823287963867188,-21.927827835083008
0,SCALING,8.996310234069824,-19.366575241088867
0,SCALING,2.465104579925537,-20.11829376220703
0,SCALING,6.522266387939453,-20.429210662841797
0,SCALING,47.075618743896484,-16.38954734802246
0,SCALING,20.384044647216797,-20.545522689819336
0,SCALING,17.069856643676758,-17.592119216918945
0,SCALING,1.6222715377807617,-20.59283447265625
0,SCALING,-7.409315586090088,-10.918841361999512
0,SCALING,17.563732147216797,-21.191471099853516
0,SCALING,29.60696792602539,-21.043437957763672
0,SCALING,51.946964263916016,-38.70465850830078
0,SCALING,42.05209732055664,-18.281509399414062
0,SCALING,39.97939682006836,-20.552154541015625
0,SCALING,17.19255256652832,-20.8480224609375
0,SCALING,-5.351113319396973,-14.307321548461914
0,SCALING,52.56033706665039,-38.430721282958984
0,SCALING,37.44660568237305,-17.05096435546875
0,SCALING,-1.0335201025009155,-3.430124282836914
0,SCALING,30.21445655822754,-21.61023712158203
0,SCALING,-6.58409309387207,-12.622774124145508
0,SCALING,11.005459785461426,-17.332731246948242
0,SCALING,55.804039001464844,-22.343360900878906
0,SCALING,25.282155990600586,-20.078763961791992
0,SCALING,49.477176666259766,-41.02226257324219
0,SCALING,24.23036003112793,-22.6527042388916
0,SCALING,-1.4925923347473145,-17.208539962768555
0,SCALING,-0.8503963351249695,-1.465539574623108
0,SCALING,49.1849365234375,-16.15651512145996
0,SCALING,29.86505699157715,-19.88877296447754
0,SCALING,16.933059692382812,2.3353958129882812
0,SCALING,7.799866676330566,-0.3441486954689026
0,SCALING,10.286288261413574,-0.6224034428596497
0,SCALING,14.891841888427734,-17.723249435424805
0,SCALING,15.589791297912598,-18.358579635620117
0,SCALING,38.904422760009766,-18.819416046142578
0,SCALING,49.98288345336914,-16.593795776367188
0,SCALING,18.709964752197266,-17.64393424987793
0,SCALING,22.880245208740234,-18.327369689941406
0,SCALING,26.44161605834961,-22.128665924072266
0,SCALING,53.45553970336914,-21.191791534423828
0,SCALING,57.265785217285156,-25.217920303344727
0,SCALING,37.463443756103516,-16.583972930908203
0,SCALING,3.2585487365722656,-1.5940577983856201
0,SCALING,28.698760986328125,-22.10021209716797
0,SCALING,-4.9732489585876465,-13.627999305725098
0,SCALING,22.801109313964844,-22.36637306213379
0,SCALING,-0.6527017951011658,-16.303813934326172
0,SCALING,-6.126266002655029,-8.242583274841309
0,SCALING,14.052685737609863,-21.520896911621094
0,SCALING,12.069936752319336,-17.173864364624023
0,SCALING,13.469002723693848,-18.305665969848633
0,SCALING,31.108882904052734,-21.088274002075195
0,SCALING,54.203773498535156,-18.835132598876953
0,SCALING,-3.5323243141174316,-15.161283493041992
0,SCALING,34.31912612915039,-22.89063835144043
0,SCALING,19.234445571899414,-22.79560661315918
0,SCALING,32.81071090698242,-23.368501663208008
0,SCALING,-2.8942062854766846,-2.234098196029663
0,SCALING,1.1319338083267212,-19.393718719482422
0,SCALING,55.3447151184082,-29.758541107177734
0,SCALING,17.704416275024414,-16.135107040405273
0,SCALING,55.1300048828125,-20.88014030456543
0,SCALING,56.38240432739258,-31.60593032836914
0,SCALING,52.81452560424805,-20.90984535217285
0,SCALING,21.863096237182617,-21.054155349731445
0,SCALING,16.646955490112305,2.0569612979888916
0,SCALING,3.8217480182647705,-1.473038673400879
0,SCALING,54.659881591796875,-22.009904861450195
0,SCALING,55.99275588989258,-23.754093170166016
0,SCALING,52.059391021728516,-18.316394805908203
0,SCALING,33.090694427490234,-17.45746612548828
0,SCALING,-7.2119574546813965,-5.843412399291992
0,SCALING,0.04773576185107231,-20.95911979675293
0,SCALING,10.844148635864258,-17.205242156982422
0,SCALING,38.651912689208984,-19.636430740356445
0,SCALING,32.88941955566406,-22.88628578186035
0,SCALING,3.1859543323516846,-20.977468490600586
0,SCALING,5.050988674163818,-20.528234481811523
0,SCALING,17.73617172241211,-18.620820999145508
0,SCALING,52.053680419921875,-37.59114074707031
0,SCALING,57.07307815551758,-30.26266098022461
0,SCALING,54.83147430419922,-35.73508834838867
0,SCALING,55.0771598815918,-28.51166343688965
0,SCALING,-6.147265434265137,-12.62155818939209
0,SCALING,8.032873153686523,-0.735656201839447
0,SCALING,36.90834045410156,-19.01202964782715
0,SCALING,32.36349105834961,-18.21816062927246
0,SCALING,27.59486198425293,-17.68448829650879
0,SCALING,28.281274795532227,-18.17599105834961
0,SCALING,-6.254882335662842,-14.480311393737793
0,SCALING,3.462860345840454,-19.858427047729492
0,SCALING,30.146207809448242,-20.597270965576172
0,SCALING,53.413265228271484,-17.640146255493164
0,SCALING,-3.734013557434082,-14.89915943145752
0,SCALING,1.4692450761795044,-17.145822525024414
0,SCALING,-3.5559661388397217,-2.2227964401245117
0,SCALING,9.46395492553711,-20.37000846862793
0,SCALING,0.05944577604532242,-16.36611557006836
0,SCALING,29.83757781982422,-23.657787322998047
0,SCALING,2.4025485515594482,0.04636402428150177
0,SCALING,52.09832763671875,-19.763816833496094
0,SCALING,3.8937344551086426,-1.1190130710601807
0,SCALING,55.278907775878906,-24.70250129699707
0,SCALING,5.077767372131348,-18.65373420715332
0,SCALING,39.21234893798828,-20.706518173217773
0,SCALING,49.09071350097656,-16.272066116333008
0,SCALING,-3.805678367614746,-2.6680102348327637
0,SCALING,52.4147834777832,-19.561580657958984
0,SCALING,37.68495559692383,-19.207929611206055
0,SCALING,49.02106857299805,-15.836788177490234
0,SCALING,56.66465759277344,-33.188846588134766
0,SCALING,55.316104888916016,-31.781896591186523
0,SCALING,1.9446073770523071,-16.275043487548828
0,SCALING,33.48157501220703,-21.508447647094727
0,SCALING,19.93038558959961,-22.359838485717773
0,SCALING,1.0883320569992065,-17.24930763244629
0,SCALING,8.424542427062988,-1.7480055093765259
0,SCALING,16.362831115722656,0.8600579500198364
0,SCALING,50.20675277709961,-40.24066162109375
0,SCALING,1.0579575300216675,-18.490568161010742
0,SCALING,56.13203048706055,-28.120826721191406
0,SCALING,52.00217056274414,-38.35757827758789
0,SCALING,55.81852722167969,-32.559242248535156
0,SCALING,-4.060039043426514,-14.273215293884277
0,SCALING,5.496275424957275,-19.47185516357422
0,SCALING,50.243961334228516,-16.51849365234375
0,SCALING,49.8001594543457,-18.55782127380371
0,SCALING,54.54558181762695,-20.707799911499023
0,SCALING,12.51518726348877,-0.07188190519809723
0,SCALING,2.743626356124878,-0.6267547607421875
0,SCALING,19.77545166015625,-22.059701919555664
0,SCALING,38.7464485168457,-21.36924171447754
0,SCALING,4.392209529876709,-18.47835350036621
0,SCALING,55.588558197021484,-34.195213317871094
0,SCALING,27.370059967041016,-23.475481033325195
0,SCALING,-8.251235008239746,-10.47079086303711
0,SCALING,34.413917541503906,-18.48713493347168
1,SCALING,-43.83091735839844,-28.46870994567871
1,SCALING,-54.34367752075195,-22.408126831054688
1,SCALING,-53.94397735595703,-22.474138259887695
1,SCALING,-57.00757598876953,-17.130483627319336
1,SCALING,-54.06971740722656,-22.442413330078125
1,SCALING,-44.16305923461914,-27.75234031677246
1,SCALING,-27.009780883789062,-11.351747512817383
1,SCALING,-33.51762008666992,-20.862092971801758
1,SCALING,-36.564781188964844,-23.699153900146484
1,SCALING,-29.897171020507812,-16.41312026977539
1,SCALING,-28.445585250854492,-14.869264602661133
1,SCALING,-33.243412017822266,-20.665939331054688
1,SCALING,-33.58726119995117,-20.918413162231445
1,SCALING,-30.690698623657227,-17.389957427978516
1,SCALING,-34.06889343261719,-21.368303298950195
1,SCALING,-30.1196346282959,-17.037109375
1,SCALING,-30.18853759765625,-16.953828811645508
0,SCALING,40.486907958984375,-17.44611167907715
0,SCALING,10.564559936523438,-16.66634750366211
1,SCALING,-54.615623474121094,-22.204675674438477
1,SCALING,-51.553955078125,-23.522811889648438
1,SCALING,-33.76970672607422,-21.21161651611328
1,SCALING,-29.968862533569336,-16.63101577758789
1,SCALING,-36.36953353881836,-23.400554656982422
1,SCALING,-36.296051025390625,-23.543203353881836
1,SCALING,-38.997615814208984,-25.55445671081543
1,SCALING,-39.11683654785156,-25.629785537719727
1,SCALING,-34.33667755126953,-21.58609962463379
1,SCALING,-33.518009185791016,-20.917438507080078
1,SCALING,-36.06733703613281,-23.232769012451172
1,SCALING,-34.69683837890625,-21.877166748046875
1,SCALING,-33.961265563964844,-21.234466552734375
1,SCALING,-33.735816955566406,-21.064228057861328
1,SCALING,-35.83195114135742,-23.034975051879883
1,SCALING,-35.68347930908203,-22.812089920043945
1,SCALING,-36.0223503112793,-23.223094940185547
1,SCALING,-36.104122161865234,-23.34856605529785
1,SCALING,-34.74302673339844,-21.934715270996094
1,SCALING,-32.94478988647461,-20.367462158203125
1,SCALING,-33.911102294921875,-21.203052520751953
0,SCALING,55.58863830566406,-34.19520568847656
0,SCALING,56.141578674316406,-34.89011764526367
0,SCALING,55.135902404785156,-18.02910614013672
0,SCALING,34.413944244384766,-18.48797035217285
1,SCALING,-36.54850387573242,-22.720338821411133
1,SCALING,-48.309783935546875,-26.858570098876953
1,SCALING,-50.84900665283203,-25.44185447692871
1,SCALING,-51.16618728637695,-25.279468536376953
1,SCALING,-53.44902801513672,-23.612083435058594
1,SCALING,-54.03803634643555,-23.060466766357422
1,SCALING,-49.65472412109375,-26.199806213378906
1,SCALING,-49.78997802734375,-26.09047508239746
1,SCALING,-51.8050651550293,-24.946632385253906
1,SCALING,-51.44231414794922,-25.097929000854492
1,SCALING,-52.195831298828125,-24.663339614868164
1,SCALING,-52.43754196166992,-24.512054443359375
1,SCALING,-53.03252029418945,-23.977706909179688
1,SCALING,-53.47544860839844,-23.561176300048828
1,SCALING,-43.99339294433594,-28.524173736572266
1,SCALING,-49.45182418823242,-26.057174682617188
1,SCALING,-55.757076263427734,-21.17742156982422
1,SCALING,-55.58554458618164,-21.362262725830078
1,SCALING,-53.24763870239258,-23.763198852539062
1,SCALING,-50.127296447753906,-25.84244155883789
1,SCALING,-49.46999740600586,-26.336116790771484
1,SCALING,-49.21872329711914,-26.555028915405273
1,SCALING,-49.44802474975586,-26.341981887817383
1,SCALING,-50.8150749206543,-25.42873764038086
1,SCALING,-50.42167282104492,-25.660442352294922
1,SCALING,-50.53986358642578,-25.59862518310547
1,SCALING,-51.08076858520508,-25.275981903076172
1,SCALING,-51.54773712158203,-25.05065155029297
1,SCALING,-51.71907043457031,-24.941383361816406
1,SCALING,-52.2311897277832,-24.636751174926758
1,SCALING,-51.429203033447266,-25.123544692993164
1,SCALING,-51.729148864746094,-24.93555450439453
1,SCALING,-52.90799331665039,-24.108936309814453
0,SCALING,56.150020599365234,-34.88426971435547
0,SCALING,27.370059967041016,-23.475481033325195
1,SCALING,10.971257209777832,-0.4543495178222656
1,SCALING,17.97980499267578,5.921685218811035
1,SCALING,-3.923332452774048,-2.5787429809570312
1,SCALING,-5.113036155700684,-9.233943939208984
1,SCALING,-6.504097938537598,-12.124374389648438
1,SCALING,6.257531642913818,0.32983267307281494
1,SCALING,11.743130683898926,-17.184791564941406
1,SCALING,24.928617477416992,-22.08871841430664
1,SCALING,-2.668823003768921,-2.8110947608947754
1,SCALING,50.169090270996094,-17.289602279663086
1,SCALING,14.47030258178711,-17.22808265686035
1,SCALING,7.1105427742004395,-18.92046356201172
1,SCALING,4.978654861450195,-0.5414092540740967
0,SCALING,32.12824630737305,-22.00191879272461
1,SCALING,13.425943374633789,0.3937935531139374
1,SCALING,1.023450493812561,-2.1285240650177
1,SCALING,17.01764678955078,-20.24704360961914
1,SCALING,53.68894958496094,-19.94084930419922
1,SCALING,50.77688217163086,-18.331523895263672
1,SCALING,18.794660568237305,-18.75149917602539
1,SCALING,-7.123724937438965,-6.8344926834106445
1,SCALING,6.476304531097412,-20.753589630126953
1,SCALING,3.228541851043701,-19.488353729248047
1,SCALING,2.037283420562744,-18.979955673217773
1,SCALING,49.97140121459961,-16.95624542236328
1,SCALING,42.04248809814453,-16.465686798095703
1,SCALING,0.055267900228500366,-1.8726959228515625
1,SCALING,49.411441802978516,-16.70476722717285
0,SCALING,55.58867263793945,-34.19511795043945
0,SCALING,56.229766845703125,-34.82032775878906
0,SCALING,34.413902282714844,-18.487140655517578
1,SCALING,-20.839519500732422,16.076108932495117
1,SCALING,-20.698184967041016,16.24319839477539
1,SCALING,-15.642508506774902,20.114727020263672
1,SCALING,-14.437670707702637,20.65518569946289
1,SCALING,-17.638946533203125,19.22026824951172
1,SCALING,-16.134511947631836,20.317712783813477
1,SCALING,-15.453104019165039,20.895954132080078
1,SCALING,-16.212202072143555,20.56022071838379
1,SCALING,-14.51397705078125,21.1933536529541
1,SCALING,15.15201473236084,12.927061080932617
1,SCALING,10.270713806152344,16.11739158630371
1,SCALING,-13.774618148803711,21.631383895874023
1,SCALING,-16.52811050415039,19.91165542602539
1,SCALING,-16.53800392150879,19.507564544677734
1,SCALING,-14.422025680541992,20.717849731445312
1,SCALING,-17.668113708496094,19.124616622924805
0,SCALING,56.346256256103516,-24.729454040527344
1,SCALING,-16.461580276489258,20.422325134277344
1,SCALING,-15.955288887023926,20.57593536376953
1,SCALING,-14.977692604064941,20.98114585876465
1,SCALING,-13.881911277770996,21.894502639770508
1,SCALING,-19.98125457763672,17.060903549194336
1,SCALING,-17.638648986816406,19.348800659179688
1,SCALING,-19.689456939697266,17.415077209472656
1,SCALING,-14.555971145629883,20.97856903076172
1,SCALING,-21.50954246520996,15.136957168579102
1,SCALING,-22.464366912841797,13.707964897155762
1,SCALING,-21.777137756347656,14.832794189453125
1,SCALING,-22.596534729003906,14.191922187805176
0,SCALING,20.030168533325195,-18.14674186706543
0,SCALING,55.135902404785156,-18.02910614013672
1,SCALING,-26.928691864013672,-9.994428634643555
1,SCALING,-25.901119232177734,1.5357877016067505
1,SCALING,-25.153854370117188,7.1256632804870605
1,SCALING,-25.569517135620117,4.5492119789123535
1,SCALING,-22.741294860839844,13.099021911621094
1,SCALING,-23.54343032836914,11.544442176818848
1,SCALING,-23.34722328186035,11.974874496459961
1,SCALING,9.594786643981934,16.389801025390625
1,SCALING,-13.350069046020508,21.323728561401367
1,SCALING,-20.1431827545166,16.768827438354492
1,SCALING,-20.207347869873047,16.955060958862305
1,SCALING,-18.372629165649414,18.64478874206543
1,SCALING,-20.779996871948242,16.258216857910156
1,SCALING,-18.53662872314453,18.472335815429688
1,SCALING,-20.436429977416992,16.480560302734375
1,SCALING,-23.50759506225586,11.636123657226562
1,SCALING,-24.001583099365234,10.340057373046875
1,SCALING,-20.221328735351562,16.345661163330078
1,SCALING,-20.270872116088867,16.294849395751953
0,SCALING,17.8757266998291,-18.025094985961914
0,SCALING,40.48691940307617,-17.446109771728516
0,SCALING,-5.924620151519775,-5.693600177764893
0,SCALING,10.564538955688477,-16.666345596313477
1,SCALING,-26.398229598999023,1.5900346040725708
1,SCALING,-25.77664566040039,-0.22834429144859314
1,SCALING,-25.570486068725586,4.861833095550537
1,SCALING,-23.346784591674805,11.69996452331543
1,SCALING,-18.229209899902344,18.745853424072266
1,SCALING,-18.8895320892334,18.1767635345459
1,SCALING,-22.151134490966797,13.906209945678711
1,SCALING,-23.38920021057129,11.871293067932129
1,SCALING,-22.41507339477539,13.863449096679688
1,SCALING,-22.00905990600586,14.248309135437012
1,SCALING,-20.752246856689453,15.966195106506348
1,SCALING,-22.431888580322266,13.67638111114502
1,SCALING,-24.308544158935547,9.601603507995605
1,SCALING,-24.8882999420166,8.054182052612305
0,SCALING,56.14977264404297,-34.88444137573242
1,SCALING,-27.0734806060791,2.112673759460449
1,SCALING,-64.7259750366211,-5.419821739196777
1,SCALING,-68.24592590332031,-1.9928785562515259
1,SCALING,-73.02310180664062,2.175912380218506
1,SCALING,-73.61614227294922,3.288473606109619
1,SCALING,-76.51337432861328,6.731444835662842
1,SCALING,-77.03689575195312,7.187804698944092
1,SCALING,-77.12462615966797,7.261123180389404
1,SCALING,-77.20897674560547,7.328393459320068
1,SCALING,-77.39885711669922,7.482113361358643
1,SCALING,-77.5121078491211,7.540648937225342
1,SCALING,-77.61231994628906,7.594421863555908
1,SCALING,-77.72154235839844,7.648497581481934
1,SCALING,-78.0030517578125,7.806107044219971
1,SCALING,-78.39984893798828,8.123291015625
1,SCALING,-78.47136688232422,8.192028045654297
1,SCALING,-78.60543823242188,8.294737815856934
1,SCALING,-78.86521911621094,8.496891975402832
1,SCALING,-78.91431427001953,8.541158676147461
1,SCALING,-78.96502685546875,8.591132164001465
1,SCALING,-79.01417541503906,8.646125793457031
0,SCALING,10.564559936523438,-16.66634750366211
1,SCALING,-32.11211395263672,-16.92397689819336
1,SCALING,-61.840885162353516,-8.825154304504395
1,SCALING,-62.02665328979492,-8.662877082824707
1,SCALING,-61.00868606567383,-9.981110572814941
1,SCALING,-56.59102249145508,-20.750253677368164
1,SCALING,-56.5753173828125,-20.765899658203125
1,SCALING,-53.11488723754883,-26.651168823242188
1,SCALING,-53.03067398071289,-26.690954208374023
1,SCALING,-52.93369674682617,-26.745208740234375
1,SCALING,-52.567867279052734,-26.96527862548828
1,SCALING,-47.33518981933594,-29.132890701293945
1,SCALING,-47.17348098754883,-29.199581146240234
1,SCALING,-47.19080352783203,-29.189517974853516
1,SCALING,-47.23674774169922,-29.170194625854492
1,SCALING,-47.3281364440918,-29.13116455078125
1,SCALING,-47.04499053955078,-29.25607681274414
1,SCALING,-46.806549072265625,-29.36716651916504
1,SCALING,-46.993980407714844,-29.281389236450195
0,SCALING,56.1418571472168,-34.889930725097656
0,SCALING,27.370040893554688,-23.475481033325195
0,SCALING,55.135894775390625,-18.02910614013672
1,SCALING,-43.69953536987305,-28.522981643676758
1,SCALING,-36.28981399536133,-22.5909423828125
1,SCALING,-26.982147216796875,-10.94614028930664
1,SCALING,-28.35193634033203,-14.274676322937012
1,SCALING,-26.861013412475586,-11.25146484375
1,SCALING,-25.207155227661133,-3.2940163612365723
1,SCALING,-25.32769775390625,-3.940157890319824
1,SCALING,-25.583093643188477,2.968907356262207
1,SCALING,-25.196802139282227,-2.623513698577881
1,SCALING,-25.29893684387207,-0.9821001291275024
1,SCALING,-25.24503517150879,-0.3020886778831482
1,SCALING,-25.295995712280273,-0.7346858382225037
1,SCALING,-25.18775177001953,-3.29463529586792
1,SCALING,-25.343015670776367,1.1208698749542236
1,SCALING,-25.159679412841797,-1.714763879776001
1,SCALING,-25.31378173828125,-0.8929511308670044
1,SCALING,-25.533084869384766,-5.424658298492432
0,SCALING,56.346256256103516,-24.729454040527344
0,SCALING,17.875715255737305,-18.02509880065918
0,SCALING,40.486907958984375,-17.44611167907715
0,SCALING,-0.42819151282310486,-1.2089487314224243
0,SCALING,-5.924620151519775,-5.693600177764893
1,SCALING,-27.15608024597168,-11.025676727294922
1,SCALING,-26.580808639526367,-8.941414833068848
1,SCALING,-28.432851791381836,-14.135313034057617
1,SCALING,-36.200645446777344,-22.937877655029297
1,SCALING,-25.325157165527344,-4.181849956512451
1,SCALING,-25.392101287841797,3.223557949066162
1,SCALING,-25.387325286865234,1.9567909240722656
1,SCALING,-25.421396255493164,2.132639169692993
1,SCALING,-25.263629913330078,-1.2634491920471191
1,SCALING,-25.1463680267334,-2.1524605751037598
1,SCALING,-25.330650329589844,2.7928435802459717
1,SCALING,-25.18975067138672,-1.6719001531600952
1,SCALING,-25.37928581237793,2.662109613418579
1,SCALING,-25.41676902770996,0.10421890020370483
0,SCALING,56.14977264404297,-34.88444137573242
0,SCALING,20.030168533325195,-18.14674186706543
1,SCALING,-19.221681594848633,17.94350814819336
1,SCALING,-18.455883026123047,18.66349220275879
1,SCALING,-27.58779525756836,-11.43256950378418
1,SCALING,-43.79318618774414,-28.5981388092041
1,SCALING,-37.885684967041016,-24.202913284301758
1,SCALING,-35.49296951293945,-22.35811424255371
1,SCALING,-29.514934539794922,-14.984307289123535
1,SCALING,-30.291881561279297,-14.496289253234863
1,SCALING,-28.562274932861328,-14.083754539489746
1,SCALING,-29.310035705566406,-14.896162033081055
1,SCALING,-25.609365463256836,1.3410813808441162
1,SCALING,-36.64693069458008,-23.672834396362305
1,SCALING,-50.839813232421875,-24.276592254638672
1,SCALING,-27.04096794128418,-11.314752578735352
1,SCALING,-26.63543701171875,-8.218681335449219
0,SCALING,56.346256256103516,-24.729454040527344
1,SCALING,-25.899269104003906,3.7196388244628906
1,SCALING,-32.282108306884766,-18.87737274169922
1,SCALING,-26.474245071411133,-7.423893451690674
1,SCALING,-26.71088218688965,-9.40432357788086
1,SCALING,-25.566505432128906,5.064956188201904
1,SCALING,-25.530628204345703,5.18428897857666
1,SCALING,-25.441192626953125,-4.348549842834473
1,SCALING,-27.40736961364746,-11.685869216918945
1,SCALING,-26.9743595123291,-10.358713150024414
1,SCALING,-25.154743194580078,7.277339935302734
1,SCALING,-25.873512268066406,-5.636079788208008
1,SCALING,-19.1728458404541,18.09505844116211
1,SCALING,-18.566072463989258,19.270265579223633
1,SCALING,-27.204896926879883,-11.461368560791016
1,SCALING,-32.842811584472656,-18.345712661743164
1,SCALING,-33.05794143676758,-18.834457397460938
0,SCALING,56.148826599121094,-34.88510513305664
1,SCALING,5.482023239135742,-18.641948699951172
1,SCALING,10.232749938964844,-0.5332328677177429
1,SCALING,6.783684730529785,-0.8404077887535095
1,SCALING,40.94458770751953,-21.028743743896484
1,SCALING,52.614585876464844,-21.06772232055664
1,SCALING,-4.502171516418457,-14.205820083618164
1,SCALING,-6.53904390335083,-10.852128028869629
1,SCALING,15.52011775970459,-18.92477035522461
1,SCALING,26.126291275024414,-18.60197639465332
1,SCALING,6.054789066314697,0.34904512763023376
1,SCALING,26.57338523864746,-18.62986183166504
1,SCALING,55.403175354003906,-20.902118682861328
1,SCALING,1.342248558998108,-18.329906463623047
1,SCALING,40.125518798828125,-18.757015228271484
1,SCALING,54.43675994873047,-19.077096939086914
1,SCALING,23.78670883178711,-17.94318199157715
1,SCALING,-6.320201873779297,-13.78675365447998
1,SCALING,23.325822830200195,-22.445171356201172
1,SCALING,46.258079528808594,-17.981788635253906
1,SCALING,-1.5248602628707886,-1.037569284439087
1,SCALING,7.965149402618408,-1.6175280809402466
0,SCALING,17.8757266998291,-18.025094985961914
0,SCALING,-0.42819151282310486,-1.2089487314224243
1,SCALING,41.030338287353516,-19.197616577148438
1,SCALING,20.240482330322266,-19.522483825683594
1,SCALING,-5.19620418548584,-4.976361274719238
1,SCALING,28.260557174682617,-20.88657569885254
1,SCALING,41.13396072387695,-18.59864044189453
1,SCALING,14.609944343566895,0.11390168219804764
1,SCALING,0.15143121778964996,-1.998570442199707
1,SCALING,-2.4907777309417725,-18.091875076293945
1,SCALING,51.338714599609375,-39.062374114990234
1,SCALING,51.9504508972168,-38.18483352661133
1,SCALING,56.01133728027344,-20.012027740478516
1,SCALING,34.28285598754883,-18.947704315185547
1,SCALING,8.983449935913086,-0.4366849362850189
1,SCALING,18.104568481445312,5.5157599449157715
0,SCALING,55.58867263793945,-34.19511795043945
0,SCALING,20.03020668029785,-18.146718978881836
0,SCALING,-8.251236915588379,-10.470793724060059
0,SCALING,34.41393280029297,-18.48797035217285
1,SCALING,-14.259305953979492,21.238656997680664
1,SCALING,-18.529010772705078,18.636945724487305
1,SCALING,-16.62176513671875,20.280973434448242
1,SCALING,15.882535934448242,12.029358863830566
1,SCALING,2.6439590454101562,0.06548714637756348
1,SCALING,16.694597244262695,10.705326080322266
1,SCALING,17.481420516967773,9.175336837768555
1,SCALING,17.8160343170166,6.273327827453613
1,SCALING,17.939422607421875,5.262181758880615
1,SCALING,-13.280517578125,21.525432586669922
1,SCALING,8.095134735107422,-18.763351440429688
1,SCALING,32.0748405456543,-18.110204696655273
1,SCALING,54.88676452636719,-19.001834869384766
1,SCALING,16.419513702392578,11.135869979858398
1,SCALING,-13.702716827392578,21.815956115722656
1,SCALING,-16.357162475585938,20.843698501586914
1,SCALING,12.520235061645508,14.901041030883789
1,SCALING,8.671710968017578,-20.760517120361328
1,SCALING,16.58449363708496,11.253697395324707
1,SCALING,11.497574806213379,15.814251899719238
0,SCALING,56.34626007080078,-24.729459762573242
0,SCALING,40.48690414428711,-17.44611358642578
0,SCALING,-5.924620151519775,-5.693600177764893
1,SCALING,10.036919593811035,-0.2033987045288086
1,SCALING,-2.705143928527832,-18.38629913330078
1,SCALING,6.583253860473633,-0.0760028287768364
1,SCALING,17.175607681274414,10.11542797088623
1,SCALING,15.4254150390625,12.791260719299316
1,SCALING,13.038769721984863,-0.686578094959259
1,SCALING,27.352510452270508,-17.45138931274414
1,SCALING,12.740377426147461,-15.949373245239258
1,SCALING,15.851140022277832,12.071945190429688
1,SCALING,-15.374241828918457,20.90801239013672
1,SCALING,8.55587100982666,16.81842041015625
1,SCALING,-0.13847815990447998,-3.377450942993164
1,SCALING,6.279029369354248,-2.1031086444854736
1,SCALING,16.952720642089844,2.1794166564941406
1,SCALING,8.933309555053711,16.664676666259766
1,SCALING,11.655067443847656,15.158590316772461
1,SCALING,11.940560340881348,15.331714630126953
1,SCALING,10.308158874511719,16.031999588012695
1,SCALING,14.522716522216797,13.480758666992188
1,SCALING,14.24051284790039,13.700372695922852
1,SCALING,14.018714904785156,13.875923156738281
0,SCALING,56.141578674316406,-34.89011764526367
0,SCALING,20.030162811279297,-18.1467342376709
0,SCALING,-8.251235008239746,-10.47078800201416
1,SCALING,-18.490394592285156,18.59381103515625
1,SCALING,-25.75043296813965,0.4038099944591522
1,SCALING,-24.203367233276367,9.874359130859375
1,SCALING,-22.527809143066406,13.810585021972656
1,SCALING,8.47872257232666,16.847454071044922
1,SCALING,-24.10112762451172,10.158198356628418
1,SCALING,-25.94112205505371,1.8136969804763794
1,SCALING,-25.12320899963379,7.0821380615234375
1,SCALING,-25.775468826293945,2.1212446689605713
1,SCALING,-24.11841583251953,10.073307991027832
1,SCALING,15.634812355041504,12.28490924835205
1,SCALING,8.336827278137207,16.912599563598633
1,SCALING,11.973456382751465,15.534399032592773
1,SCALING,-16.498733520507812,19.919830322265625
1,SCALING,-23.529340744018555,11.520295143127441
1,SCALING,-25.074974060058594,7.2342963218688965
0,SCALING,56.346256256103516,-24.729454040527344
0,SCALING,40.48690414428711,-17.446109771728516
1,SCALING,-25.74167823791504,3.457166910171509
1,SCALING,-24.21843910217285,9.852011680603027
1,SCALING,-23.92894744873047,10.531774520874023
1,SCALING,-24.74736976623535,8.410591125488281
1,SCALING,-20.674556732177734,16.505292892456055
1,SCALING,-25.84880828857422,4.089937686920166
1,SCALING,-24.172391891479492,10.026659965515137
1,SCALING,-25.697599411010742,3.734245777130127
1,SCALING,-24.807777404785156,8.211067199707031
1,SCALING,-23.732921600341797,11.094483375549316
1,SCALING,-22.128801345825195,13.945271492004395
1,SCALING,-22.668397903442383,13.253349304199219
1,SCALING,-25.870376586914062,2.937718391418457
0,SCALING,27.369359970092773,-23.475502014160156
0,SCALING,20.030197143554688,-18.146711349487305
1,SCALING,-25.70949363708496,-0.39254868030548096
1,SCALING,-27.1893253326416,-11.131662368774414
1,SCALING,-36.880184173583984,-23.276248931884766
1,SCALING,-37.829341888427734,-24.335311889648438
1,SCALING,-43.486812591552734,-28.636686325073242
1,SCALING,-48.73391342163086,-26.44703483581543
1,SCALING,-37.787837982177734,-24.222187042236328
1,SCALING,-38.29544448852539,-24.709228515625
1,SCALING,-37.489532470703125,-23.59041976928711
1,SCALING,-31.754093170166016,-16.750715255737305
1,SCALING,-31.26725196838379,-17.609636306762695
1,SCALING,-30.775936126708984,-17.041732788085938
1,SCALING,-31.659189224243164,-16.672883987426758
1,SCALING,-27.85974884033203,-12.158417701721191
1,SCALING,-27.223106384277344,-11.042521476745605
1,SCALING,-26.866249084472656,-9.92748737335205
1,SCALING,-27.6192684173584,-11.972945213317871
0,SCALING,56.346256256103516,-24.729454040527344
0,SCALING,-0.4281914532184601,-1.2089488506317139
0,SCALING,-5.924620151519775,-5.693600177764893
1,SCALING,-25.85974884033203,-5.810233116149902
1,SCALING,-30.07695960998535,-14.978887557983398
1,SCALING,-27.635986328125,-11.853042602539062
1,SCALING,-36.76511764526367,-23.060415267944336
1,SCALING,-27.49702262878418,-12.129449844360352
1,SCALING,-25.675325393676758,-5.300466537475586
1,SCALING,-25.452743530273438,-4.342985153198242
1,SCALING,-25.829805374145508,-5.904308319091797
1,SCALING,-26.323165893554688,-7.077879428863525
1,SCALING,-27.575756072998047,-11.549333572387695
1,SCALING,-27.615110397338867,-11.984360694885254
1,SCALING,-26.89928436279297,-10.04982852935791
1,SCALING,-29.780460357666016,-15.09216022491455
1,SCALING,-44.34119415283203,-28.429340362548828
1,SCALING,-58.96487808227539,-13.418243408203125
1,SCALING,-58.96119689941406,-13.330421447753906
1,SCALING,-58.77621841430664,-13.637393951416016
1,SCALING,-55.98651123046875,-21.639209747314453
1,SCALING,-58.77365493774414,-13.859319686889648
1,SCALING,-54.568023681640625,-22.667781829833984
0,SCALING,56.257606506347656,-34.79038619995117
1,SCALING,10.840407371520996,15.777863502502441
1,SCALING,-48.65922927856445,-25.72875213623047
1,SCALING,-48.69562911987305,-25.635238647460938
1,SCALING,-37.95939636230469,-24.75590705871582
1,SCALING,-54.775611877441406,-21.912111282348633
1,SCALING,-36.76120376586914,-23.928754806518555
1,SCALING,-26.857532501220703,-11.814160346984863
1,SCALING,-25.91915512084961,-2.055572271347046
1,SCALING,-26.917943954467773,2.8953704833984375
1,SCALING,-25.304637908935547,-3.4549872875213623
1,SCALING,-33.68643569946289,-20.182086944580078
1,SCALING,-48.77166748046875,-26.157451629638672
1,SCALING,-36.944339752197266,-23.022377014160156
0,SCALING,56.346256256103516,-24.729454040527344
0,SCALING,17.8757266998291,-18.025094985961914
1,SCALING,-12.200117111206055,21.886255264282227
1,SCALING,-35.61679458618164,-23.586015701293945
1,SCALING,-44.103553771972656,-27.235403060913086
1,SCALING,-53.84465408325195,-22.885637283325195
1,SCALING,-52.85800552368164,-23.935115814208984
1,SCALING,-49.12240219116211,-26.4368953704834
1,SCALING,-34.387046813964844,-20.64927101135254
1,SCALING,-38.885040283203125,-25.445873260498047
1,SCALING,-29.355031967163086,-15.749410629272461
1,SCALING,-38.00569152832031,-24.47199249267578
1,SCALING,-43.863155364990234,-28.58186912536621
1,SCALING,-44.480491638183594,-28.19959831237793
1,SCALING,-49.66410446166992,-25.766231536865234
1,SCALING,-48.73744583129883,-25.94898796081543
1,SCALING,-48.67795181274414,-26.008638381958008
1,SCALING,-51.796478271484375,-23.971054077148438
1,SCALING,-61.00812530517578,-9.862046241760254
1,SCALING,-58.79867172241211,-13.197000503540039
1,SCALING,-54.19202423095703,-22.752708435058594
1,SCALING,-51.63457489013672,-23.870529174804688
0,SCALING,55.58863830566406,-34.19520568847656
0,SCALING,27.37006950378418,-23.475542068481445
1,SCALING,-31.459524154663086,-18.84856414794922
1,SCALING,-31.410123825073242,-18.768869400024414
1,SCALING,-30.920114517211914,-18.50840187072754
1,SCALING,-31.828231811523438,-19.350719451904297
1,SCALING,-30.097116470336914,-17.526432037353516
1,SCALING,-28.21112060546875,-14.38947868347168
1,SCALING,-30.180818557739258,-17.588735580444336
1,SCALING,-30.910810470581055,-18.249061584472656
1,SCALING,-28.688060760498047,-15.265395164489746
1,SCALING,-28.44786262512207,-14.819711685180664
1,SCALING,-28.65839195251465,-15.147880554199219
1,SCALING,-28.460220336914062,-14.834714889526367
1,SCALING,-29.94507598876953,-17.272104263305664
1,SCALING,-28.506614685058594,-14.907516479492188
1,SCALING,-29.008594512939453,-15.834547996520996
0,SCALING,40.486907958984375,-17.44611167907715
0,SCALING,-0.42819151282310486,-1.2089487314224243
0,SCALING,32.128265380859375,-22.002023696899414
1,SCALING,-29.487380981445312,-16.39288330078125
1,SCALING,-30.996013641357422,-18.355873107910156
1,SCALING,-32.93327713012695,-20.184938430786133
1,SCALING,-31.130403518676758,-18.507617950439453
1,SCALING,-30.893756866455078,-18.337303161621094
1,SCALING,-30.536985397338867,-18.02924919128418
1,SCALING,-29.218900680541992,-16.2402286529541
1,SCALING,-28.69548797607422,-15.398876190185547
1,SCALING,-29.24578285217285,-16.121307373046875
1,SCALING,-30.06962013244629,-17.455894470214844
1,SCALING,-31.45551300048828,-18.88292121887207
1,SCALING,-33.2828483581543,-20.467086791992188
1,SCALING,-31.187223434448242,-18.499635696411133
1,SCALING,-28.953203201293945,-15.59024429321289
1,SCALING,-29.0222110748291,-15.831222534179688
1,SCALING,-30.731121063232422,-18.108396530151367
1,SCALING,-31.86709213256836,-19.239322662353516
1,SCALING,-31.510547637939453,-18.88701629638672
0,SCALING,55.58867263793945,-34.19511795043945
0,SCALING,56.148460388183594,-34.8853645324707
0,SCALING,27.369359970092773,-23.475502014160156
0,SCALING,20.030166625976562,-18.146738052368164
0,SCALING,55.135902404785156,-18.02910614013672
0,SCALING,34.4139404296875,-18.48797035217285
1,SCALING,8.890432357788086,-1.0735610723495483
1,SCALING,17.430442810058594,3.5413737297058105
1,SCALING,16.537511825561523,2.1595163345336914
1,SCALING,15.989372253417969,1.5254555940628052
1,SCALING,7.8712568283081055,-19.536319732666016
1,SCALING,9.17980670928955,-19.691743850708008
1,SCALING,40.27559280395508,-21.20932388305664
1,SCALING,20.619096755981445,-22.488142013549805
1,SCALING,18.29233741760254,-18.51844024658203
1,SCALING,37.27067947387695,-18.21514892578125
1,SCALING,-8.292376518249512,-14.542479515075684
1,SCALING,-8.236420631408691,-14.676277160644531
1,SCALING,36.21394348144531,-19.1544189453125
1,SCALING,50.51877212524414,-39.89937210083008
1,SCALING,46.156761169433594,-17.245176315307617
1,SCALING,55.980098724365234,-30.709774017333984
1,SCALING,21.710153579711914,-20.397125244140625
1,SCALING,23.480241775512695,-23.096254348754883
1,SCALING,2.873608350753784,-17.002267837524414
1,SCALING,-4.373682975769043,-2.2488808631896973
0,SCALING,40.486907958984375,-17.44611167907715
0,SCALING,32.1281852722168,-22.002079010009766
1,SCALING,41.23237991333008,-19.015151977539062
1,SCALING,-7.156250476837158,-6.731215476989746
1,SCALING,23.46181297302246,-20.54242515563965
1,SCALING,11.404245376586914,-19.6555233001709
1,SCALING,-1.14499032497406,-0.3601166307926178
1,SCALING,52.02964401245117,-39.261634826660156
1,SCALING,25.97686767578125,-18.262468338012695
1,SCALING,29.2509822845459,-20.957616806030273
1,SCALING,20.91561508178711,-20.2148380279541
1,SCALING,56.11751937866211,-29.46297836303711
1,SCALING,55.40335464477539,-29.160423278808594
1,SCALING,-1.5706534385681152,-3.3449575901031494
1,SCALING,12.865743637084961,-0.42030224204063416
1,SCALING,17.51862144470215,3.1942591667175293
1,SCALING,17.909835815429688,7.314761638641357
0,SCALING,55.135894775390625,-18.02910614013672
1,SCALING,-14.46159839630127,21.336658477783203
1,SCALING,17.41158103942871,9.587586402893066
1,SCALING,16.13578224182129,11.710807800292969
1,SCALING,15.087055206298828,12.982940673828125
1,SCALING,2.8463237285614014,-19.62510108947754
1,SCALING,9.181778907775879,16.565895080566406
1,SCALING,-20.436016082763672,17.12734031677246
1,SCALING,-23.765851974487305,11.094204902648926
1,SCALING,-22.209545135498047,14.377564430236816
1,SCALING,0.7231498956680298,-1.7968162298202515
1,SCALING,2.883256196975708,-19.394203186035156
1,SCALING,5.088627338409424,-0.6565718650817871
1,SCALING,4.108427047729492,-20.643720626831055
1,SCALING,11.553537368774414,15.552513122558594
1,SCALING,11.715546607971191,15.471475601196289
1,SCALING,14.619019508361816,13.406189918518066
1,SCALING,35.16946029663086,-22.629825592041016
1,SCALING,19.851268768310547,-21.344772338867188
0,SCALING,32.12825393676758,-22.00191307067871
1,SCALING,2.3441989421844482,-1.07589590549469
1,SCALING,-12.690921783447266,21.670703887939453
1,SCALING,10.497075080871582,15.759048461914062
1,SCALING,15.290031433105469,12.73162841796875
1,SCALING,10.76688289642334,15.917048454284668
1,SCALING,17.88835906982422,4.906599998474121
1,SCALING,17.10279655456543,9.665217399597168
1,SCALING,14.264520645141602,13.714716911315918
1,SCALING,17.737628936767578,8.307662010192871
1,SCALING,15.667826652526855,1.4203892946243286
1,SCALING,12.99292278289795,14.636385917663574
1,SCALING,16.18947410583496,11.619405746459961
1,SCALING,-6.5399980545043945,-8.76197624206543
1,SCALING,-1.5488661527633667,-1.2661173343658447
1,SCALING,-16.556554794311523,20.233428955078125
1,SCALING,-17.17809295654297,19.81013298034668
1,SCALING,15.459178924560547,12.56458854675293
1,SCALING,-16.409252166748047,20.7488956451416
1,SCALING,-13.947503089904785,21.719051361083984
0,SCALING,55.58863830566406,-34.19520568847656
0,SCALING,-8.251236915588379,-10.470793724060059
1,SCALING,17.78365135192871,4.490903854370117
1,SCALING,-67.7807846069336,-2.362579822540283
1,SCALING,-66.71592712402344,-3.5711963176727295
1,SCALING,-63.48599624633789,-6.622126579284668
1,SCALING,-66.27399444580078,-3.9233784675598145
1,SCALING,-63.69009017944336,-6.390987396240234
1,SCALING,-67.47020721435547,-2.6520159244537354
1,SCALING,-71.49612426757812,-0.06333617120981216
1,SCALING,-67.99038696289062,-2.166687250137329
1,SCALING,-71.1336898803711,-0.3150358200073242
1,SCALING,-71.583984375,0.03995693847537041
1,SCALING,-64.1906509399414,-5.864867210388184
1,SCALING,-65.81529235839844,-4.480825901031494
1,SCALING,-67.33181762695312,-2.7586092948913574
1,SCALING,-71.76243591308594,0.27073749899864197
1,SCALING,-65.54696655273438,-4.678070068359375
1,SCALING,-67.99166870117188,-2.1525142192840576
1,SCALING,-66.1106948852539,-4.222736358642578
1,SCALING,-66.1669921875,-4.148536205291748
1,SCALING,-72.55724334716797,1.6156768798828125
1,SCALING,-71.58784484863281,0.09819383919239044
1,SCALING,-68.56620025634766,-1.6750577688217163
0,SCALING,32.128265380859375,-22.002023696899414
1,SCALING,-60.121376037597656,-10.972369194030762
1,SCALING,-67.33316040039062,-2.82987380027771
1,SCALING,-69.17560577392578,-1.319512963294983
1,SCALING,-68.24176025390625,-1.9404269456863403
1,SCALING,-66.96104431152344,-3.286107063293457
1,SCALING,-66.43889617919922,-3.900306463241577
1,SCALING,-66.91220092773438,-3.263559341430664
1,SCALING,-68.4206314086914,-1.7955960035324097
1,SCALING,-63.08995056152344,-7.102161884307861
1,SCALING,-62.92094421386719,-7.355062961578369
1,SCALING,-63.68142318725586,-6.40191125869751
1,SCALING,-67.18402862548828,-2.8787715435028076
1,SCALING,-66.59772491455078,-3.7294673919677734
1,SCALING,-66.85948181152344,-3.3741745948791504
1,SCALING,-65.98472595214844,-4.32272481918335
1,SCALING,-64.38195037841797,-5.678593635559082
1,SCALING,-66.49169158935547,-3.7304372787475586
1,SCALING,-71.84783172607422,0.3703227639198303
1,SCALING,-71.5406265258789,0.06428290158510208
1,SCALING,-67.47743225097656,-2.6202733516693115
1,SCALING,-67.21983337402344,-2.926098585128784
0,SCALING,27.370071411132812,-23.475542068481445
0,SCALING,20.030134201049805,-18.146745681762695
0,SCALING,55.13589859008789,-18.029117584228516
1,SCALING,17.771808624267578,8.237739562988281
1,SCALING,-51.16389083862305,-23.913461685180664
1,SCALING,-60.43871307373047,-10.562743186950684
1,SCALING,-61.76312255859375,-8.90373706817627
1,SCALING,-64.39958190917969,-5.6389946937561035
1,SCALING,-63.12702560424805,-7.182055473327637
1,SCALING,-61.40546417236328,-9.425883293151855
1,SCALING,-59.08550262451172,-14.132822036743164
1,SCALING,-56.735076904296875,-27.047088623046875
1,SCALING,-56.74921798706055,-27.003419876098633
1,SCALING,-56.65860366821289,-27.21546745300293
1,SCALING,-56.66117477416992,-27.228290557861328
1,SCALING,-56.68478012084961,-27.17858123779297
1,SCALING,-56.67337417602539,-27.1917781829834
1,SCALING,-56.580318450927734,-27.377845764160156
1,SCALING,-56.59812927246094,-27.34041976928711
0,SCALING,-0.4282011389732361,-1.2089588642120361
0,SCALING,10.564546585083008,-16.66634178161621
1,SCALING,12.546598434448242,-19.660789489746094
1,SCALING,-37.13821029663086,-24.15264892578125
1,SCALING,-57.933921813964844,-14.597267150878906
1,SCALING,-60.613136291503906,-10.261947631835938
1,SCALING,-61.782379150390625,-8.875252723693848
1,SCALING,-61.70163345336914,-9.034076690673828
1,SCALING,-62.91546630859375,-7.428716659545898
1,SCALING,-63.076866149902344,-7.197926998138428
1,SCALING,-63.1428108215332,-7.092452049255371
1,SCALING,-64.1758804321289,-5.910520076751709
1,SCALING,-57.05886459350586,-21.558568954467773
1,SCALING,-57.00663375854492,-21.692235946655273
1,SCALING,-56.94890213012695,-26.46939468383789
1,SCALING,-56.9615478515625,-26.40943717956543
1,SCALING,-56.97492218017578,-26.373088836669922
1,SCALING,-56.96189498901367,-26.43323516845703
1,SCALING,-56.960636138916016,-26.434959411621094
1,SCALING,-56.93728256225586,-26.494125366210938
1,SCALING,-56.842594146728516,-26.75214195251465
1,SCALING,-56.95288848876953,-26.400421142578125
1,SCALING,-56.894901275634766,-26.620485305786133
0,SCALING,55.58866882324219,-34.19511795043945
0,SCALING,56.14984893798828,-34.88439178466797
0,SCALING,20.0301570892334,-18.146732330322266
1,SCALING,9.480887413024902,16.426151275634766
1,SCALING,-16.91341781616211,19.847888946533203
1,SCALING,8.921876907348633,16.660200119018555
1,SCALING,17.5054988861084,9.827508926391602
1,SCALING,16.31513023376465,11.612266540527344
1,SCALING,11.419775009155273,15.68664836883545
1,SCALING,9.559233665466309,16.391624450683594
1,SCALING,8.952939987182617,16.661115646362305
1,SCALING,13.722490310668945,14.103067398071289
1,SCALING,15.944474220275879,11.969695091247559
1,SCALING,-12.951563835144043,21.807945251464844
1,SCALING,17.2630615234375,9.926606178283691
1,SCALING,17.813579559326172,4.597339630126953
1,SCALING,12.016924858093262,15.205524444580078
1,SCALING,17.98244857788086,5.591317653656006
1,SCALING,13.963066101074219,13.944026947021484
1,SCALING,12.337540626525879,15.19382381439209
1,SCALING,11.142861366271973,15.795022010803223
1,SCALING,11.163909912109375,15.749275207519531
1,SCALING,-13.16844367980957,21.63289451599121
1,SCALING,9.229499816894531,16.53359603881836
1,SCALING,15.68229866027832,1.2030439376831055
1,SCALING,16.84514045715332,2.884610176086426
1,SCALING,10.62592887878418,16.015581130981445
0,SCALING,56.34626388549805,-24.729469299316406
0,SCALING,40.48692321777344,-17.44611930847168
0,SCALING,-0.4282011389732361,-1.2089588642120361
1,SCALING,11.564806938171387,15.395700454711914
1,SCALING,12.501130104064941,14.912050247192383
1,SCALING,-14.027810096740723,21.30980110168457
1,SCALING,-14.359434127807617,21.43733024597168
1,SCALING,-14.62969970703125,21.1995792388916
1,SCALING,-13.458230018615723,21.510459899902344
1,SCALING,13.612483024597168,14.19692325592041
1,SCALING,-15.492748260498047,20.57855224609375
1,SCALING,17.933574676513672,4.617355823516846
1,SCALING,17.833606719970703,7.5091633796691895
1,SCALING,17.32524871826172,9.306045532226562
1,SCALING,-13.750101089477539,21.20836639404297
1,SCALING,9.15246295928955,16.558412551879883
1,SCALING,15.130217552185059,12.883264541625977
1,SCALING,8.038251876831055,17.015993118286133
1,SCALING,15.11269760131836,12.929388999938965
1,SCALING,12.328119277954102,15.087736129760742
1,SCALING,9.062948226928711,16.606943130493164
1,SCALING,-15.276771545410156,20.938613891601562
0,SCALING,55.58866882324219,-34.19511795043945
0,SCALING,-8.25123405456543,-10.47078800201416
1,SCALING,12.001510620117188,15.098954200744629
1,SCALING,-25.92339324951172,3.733625888824463
1,SCALING,-21.207908630371094,15.664525032043457
1,SCALING,-25.38450050354004,6.154399394989014
1,SCALING,-25.468677520751953,5.780186176300049
1,SCALING,-25.809038162231445,3.529118061065674
1,SCALING,-25.349470138549805,6.268947601318359
1,SCALING,-24.01801872253418,10.432476043701172
1,SCALING,-25.545989990234375,5.657051086425781
1,SCALING,-17.100479125976562,20.008319854736328
1,SCALING,-22.155132293701172,14.402290344238281
1,SCALING,-24.779624938964844,8.33009147644043
1,SCALING,-21.856773376464844,14.789113998413086
1,SCALING,-23.170520782470703,12.347005844116211
1,SCALING,-22.10637664794922,14.302846908569336
1,SCALING,-24.98487091064453,7.65882682800293
1,SCALING,-19.88007354736328,17.164045333862305
1,SCALING,-20.325307846069336,16.660030364990234
1,SCALING,-20.950305938720703,15.705567359924316
1,SCALING,-25.868297576904297,4.856924533843994
1,SCALING,-25.971424102783203,3.9693522453308105
1,SCALING,-24.041614532470703,10.484681129455566
1,SCALING,-25.325794219970703,6.904006004333496
1,SCALING,11.221076011657715,15.371542930603027
1,SCALING,-26.261947631835938,2.382371664047241
1,SCALING,-21.36214256286621,16.175857543945312
1,SCALING,-23.115325927734375,12.565994262695312
1,SCALING,-23.26197624206543,13.147669792175293
1,SCALING,-25.384212493896484,6.731290340423584
1,SCALING,-23.69479751586914,11.694628715515137
1,SCALING,-25.928508758544922,4.294888973236084
1,SCALING,-24.58599853515625,8.870993614196777
1,SCALING,-25.329084396362305,6.455419540405273
1,SCALING,-25.711576461791992,-0.4991658627986908
1,SCALING,-22.953617095947266,13.102581977844238
1,SCALING,-22.723093032836914,12.986961364746094
1,SCALING,-25.790761947631836,-0.41359370946884155
1,SCALING,-21.842134475708008,14.887308120727539
