run_id,dataset,outer_seed,model_seed,method,track,evidence_source,macro_f1,auprc,far,fault_recall,early_recall,detection_delay,prediction_path,prediction_sha256,checkpoint_sha256
3w-outer31001-seed42-autotcl,3W,31001,42,AutoTCL,TRACK_A_MECHANISM_ADAPTATION,H1_3SEED_POSTHOC_REUSE,0.4981177399579304,0.80837866256161,0.4449357703096246,0.8175405765285925,0.8337059594479994,795.8571428571429,outputs\posthoc_recent_baselines\benchmark\3w\outer_31001\seed_42\AutoTCL\predictions.npz,31c82947b7da3b16df41509d2dbaabfc0b452c5eb637f2498b1ed5a0635ac7d8,37347f0504329470a53f9758fc832546b1c40348fdb459569a27b4cdf289a801
3w-outer31001-seed43-autotcl,3W,31001,43,AutoTCL,TRACK_A_MECHANISM_ADAPTATION,H1_3SEED_POSTHOC_REUSE,0.4241126245395225,0.8072140722521964,0.3661449679298208,0.8343110087450967,0.8382160203530954,414.9047619047619,outputs\posthoc_recent_baselines\benchmark\3w\outer_31001\seed_43\AutoTCL\predictions.npz,72a7110ab955e9b0a487788e700706cb241694866abec0f124f8f021d215dbc0,1d1ed88d2360ab489e7793773deab1b821212d9ac306185fd514691da70d32da
3w-outer31001-seed44-autotcl,3W,31001,44,AutoTCL,TRACK_A_MECHANISM_ADAPTATION,H1_3SEED_POSTHOC_REUSE,0.35005482056175724,0.7733602049557129,0.3567383109110075,0.8304242991326879,0.8473132372214941,611.4761904761905,outputs\posthoc_recent_baselines\benchmark\3w\outer_31001\seed_44\AutoTCL\predictions.npz,9a1b2dceb1aa58048e62f9c6a8057a0e52985e8bb82bb6fe13a3904d2eea0841,0d1ae33b881431850954d5c5b2853c8e5fc383fe15aefc5697ca9898b4c3cde0
3w-outer31001-seed45-autotcl,3W,31001,45,AutoTCL,TRACK_A_MECHANISM_ADAPTATION,H1_5SEED_EXTENSION_NEW,0.4072790582721767,0.7507205987621539,0.4656071894373872,0.8573433620038148,0.8662786215403593,177.1904761904762,outputs\posthoc_baseline_5seed_extension\benchmark\3w\outer_31001\seed_45\AutoTCL\predictions.npz,7214d331d00311c2d342a914fbb08af7839163e755087025dec91e0287ff5446,a7d3e227f964f50f44290e571485742957fed1f4961656adbde63d6adf11a336
3w-outer31001-seed46-autotcl,3W,31001,46,AutoTCL,TRACK_A_MECHANISM_ADAPTATION,H1_5SEED_EXTENSION_NEW,0.470138614261389,0.6575932098645326,0.026272533990816672,0.5411523374239753,0.5336134453781513,542.9047619047619,outputs\posthoc_baseline_5seed_extension\benchmark\3w\outer_31001\seed_46\AutoTCL\predictions.npz,7c8e8c16f9f740630afa4090190a175dfc5affee8050727e5ed7308410816755,205f317ad227c6c2b2c0fa6a151757efdfacb9dc60882dd377b288a60f17f005
3w-outer31002-seed42-autotcl,3W,31002,42,AutoTCL,TRACK_A_MECHANISM_ADAPTATION,H1_3SEED_POSTHOC_REUSE,0.2681377109077375,0.6347324071825882,0.999859311927102,1.0,1.0,13.666666666666666,outputs\posthoc_recent_baselines\benchmark\3w\outer_31002\seed_42\AutoTCL\predictions.npz,e94f7d83df1e26d6c29675bfad2e8e0649870fca86875eebc59477f68e71e98f,0e597998885bfa13d28a83cf5ecf61c56af134a25c7f2eec10b95c3c5d7e622e
3w-outer31002-seed43-autotcl,3W,31002,43,AutoTCL,TRACK_A_MECHANISM_ADAPTATION,H1_3SEED_POSTHOC_REUSE,0.24877142100240826,0.6182636619701684,0.9805201129833447,0.9729002320185615,0.9699866378867303,16.333333333333332,outputs\posthoc_recent_baselines\benchmark\3w\outer_31002\seed_43\AutoTCL\predictions.npz,1d19ca009e79eb00cbfbabe84b2fc5b9a6fc6b026a33bd4bb328be91bc7079d4,25aecdf6d97682508886311ce29ad62daa87881991caa0a7915a68d28dffd82c
3w-outer31002-seed44-autotcl,3W,31002,44,AutoTCL,TRACK_A_MECHANISM_ADAPTATION,H1_3SEED_POSTHOC_REUSE,0.32650497968566383,0.711462519311385,0.9184550285163902,0.9834802784222738,0.9817041833693082,45.666666666666664,outputs\posthoc_recent_baselines\benchmark\3w\outer_31002\seed_44\AutoTCL\predictions.npz,439d44af9878413cad9f9b9aa5c685efbccbd238fc93a9917aec5c8165ce89bf,b5f752cf270d57a5b9304715d7e51583b19bafce2a03a660c6acaadfc5be3873
3w-outer31002-seed45-autotcl,3W,31002,45,AutoTCL,TRACK_A_MECHANISM_ADAPTATION,H1_5SEED_EXTENSION_NEW,0.061996330988815226,0.5721600425942122,0.9738103741220523,0.6844547563805105,0.6997635933806147,19.0,outputs\posthoc_baseline_5seed_extension\benchmark\3w\outer_31002\seed_45\AutoTCL\predictions.npz,78e2bc6950eff2434cd4e92600513f2e24f1ffcc0e1cb4d9b132b7a7ff0f0ad6,5ee896d6ac3fbccf688a1b3a8d9ecdbd409e8d78108b50936242015fcf886f27
3w-outer31002-seed46-autotcl,3W,31002,46,AutoTCL,TRACK_A_MECHANISM_ADAPTATION,H1_5SEED_EXTENSION_NEW,0.24279584352213973,0.6155897989619293,0.9962663549884744,0.9998143851508121,0.9997944290266214,13.666666666666666,outputs\posthoc_baseline_5seed_extension\benchmark\3w\outer_31002\seed_46\AutoTCL\predictions.npz,b62cd1a4eba77b4ac7f63bec9eadc92a86f66459e7599080cce40327436f07a8,84d889ce2950448674dd53155ca44029e23755f9f847b87439066b26b1eef56d
3w-outer31003-seed42-autotcl,3W,31003,42,AutoTCL,TRACK_A_MECHANISM_ADAPTATION,H1_3SEED_POSTHOC_REUSE,0.46912524831044955,0.8761957215040471,0.984941438929169,0.9997521514629948,0.999743892548696,55.0,outputs\posthoc_recent_baselines\benchmark\3w\outer_31003\seed_42\AutoTCL\predictions.npz,ca5b17ff94ef8626faf6864d442fb5376b197ea635bcfc861dbb7f042417e117,07bca3bb14af4e436f2461c04e6f83c1ca066453390f0555c9898f77613c0719
3w-outer31003-seed43-autotcl,3W,31003,43,AutoTCL,TRACK_A_MECHANISM_ADAPTATION,H1_3SEED_POSTHOC_REUSE,0.270580618085122,0.8528434924757692,0.8333388012204324,0.7334664371772806,0.7271175106355733,37.38461538461539,outputs\posthoc_recent_baselines\benchmark\3w\outer_31003\seed_43\AutoTCL\predictions.npz,422020c54a9b61be045f479024d1da90d732b623c84b2005e94b9ccad33bd5ee,d4a81f239d3368183063602793564a1679f9f2a6e61682dd3e397fa1f67f0e8f
3w-outer31003-seed44-autotcl,3W,31003,44,AutoTCL,TRACK_A_MECHANISM_ADAPTATION,H1_3SEED_POSTHOC_REUSE,0.327772428732906,0.9212178441589053,0.9418654243627178,0.9995456110154906,0.9996442952065222,40.06666666666667,outputs\posthoc_recent_baselines\benchmark\3w\outer_31003\seed_44\AutoTCL\predictions.npz,9c5d2dfeb21198e0338abc80f5b8b4d9e12da6611282f6dbb099ab5c9d0bf189,d88e1885d0af59c54807dd91123fe1641f5f2ad1cfb3e12a66c2583e8fa032f8
3w-outer31003-seed45-autotcl,3W,31003,45,AutoTCL,TRACK_A_MECHANISM_ADAPTATION,H1_5SEED_EXTENSION_NEW,0.3812349322636756,0.819358447267514,0.464026770775237,0.7953459552495697,0.7938904144672254,104.08333333333333,outputs\posthoc_baseline_5seed_extension\benchmark\3w\outer_31003\seed_45\AutoTCL\predictions.npz,8eaf0e3aa2523a53479dfbf2e731dc2bcd67480bdd7c800dea216409e98a73a0,59f549cef829c7bcf99f6eb4f8ba4c765c50852c5add0ed20fc62c5083c5036d
3w-outer31003-seed46-autotcl,3W,31003,46,AutoTCL,TRACK_A_MECHANISM_ADAPTATION,H1_5SEED_EXTENSION_NEW,0.334394439796344,0.8334662247184318,0.58944916505364,0.6115111876075732,0.6017671414139977,89.83333333333333,outputs\posthoc_baseline_5seed_extension\benchmark\3w\outer_31003\seed_46\AutoTCL\predictions.npz,3031afadbb927f337e8af5d72a62b0cb97e5655db6cf4424f11cd418d12a59f2,705890f07b3cdb86d5c7a211f2ab55423314c19539ec6dfd326f82beeefa9417
3w-outer31001-seed42-dcbr,3W,31001,42,DCBR,TRACK_A_FROZEN_PAPER_FINAL_REFERENCE,FROZEN_PAPER_FINAL_5SEED_REUSE,0.4772089033748649,0.8231654039278098,0.4251844705293813,0.9450102565948105,0.9552077711818673,774.5238095238095,outputs\paper_final\3w\outer_31001\model_seed_42\DCBR\predictions.npz,cacd3d5b4d4d24a8d53cebe9fdf19717d322c3815e7f86fe182b67d07960e73f,b8b2c345320d6c2c89ab2cd7829f0e42f23584b62e01bdbcb2a1c89c086d668d
3w-outer31001-seed43-dcbr,3W,31001,43,DCBR,TRACK_A_FROZEN_PAPER_FINAL_REFERENCE,FROZEN_PAPER_FINAL_5SEED_REUSE,0.5559339796813871,0.82829007858745,0.06136213396223044,0.8655126498002663,0.870865777503662,603.8571428571429,outputs\paper_final\3w\outer_31001\model_seed_43\DCBR\predictions.npz,f122f79aa8c002f6b087010ef4230918031127260e47d483c07db7e30af2c9e9,f8dec00b889c34739e4f69f789bc96e66b32ebb7d6ea4cb1e5340bd587e65c59
3w-outer31001-seed44-dcbr,3W,31001,44,DCBR,TRACK_A_FROZEN_PAPER_FINAL_REFERENCE,FROZEN_PAPER_FINAL_5SEED_REUSE,0.3676653042064167,0.8066690177755635,0.40473638134033696,0.97466441141541,0.9734022049186647,573.3809523809524,outputs\paper_final\3w\outer_31001\model_seed_44\DCBR\predictions.npz,d28ad5223c13e55d10028532f749910e719a41927b296c9ddbd1479633ed037d,fc8154efe37da4b9d1aea54099bd9f79f0f3d12bd1c540304ecd431068b6f3b5
3w-outer31001-seed45-dcbr,3W,31001,45,DCBR,TRACK_A_FROZEN_PAPER_FINAL_REFERENCE,FROZEN_PAPER_FINAL_5SEED_REUSE,0.39051500983141013,0.7881036811377182,0.3792231691411624,0.8778205635728938,0.8827384164675044,705.952380952381,outputs\paper_final\3w\outer_31001\model_seed_45\DCBR\predictions.npz,a9d6efe5d8641a1d8f03a5730d31b346e28280bf084a3a7ff2e47b32fdcfbffa,58ab2041fda56e906bb67c17e999c01fc828ad26085e72a45c7c8367b4a5b6d2
3w-outer31001-seed46-dcbr,3W,31001,46,DCBR,TRACK_A_FROZEN_PAPER_FINAL_REFERENCE,FROZEN_PAPER_FINAL_5SEED_REUSE,0.2755936494849133,0.7744599747842771,0.46351682121098425,0.8488501817396624,0.8635802945031223,93.38095238095238,outputs\paper_final\3w\outer_31001\model_seed_46\DCBR\predictions.npz,663f922fb3d2347dd2b9437d9909a97bbbf979e26e4de03f80f4c3cf60a80404,fca72ba7275d0f7e7c4506c6bd9e3f59b3ae0c06cdf628c9b69e45ef5120ba90
3w-outer31002-seed42-dcbr,3W,31002,42,DCBR,TRACK_A_FROZEN_PAPER_FINAL_REFERENCE,FROZEN_PAPER_FINAL_5SEED_REUSE,0.16743904098012374,0.6692474751629611,0.9831282534116857,0.7896055684454757,0.7669853016754035,5068.3,outputs\paper_final\3w\outer_31002\model_seed_42\DCBR\predictions.npz,137aeb7411ccbfb6affffe49d5604e88de49d396b9e70f1f6160a0f380ec065e,5ce765669dc83aa2061a6b2b52370d3458b70941ab55e3f773082ba4c033a4d4
3w-outer31002-seed43-dcbr,3W,31002,43,DCBR,TRACK_A_FROZEN_PAPER_FINAL_REFERENCE,FROZEN_PAPER_FINAL_5SEED_REUSE,0.09769436595699868,0.6364815236100348,0.8951657413720334,0.6844547563805105,0.6997635933806147,19.0,outputs\paper_final\3w\outer_31002\model_seed_43\DCBR\predictions.npz,e7eae6c0892767fa831c8df304add2558075885a04de53dda30fc8dc30ff48bb,ef3fb80788879ea2c8d33f2d4905d04029ffc207e6157b8bf86867d32ab655c8
3w-outer31002-seed44-dcbr,3W,31002,44,DCBR,TRACK_A_FROZEN_PAPER_FINAL_REFERENCE,FROZEN_PAPER_FINAL_5SEED_REUSE,0.10827673292400049,0.5900141197566503,0.9830200318171488,0.8103944315545244,0.790009250693802,4262.363636363636,outputs\paper_final\3w\outer_31002\model_seed_44\DCBR\predictions.npz,b17477c04293f398f8f7f5a634b1c2a817d16c999044988b5306c29686fe6372,35784d2951c5557440a5b83603c1041a79baf37b6b3dfb962bac2b967bc1040f
3w-outer31002-seed45-dcbr,3W,31002,45,DCBR,TRACK_A_FROZEN_PAPER_FINAL_REFERENCE,FROZEN_PAPER_FINAL_5SEED_REUSE,0.47285437761326354,0.7576885354132172,0.33924223239505213,0.9662180974477959,0.9633055812519272,445.6666666666667,outputs\paper_final\3w\outer_31002\model_seed_45\DCBR\predictions.npz,f6bd3e72928bb407bd8cbbaba39f5d59766e06e1d9ba72c9c65e242121d29347,5aa6f4e128d6a6cde6352dc31f683bbe970c576619b5498a10972e7878c6a0b6
3w-outer31002-seed46-dcbr,3W,31002,46,DCBR,TRACK_A_FROZEN_PAPER_FINAL_REFERENCE,FROZEN_PAPER_FINAL_5SEED_REUSE,0.24315725367560792,0.593869989878868,0.9988744954168155,1.0,1.0,13.666666666666666,outputs\paper_final\3w\outer_31002\model_seed_46\DCBR\predictions.npz,0ffaaa5b89af6dab069a473019a5f1970fca8a21c238ba2df39cf520f7760b3a,a05428d8bd0bca50d81bc77dc66d1e49ae02e57a62b7b9b222d8d7f806258412
3w-outer31003-seed42-dcbr,3W,31003,42,DCBR,TRACK_A_FROZEN_PAPER_FINAL_REFERENCE,FROZEN_PAPER_FINAL_5SEED_REUSE,0.3359833127814952,0.8596125284817683,0.8955086775368262,0.9838760757314974,0.9834810693908911,68.07142857142857,outputs\paper_final\3w\outer_31003\model_seed_42\DCBR\predictions.npz,1d794d4c804d8ee1b7a6300a494aaa088497426966c463a0ca26b9cd4dbf3b11,60e57d53b5d7f553e53e5b4c62842ab08a794f7b2dc286dd8b903cd64d1afa2a
3w-outer31003-seed43-dcbr,3W,31003,43,DCBR,TRACK_A_FROZEN_PAPER_FINAL_REFERENCE,FROZEN_PAPER_FINAL_5SEED_REUSE,0.35313531510521945,0.890036361399622,0.8636199599750665,0.9456936316695352,0.9442539447661596,67.76923076923077,outputs\paper_final\3w\outer_31003\model_seed_43\DCBR\predictions.npz,4ab70622092adac0c2228b2f18619014f64147316bea1a88d891d7ad61c17869,feed13c78fabf49d2e1bae0b1ca3ca547ab76f099a66fa7108ab7508fc5e6b9f
3w-outer31003-seed44-dcbr,3W,31003,44,DCBR,TRACK_A_FROZEN_PAPER_FINAL_REFERENCE,FROZEN_PAPER_FINAL_5SEED_REUSE,0.3026270054953002,0.863063158579038,0.756471244381746,0.6966884681583477,0.6923864946004012,55.285714285714285,outputs\paper_final\3w\outer_31003\model_seed_44\DCBR\predictions.npz,64ea24c8ba538d57b76a5c2084faa8042fb0023d6f795c7035769692f229d312,987d87f715718c5cffef5c7ea44b80ce1c04e7c4036863b7500acf0653dd5886
3w-outer31003-seed45-dcbr,3W,31003,45,DCBR,TRACK_A_FROZEN_PAPER_FINAL_REFERENCE,FROZEN_PAPER_FINAL_5SEED_REUSE,0.3215105471116858,0.8424603747677943,0.6227485974869591,0.8605576592082617,0.8636796949475691,84.41666666666667,outputs\paper_final\3w\outer_31003\model_seed_45\DCBR\predictions.npz,a44052d9268aba7c02096103f9d60dfbb93e23185fdcefafacd76a131058aa2b,b9add1d1d30dbeb837cb7e3d4d0a51965764349748ef4cd35b11851d3e48c899
3w-outer31003-seed46-dcbr,3W,31003,46,DCBR,TRACK_A_FROZEN_PAPER_FINAL_REFERENCE,FROZEN_PAPER_FINAL_5SEED_REUSE,0.33572763388670845,0.8499759179987955,0.8629638135231784,0.9635800344234079,0.9626936812600486,86.63636363636364,outputs\paper_final\3w\outer_31003\model_seed_46\DCBR\predictions.npz,28e0d0b988d8f932a92f4f51ff978d6c23123b74dcbf5391d78d17e814e7ff3c,cffdac835d971f10313bf7058cd67b864762f4dabd42c922bae3d1952b20bfc6
3w-outer31001-seed42-final_qdiffcl,3W,31001,42,FINAL_QDIFFCL,TRACK_A_FROZEN_PAPER_FINAL_REFERENCE,FROZEN_PAPER_FINAL_5SEED_REUSE,0.2649262118657151,0.827955600391555,0.5574761930285327,0.9903911901248785,0.9897078097293963,169.57142857142858,outputs\paper_final\3w\outer_31001\model_seed_42\FINAL_QDIFFCL\predictions.npz,92041000697083935c5d6d39654fe75e550d1b98ec6ac79ef176373f22c8bc0b,dcf1bf0ac0e7b0c71e31d1a6f4b037e3688f863f84115248cb972009da6f79f0
3w-outer31001-seed43-final_qdiffcl,3W,31001,43,FINAL_QDIFFCL,TRACK_A_FROZEN_PAPER_FINAL_REFERENCE,FROZEN_PAPER_FINAL_5SEED_REUSE,0.5585091154285317,0.878020635430991,0.07667363456075468,0.8723143916219815,0.8774574049803407,512.4285714285714,outputs\paper_final\3w\outer_31001\model_seed_43\FINAL_QDIFFCL\predictions.npz,13c3f623f72b01359dda227633fd08e7b7c44ac9a71701ef84319dc63f353d1e,9f31615114af86a5a440f1211dd314aa57eb0d3fe4d5ab4d40e2c7c8732c1bff
3w-outer31001-seed44-final_qdiffcl,3W,31001,44,FINAL_QDIFFCL,TRACK_A_FROZEN_PAPER_FINAL_REFERENCE,FROZEN_PAPER_FINAL_5SEED_REUSE,0.34630133410002184,0.8147592216727426,0.4052366404030659,0.9740526145319753,0.9722072315164598,576.4285714285714,outputs\paper_final\3w\outer_31001\model_seed_44\FINAL_QDIFFCL\predictions.npz,b7d009bbf8a71a3fe25ed9bb9554d1aa23b44ec7d9cae11607afb0b7fbd4b0a9,007b9a4235d89291af1dbe2682005953621b53c8fc44c5e420cbafc6dc1887d5
3w-outer31001-seed45-final_qdiffcl,3W,31001,45,FINAL_QDIFFCL,TRACK_A_FROZEN_PAPER_FINAL_REFERENCE,FROZEN_PAPER_FINAL_5SEED_REUSE,0.31185911132505395,0.7968395439935735,0.3809740758607136,0.8872854212401483,0.9042093901780895,145.94736842105263,outputs\paper_final\3w\outer_31001\model_seed_45\FINAL_QDIFFCL\predictions.npz,8f0208f4e0d707c813e586f4b15c04838ca45e0ebbb247c956476d6a8f226a70,cce2a88cd2ad7a6294398f69f3d6a49d4bf6bf05638a920b71063d65e513ac39
3w-outer31001-seed46-final_qdiffcl,3W,31001,46,FINAL_QDIFFCL,TRACK_A_FROZEN_PAPER_FINAL_REFERENCE,FROZEN_PAPER_FINAL_5SEED_REUSE,0.2779570798055617,0.7808167433193429,0.45612906683818405,0.8490661100514629,0.863349009328502,79.66666666666667,outputs\paper_final\3w\outer_31001\model_seed_46\FINAL_QDIFFCL\predictions.npz,d18d2f187bf8fca97f568f3732efee52a372a8e14400de67b3fef0558c5f2c58,1601db3b3554f4841f6f271f249884d055b687580aa55564b719aeac7c1de254
3w-outer31002-seed42-final_qdiffcl,3W,31002,42,FINAL_QDIFFCL,TRACK_A_FROZEN_PAPER_FINAL_REFERENCE,FROZEN_PAPER_FINAL_5SEED_REUSE,0.12558438107023245,0.6654283971256907,0.9831282534116857,0.7876566125290023,0.7648268064549285,5122.7,outputs\paper_final\3w\outer_31002\model_seed_42\FINAL_QDIFFCL\predictions.npz,c00fcf1877f6a1837cd52ba23189901017615248ee2549e66a7dcaf8bba38159,443348c9f97d7b664dcc75612bd1e53c06c834d8430a6562b5ddcb45ea73c201
3w-outer31002-seed43-final_qdiffcl,3W,31002,43,FINAL_QDIFFCL,TRACK_A_FROZEN_PAPER_FINAL_REFERENCE,FROZEN_PAPER_FINAL_5SEED_REUSE,0.2787158916665379,0.6576519053973517,0.9234548661839983,0.965754060324826,0.9620721554116559,13.666666666666666,outputs\paper_final\3w\outer_31002\model_seed_43\FINAL_QDIFFCL\predictions.npz,2ea84abb70be1e03cc4c3560a48d12572c0179d6cd936a6f66b65228da08ba70,2b7122f6d88573f2ae2d9498418be5d46871730bc9e52874b92de00730aa7de5
3w-outer31002-seed44-final_qdiffcl,3W,31002,44,FINAL_QDIFFCL,TRACK_A_FROZEN_PAPER_FINAL_REFERENCE,FROZEN_PAPER_FINAL_5SEED_REUSE,0.2081748042810227,0.6568213848114043,0.7956018743980173,0.7864501160092807,0.7634905951279679,4141.2,outputs\paper_final\3w\outer_31002\model_seed_44\FINAL_QDIFFCL\predictions.npz,cc909845d1d13ecce47547c98badedc9ae20dc68f4f6dca03e6f9d641af74228,f2c6726c8b6c12c60a8cb610c82dbb94784980a578364d999a3b65de8a137da8
3w-outer31002-seed45-final_qdiffcl,3W,31002,45,FINAL_QDIFFCL,TRACK_A_FROZEN_PAPER_FINAL_REFERENCE,FROZEN_PAPER_FINAL_5SEED_REUSE,0.5392906645039894,0.7218349071403395,0.18584894429834528,0.8404640371229698,0.8411964230650633,2522.3636363636365,outputs\paper_final\3w\outer_31002\model_seed_45\FINAL_QDIFFCL\predictions.npz,1bf3f79403f667fc68396975e2e375444ae0d52d76f9d8ab61678edb91d2e2a2,96a353b0732feb3ed88612eca40d19ed60f4a6e6d8f968e48b3444a5a05d4991
3w-outer31002-seed46-final_qdiffcl,3W,31002,46,FINAL_QDIFFCL,TRACK_A_FROZEN_PAPER_FINAL_REFERENCE,FROZEN_PAPER_FINAL_5SEED_REUSE,0.2858476585626372,0.671506234114547,0.969925218878175,0.9905336426914153,0.9895158803576934,13.666666666666666,outputs\paper_final\3w\outer_31002\model_seed_46\FINAL_QDIFFCL\predictions.npz,3e888b059c61c5e63e535766e0991678402715686bd6d0a9fa76c6e4e38891f2,b3e1eec3eca1f1f7f444c0aa34828e5d314d27dcb3873bae3613fb4191bae3e0
3w-outer31003-seed42-final_qdiffcl,3W,31003,42,FINAL_QDIFFCL,TRACK_A_FROZEN_PAPER_FINAL_REFERENCE,FROZEN_PAPER_FINAL_5SEED_REUSE,0.33972689035572823,0.8497885286406217,0.8954758702142318,0.9865886402753873,0.9862840231634962,74.92857142857143,outputs\paper_final\3w\outer_31003\model_seed_42\FINAL_QDIFFCL\predictions.npz,e045bf8b48b0a852c0ffcbb7956657decdd14f2af281c34f5e119a457b1f778c,f731d405e14e0b0945d133c978c9d09205ac27bbaf1aae7bfaaf2d7e6c93b273
3w-outer31003-seed43-final_qdiffcl,3W,31003,43,FINAL_QDIFFCL,TRACK_A_FROZEN_PAPER_FINAL_REFERENCE,FROZEN_PAPER_FINAL_5SEED_REUSE,0.36245776971580096,0.868351973209395,0.863587152652472,0.944908777969019,0.9433006559196392,67.76923076923077,outputs\paper_final\3w\outer_31003\model_seed_43\FINAL_QDIFFCL\predictions.npz,3587440c2bc81b779471a65c7b84ddd2d11b4b65a5229cbe7c8973147a8924a0,9f50b07abfa01bbd3e9f8a0b88791df5ef294287d69da4a5e8ec4b5397fb4d0f
3w-outer31003-seed44-final_qdiffcl,3W,31003,44,FINAL_QDIFFCL,TRACK_A_FROZEN_PAPER_FINAL_REFERENCE,FROZEN_PAPER_FINAL_5SEED_REUSE,0.255717458673786,0.8781018682834235,0.7807158557790099,0.9301617900172117,0.9331559552096524,84.72727272727273,outputs\paper_final\3w\outer_31003\model_seed_44\FINAL_QDIFFCL\predictions.npz,d7b943af788a692fdb04c1690bb8355814c6664a5bd9ad7fd821ac3da41b1e5f,34517d2bb6654227fd4dc1be4ab5fd02471742ead50b801d5ddbc942433e21bd
3w-outer31003-seed45-final_qdiffcl,3W,31003,45,FINAL_QDIFFCL,TRACK_A_FROZEN_PAPER_FINAL_REFERENCE,FROZEN_PAPER_FINAL_5SEED_REUSE,0.3137800620720538,0.8518805572773521,0.7007644106164496,0.9106919104991394,0.9157121921375012,73.75,outputs\paper_final\3w\outer_31003\model_seed_45\FINAL_QDIFFCL\predictions.npz,2ae70ce9cb73ac58d5a25c32b6b8dbf19b433fcb674e41c93f78401f131db298,6b953883b45ae81dbd4f075360e1b9fa73e6bb55c4b8e3472868e969b3d5372a
3w-outer31003-seed46-final_qdiffcl,3W,31003,46,FINAL_QDIFFCL,TRACK_A_FROZEN_PAPER_FINAL_REFERENCE,FROZEN_PAPER_FINAL_5SEED_REUSE,0.3547006675775062,0.8899836987491458,0.7970210951084282,0.964736660929432,0.9651267020474368,127.08333333333333,outputs\paper_final\3w\outer_31003\model_seed_46\FINAL_QDIFFCL\predictions.npz,e6e06c448ba367c150b476889b3a82f094dbc5294f2ca4d7be1776c99f91b2a9,a170af4a341ba8ac030cbe8bb2ac9dedd38cb077c1c3927e4edd0974f7adfff7
3w-outer31001-seed42-frera,3W,31001,42,FRERA,TRACK_A_FROZEN_PAPER_FINAL_REFERENCE,FROZEN_PAPER_FINAL_5SEED_REUSE,0.37902638979470005,0.8205735200983688,0.39282842900787907,0.8387015510850397,0.8563333590316861,431.6666666666667,outputs\paper_final\3w\outer_31001\model_seed_42\FRERA\predictions.npz,9aacf0eb5edc71c4170273da57e550ebb6a839ca4f8f9f7baf98a6a10f357375,ae2cc89735a36bf83d0f8de2d5694da8c3417c2ba6a7648a5b625c71b25f1a92
3w-outer31001-seed43-frera,3W,31001,43,FRERA,TRACK_A_FROZEN_PAPER_FINAL_REFERENCE,FROZEN_PAPER_FINAL_5SEED_REUSE,0.4896221561018782,0.859564984096958,0.1669971949759697,0.838089754201605,0.8556780510369285,431.6666666666667,outputs\paper_final\3w\outer_31001\model_seed_43\FRERA\predictions.npz,10c25fd7b9ab296dc37ededae572c69ddc832569d7198c410cbe1577924741d6,13bf5cb6634580fb851a44cd760b2c0477e512001f61fa0f0b32e3f9b8cc48d9
3w-outer31001-seed44-frera,3W,31001,44,FRERA,TRACK_A_FROZEN_PAPER_FINAL_REFERENCE,FROZEN_PAPER_FINAL_5SEED_REUSE,0.4339835717643068,0.8023794833177671,0.06765110503653678,0.8664843272033684,0.8760311464035155,611.4761904761905,outputs\paper_final\3w\outer_31001\model_seed_44\FRERA\predictions.npz,4b81b58057ae6d7c49051e29ebda9a4125d34e05fd8dd6325f385fb1364be940,d73605722e265ebdf6c6cd34d4913457cbeb2f5e71a18a60e3b3b08b98f6720c
3w-outer31001-seed45-frera,3W,31001,45,FRERA,TRACK_A_FROZEN_PAPER_FINAL_REFERENCE,FROZEN_PAPER_FINAL_5SEED_REUSE,0.3813923753191588,0.8185057635138435,0.4487234460702864,0.8681397775938389,0.8877110477218411,335.6666666666667,outputs\paper_final\3w\outer_31001\model_seed_45\FRERA\predictions.npz,a2f40a0e40233859c890be4b745ae8daecee0679805e634962750e81ab644546,36b05ede2aadc3e6f825a4585a8fff523f4ff8709124a7c2183bed8305bfbc1e
3w-outer31001-seed46-frera,3W,31001,46,FRERA,TRACK_A_FROZEN_PAPER_FINAL_REFERENCE,FROZEN_PAPER_FINAL_5SEED_REUSE,0.5322227661908256,0.6054967112010481,0.015382966178914081,0.544031381581315,0.5408989283786909,2264.45,outputs\paper_final\3w\outer_31001\model_seed_46\FRERA\predictions.npz,8da34db7e0da6bdc9c5802ff5d512a8e8c40fb0499ee8b618cc0658a510af5a0,f82e75ce0c943322ee4b170231c4fb435fdbceac8d4a7936feb672a4275c1ac1
3w-outer31002-seed42-frera,3W,31002,42,FRERA,TRACK_A_FROZEN_PAPER_FINAL_REFERENCE,FROZEN_PAPER_FINAL_5SEED_REUSE,0.14015012080565503,0.6179261514685522,0.9771003105959764,0.7465429234338747,0.7192928358515778,4814.875,outputs\paper_final\3w\outer_31002\model_seed_42\FRERA\predictions.npz,abacbbaa43c836695987b6e511a71dbed386564581dd5e9d8e77ebc172c33eae,ef5e4da6184162aad3152c0ad30dbed2fbbc3b708741f8bc39650232e70f4e66
3w-outer31002-seed43-frera,3W,31002,43,FRERA,TRACK_A_FROZEN_PAPER_FINAL_REFERENCE,FROZEN_PAPER_FINAL_5SEED_REUSE,0.2607340965336622,0.4517887602982188,0.9667867926366027,0.9496055684454756,0.9579607359440847,19.0,outputs\paper_final\3w\outer_31002\model_seed_43\FRERA\predictions.npz,e4e3004c4cab005b7b0f2e97bc242907d89a07d3b0633284c1ed17a178e2ba78,4c5a6e763839e1f89d4fcad3185d13b1c60291e24193cd4b32341b479b3e0b02
3w-outer31002-seed44-frera,3W,31002,44,FRERA,TRACK_A_FROZEN_PAPER_FINAL_REFERENCE,FROZEN_PAPER_FINAL_5SEED_REUSE,0.26238415086029215,0.7209397159124538,0.9940045236626517,0.9637122969837587,0.9598108747044918,13.666666666666666,outputs\paper_final\3w\outer_31002\model_seed_44\FRERA\predictions.npz,2afba3eaf50485e3a804e1beec7624f3b2ec10b00d38cf618de6ff64a767e7d5,1829d31b6465ddb2d847a947c05a845524d93275fcf0120aba4907e1163e5503
3w-outer31002-seed45-frera,3W,31002,45,FRERA,TRACK_A_FROZEN_PAPER_FINAL_REFERENCE,FROZEN_PAPER_FINAL_5SEED_REUSE,0.22194861232048,0.3579388036257739,0.8792896334534593,0.9777262180974478,0.9755370541679514,109.66666666666667,outputs\paper_final\3w\outer_31002\model_seed_45\FRERA\predictions.npz,f59017b908b53dc65fab3042a258f3badf79b2676b28bdc815e0d521a4cc93ba,ffc8e52332b2053b6e05c5bfae5ddcb982944b76ec85aeb362153530febbd5a5
3w-outer31002-seed46-frera,3W,31002,46,FRERA,TRACK_A_FROZEN_PAPER_FINAL_REFERENCE,FROZEN_PAPER_FINAL_5SEED_REUSE,0.40178059546413875,0.11994171299157608,0.6129021785006981,0.9255684454756381,0.9175660396751979,616.3333333333334,outputs\paper_final\3w\outer_31002\model_seed_46\FRERA\predictions.npz,b8cd29dbefaf4668396f6a0126695c91c21691bdf5a90e4ad65125a332ed53f6,83e224ff6d880e279e28ebeff0e0aa8b7855b2a06bceead94952e3b4e63dcb70
3w-outer31003-seed42-frera,3W,31003,42,FRERA,TRACK_A_FROZEN_PAPER_FINAL_REFERENCE,FROZEN_PAPER_FINAL_5SEED_REUSE,0.36692456109586236,0.8570054094724942,0.6845575932548145,0.6703201376936316,0.6630052786591352,78.1,outputs\paper_final\3w\outer_31003\model_seed_42\FRERA\predictions.npz,349720afcda43f45c82c43f71a394ab0356783e44657ba0a77ab8dc0b3cb9139,d97886a030a51c06e91c005dd0ea8673bbe229ee1e4fc0af0d1597383c2ade2f
3w-outer31003-seed43-frera,3W,31003,43,FRERA,TRACK_A_FROZEN_PAPER_FINAL_REFERENCE,FROZEN_PAPER_FINAL_5SEED_REUSE,0.2929814029124788,0.8662141927345399,0.7112299465240641,0.8480275387263339,0.8429634477754222,64.08333333333333,outputs\paper_final\3w\outer_31003\model_seed_43\FRERA\predictions.npz,b932caef252e28fd2107c1e7958a6a300d65815b0d2ba3779fc72f7ae18c1829,1474355aa467cc846f40e94a9c6c1ddd34494336ad748c3de34966a537d2df5c
3w-outer31003-seed44-frera,3W,31003,44,FRERA,TRACK_A_FROZEN_PAPER_FINAL_REFERENCE,FROZEN_PAPER_FINAL_5SEED_REUSE,0.31278832512549226,0.8529183222231185,0.897280272956924,0.999697074010327,0.9996869797817396,59.266666666666666,outputs\paper_final\3w\outer_31003\model_seed_44\FRERA\predictions.npz,6c00e1d00afbebafb1129e36c6c8f731e01d235e3566356d99ee699058cc908f,cd0e3d6d02cdca9a39faeba0eb446880351a819cf6ac72020b6d3ded8c0d8b75
3w-outer31003-seed45-frera,3W,31003,45,FRERA,TRACK_A_FROZEN_PAPER_FINAL_REFERENCE,FROZEN_PAPER_FINAL_5SEED_REUSE,0.26748860817643005,0.8790537361280966,0.6012926085102195,0.6529707401032703,0.649118563521762,20227.76923076923,outputs\paper_final\3w\outer_31003\model_seed_45\FRERA\predictions.npz,f32ac305789f7f707022bdfaf83db5f98a1bd4f870fe785bb9d8e3865e2a16c6,dfc30dc584ecabb495f3152005cb87438311fe1baaa81f7e6b7bc20cd1db5bb5
3w-outer31003-seed46-frera,3W,31003,46,FRERA,TRACK_A_FROZEN_PAPER_FINAL_REFERENCE,FROZEN_PAPER_FINAL_5SEED_REUSE,0.25781063816892696,0.8596661651445194,0.9496735671401857,0.9672013769363167,0.9663930111122178,80.07692307692308,outputs\paper_final\3w\outer_31003\model_seed_46\FRERA\predictions.npz,c0942040fedcc9e6e99c6bdbd1a3a8d665c18ce2fbd0701c20b5ab4b41b9553b,af9cbad71b9dfb3d46c05f62c024ddf3cfd429a5a1962b1725044c9861ca36a3
3w-outer31001-seed42-jitter,3W,31001,42,JITTER,TRACK_A_FROZEN_PAPER_FINAL_REFERENCE,FROZEN_PAPER_FINAL_5SEED_REUSE,0.4107004454585782,0.8331944217522796,0.427248039163138,0.9393241443840645,0.9492329041708426,719.6666666666666,outputs\paper_final\3w\outer_31001\model_seed_42\JITTER\predictions.npz,bbf2f4d677f4f2fa9df8222871ddf2f53fd4207d1b5552f95362ea3c55ba93a1,193fc2f4c8aa0578746f54a7fd38a259ec586f6b897dc71c3876ee2bc0077f5f
3w-outer31001-seed43-jitter,3W,31001,43,JITTER,TRACK_A_FROZEN_PAPER_FINAL_REFERENCE,FROZEN_PAPER_FINAL_5SEED_REUSE,0.5487290280713926,0.8552078486487544,0.05267013274731557,0.851765213948969,0.8561406213861692,657.1904761904761,outputs\paper_final\3w\outer_31001\model_seed_43\JITTER\predictions.npz,6a96e3ae7109d082e831ebc56b05d35426b28a11a5566195253601ba067bd1af,b2e7dfc361e217cdf21b586a3331d76213effb31e4aac656687ae43835c81738
3w-outer31001-seed44-jitter,3W,31001,44,JITTER,TRACK_A_FROZEN_PAPER_FINAL_REFERENCE,FROZEN_PAPER_FINAL_5SEED_REUSE,0.30038734807734635,0.8157723190961037,0.45506601632988514,0.993738078957786,0.9932927299360111,279.2857142857143,outputs\paper_final\3w\outer_31001\model_seed_44\JITTER\predictions.npz,49129e4cd95d2ccf9df5e67993a8ac92abb2100bacc8b7b8ae75f4c04d684b31,2ae94acc5230feb1efe2661a6121679007cb7f64d97e63ee8565a3da43a1f782
3w-outer31001-seed45-jitter,3W,31001,45,JITTER,TRACK_A_FROZEN_PAPER_FINAL_REFERENCE,FROZEN_PAPER_FINAL_5SEED_REUSE,0.3648029023931993,0.7796555807003773,0.3834843043719069,0.8880051822794832,0.8938786523783826,920.8095238095239,outputs\paper_final\3w\outer_31001\model_seed_45\JITTER\predictions.npz,c4f254dcb932c3cb80f0f7a0e3ad24d44e4672a1ed7f3b3db2222f879d8b74fa,068ee5be84d55891f296ec3ab23324bd30ef2a79a9b4e73532743dda627a4e39
3w-outer31001-seed46-jitter,3W,31001,46,JITTER,TRACK_A_FROZEN_PAPER_FINAL_REFERENCE,FROZEN_PAPER_FINAL_5SEED_REUSE,0.221738510058656,0.7704202532181017,0.6390273534508942,0.8856299708496779,0.9023205612520238,38.523809523809526,outputs\paper_final\3w\outer_31001\model_seed_46\JITTER\predictions.npz,d3115d101a19ac75dc6ab649bb85a061307ea87eb6ac6de4fb99d0adf029c6c9,543cf086b98d67fce1ec9efdb56688a28f4d3978b0e386a98820aefbf347b110
3w-outer31002-seed42-jitter,3W,31002,42,JITTER,TRACK_A_FROZEN_PAPER_FINAL_REFERENCE,FROZEN_PAPER_FINAL_5SEED_REUSE,0.12968317573050106,0.6636991930635967,0.9831282534116857,0.791461716937355,0.769041011409189,5039.5,outputs\paper_final\3w\outer_31002\model_seed_42\JITTER\predictions.npz,4bccf642c19d167e06230c7b96c209d107cee8131a44013427cd2f6c3290848e,e51e90d99a1f9c72ad04cc51652790684fea6be029bafc9851b4c82675e4df86
3w-outer31002-seed43-jitter,3W,31002,43,JITTER,TRACK_A_FROZEN_PAPER_FINAL_REFERENCE,FROZEN_PAPER_FINAL_5SEED_REUSE,0.13189789949222222,0.6525506793428448,0.823544690107464,0.6837122969837587,0.6989413094871004,61.666666666666664,outputs\paper_final\3w\outer_31002\model_seed_43\JITTER\predictions.npz,d5907563457e88e55a0df9c1bf61ed74a64f7654bfec30a62fea35d587a20bc7,ee24f807e6a8e4460488dfb8af0cae01aa9ee3dba29a9ef5b3e8f76ab315b30e
3w-outer31002-seed44-jitter,3W,31002,44,JITTER,TRACK_A_FROZEN_PAPER_FINAL_REFERENCE,FROZEN_PAPER_FINAL_5SEED_REUSE,0.1357818700109818,0.6307101726815828,0.9869160092204798,0.9095127610208816,0.8997841504779525,2032.3333333333333,outputs\paper_final\3w\outer_31002\model_seed_44\JITTER\predictions.npz,41f576ef26c46f8198e1cdf373efbf89954ceedadd23a6afcca5fdf6ed162db1,75d99a680e4e2e6e86aadae1c5c101355f2511715333791780c532d96a3048a6
3w-outer31002-seed45-jitter,3W,31002,45,JITTER,TRACK_A_FROZEN_PAPER_FINAL_REFERENCE,FROZEN_PAPER_FINAL_5SEED_REUSE,0.31912898201198464,0.6337041095032496,0.9113773362336721,0.8155916473317866,0.7957652379484017,4090.7272727272725,outputs\paper_final\3w\outer_31002\model_seed_45\JITTER\predictions.npz,3e4c91468b737ca0f53b819e1c9f3612f161ebc63b7ea5811814999727a1d841,36bb9d0558091a2178293b01a058288b568225feb03c9b695f405e6f41d59db5
3w-outer31002-seed46-jitter,3W,31002,46,JITTER,TRACK_A_FROZEN_PAPER_FINAL_REFERENCE,FROZEN_PAPER_FINAL_5SEED_REUSE,0.28360098480768015,0.671624026844703,0.9699035745592676,0.9991647331786543,0.9990749306197965,13.666666666666666,outputs\paper_final\3w\outer_31002\model_seed_46\JITTER\predictions.npz,9530b001e5ba2306c4c4ce5e9ca6f29199df8aa349b51bea25b59d6e5b2e0458,a9faaf4ae028164c068a8999e25547a50c3ef524c321040cd2cb55751aaf5e81
3w-outer31003-seed42-jitter,3W,31003,42,JITTER,TRACK_A_FROZEN_PAPER_FINAL_REFERENCE,FROZEN_PAPER_FINAL_5SEED_REUSE,0.34070755389543267,0.8541653992599667,0.8954758702142318,0.9825404475043029,0.9821009347921973,70.35714285714286,outputs\paper_final\3w\outer_31003\model_seed_42\JITTER\predictions.npz,cc2e38833c3c5ed4712d24a172e4e9d4aac56b633f7806568f67cda03897e095,8fb171a2db803e7dd23c019b2f7e325dc01697210fed8f1b745f0db6a92883c9
3w-outer31003-seed43-jitter,3W,31003,43,JITTER,TRACK_A_FROZEN_PAPER_FINAL_REFERENCE,FROZEN_PAPER_FINAL_5SEED_REUSE,0.39190053753061005,0.863676992250981,0.4492306682851612,0.5637728055077452,0.5522672623536274,12799.7,outputs\paper_final\3w\outer_31003\model_seed_43\JITTER\predictions.npz,8cc85a68bd9aaf726894f1222a134fd6f30c92ce285e221123158bf810c4ff65,424d489b7e3f1eb75b25ce7ce1f168b4bb946d64e5220d9031dff35bf1ef15a0
3w-outer31003-seed44-jitter,3W,31003,44,JITTER,TRACK_A_FROZEN_PAPER_FINAL_REFERENCE,FROZEN_PAPER_FINAL_5SEED_REUSE,0.2355037717894305,0.8703110195823562,0.8446573275155015,0.9333838209982789,0.9353613249292148,96.0,outputs\paper_final\3w\outer_31003\model_seed_44\JITTER\predictions.npz,61fd84b5a04870653e5a635c2ac36c80a2af309c0088470ba7ebcdbe143f8a2c,0cf1d274975fafedabc6c29d52d1440dab636984ea1937227f993ad6babcd8dc
3w-outer31003-seed45-jitter,3W,31003,45,JITTER,TRACK_A_FROZEN_PAPER_FINAL_REFERENCE,FROZEN_PAPER_FINAL_5SEED_REUSE,0.3381411257784125,0.8534413616209555,0.6131032446442046,0.9056523235800344,0.9079862840231635,124.38461538461539,outputs\paper_final\3w\outer_31003\model_seed_45\JITTER\predictions.npz,4b42c837c209a5912b534e495e9ce9cf90d815961ef86772e77dfb3cdc0d017d,6f9e51d116f8ae0940bd96e6d04a6630a35954c1d6f3dabb6970a9b5607b8043
3w-outer31003-seed46-jitter,3W,31003,46,JITTER,TRACK_A_FROZEN_PAPER_FINAL_REFERENCE,FROZEN_PAPER_FINAL_5SEED_REUSE,0.36488560833431594,0.8555935163555418,0.6164167842262392,0.8322340791738382,0.8275116315467467,172.0909090909091,outputs\paper_final\3w\outer_31003\model_seed_46\JITTER\predictions.npz,1fcbd3a703b84610a5ddc8c1dcc5dc114e4d2069cfc50ccaa3cb2d7e6be5c565,43d20ce888a519f1809be43c6b36a3600bf97ce3df6b3818881922914e8dc608
3w-outer31001-seed42-jitter_scaling,3W,31001,42,JITTER_SCALING,TRACK_A_FROZEN_PAPER_FINAL_REFERENCE,FROZEN_PAPER_FINAL_5SEED_REUSE,0.4139201167723898,0.8408591539702966,0.43740508477604473,0.9489689423111527,0.9594479993832395,626.7142857142857,outputs\paper_final\3w\outer_31001\model_seed_42\JITTER_SCALING\predictions.npz,31e4a223f0e8e7e0434546dfaacbc235c006c99aa8d204e8e410835debd71242,2bf7025b2d678714815de1bc3502356cd86f910ff44a266b69b85270a5e6ff7b
3w-outer31001-seed43-jitter_scaling,3W,31001,43,JITTER_SCALING,TRACK_A_FROZEN_PAPER_FINAL_REFERENCE,FROZEN_PAPER_FINAL_5SEED_REUSE,0.5721738507131103,0.8757847514637671,0.060459881009808654,0.8657285781120668,0.8709814200909721,549.0,outputs\paper_final\3w\outer_31001\model_seed_43\JITTER_SCALING\predictions.npz,84c2ced061945df6ebcbd080ab6fade0f929cd13b9a239a8724044922d13036a,26d2ad25b229e922fcabe85b8076f37d5ead70ce1b8390ba4c9aa788f439fa0f
3w-outer31001-seed44-jitter_scaling,3W,31001,44,JITTER_SCALING,TRACK_A_FROZEN_PAPER_FINAL_REFERENCE,FROZEN_PAPER_FINAL_5SEED_REUSE,0.43236052776780676,0.7982578275383748,0.39909953368708795,0.9685824306330298,0.9672346002621232,625.1904761904761,outputs\paper_final\3w\outer_31001\model_seed_44\JITTER_SCALING\predictions.npz,7870b7d6d529ba80facbe88df281f5bf18b2360d66ab9873f909d614f5aafdb1,a26b3ac0213e8a5e144dc76f76de524b37e44352f15a84e8538e8bad79a749c5
3w-outer31001-seed45-jitter_scaling,3W,31001,45,JITTER_SCALING,TRACK_A_FROZEN_PAPER_FINAL_REFERENCE,FROZEN_PAPER_FINAL_5SEED_REUSE,0.30774098217577617,0.7855878807406708,0.379964624537707,0.853456652391406,0.8696322565723537,167.8421052631579,outputs\paper_final\3w\outer_31001\model_seed_45\JITTER_SCALING\predictions.npz,3ff7e4bcf9208c05f4eb6bac57e88cb8cd363a9b72d152ee5cfec2abfb8561e0,5d80d9ef3d88467d31b4334b630979bfd32842720d2f1e5164cb948423944688
3w-outer31001-seed46-jitter_scaling,3W,31001,46,JITTER_SCALING,TRACK_A_FROZEN_PAPER_FINAL_REFERENCE,FROZEN_PAPER_FINAL_5SEED_REUSE,0.2777911217175267,0.7852559716025159,0.4648657340408426,0.8533486882355058,0.8678205227044946,161.95238095238096,outputs\paper_final\3w\outer_31001\model_seed_46\JITTER_SCALING\predictions.npz,cdbc8634495960765f33c4c35c3d6fd3cc8d506d99ed19589834c3ca2d311b05,6833c73b36ce4f4ecdfe0fc51630383693bc548104e6f44882d5c72e80dc806b
3w-outer31002-seed42-jitter_scaling,3W,31002,42,JITTER_SCALING,TRACK_A_FROZEN_PAPER_FINAL_REFERENCE,FROZEN_PAPER_FINAL_5SEED_REUSE,0.23348853512039092,0.6803641198747465,0.9438113481164031,0.7954524361948956,0.773460787336828,3750.8,outputs\paper_final\3w\outer_31002\model_seed_42\JITTER_SCALING\predictions.npz,e79cfacc393c73cd17cbf70fb1324269afe753ad2ff42ce17859da4efa880d96,b686cdb9bde7911c90ec1d756bab56a0e1ee574b167117a1fdd2efc78a6b1c84
3w-outer31002-seed43-jitter_scaling,3W,31002,43,JITTER_SCALING,TRACK_A_FROZEN_PAPER_FINAL_REFERENCE,FROZEN_PAPER_FINAL_5SEED_REUSE,0.19819987920653123,0.6640426122654107,0.739965152646559,0.6836194895591647,0.6988385240004111,67.0,outputs\paper_final\3w\outer_31002\model_seed_43\JITTER_SCALING\predictions.npz,5bda91e613b319296aebba433dad868379c571a8af8bbf8afbbc9106741593f9,75af4207cf416a3551374f2fac22bb01eab118752166e6de06a9722e4b9fabcc
3w-outer31002-seed44-jitter_scaling,3W,31002,44,JITTER_SCALING,TRACK_A_FROZEN_PAPER_FINAL_REFERENCE,FROZEN_PAPER_FINAL_5SEED_REUSE,0.15069395454822207,0.6239715639273751,0.9428481759250241,0.8708120649651973,0.8569226025285229,2513.6363636363635,outputs\paper_final\3w\outer_31002\model_seed_44\JITTER_SCALING\predictions.npz,8f9528dce43d8f60d4bd7c4c6464762d73e67fb43ecacfed2c09333846178468,1ee51c1f82e25cdab0f6ed8335b7847135f41dfccdaf099fbde386d6fff4b516
3w-outer31002-seed45-jitter_scaling,3W,31002,45,JITTER_SCALING,TRACK_A_FROZEN_PAPER_FINAL_REFERENCE,FROZEN_PAPER_FINAL_5SEED_REUSE,0.292021341435253,0.523157779658906,0.9832581193251302,0.805661252900232,0.7882618974200842,3977.2727272727275,outputs\paper_final\3w\outer_31002\model_seed_45\JITTER_SCALING\predictions.npz,ee8238140d6a6095adadbf39c3a2b3515c8178c652965bb2f0620e7aa729863c,75039e7804c65667377f8b5b2493ec4e4f7d80aa39128a264662797f54b7b789
3w-outer31002-seed46-jitter_scaling,3W,31002,46,JITTER_SCALING,TRACK_A_FROZEN_PAPER_FINAL_REFERENCE,FROZEN_PAPER_FINAL_5SEED_REUSE,0.26132805227825046,0.6181472565704548,0.9770245554798005,0.9952668213457077,0.9947579401788468,24.333333333333332,outputs\paper_final\3w\outer_31002\model_seed_46\JITTER_SCALING\predictions.npz,8fb1cc1608cdc2b848cfb9643eb9ac4c1fe69236700c03c5efb023858a34ef85,ee1fa39c3acc1d1b7c327cf8ed373217850f9790d6429e48ee3be5d78c2571ee
3w-outer31003-seed42-jitter_scaling,3W,31003,42,JITTER_SCALING,TRACK_A_FROZEN_PAPER_FINAL_REFERENCE,FROZEN_PAPER_FINAL_5SEED_REUSE,0.3315376059734368,0.8569699909848042,0.8938683114071061,0.9766333907056799,0.9760112687278574,68.07142857142857,outputs\paper_final\3w\outer_31003\model_seed_42\JITTER_SCALING\predictions.npz,8d37fdf1109e01c0af19150298821a9bf36787a5cd33a1b6dee6c0ebfa5fc73c,11cc7d7a50a4fa903da66f241c05cb2b39d2e21bd83c15599e25786ff99c9f4c
3w-outer31003-seed43-jitter_scaling,3W,31003,43,JITTER_SCALING,TRACK_A_FROZEN_PAPER_FINAL_REFERENCE,FROZEN_PAPER_FINAL_5SEED_REUSE,0.3463707727094463,0.8856450326394169,0.7584068764148157,0.9403648881239243,0.938946829247471,67.76923076923077,outputs\paper_final\3w\outer_31003\model_seed_43\JITTER_SCALING\predictions.npz,7a5dbf8a4ccc6e5ddc44aefac92f4d3edd97a856fd9bf2dae5273ec383c35718,fc586d0d2b7ca6c957ce977b9e5a938b9709759c353f578ad88a9055eb627ec1
3w-outer31003-seed44-jitter_scaling,3W,31003,44,JITTER_SCALING,TRACK_A_FROZEN_PAPER_FINAL_REFERENCE,FROZEN_PAPER_FINAL_5SEED_REUSE,0.25832056321992797,0.8522138871494047,0.8575834126176962,0.882960413080895,0.8849366134058022,59.857142857142854,outputs\paper_final\3w\outer_31003\model_seed_44\JITTER_SCALING\predictions.npz,574a274036167110aa2806d184722ade5cab18de988c7d55de0afe7177d5cab9,934906b74d7b3eeda7d8877648fc9a1cfa67a2d53d886b1c535f500a1a8a1884
3w-outer31003-seed45-jitter_scaling,3W,31003,45,JITTER_SCALING,TRACK_A_FROZEN_PAPER_FINAL_REFERENCE,FROZEN_PAPER_FINAL_5SEED_REUSE,0.4361117278243687,0.8330895332849659,0.3921459269708999,0.7972874354561101,0.7960673278033095,92.41666666666667,outputs\paper_final\3w\outer_31003\model_seed_45\JITTER_SCALING\predictions.npz,6bbeb27e30b87ce48816870c76cd6f0fe495558d1c7604d33a58d9088693123c,0936f906e81d78cac8befbf56f07c50daa67c3e34126a6eba47a3b769ccc8650
3w-outer31003-seed46-jitter_scaling,3W,31003,46,JITTER_SCALING,TRACK_A_FROZEN_PAPER_FINAL_REFERENCE,FROZEN_PAPER_FINAL_5SEED_REUSE,0.3716088150601871,0.861715573369369,0.6068042387060792,0.8327986230636834,0.8275400879302249,175.0,outputs\paper_final\3w\outer_31003\model_seed_46\JITTER_SCALING\predictions.npz,e8caca58b923fdb38532ddf4500f9d9e4a023ebf0ed5bd8f47148acb7d3d26ae,3fc21810b265134ed7eb3c8fec19f51ac33190ca237e894b04a7e3a9a2b3b1d5
3w-outer31001-seed42-no_aug,3W,31001,42,NO_AUG,TRACK_A_FROZEN_PAPER_FINAL_REFERENCE,FROZEN_PAPER_FINAL_5SEED_REUSE,0.2650594897623414,0.8269289989463856,0.5569491343731575,0.990031309605211,0.9893223344383625,172.61904761904762,outputs\paper_final\3w\outer_31001\model_seed_42\NO_AUG\predictions.npz,b061754d1aebce4fe8ab91ab32342b940f9ba5ccc7b8cc9550d8db33c1d6186f,f81acca983367f91db8814df9e4a3ff05375ce30cadad929234c7e113dab1e64
3w-outer31001-seed43-no_aug,3W,31001,43,NO_AUG,TRACK_A_FROZEN_PAPER_FINAL_REFERENCE,FROZEN_PAPER_FINAL_5SEED_REUSE,0.5600585945446759,0.8384824614337345,0.054358507084025655,0.8623097131752259,0.8674350474134608,652.6190476190476,outputs\paper_final\3w\outer_31001\model_seed_43\NO_AUG\predictions.npz,b7ed35e1aaaba25dbcf94b0898e2906e1aa1a44a7f5f1d4f00900b51d3b897c6,4566122cfe39414b1a22e17e37413396d6ff2184fa935f630424ad7530a69edc
3w-outer31001-seed44-no_aug,3W,31001,44,NO_AUG,TRACK_A_FROZEN_PAPER_FINAL_REFERENCE,FROZEN_PAPER_FINAL_5SEED_REUSE,0.3462716105030713,0.8103048066168884,0.40409319111682834,0.9734768057005074,0.9715904710508056,582.5238095238095,outputs\paper_final\3w\outer_31001\model_seed_44\NO_AUG\predictions.npz,924abfe954e1775f5ad81e2404c731888d89e76112ac6d0ad35d383758655002,08682e6c79f350b252253112407f7b1e17ae38b86bf667b000f3ccaf123fb354
3w-outer31001-seed45-no_aug,3W,31001,45,NO_AUG,TRACK_A_FROZEN_PAPER_FINAL_REFERENCE,FROZEN_PAPER_FINAL_5SEED_REUSE,0.38866762111098496,0.780866595053388,0.3817333976523557,0.9151401734624105,0.9226736566186108,747.0952380952381,outputs\paper_final\3w\outer_31001\model_seed_45\NO_AUG\predictions.npz,0299e2610b4fdf038d3cbb6f821af1d022cb2beb3cdcd7b29293635dee0ff1cb,b29d8388dec91f90e0aece8bbc4e1441e93931f16352c8a1256e5a6e749c4f46
3w-outer31001-seed46-no_aug,3W,31001,46,NO_AUG,TRACK_A_FROZEN_PAPER_FINAL_REFERENCE,FROZEN_PAPER_FINAL_5SEED_REUSE,0.2192589156517425,0.7680099870440205,0.6463168426506584,0.8864936840968798,0.9033227970087118,38.523809523809526,outputs\paper_final\3w\outer_31001\model_seed_46\NO_AUG\predictions.npz,f2713276da435debe635e3a65a133af473270972a7bc30dd9d27984d83007074,0b16e45485ebf7d9a9a778e6389f4c9ef4d7664d5699dd7acb2abb945eefd2ff
3w-outer31002-seed42-no_aug,3W,31002,42,NO_AUG,TRACK_A_FROZEN_PAPER_FINAL_REFERENCE,FROZEN_PAPER_FINAL_5SEED_REUSE,0.19726798919533398,0.6690292004053657,0.9831607198900468,0.8451044083526682,0.8284510227155926,2895.090909090909,outputs\paper_final\3w\outer_31002\model_seed_42\NO_AUG\predictions.npz,9705180bb95ed6f3521a7bb4d725276e4566c74943c9d9def39ddcb3585961ad,c11bacf27946151b0b8eab2788e475bd964a5eb157e724bcb9221a1a86b28544
3w-outer31002-seed43-no_aug,3W,31002,43,NO_AUG,TRACK_A_FROZEN_PAPER_FINAL_REFERENCE,FROZEN_PAPER_FINAL_5SEED_REUSE,0.10913320223545936,0.6502141670717518,0.8721578303734727,0.6834338747099769,0.6986329530270325,40.333333333333336,outputs\paper_final\3w\outer_31002\model_seed_43\NO_AUG\predictions.npz,ba23f865803ce49ce97d0d8e1a292798de1ff655a5203dd877400f519e2bfda5,14dd099168623bf3f28d8ea8382a5116ed2790747d49f1f3eecd8b021a962dd8
3w-outer31002-seed44-no_aug,3W,31002,44,NO_AUG,TRACK_A_FROZEN_PAPER_FINAL_REFERENCE,FROZEN_PAPER_FINAL_5SEED_REUSE,0.20378672238024761,0.6382054356598224,0.7920305617782972,0.7667749419953597,0.7417000719498407,4861.2,outputs\paper_final\3w\outer_31002\model_seed_44\NO_AUG\predictions.npz,7a4b346db07d43efd15f3f897a392186d94ffe8a4cd9889b091320b9c24a1f40,d810829484f0b1f736eeab592d84489d9284aa53cffd8de8d4c66126bef4321c
3w-outer31002-seed45-no_aug,3W,31002,45,NO_AUG,TRACK_A_FROZEN_PAPER_FINAL_REFERENCE,FROZEN_PAPER_FINAL_5SEED_REUSE,0.5173199338164765,0.76803524335272,0.25237275846022317,0.8653364269141531,0.8638092301367047,1194.0,outputs\paper_final\3w\outer_31002\model_seed_45\NO_AUG\predictions.npz,eda35fccf5c141be41c54c2483ae2f0adf5da36c5f83921861cc01201ec35fd3,61f467b3923232911bb91d05e789af62b37d02051dc256250175322395837dc5
3w-outer31002-seed46-no_aug,3W,31002,46,NO_AUG,TRACK_A_FROZEN_PAPER_FINAL_REFERENCE,FROZEN_PAPER_FINAL_5SEED_REUSE,0.14336401440683383,0.6280792333974419,0.969351644427129,0.922969837587007,0.914688046047898,229.66666666666666,outputs\paper_final\3w\outer_31002\model_seed_46\NO_AUG\predictions.npz,f06e6ed0cde01376c44d2645d1095c6fc47c3b51fd3ade36a2f865ef79526e2e,98268d8714698b163e71eb7c0ae7e9705043623f88efcc02cdaa9983d74a2083
3w-outer31003-seed42-no_aug,3W,31003,42,NO_AUG,TRACK_A_FROZEN_PAPER_FINAL_REFERENCE,FROZEN_PAPER_FINAL_5SEED_REUSE,0.34410814012978624,0.854251548387374,0.8968209704406024,0.9884337349397591,0.9881906008565371,68.07142857142857,outputs\paper_final\3w\outer_31003\model_seed_42\NO_AUG\predictions.npz,987be9d360351af6756f68649db6902bfd657d02f3bcaf127f7fdaffa28ea853,d4be6573f20ebd7d09bdf21160ffc41f848fc0f3e401325abd5ccb6b009e0189
3w-outer31003-seed43-no_aug,3W,31003,43,NO_AUG,TRACK_A_FROZEN_PAPER_FINAL_REFERENCE,FROZEN_PAPER_FINAL_5SEED_REUSE,0.3051201233782369,0.8518036735934226,0.4253469374364358,0.5763580034423408,0.568487400936215,209.4,outputs\paper_final\3w\outer_31003\model_seed_43\NO_AUG\predictions.npz,b8642dcc0b186f2242ad57dbeffcbae4b5324a833c1fd1e09b74d722fcb16f06,389c16e453ad3d1739a7e3862ab152b6d07922ffbc6a621470facde92939aa61
3w-outer31003-seed44-no_aug,3W,31003,44,NO_AUG,TRACK_A_FROZEN_PAPER_FINAL_REFERENCE,FROZEN_PAPER_FINAL_5SEED_REUSE,0.23538825732947974,0.873677634302743,0.8452806666447951,0.9331084337349398,0.9361865600500833,70.18181818181819,outputs\paper_final\3w\outer_31003\model_seed_44\NO_AUG\predictions.npz,466c96c0d2109799e2ec12a58c1a09313edbb7b583fdad1f76497f9315f8b3a2,7dedd7c07cde045a5342eba27ddf20c48dcd097eb0c9b4079c531c7fe8ce56ce
3w-outer31003-seed45-no_aug,3W,31003,45,NO_AUG,TRACK_A_FROZEN_PAPER_FINAL_REFERENCE,FROZEN_PAPER_FINAL_5SEED_REUSE,0.3177557134307702,0.8446719892691847,0.6802926413175421,0.9049776247848537,0.909693667031857,109.61538461538461,outputs\paper_final\3w\outer_31003\model_seed_45\NO_AUG\predictions.npz,af86f26f3c71468b1263b8c0e4b7cd92da7c97bf0612e5e03a2e164801b3ab05,a9410724220f1fc4485b77223e40e154b2b4e70237f48932436f29fe48af43cc
3w-outer31003-seed46-no_aug,3W,31003,46,NO_AUG,TRACK_A_FROZEN_PAPER_FINAL_REFERENCE,FROZEN_PAPER_FINAL_5SEED_REUSE,0.3142078179687598,0.8845666636643612,0.8145073980512451,0.9529363166953528,0.9562198540187528,129.75,outputs\paper_final\3w\outer_31003\model_seed_46\NO_AUG\predictions.npz,538195442ac9bab79068bea3acff4094a61b121fb6032f67a98bbb3bc399f284,fde1a1f101c67ebd7136e156dd3c561673319a9e489e148b9c08b6b03459e7ed
3w-outer31001-seed42-scaling,3W,31001,42,SCALING,TRACK_A_FROZEN_PAPER_FINAL_REFERENCE,FROZEN_PAPER_FINAL_5SEED_REUSE,0.4776855250586508,0.8232896333708841,0.4251308713440889,0.9450462446467772,0.9552463187109707,771.4761904761905,outputs\paper_final\3w\outer_31001\model_seed_42\SCALING\predictions.npz,f00a55ef78b909afe88cecffbde633454de689291b2ea3093f2e9a0c28bd01c4,da40a2432294761b505690d96fff0824b18c1938383d22eab913a2147a6355e9
3w-outer31001-seed43-scaling,3W,31001,43,SCALING,TRACK_A_FROZEN_PAPER_FINAL_REFERENCE,FROZEN_PAPER_FINAL_5SEED_REUSE,0.5559577764910907,0.8291176383976043,0.06150506512301013,0.8656925900601,0.871058515149179,608.4285714285714,outputs\paper_final\3w\outer_31001\model_seed_43\SCALING\predictions.npz,0d0fb1869a534659c5d5d50bb81d4588e3613168b6ade24aa226609ef95a55d7,7983ee04435925952a2d76c54602023fd35d6da4d84148b89896254f7b604b91
3w-outer31001-seed44-scaling,3W,31001,44,SCALING,TRACK_A_FROZEN_PAPER_FINAL_REFERENCE,FROZEN_PAPER_FINAL_5SEED_REUSE,0.357908394077017,0.8066647425794882,0.40473638134033696,0.97466441141541,0.9734022049186647,573.3809523809524,outputs\paper_final\3w\outer_31001\model_seed_44\SCALING\predictions.npz,9de5b16e3f37820f10fa0c76d1a5b252e4fdafd01ba02c01c8f5bc8905e25a28,fad575558cce75a05a5fa4d22c695dad3f70486f64a19ded8caadb985cb847c0
3w-outer31001-seed45-scaling,3W,31001,45,SCALING,TRACK_A_FROZEN_PAPER_FINAL_REFERENCE,FROZEN_PAPER_FINAL_5SEED_REUSE,0.3905794753531347,0.7880683075951251,0.37913383716567506,0.8769928383776586,0.8817361807108164,710.5238095238095,outputs\paper_final\3w\outer_31001\model_seed_45\SCALING\predictions.npz,4f9fd85d5b701920336b67f53e4fe8a9909975af4455ffc69bfd5786d97e5023,5293bf171af015b332cf95a93943f47b2c30f5f22bd3190f1b39697ff5a38af2
3w-outer31001-seed46-scaling,3W,31001,46,SCALING,TRACK_A_FROZEN_PAPER_FINAL_REFERENCE,FROZEN_PAPER_FINAL_5SEED_REUSE,0.27568629526992144,0.7744234911654068,0.4640260134712619,0.8507215604419333,0.865353480841878,93.38095238095238,outputs\paper_final\3w\outer_31001\model_seed_46\SCALING\predictions.npz,81693d58deb15451503be7788b3931933272577706f260bcdee55f375b392ab8,d32355ece6bd3b554a7d4981100f9dc6fc3719f2b5a68cfd79ad81b74003699c
3w-outer31002-seed42-scaling,3W,31002,42,SCALING,TRACK_A_FROZEN_PAPER_FINAL_REFERENCE,FROZEN_PAPER_FINAL_5SEED_REUSE,0.15491292553648767,0.6554410471102475,0.9831282534116857,0.7982366589327147,0.7765443519375064,4748.3,outputs\paper_final\3w\outer_31002\model_seed_42\SCALING\predictions.npz,d61ec9f674eac3f668702b8399d3f486490b9df29c5cb28950780767f9456a28,9d57a217c0221530e8055418e40dfc9ceb00849ac6fdd997bfa98ee66359152e
3w-outer31002-seed43-scaling,3W,31002,43,SCALING,TRACK_A_FROZEN_PAPER_FINAL_REFERENCE,FROZEN_PAPER_FINAL_5SEED_REUSE,0.24354806646177085,0.6557349394223475,0.8887157343376297,0.7994431554524362,0.7789084181313598,3034.7272727272725,outputs\paper_final\3w\outer_31002\model_seed_43\SCALING\predictions.npz,3924c844512fd6f2fec2087fc133ddb4e16471e064b8c769868a21b7c5173ed8,fec2a6d17f61196d9eaf7c828b7f036c3f72d00b70f149a92514ced35693d99a
3w-outer31002-seed44-scaling,3W,31002,44,SCALING,TRACK_A_FROZEN_PAPER_FINAL_REFERENCE,FROZEN_PAPER_FINAL_5SEED_REUSE,0.14608072951932247,0.6552381951161084,0.9442767009729122,0.84,0.8227978209476822,1728.4,outputs\paper_final\3w\outer_31002\model_seed_44\SCALING\predictions.npz,97c61d271085c61edd9fbf0bc01c9136d6318c8813859033acfbbca6713115e5,29da1c0e8855088cadb15bf62216c862d3575a312da62bfad162543718e2d9d4
3w-outer31002-seed45-scaling,3W,31002,45,SCALING,TRACK_A_FROZEN_PAPER_FINAL_REFERENCE,FROZEN_PAPER_FINAL_5SEED_REUSE,0.3012672631640134,0.6166376005830215,0.9832581193251302,0.7908120649651972,0.7683215130023641,4866.7,outputs\paper_final\3w\outer_31002\model_seed_45\SCALING\predictions.npz,1e5faa48c91c0d755bd10ad311ee485687ddb9be26c6941b510c41d1674267ba,43ac879d291cdc7bf3d21aaeaef8b1e1e7b128a167d41f1d27166ada78c7e127
3w-outer31002-seed46-scaling,3W,31002,46,SCALING,TRACK_A_FROZEN_PAPER_FINAL_REFERENCE,FROZEN_PAPER_FINAL_5SEED_REUSE,0.25744143302567674,0.6150171098029723,0.9677283205090744,0.9090487238979118,0.8992702230445061,2056.3333333333335,outputs\paper_final\3w\outer_31002\model_seed_46\SCALING\predictions.npz,b807d615193aec0cafab7fce42c17087e55f0c35503c739f5f3446b7ba12636e,e8c0670ed96d22450e92bd97993f1031850879288f936f95f3879d7b6fada77a
3w-outer31003-seed42-scaling,3W,31003,42,SCALING,TRACK_A_FROZEN_PAPER_FINAL_REFERENCE,FROZEN_PAPER_FINAL_5SEED_REUSE,0.40450082638341645,0.862003034131005,0.8952134116334766,0.980172117039587,0.97965368581307,63.5,outputs\paper_final\3w\outer_31003\model_seed_42\SCALING\predictions.npz,e5600da7b0503626a7178e5ba2b56caa4cf7503a7c4fbe77bda30bd6769aae24,107f6184f060a62741b48a9f40aacd6aab619ac671bc122258c2ed035568d84a
3w-outer31003-seed43-scaling,3W,31003,43,SCALING,TRACK_A_FROZEN_PAPER_FINAL_REFERENCE,FROZEN_PAPER_FINAL_5SEED_REUSE,0.3616511402944931,0.8879280115824226,0.8636199599750665,0.9461617900172117,0.9446950187100721,67.76923076923077,outputs\paper_final\3w\outer_31003\model_seed_43\SCALING\predictions.npz,a872618bef4842aa21f2b47ba8d98725d23a157d2c36d99781adb074e8921f29,b8869bc194bd2c62b8dcb4f3117b40e67726f65df44de28dd3ce94921d07c1bd
3w-outer31003-seed44-scaling,3W,31003,44,SCALING,TRACK_A_FROZEN_PAPER_FINAL_REFERENCE,FROZEN_PAPER_FINAL_5SEED_REUSE,0.31218354817271454,0.8628180428234292,0.729536432531741,0.6920206540447504,0.687776560476929,55.285714285714285,outputs\paper_final\3w\outer_31003\model_seed_44\SCALING\predictions.npz,8d4dfc1733f5a2ca76f122996419d063e798b3c3c487288283588c7c9a803d66,aba9e00ee64a63420e91356c0add93461cff98a5cb5200494ab1f24da2132856
3w-outer31003-seed45-scaling,3W,31003,45,SCALING,TRACK_A_FROZEN_PAPER_FINAL_REFERENCE,FROZEN_PAPER_FINAL_5SEED_REUSE,0.307052388404671,0.8421152404543251,0.7431842787310128,0.9186919104991395,0.9212611869157549,81.75,outputs\paper_final\3w\outer_31003\model_seed_45\SCALING\predictions.npz,2107c86badbcb6a76e22da5274bfb14a993ad1acb32d2e9855b8dbe5fcfe46d4,f4d80761e6fb1e780cdfef38681af353acd65c2f80d356656c08429fcb44abb9
3w-outer31003-seed46-scaling,3W,31003,46,SCALING,TRACK_A_FROZEN_PAPER_FINAL_REFERENCE,FROZEN_PAPER_FINAL_5SEED_REUSE,0.25812722756619094,0.8787254320430161,0.8846166464354844,0.9497418244406196,0.9528620007683224,137.75,outputs\paper_final\3w\outer_31003\model_seed_46\SCALING\predictions.npz,c4541199ad9261af0010e944816e0621a8dd3cae0a074d019439467ee9b97802,3026cdc83c07e922ba311a4bdf579538bf7c1e687592b5180f3f39ed10c69ca0
3w-outer31001-seed42-softclt,3W,31001,42,SoftCLT,TRACK_A_MECHANISM_ADAPTATION,H1_3SEED_POSTHOC_REUSE,0.23823193696485817,0.8243609271793598,0.6282360508120276,0.9955734696080901,0.9952586539202837,175.66666666666666,outputs\posthoc_recent_baselines\benchmark\3w\outer_31001\seed_42\SoftCLT\predictions.npz,c526f83341a3d034cefe4808483073922807a1bfd7c7da61ed4c3278a71cabee,92e7c5a55a4ac3aa3caf86ed7fa6dc95873fa86332217ae9cef59d5a122013e9
3w-outer31001-seed43-softclt,3W,31001,43,SoftCLT,TRACK_A_MECHANISM_ADAPTATION,H1_3SEED_POSTHOC_REUSE,0.2546025428318273,0.7056747859759096,0.5437280020010362,0.9767157303775147,0.9776038855909336,215.28571428571428,outputs\posthoc_recent_baselines\benchmark\3w\outer_31001\seed_43\SoftCLT\predictions.npz,51bb6ee9d1f0acc3755626ea1756bfbf01ea3f2d7030a3ccd07a192f0fa6df63,ac686de5db143bdf511ae65ad94501d21411ac8efbed4a7423689079f85e8957
3w-outer31001-seed44-softclt,3W,31001,44,SoftCLT,TRACK_A_MECHANISM_ADAPTATION,H1_3SEED_POSTHOC_REUSE,0.45305065533473343,0.7528051904133963,0.05495703131979061,0.8421204160218807,0.864543982730707,535.0,outputs\posthoc_recent_baselines\benchmark\3w\outer_31001\seed_44\SoftCLT\predictions.npz,191c148a6774eb8c55910b795a4aa723df649f4e5f58880cd77e4e05659980bd,3d9a25a98b461e4ace19fdad4165c6206c6b6069010e590d0b3cfcfa6214a48c
3w-outer31001-seed45-softclt,3W,31001,45,SoftCLT,TRACK_A_MECHANISM_ADAPTATION,H1_5SEED_EXTENSION_NEW,0.44067495393720296,0.6770431055174758,0.0685354915938611,0.8515492856371685,0.8719836558476601,4068.8571428571427,outputs\posthoc_baseline_5seed_extension\benchmark\3w\outer_31001\seed_45\SoftCLT\predictions.npz,c2a4b7321543e908b70145b45b244ce31d9c85c13648141239e0c413dd315d31,e2e9a7bdf53f5f3ac0aa1805284fea57db8f82886e22d56bbb7991ab7b711ccb
3w-outer31001-seed46-softclt,3W,31001,46,SoftCLT,TRACK_A_MECHANISM_ADAPTATION,H1_5SEED_EXTENSION_NEW,0.44291610493894473,0.8579135281415482,0.045595040288720946,0.7557490913016879,0.7805874643435355,1094.4,outputs\posthoc_baseline_5seed_extension\benchmark\3w\outer_31001\seed_46\SoftCLT\predictions.npz,5262e6de99b1f0031a036d2700c8b8b11079c61a8e9f6b87e03ca0602b48eb48,c1a26a1ae2daff1c278ee9c468a4a0a25270401b84c96c6d0f79ff8bf65eb3e4
3w-outer31002-seed42-softclt,3W,31002,42,SoftCLT,TRACK_A_MECHANISM_ADAPTATION,H1_3SEED_POSTHOC_REUSE,0.24007201193720085,0.6872606178707996,0.926723158339015,0.9939675174013921,0.9935245143385754,181.66666666666666,outputs\posthoc_recent_baselines\benchmark\3w\outer_31002\seed_42\SoftCLT\predictions.npz,b43e9ee9528395a449a3c5d30c794d7bc408aa1eb21bb3127732ae2099929846,947a3a6bae491b398bf5bbd54a1d1d510e1b105a8fa72fdf65f1905411c240c9
3w-outer31002-seed43-softclt,3W,31002,43,SoftCLT,TRACK_A_MECHANISM_ADAPTATION,H1_3SEED_POSTHOC_REUSE,0.4853164814954304,0.9200337528755889,0.3342207504085365,0.997030162412993,0.996710864425943,59.0,outputs\posthoc_recent_baselines\benchmark\3w\outer_31002\seed_43\SoftCLT\predictions.npz,aba3e0de9c9ab622235986c71758928f72fecf0d26de77d520a995a2099570b8,75f8739fcae5026e26fab7e447abcaf98b16cc459cbc8d38b1f0f92afd9ea1f9
3w-outer31002-seed44-softclt,3W,31002,44,SoftCLT,TRACK_A_MECHANISM_ADAPTATION,H1_3SEED_POSTHOC_REUSE,0.2559576371231106,0.616872838413851,0.9996212244191206,1.0,1.0,13.666666666666666,outputs\posthoc_recent_baselines\benchmark\3w\outer_31002\seed_44\SoftCLT\predictions.npz,033e1cca16f6d171138b102bd59c724fe7cb1c65dd696ed3df72e3141fc13357,3e20e109fc8dc913a98b873f65792d55159a9b2fa43c4ba2b3024440bcbc33ee
3w-outer31002-seed45-softclt,3W,31002,45,SoftCLT,TRACK_A_MECHANISM_ADAPTATION,H1_5SEED_EXTENSION_NEW,0.2537154661446711,0.40269417270151353,0.8948410765884225,0.9976798143851509,0.997430362832768,80.33333333333333,outputs\posthoc_baseline_5seed_extension\benchmark\3w\outer_31002\seed_45\SoftCLT\predictions.npz,e7571ec7bbcf1e55180c09474ad044982549a8ebc14b2a32fc39960d81983631,02fe039d19c10a3b542806f5ee9ed7cc9060d6ad3c620840f91dd7527eb129c2
3w-outer31002-seed46-softclt,3W,31002,46,SoftCLT,TRACK_A_MECHANISM_ADAPTATION,H1_5SEED_EXTENSION_NEW,0.3119116401091291,0.9217671507868793,0.8957826044608941,0.9944315545243619,0.9996916435399321,21.666666666666668,outputs\posthoc_baseline_5seed_extension\benchmark\3w\outer_31002\seed_46\SoftCLT\predictions.npz,a3de6b38be4ad4e9a3bbd1b4f684e99f600dcc82de6235bdb33a54d2a9be2f98,712fc56786a1751c9f2811525d80fd46217378d989687d98400297c38522eca5
3w-outer31003-seed42-softclt,3W,31003,42,SoftCLT,TRACK_A_MECHANISM_ADAPTATION,H1_3SEED_POSTHOC_REUSE,0.4208509906627242,0.82968515426879,0.5018208064039894,0.6120481927710844,0.6017813696057368,95.16666666666667,outputs\posthoc_recent_baselines\benchmark\3w\outer_31003\seed_42\SoftCLT\predictions.npz,8fa1099a26762e40ade0daf3f54bd23dd96d16ba27ce2443d1d4803ae1fb930b,542780ab8ba77c737f433f0aa4d68e18f6c2d36a3e232d45cbf4aa4672546951
3w-outer31003-seed43-softclt,3W,31003,43,SoftCLT,TRACK_A_MECHANISM_ADAPTATION,H1_3SEED_POSTHOC_REUSE,0.3020583909637632,0.8742328690281436,0.897116236343952,0.9956488812392427,0.996186844613918,67.8,outputs\posthoc_recent_baselines\benchmark\3w\outer_31003\seed_43\SoftCLT\predictions.npz,f9b805cecc8527063451a531700a892e7191cc398a41241196ebc3a7e90d8911,c0a3f1f695d4182a36f7d2535835b44139c3b09a6bd881f5cc86c87b4f6ee180
3w-outer31003-seed44-softclt,3W,31003,44,SoftCLT,TRACK_A_MECHANISM_ADAPTATION,H1_3SEED_POSTHOC_REUSE,0.34161783821179315,0.8600600583616573,0.5738984941438929,0.7300240963855422,0.7278716047977463,143.23076923076923,outputs\posthoc_recent_baselines\benchmark\3w\outer_31003\seed_44\SoftCLT\predictions.npz,6b2707f68b80e48be3ab074e05a506fdefa03fde09dcb7906e94cce05bd3324b,2e26918b3e530489b0b45cf73f13e710ce3081c073d96ef77c4fad1f0340a6a4
3w-outer31003-seed45-softclt,3W,31003,45,SoftCLT,TRACK_A_MECHANISM_ADAPTATION,H1_5SEED_EXTENSION_NEW,0.3431173659190082,0.8655000376591871,0.8855680587907221,0.9950292598967297,0.9948636227821807,63.53333333333333,outputs\posthoc_baseline_5seed_extension\benchmark\3w\outer_31003\seed_45\SoftCLT\predictions.npz,016a1d67402dd209559a7ecefe4961707081d94ce99ba650205ff1dbd984432a,87e358909036dbb966dc8ea0ca7ff7f0314753aff4128d13b28446359e907797
3w-outer31003-seed46-softclt,3W,31003,46,SoftCLT,TRACK_A_MECHANISM_ADAPTATION,H1_5SEED_EXTENSION_NEW,0.3272142987054635,0.8504350631856159,0.897280272956924,0.9997934595524957,0.9997865771239133,46.46666666666667,outputs\posthoc_baseline_5seed_extension\benchmark\3w\outer_31003\seed_46\SoftCLT\predictions.npz,f42c4542c4cd9368fcca2149fe34274c1691e9a335fc5da2649e95d97f1f2265,43e7adbd45eaea71ddd4b182af8a6c6f3ee0a0c0d1d137197afa9d6132649b97
3w-outer31001-seed42-tf_c,3W,31001,42,TF-C,TRACK_B_METHOD_NATIVE_REPRESENTATION,H1_3SEED_POSTHOC_REUSE,0.46006724064649285,0.8914715615127357,0.33123403190938167,0.9900672976571778,0.9893608819674659,178.71428571428572,outputs\posthoc_recent_baselines\benchmark\3w\outer_31001\seed_42\TF-C\predictions.npz,d84a13c16234b7fa4ff77dd268e4983a2f21a3c7ec3c4348704c6aa95619b38b,66f8f5cbd9ece1f29f3d5a7d9093f8bc7606709da2665780b81fc4e9572fb550
3w-outer31001-seed43-tf_c,3W,31001,43,TF-C,TRACK_B_METHOD_NATIVE_REPRESENTATION,H1_3SEED_POSTHOC_REUSE,0.6084336561661815,0.8872288065060169,0.13517714530739133,0.9613848202396804,0.9588697864466887,625.2,outputs\posthoc_recent_baselines\benchmark\3w\outer_31001\seed_43\TF-C\predictions.npz,f0897c76fa3231404f691cda02823840527f504276a4b282989746498201577d,495d7e8353c90c499b28f583d4b5559a7ecad4011d3c207510928c5bb15a97cf
3w-outer31001-seed44-tf_c,3W,31001,44,TF-C,TRACK_B_METHOD_NATIVE_REPRESENTATION,H1_3SEED_POSTHOC_REUSE,0.39423706740367637,0.8548376518636445,0.5401189901913491,0.972253211933638,0.9757536041939712,101.0,outputs\posthoc_recent_baselines\benchmark\3w\outer_31001\seed_44\TF-C\predictions.npz,d22bbb75c26d251e6f9342df9fff45823c94b7563f13d89b5eb38d8a23b5ba1c,343036f060fe2d9655f7f2880dcfe309b091a673bb2827c4dd788330a4b62c02
3w-outer31001-seed45-tf_c,3W,31001,45,TF-C,TRACK_B_METHOD_NATIVE_REPRESENTATION,H1_5SEED_EXTENSION_NEW,0.4812877269388783,0.8045078645717618,0.5263350663736578,0.9744484831036097,0.9727468969239071,117.76190476190476,outputs\posthoc_baseline_5seed_extension\benchmark\3w\outer_31001\seed_45\TF-C\predictions.npz,2f409406c6d779061b429baa3a7ce27fd5b365b2a2d812718220d30f43df5399,dd33ae13c13aead41e9856475ea3e9fd1936ce3bd0dbab35774213aee94f6e36
3w-outer31001-seed46-tf_c,3W,31001,46,TF-C,TRACK_B_METHOD_NATIVE_REPRESENTATION,H1_5SEED_EXTENSION_NEW,0.5023659715365814,0.8775385835421236,0.24018688249271944,0.9961852664915248,0.9959525094441446,152.8095238095238,outputs\posthoc_baseline_5seed_extension\benchmark\3w\outer_31001\seed_46\TF-C\predictions.npz,5d7cd4b1ff9052aa114b3610e3944f5fc4a45131a4b4a38c519087d7ce7ebc91,cc180eb4353a6c7879c57380bda0bc8185e698b6777fe168148bf9c57ddf65a0
3w-outer31002-seed42-tf_c,3W,31002,42,TF-C,TRACK_B_METHOD_NATIVE_REPRESENTATION,H1_3SEED_POSTHOC_REUSE,0.28495157181460024,0.592170867678269,0.926723158339015,0.997215777262181,0.9987665741597287,29.666666666666668,outputs\posthoc_recent_baselines\benchmark\3w\outer_31002\seed_42\TF-C\predictions.npz,286465d50b2b1df8db2b751c37abb61856411ef96344332ce0aabeb1778c3980,ee90a235366c270603cd3010a9578683cca247291f13b89a14775382c3d55560
3w-outer31002-seed43-tf_c,3W,31002,43,TF-C,TRACK_B_METHOD_NATIVE_REPRESENTATION,H1_3SEED_POSTHOC_REUSE,0.181791535646276,0.5940988849068726,0.907697802019415,0.9976798143851509,0.9975331483194573,29.666666666666668,outputs\posthoc_recent_baselines\benchmark\3w\outer_31002\seed_43\TF-C\predictions.npz,3e355261ca7a561efb7b9e500d34e2f2e4f7c7568165024618c153aff22949bd,838052b23c370a05dcca05065448a40e947ecb5ec4f79692fcdb9b7ffa1bdbde
3w-outer31002-seed44-tf_c,3W,31002,44,TF-C,TRACK_B_METHOD_NATIVE_REPRESENTATION,H1_3SEED_POSTHOC_REUSE,0.2782305634144881,0.13573607269547816,0.9277404413276625,0.9998143851508121,0.9997944290266214,16.333333333333332,outputs\posthoc_recent_baselines\benchmark\3w\outer_31002\seed_44\TF-C\predictions.npz,e1f743b7c19baa1ce558c62651b2683a2d5e50fc219ffc65c8610ac661a5650f,d941b1a7a9d652fd4ef86b746867fc99a480f8c77f7b7d4fd6de62bb7a80ae05
3w-outer31002-seed45-tf_c,3W,31002,45,TF-C,TRACK_B_METHOD_NATIVE_REPRESENTATION,H1_5SEED_EXTENSION_NEW,0.2502117136523166,0.6481020858701378,0.9067238076685822,0.9982366589327146,0.9980470757529037,24.333333333333332,outputs\posthoc_baseline_5seed_extension\benchmark\3w\outer_31002\seed_45\TF-C\predictions.npz,e1250eb7cc229a361ac3f0fbc10c2d3aaa9d11f90e25885569c99ffd9e3a1322,845f7eae9d3c4aa901bf8c87f78237bc06258c872e03f82a66e9e70cfc33990b
3w-outer31002-seed46-tf_c,3W,31002,46,TF-C,TRACK_B_METHOD_NATIVE_REPRESENTATION,H1_5SEED_EXTENSION_NEW,0.26800465728315037,0.23518044725114465,0.9268746685713667,0.9995359628770302,0.9994860725665536,27.0,outputs\posthoc_baseline_5seed_extension\benchmark\3w\outer_31002\seed_46\TF-C\predictions.npz,c43581d5c67215dc2f347452bf8cc61e32353c82046816f04dd236c5e13f0696,c578682b19755527a5fd582c6b8092dddd25538cab4a550613d526a8e2fbecdd
3w-outer31003-seed42-tf_c,3W,31003,42,TF-C,TRACK_B_METHOD_NATIVE_REPRESENTATION,H1_3SEED_POSTHOC_REUSE,0.2800392498534803,0.8940292024069927,0.853416882648207,0.973053356282272,0.9721838851500363,172.33333333333334,outputs\posthoc_recent_baselines\benchmark\3w\outer_31003\seed_42\TF-C\predictions.npz,5f00d90beb5ab858db0c236420bf59f477fecca2f06878848e96e37116619906,6c7a0189d81b68c3aca964afa63634287e7092e9050785706bf7c18609e1d1ff
3w-outer31003-seed43-tf_c,3W,31003,43,TF-C,TRACK_B_METHOD_NATIVE_REPRESENTATION,H1_3SEED_POSTHOC_REUSE,0.3269367372508786,0.8947762090646352,0.7824546438765132,0.9902099827882961,0.9899122120569697,133.93333333333334,outputs\posthoc_recent_baselines\benchmark\3w\outer_31003\seed_43\TF-C\predictions.npz,da7be945eaa60d56b18d141be78ac7cbf50dbe93dc9e02fa3d0a452d67a599f5,c0602f6119f13708646d0f3a7c1de7598995a631ee63e97e249f6db47cac90af
3w-outer31003-seed44-tf_c,3W,31003,44,TF-C,TRACK_B_METHOD_NATIVE_REPRESENTATION,H1_3SEED_POSTHOC_REUSE,0.23734070346345565,0.8951504909064999,0.9540369410452413,0.9586781411359725,0.9577280423430986,362.2,outputs\posthoc_recent_baselines\benchmark\3w\outer_31003\seed_44\TF-C\predictions.npz,4f4db6437344c38ce6b64072b23e1f6f3cc515c40fac2cd01dd94f84abc0afcc,8b68334e5634eab30726015c399d9bbc989ecef37e5d8cff3dfb932161c40d1e
3w-outer31003-seed45-tf_c,3W,31003,45,TF-C,TRACK_B_METHOD_NATIVE_REPRESENTATION,H1_5SEED_EXTENSION_NEW,0.2876525479544657,0.8525127299084244,0.8593222007151996,0.9585955249569708,0.9579556934109245,1889.6666666666667,outputs\posthoc_baseline_5seed_extension\benchmark\3w\outer_31003\seed_45\TF-C\predictions.npz,078ab91eabc2a6d4275c491230ee39c5e4be8c677a59da7ebf991fef13f3f551,037c9c65fdf66dde7cb24d3d04399025f48d0e8755d0f43ff70a01ffae077575
3w-outer31003-seed46-tf_c,3W,31003,46,TF-C,TRACK_B_METHOD_NATIVE_REPRESENTATION,H1_5SEED_EXTENSION_NEW,0.24654156227867885,0.8827415354354359,0.984941438929169,0.999421686746988,0.9994024159469573,106.2,outputs\posthoc_baseline_5seed_extension\benchmark\3w\outer_31003\seed_46\TF-C\predictions.npz,b5e85d4943d281816e24b95d801f932341c36b512260ea80e1b2ba163dfc1df9,1d1f334e92b378f95d78cbd2d8ec8b5d65ebbf8a9af90633aaa7fc5282a5dadd
3w-outer31001-seed42-ts2vec,3W,31001,42,TS2Vec,TRACK_B_METHOD_NATIVE_REPRESENTATION,H1_3SEED_POSTHOC_REUSE,0.3613975372196813,0.6403652815136516,0.4216826570902789,0.7839997120955843,0.8021740806414309,842.8,outputs\posthoc_recent_baselines\benchmark\3w\outer_31001\seed_42\TS2Vec\predictions.npz,d606030b6f593064419a3ada4da76b86892a5180b784714bc4e3805cb6a06ea8,4ffe6e24436f8ba636d7075dc98d15f9261d8808bf75f1808e7632f739f0ed33
3w-outer31001-seed43-ts2vec,3W,31001,43,TS2Vec,TRACK_B_METHOD_NATIVE_REPRESENTATION,H1_3SEED_POSTHOC_REUSE,0.15778288246476263,0.18441570969384669,0.5842311196869807,0.19480332529600172,0.18464266440521163,1716.0526315789473,outputs\posthoc_recent_baselines\benchmark\3w\outer_31001\seed_43\TS2Vec\predictions.npz,e48e22277316059a4fd2c0c9fe6f7ebcd33362c56c961f96bf55dfb148f2a2f8,e49838a34673f51abee3d0ba173adb8bb446a45bcffd008e26c2892eaf4d0964
3w-outer31001-seed44-ts2vec,3W,31001,44,TS2Vec,TRACK_B_METHOD_NATIVE_REPRESENTATION,H1_3SEED_POSTHOC_REUSE,0.20502607250910906,0.23117897201300538,0.5204212895963981,0.8880051822794832,0.9036697247706422,17.94736842105263,outputs\posthoc_recent_baselines\benchmark\3w\outer_31001\seed_44\TS2Vec\predictions.npz,8b69c7e7a8d3487bd63dcab8f0556092a4f0d7cb71490a01fe5a0c4994cf4275,eb9ad30120fdaa5db7a943f2ae8a45a2eab344742a5398fdfe99b602c9b9ebc1
3w-outer31001-seed45-ts2vec,3W,31001,45,TS2Vec,TRACK_B_METHOD_NATIVE_REPRESENTATION,H1_5SEED_EXTENSION_NEW,0.4073241273489805,0.6415446072106558,0.5108181022315127,0.8435599381005506,0.8518232981265901,219.85714285714286,outputs\posthoc_baseline_5seed_extension\benchmark\3w\outer_31001\seed_45\TS2Vec\predictions.npz,bb8cfb40ca603556d89b735c5799b0f84637b9957162e3e88ef83d39d88d03c9,6d435f40360665a1979dde40e34a4475b7c9b43a7edf1cd314db8231d11a5a91
3w-outer31001-seed46-ts2vec,3W,31001,46,TS2Vec,TRACK_B_METHOD_NATIVE_REPRESENTATION,H1_5SEED_EXTENSION_NEW,0.25612391650136057,0.7943139241561505,0.23877543728002001,0.8559038399251448,0.8718294657312466,129.95238095238096,outputs\posthoc_baseline_5seed_extension\benchmark\3w\outer_31001\seed_46\TS2Vec\predictions.npz,e88df104dfa810d64be0975a8a178cfd607bd1165cbcf12b1e06343228862de0,c1e282937dee6cf93e7db8c29f41f075f25c8eed2a66c7ad05b7c2733fd23569
3w-outer31002-seed42-ts2vec,3W,31002,42,TS2Vec,TRACK_B_METHOD_NATIVE_REPRESENTATION,H1_3SEED_POSTHOC_REUSE,0.07711869006239165,0.07367604131574473,0.9539192450461565,0.7618561484918793,0.7773666358310206,2768.3333333333335,outputs\posthoc_recent_baselines\benchmark\3w\outer_31002\seed_42\TS2Vec\predictions.npz,647cc4561f1d5bd8027936a3bdb052d1b5fe63d51601a3b633fede7382844b85,799eb698a71df3211226ac95c0ad549d95276f79f00a1354e1be3cfae59c212d
3w-outer31002-seed43-ts2vec,3W,31002,43,TS2Vec,TRACK_B_METHOD_NATIVE_REPRESENTATION,H1_3SEED_POSTHOC_REUSE,0.2294731547939566,0.6388481477898249,0.8331439455428936,0.757030162412993,0.7314215232809127,5429.9,outputs\posthoc_recent_baselines\benchmark\3w\outer_31002\seed_43\TS2Vec\predictions.npz,4e9e16c4467c08fc0e757f2299589ce5079af25cdf78b1217e838a1c11d2270d,3cada19355ce4f41bdf99fe6ce6e013d5ff882c556176472a2343d9def25b60b
3w-outer31002-seed44-ts2vec,3W,31002,44,TS2Vec,TRACK_B_METHOD_NATIVE_REPRESENTATION,H1_3SEED_POSTHOC_REUSE,0.25994581596100486,0.2940991642240821,0.8218997218705021,0.8669141531322506,0.8678178641175865,1320.909090909091,outputs\posthoc_recent_baselines\benchmark\3w\outer_31002\seed_44\TS2Vec\predictions.npz,cec58764eaefbc3ac71d6bdf761a2c114f836c5725d6fab92d3f62a487ffeb42,7462c3870f76658f3b8536cb210e2c4b6cc87c1be21e1e71b85950a512ca6fc7
3w-outer31002-seed45-ts2vec,3W,31002,45,TS2Vec,TRACK_B_METHOD_NATIVE_REPRESENTATION,H1_5SEED_EXTENSION_NEW,0.1822151757103192,0.08039540726502109,0.9197103990130191,0.9484918793503481,0.9482989001952924,16.333333333333332,outputs\posthoc_baseline_5seed_extension\benchmark\3w\outer_31002\seed_45\TS2Vec\predictions.npz,6ba5d7800f160f87fa9c7c84ea176f4e2506899c797a2764f5802aaf16ae1ab2,7518663be09df62e71667ebfa4774daf4fe9f5386937b774b63825256e4907ff
3w-outer31002-seed46-ts2vec,3W,31002,46,TS2Vec,TRACK_B_METHOD_NATIVE_REPRESENTATION,H1_5SEED_EXTENSION_NEW,0.12555528721313103,0.3043097672152419,0.8883369587567503,0.7780974477958237,0.7566039675197862,5033.1,outputs\posthoc_baseline_5seed_extension\benchmark\3w\outer_31002\seed_46\TS2Vec\predictions.npz,f2951135aa25976d31c3651586709c2120fdf4456a6d85e36f55623cc2ed9258,18875303bc11272ff2978c462db9e67098824243ae270a738aa067986d968cdd
3w-outer31003-seed42-ts2vec,3W,31003,42,TS2Vec,TRACK_B_METHOD_NATIVE_REPRESENTATION,H1_3SEED_POSTHOC_REUSE,0.2500487172689602,0.7832753506108718,0.9725402709884846,0.9670912220309811,0.9669052260148258,185.13333333333333,outputs\posthoc_recent_baselines\benchmark\3w\outer_31003\seed_42\TS2Vec\predictions.npz,2521bd9cb44c8cf4a1f2ecf109841a8ab9afed3b226c39147d0a213c3335993d,74e8089b408ebbca6b24e34296b2389d722f6f70c876a80f03d04ecf61592809
3w-outer31003-seed43-ts2vec,3W,31003,43,TS2Vec,TRACK_B_METHOD_NATIVE_REPRESENTATION,H1_3SEED_POSTHOC_REUSE,0.3207615694284915,0.7439306811103448,0.6441389718185099,0.831380378657487,0.8290482762545708,96.64285714285714,outputs\posthoc_recent_baselines\benchmark\3w\outer_31003\seed_43\TS2Vec\predictions.npz,84b812263858ac9adb1905921e1544ac571138c79922a4fcdde9bd3e6b2d22b4,fc0a04eceaf2ba40e636053cd5c38a7f0778d2d4317127f92906d4b336d12093
3w-outer31003-seed44-ts2vec,3W,31003,44,TS2Vec,TRACK_B_METHOD_NATIVE_REPRESENTATION,H1_3SEED_POSTHOC_REUSE,0.21332503954955234,0.6523905379054695,0.8222171188609297,0.8877383820998279,0.908939572869684,481.6666666666667,outputs\posthoc_recent_baselines\benchmark\3w\outer_31003\seed_44\TS2Vec\predictions.npz,0bcb1c4f895a8946ce7d9df4f424fc8ff038084913cb6a27e89370a6f8538b51,5d03c7b0535ceff2f16eb4d44bb54a1f197bb9856b3629cc82f81f4b7653e11f
3w-outer31003-seed45-ts2vec,3W,31003,45,TS2Vec,TRACK_B_METHOD_NATIVE_REPRESENTATION,H1_5SEED_EXTENSION_NEW,0.26448264237895064,0.7130192843668347,0.38752009448508906,0.6019552495697074,0.5925330449753141,492.5,outputs\posthoc_baseline_5seed_extension\benchmark\3w\outer_31003\seed_45\TS2Vec\predictions.npz,f893f4634f9b965046675c923faa51a68cdc001fee4736812c78109bdb19a9d3,7e6056c8d42652109eeedd952569c9cbfd52864cbab2dd408b48e2027f216cb1
3w-outer31003-seed46-ts2vec,3W,31003,46,TS2Vec,TRACK_B_METHOD_NATIVE_REPRESENTATION,H1_5SEED_EXTENSION_NEW,0.2853230865102923,0.7544198497461928,0.423411305403366,0.5571910499139415,0.548781355377545,236.5,outputs\posthoc_baseline_5seed_extension\benchmark\3w\outer_31003\seed_46\TS2Vec\predictions.npz,0532dc39c36e6e551a0f3fa823226bff48bde143e7cba46bc210c84ae62d1036,6805165bd7724e8a8f439cca8dbb1e0e45143f616d1bc4700789ec34507a2104
3w-outer31001-seed42-uniform_diffusion,3W,31001,42,UNIFORM_DIFFUSION,TRACK_A_FROZEN_PAPER_FINAL_REFERENCE,FROZEN_PAPER_FINAL_5SEED_REUSE,0.2649979483364888,0.8297327414134148,0.5572349966947169,0.9902472379170115,0.9895536196129828,171.0952380952381,outputs\paper_final\3w\outer_31001\model_seed_42\UNIFORM_DIFFUSION\predictions.npz,686c6a2917f098da5770aee5e50c9da171fd09cac0dababfb9a3dd1d53d3e4b3,388d3f9b045b805f47474223cfcf72d9b635e1cfeec0b00a59a672c68f8f306c
3w-outer31001-seed43-uniform_diffusion,3W,31001,43,UNIFORM_DIFFUSION,TRACK_A_FROZEN_PAPER_FINAL_REFERENCE,FROZEN_PAPER_FINAL_5SEED_REUSE,0.6167476833274964,0.8895987428783005,0.056868735595218954,0.8667002555151689,0.8716367280857297,561.1904761904761,outputs\paper_final\3w\outer_31001\model_seed_43\UNIFORM_DIFFUSION\predictions.npz,43fddf6ded1f43fb28c7e944bfff94994be3ff1518529888d18e41d4bda2a072,2dc67ff1989d99e5ecff97493b4b082d8890a6bf98622ea776808d54f08d5d0a
3w-outer31001-seed44-uniform_diffusion,3W,31001,44,UNIFORM_DIFFUSION,TRACK_A_FROZEN_PAPER_FINAL_REFERENCE,FROZEN_PAPER_FINAL_5SEED_REUSE,0.34607240317778964,0.8125221932942687,0.4042182558825106,0.9734768057005074,0.9715904710508056,591.6666666666666,outputs\paper_final\3w\outer_31001\model_seed_44\UNIFORM_DIFFUSION\predictions.npz,cada82ce4cea6b50a7c8e0e8c9eafef140d15956cf99843be672456faa7a1479,a7001c2d66979009edb85ce45b2a7800e68d1d31781cc96bbc145ec0ee569506
3w-outer31001-seed45-uniform_diffusion,3W,31001,45,UNIFORM_DIFFUSION,TRACK_A_FROZEN_PAPER_FINAL_REFERENCE,FROZEN_PAPER_FINAL_5SEED_REUSE,0.35562272484940094,0.79767769638294,0.3816351324793196,0.8919638679958254,0.9006630175005782,799.1,outputs\paper_final\3w\outer_31001\model_seed_45\UNIFORM_DIFFUSION\predictions.npz,1092d22d3589be0d0772c246097a53201281757f7e0589b61e245a06b512c94f,e188f11daf19a05c98c0b02e34d9570b865ba9e93e55e172e3a21e8771bd9738
3w-outer31001-seed46-uniform_diffusion,3W,31001,46,UNIFORM_DIFFUSION,TRACK_A_FROZEN_PAPER_FINAL_REFERENCE,FROZEN_PAPER_FINAL_5SEED_REUSE,0.27730249805030016,0.7847244552799593,0.45683478944453376,0.8455392809587217,0.8595713514763703,78.14285714285714,outputs\paper_final\3w\outer_31001\model_seed_46\UNIFORM_DIFFUSION\predictions.npz,0d3c6d528a3f372334a886955a4b912ef33d016f761b0337b350b7059458d1c2,f017dd47bee2a9563c92b4700b07bc00ccc81b7db8de5af890784c6202201887
3w-outer31002-seed42-uniform_diffusion,3W,31002,42,UNIFORM_DIFFUSION,TRACK_A_FROZEN_PAPER_FINAL_REFERENCE,FROZEN_PAPER_FINAL_5SEED_REUSE,0.13602264774647604,0.6534800532479228,0.9831282534116857,0.7878422273781902,0.7650323774283071,5122.7,outputs\paper_final\3w\outer_31002\model_seed_42\UNIFORM_DIFFUSION\predictions.npz,24f1c1d5f1ceaa74d8e49ede0e20f66fed33e9459a465205525d0a8d091efa54,ba206d0252a00e1b1de6d74834978e801277f095539f8efbfa455a29e0f94694
3w-outer31002-seed43-uniform_diffusion,3W,31002,43,UNIFORM_DIFFUSION,TRACK_A_FROZEN_PAPER_FINAL_REFERENCE,FROZEN_PAPER_FINAL_5SEED_REUSE,0.2789983012098678,0.6575938426727408,0.9236388428947112,0.9671461716937355,0.9636139377119951,13.666666666666666,outputs\paper_final\3w\outer_31002\model_seed_43\UNIFORM_DIFFUSION\predictions.npz,48e31fa0cba4d231eae7f99b278dd32e3374981557fb33eee7ced69329afa42b,1a6218b778df4760e55ac6493e47e38c173421d0ce8ce677b6ae3e59f0b6f867
3w-outer31002-seed44-uniform_diffusion,3W,31002,44,UNIFORM_DIFFUSION,TRACK_A_FROZEN_PAPER_FINAL_REFERENCE,FROZEN_PAPER_FINAL_5SEED_REUSE,0.12849488629077457,0.6587131423680154,0.9322532818198543,0.7619489559164733,0.7363552266419982,5129.888888888889,outputs\paper_final\3w\outer_31002\model_seed_44\UNIFORM_DIFFUSION\predictions.npz,eaafc3b1dd93c40c3d0c08abecdda2dec40d81c47ef79fe597d77ac6e86d89c5,ba9e0eb22d184f4af21ec60b8cbc604befac93de43843bc21dc5c3e6e7fa5ebf
3w-outer31002-seed45-uniform_diffusion,3W,31002,45,UNIFORM_DIFFUSION,TRACK_A_FROZEN_PAPER_FINAL_REFERENCE,FROZEN_PAPER_FINAL_5SEED_REUSE,0.39395387035621743,0.6299786343770226,0.3321861844312414,0.7561020881670534,0.736663583102066,4657.0,outputs\paper_final\3w\outer_31002\model_seed_45\UNIFORM_DIFFUSION\predictions.npz,df4fc5d940d4a61938ed74b274eb1b32c3a6038e2f2e8033585d29a8756bd4c2,c74cb34c4b16964d9b30cd4cfa83baec344e0077d0d006d1a83c226e9c81071f
3w-outer31002-seed46-uniform_diffusion,3W,31002,46,UNIFORM_DIFFUSION,TRACK_A_FROZEN_PAPER_FINAL_REFERENCE,FROZEN_PAPER_FINAL_5SEED_REUSE,0.2691293149667826,0.6049230102971246,0.9989069618951766,1.0,1.0,13.666666666666666,outputs\paper_final\3w\outer_31002\model_seed_46\UNIFORM_DIFFUSION\predictions.npz,692396ade5518cecc85bf8ab0ee5d9a0ea2131278eda012183aeeca5fdbd53af,c12496da97eeb61818dee72d5a064bf1259286c0942b9fb012115a738858b43e
3w-outer31003-seed42-uniform_diffusion,3W,31003,42,UNIFORM_DIFFUSION,TRACK_A_FROZEN_PAPER_FINAL_REFERENCE,FROZEN_PAPER_FINAL_5SEED_REUSE,0.34128776184842047,0.8567128307743743,0.8956070995046095,0.9817969018932874,0.9813326124382852,68.07142857142857,outputs\paper_final\3w\outer_31003\model_seed_42\UNIFORM_DIFFUSION\predictions.npz,e1b076185a83eebaa22f9be082c48583c4c12ae6e7add2eee7c926a495db18c8,27882f89b4c39d490148f0332d9713f207c366328dd2cd4ddac5b1a5dd6cfb25
3w-outer31003-seed43-uniform_diffusion,3W,31003,43,UNIFORM_DIFFUSION,TRACK_A_FROZEN_PAPER_FINAL_REFERENCE,FROZEN_PAPER_FINAL_5SEED_REUSE,0.3500354152315652,0.8772239661838703,0.7634920114169482,0.9429810671256454,0.9415079037605111,67.76923076923077,outputs\paper_final\3w\outer_31003\model_seed_43\UNIFORM_DIFFUSION\predictions.npz,b2e07ea09f1c85781f62f9546bab40f7f05980061abbbb68e122592f20a21209,4bcb7f98bdd28a049a68ea411c23045a830d1a49fadb9cf49d160d3de4de8546
3w-outer31003-seed44-uniform_diffusion,3W,31003,44,UNIFORM_DIFFUSION,TRACK_A_FROZEN_PAPER_FINAL_REFERENCE,FROZEN_PAPER_FINAL_5SEED_REUSE,0.2531195199854207,0.8730485831480808,0.7929529871067222,0.9393872633390705,0.9421908569639884,163.76923076923077,outputs\paper_final\3w\outer_31003\model_seed_44\UNIFORM_DIFFUSION\predictions.npz,d870aaeff0a83d22348ce5570cd71231f12af71b4b2e086cfa8575e8385df61c,abd82c5d1568748eb754ccbe09495414437f3cb3ca3b06c05dfcba79abdd7275
3w-outer31003-seed45-uniform_diffusion,3W,31003,45,UNIFORM_DIFFUSION,TRACK_A_FROZEN_PAPER_FINAL_REFERENCE,FROZEN_PAPER_FINAL_5SEED_REUSE,0.3390647484334445,0.8524403177753488,0.601423837800597,0.9076075731497418,0.9134356814592434,103.08333333333333,outputs\paper_final\3w\outer_31003\model_seed_45\UNIFORM_DIFFUSION\predictions.npz,1a4e8a2dbde9aadbffee87ea0733dd19b5900cb6e978bbe6738889731352b6c0,34f0c19627aa30698f9d2a9ce1bb5ce6822feb452ae934f2bf84ab484877774e
3w-outer31003-seed46-uniform_diffusion,3W,31003,46,UNIFORM_DIFFUSION,TRACK_A_FROZEN_PAPER_FINAL_REFERENCE,FROZEN_PAPER_FINAL_5SEED_REUSE,0.2975089627777478,0.8787942679155558,0.8315672058003346,0.9467401032702237,0.9499594496535435,124.41666666666667,outputs\paper_final\3w\outer_31003\model_seed_46\UNIFORM_DIFFUSION\predictions.npz,00eaebe3ecb6192bbc874809c01ead41d10a516c8973c9b40459f826cc087f05,3fcead905133bdd64db3c64e3481bd2ee71b621ca4acfba5adb0a762a74c194d
tep-outer32001-seed7-autotcl,TEP,32001,7,AutoTCL,TRACK_A_MECHANISM_ADAPTATION,H1_3SEED_POSTHOC_REUSE,0.920434659559916,0.9749528365344883,0.003427004797806717,0.8323504633529908,0.76875,92.62162162162163,outputs\posthoc_recent_baselines\benchmark\tep\outer_32001\seed_7\AutoTCL\predictions.npz,0e7b2b5710438c6ba7e7d0729a455e435d05e5293dde88bf353f4cf146f117c2,807be0c811242f27185d8b376d138b8504a6383ef22a9868d1102948f4051bb1
tep-outer32001-seed42-autotcl,TEP,32001,42,AutoTCL,TRACK_A_MECHANISM_ADAPTATION,H1_3SEED_POSTHOC_REUSE,0.9260743003717901,0.9788525123491975,0.004797806716929404,0.8458298230834035,0.7875,80.94594594594595,outputs\posthoc_recent_baselines\benchmark\tep\outer_32001\seed_42\AutoTCL\predictions.npz,f529271395f435b84c322a0f5f91daf88db9f2451fb472731e0692e7c98cc875,0ac45e00036df517c0cc033ec77a3ab47d985ffb35f1b4b99fb6af32bb50fe5e
tep-outer32001-seed43-autotcl,TEP,32001,43,AutoTCL,TRACK_A_MECHANISM_ADAPTATION,H1_5SEED_EXTENSION_NEW,0.9669260191401079,0.9906001558286083,0.003427004797806717,0.9317607413647851,0.90625,73.66666666666667,outputs\posthoc_baseline_5seed_extension\benchmark\tep\outer_32001\seed_43\AutoTCL\predictions.npz,ac0908b74cd87b099ba0a8fea736202d41b6a8aecddaccdb50df18d70f7d2bc1,976a3f37abcdbac11c195404f5721b936ee69f8dcf341f85517877ee1a063109
tep-outer32001-seed44-autotcl,TEP,32001,44,AutoTCL,TRACK_A_MECHANISM_ADAPTATION,H1_5SEED_EXTENSION_NEW,0.9135328963998783,0.9667626869079158,0.025359835503769704,0.8433024431339511,0.75,95.52631578947368,outputs\posthoc_baseline_5seed_extension\benchmark\tep\outer_32001\seed_44\AutoTCL\predictions.npz,b1cabed79f5ddd0cd24909fb7ecce835c45a0a547fe468327ee52be114aa9a34,09985fef99a4c611ab792ab46748fb57ccd4d99cc37a2786e09efe6b2c651f62
tep-outer32001-seed2026-autotcl,TEP,32001,2026,AutoTCL,TRACK_A_MECHANISM_ADAPTATION,H1_3SEED_POSTHOC_REUSE,0.9017028060391049,0.9540838450733551,0.03015764222069911,0.8239258635214828,0.725,109.84210526315789,outputs\posthoc_recent_baselines\benchmark\tep\outer_32001\seed_2026\AutoTCL\predictions.npz,a0910d1336311c810f864dfe68992cadb40a49225553baf4c96cef9935c6e59e,2cc2e381f703db0f41d07c744ec2a1a54cd3e77ec87930303cd24db9027f416f
tep-outer32002-seed7-autotcl,TEP,32002,7,AutoTCL,TRACK_A_MECHANISM_ADAPTATION,H1_3SEED_POSTHOC_REUSE,0.9151605392156863,0.9664189093231774,0.005710206995003569,0.8264532434709352,0.7625,101.15384615384616,outputs\posthoc_recent_baselines\benchmark\tep\outer_32002\seed_7\AutoTCL\predictions.npz,e58202463c7e1c329689e500a70995912a16420c9c3a000ebd4d1d1efcdf6c6e,dd1d3d2c9626fe7c1792cf870919905303f050436e0a6cd20cf65562facf9d3d
tep-outer32002-seed42-autotcl,TEP,32002,42,AutoTCL,TRACK_A_MECHANISM_ADAPTATION,H1_3SEED_POSTHOC_REUSE,0.9187592058939772,0.978264647227688,0.0035688793718772305,0.83150800336984,0.7875,92.57894736842105,outputs\posthoc_recent_baselines\benchmark\tep\outer_32002\seed_42\AutoTCL\predictions.npz,e6bed7743638d5c17be0f364ed8c444bdb584cb5b19d582f8a2280d9705cf44a,70653c84623d3d0671f5d298e93404e9a59a1edd16daee351137fd522bf373ef
tep-outer32002-seed43-autotcl,TEP,32002,43,AutoTCL,TRACK_A_MECHANISM_ADAPTATION,H1_5SEED_EXTENSION_NEW,0.9257217392578769,0.9795754440604649,0.006423982869379015,0.8491996630160067,0.78125,98.28205128205128,outputs\posthoc_baseline_5seed_extension\benchmark\tep\outer_32002\seed_43\AutoTCL\predictions.npz,d221ab8f00e66951cbe5d44f1ccb72720dc2902df80ec3b34c37674af2788efd,3f12310eea743bdd2fd212ecec883923651b52b3485aec8321d85f0dbd2ca929
tep-outer32002-seed44-autotcl,TEP,32002,44,AutoTCL,TRACK_A_MECHANISM_ADAPTATION,H1_5SEED_EXTENSION_NEW,0.9023241599222334,0.9583289431283534,0.01284796573875803,0.8079191238416176,0.74375,102.26315789473684,outputs\posthoc_baseline_5seed_extension\benchmark\tep\outer_32002\seed_44\AutoTCL\predictions.npz,378febff042ad8250d395fe6a8d80ae216cc5953501198f4efca10483d16d34c,44ddbaaa6cd606aa7b1aa0f19eb0875b82e49f9289c9cc8ad67b3667ef20438b
tep-outer32002-seed2026-autotcl,TEP,32002,2026,AutoTCL,TRACK_A_MECHANISM_ADAPTATION,H1_3SEED_POSTHOC_REUSE,0.9228921980490654,0.9783541907508417,0.006423982869379015,0.8433024431339511,0.775,92.22222222222223,outputs\posthoc_recent_baselines\benchmark\tep\outer_32002\seed_2026\AutoTCL\predictions.npz,2d0ccd491b9020e965b632d6757e774115c0b8de68d89358da819f48916aacdb,4d67c8b1cb23373c846a7967e25fcf8f73510d69a65471d91e0c05e9bcbb70af
tep-outer32003-seed7-autotcl,TEP,32003,7,AutoTCL,TRACK_A_MECHANISM_ADAPTATION,H1_3SEED_POSTHOC_REUSE,0.9552780192000128,0.9919739392260387,0.023192360163710776,0.9304635761589404,0.94375,73.4,outputs\posthoc_recent_baselines\benchmark\tep\outer_32003\seed_7\AutoTCL\predictions.npz,cfd3239450ac39970d6d66ea2007c8dc1750640ff498d88f24f1923b324c82b8,5fa2663f6547eb9efbcd06b2605982685adef65b2ac34e90bf21c462fea30211
tep-outer32003-seed42-autotcl,TEP,32003,42,AutoTCL,TRACK_A_MECHANISM_ADAPTATION,H1_3SEED_POSTHOC_REUSE,0.9667515192071185,0.9950040752620615,0.02592087312414734,0.9586092715231788,0.975,73.0,outputs\posthoc_recent_baselines\benchmark\tep\outer_32003\seed_42\AutoTCL\predictions.npz,9d44f2d473ac4683e7d71789c924cb4cce0b7c4efc3eb0e168d8dd2b25999ce0,2917eeb0da8d79a8f52e278294350c83680305814daf9c70c77b25c2efa61441
tep-outer32003-seed43-autotcl,TEP,32003,43,AutoTCL,TRACK_A_MECHANISM_ADAPTATION,H1_5SEED_EXTENSION_NEW,0.9663607434486874,0.995290131513365,0.02455661664392906,0.9561258278145696,0.98125,73.0,outputs\posthoc_baseline_5seed_extension\benchmark\tep\outer_32003\seed_43\AutoTCL\predictions.npz,24b69013cfe76149be4e36a7e23e65b8eb9488167293c476a250c18127976566,87170f7d0c561da3ecae5071b874af4c86e945709308b620fc7aed14cddb3fcb
tep-outer32003-seed44-autotcl,TEP,32003,44,AutoTCL,TRACK_A_MECHANISM_ADAPTATION,H1_5SEED_EXTENSION_NEW,0.9624822864198224,0.9940149028500812,0.017053206002728513,0.9387417218543046,0.94375,75.8,outputs\posthoc_baseline_5seed_extension\benchmark\tep\outer_32003\seed_44\AutoTCL\predictions.npz,890363a5de534ac73b6b0bf27753b25d9ad8defceb76ecece62037c46e897c28,c2e4338407c133472553e364c234eb1f68b7c3e51fb17d3a3aedf2d305582167
tep-outer32003-seed2026-autotcl,TEP,32003,2026,AutoTCL,TRACK_A_MECHANISM_ADAPTATION,H1_3SEED_POSTHOC_REUSE,0.9705021474377831,0.9963195935276187,0.018417462482946793,0.9577814569536424,0.98125,73.0,outputs\posthoc_recent_baselines\benchmark\tep\outer_32003\seed_2026\AutoTCL\predictions.npz,6d1ae67ebb1abf69b38789b680c196f7888436fb87ecb768fe0049abe0464646,7ec420f33863cf75414584ac64d1c457a64effaad91bf00994a1cae361a6253f
tep-outer32001-seed7-dcbr,TEP,32001,7,DCBR,TRACK_A_FROZEN_PAPER_FINAL_REFERENCE,FROZEN_PAPER_FINAL_5SEED_REUSE,0.9534703782510068,0.9881025707235215,0.015764222069910898,0.9174389216512215,0.88125,82.1,outputs\paper_final\tep\outer_32001\model_seed_7\DCBR\predictions.npz,872f52c2bfcde8929d816a8393dd578516e1ff74f3dbcea6db0562c585208921,dda4bc44fe6a8dc272b58eeb2ba0c91213c89a2429ce681a5838f86eda5bec1f
tep-outer32001-seed42-dcbr,TEP,32001,42,DCBR,TRACK_A_FROZEN_PAPER_FINAL_REFERENCE,FROZEN_PAPER_FINAL_5SEED_REUSE,0.9581100168699215,0.9897038567355383,0.013708019191226868,0.9250210614995787,0.9,75.71794871794872,outputs\paper_final\tep\outer_32001\model_seed_42\DCBR\predictions.npz,4e9471ecd491b4b21fc2bd13d2ad0c4109457eeef96062b05467493f9a47e363,588b68e8635dee20ee336d7f8f97d8676afb879fb6cff6e6ef0ccf0ef76cc3b0
tep-outer32001-seed43-dcbr,TEP,32001,43,DCBR,TRACK_A_FROZEN_PAPER_FINAL_REFERENCE,FROZEN_PAPER_FINAL_5SEED_REUSE,0.9584984335688547,0.9888961147958053,0.013708019191226868,0.9258635214827295,0.86875,86.9,outputs\paper_final\tep\outer_32001\model_seed_43\DCBR\predictions.npz,a12cf5249f9cb728eee991365920b01b15241b48d086aa17e47724f87d78b892,f4c2727b51dbda10f791a61f35d553c580ff0e3d3e50fe792b4d15e1b7f0fd5e
tep-outer32001-seed44-dcbr,TEP,32001,44,DCBR,TRACK_A_FROZEN_PAPER_FINAL_REFERENCE,FROZEN_PAPER_FINAL_5SEED_REUSE,0.9525619212408779,0.9862126765050505,0.006854009595613434,0.9048020219039595,0.875,82.28205128205128,outputs\paper_final\tep\outer_32001\model_seed_44\DCBR\predictions.npz,b42f954bebfd3307aa4975248b5a45a6d66aa1e51e5a1bd636336b70a38eb3e5,39c0fc3549ac4883ba9f174e9b2ec1ad29836ffc5c29513d21ea57be29ab74f7
tep-outer32001-seed2026-dcbr,TEP,32001,2026,DCBR,TRACK_A_FROZEN_PAPER_FINAL_REFERENCE,FROZEN_PAPER_FINAL_5SEED_REUSE,0.9036541792384734,0.9602668434961471,0.05277587388622344,0.8542544229149115,0.7625,104.84615384615384,outputs\paper_final\tep\outer_32001\model_seed_2026\DCBR\predictions.npz,6b18825e0ca424559b71ff97aa6edd6f4cabf4d62336841647fae7206b63043c,c9217393f44839c43ad170d4d2f9b25bf078f3bc4d7b3235b7415fc2f4ff5798
tep-outer32002-seed7-dcbr,TEP,32002,7,DCBR,TRACK_A_FROZEN_PAPER_FINAL_REFERENCE,FROZEN_PAPER_FINAL_5SEED_REUSE,0.937837905220227,0.9862848404217661,0.009279086366880799,0.8778433024431339,0.8125,85.15384615384616,outputs\paper_final\tep\outer_32002\model_seed_7\DCBR\predictions.npz,8d338af4752ec28fdabf7449a4174ac00b2311ea8a0355b9ca5b979379554d32,7ba122ea0fc370bb222920f000bcbea3a94dd8e2df57120766ae36e4a1c7c4e8
tep-outer32002-seed42-dcbr,TEP,32002,42,DCBR,TRACK_A_FROZEN_PAPER_FINAL_REFERENCE,FROZEN_PAPER_FINAL_5SEED_REUSE,0.909382298683437,0.9671870858759539,0.01641684511063526,0.8264532434709352,0.7875,98.05263157894737,outputs\paper_final\tep\outer_32002\model_seed_42\DCBR\predictions.npz,451b9aba97399ef86cb221d932546083f467ce96723967104c6bbee5afff6fe2,150f409b1fa783da6fa1157afbee5fe07a095861f411b592f7e2e9b7183e3b98
tep-outer32002-seed43-dcbr,TEP,32002,43,DCBR,TRACK_A_FROZEN_PAPER_FINAL_REFERENCE,FROZEN_PAPER_FINAL_5SEED_REUSE,0.9375283044791483,0.9878376468487862,0.014275517487508922,0.8828980623420387,0.8375,89.7,outputs\paper_final\tep\outer_32002\model_seed_43\DCBR\predictions.npz,2db8233666f941fa6ea82b96ff1c70d0911ca7dfdaec9603bc9847100ede46ab,c5b55eca482bc10ecd9069f2fc2fcd6f55ea3c64078ba31c3a73bfca753ea068
tep-outer32002-seed44-dcbr,TEP,32002,44,DCBR,TRACK_A_FROZEN_PAPER_FINAL_REFERENCE,FROZEN_PAPER_FINAL_5SEED_REUSE,0.9216206691482567,0.9803257231725542,0.004282655246252677,0.8382476832350463,0.7875,91.73684210526316,outputs\paper_final\tep\outer_32002\model_seed_44\DCBR\predictions.npz,b4822a2cd624fe82a2b0dba7ba099027db9af38a89d573cb9ecc832d847d939b,f68ef1adbd5a2303dc273f8e5355025006b7302e434c3fb3141ffe6e6db00804
tep-outer32002-seed2026-dcbr,TEP,32002,2026,DCBR,TRACK_A_FROZEN_PAPER_FINAL_REFERENCE,FROZEN_PAPER_FINAL_5SEED_REUSE,0.9212126193759722,0.9706213333330975,0.01998572448251249,0.8550968828980623,0.7875,102.38461538461539,outputs\paper_final\tep\outer_32002\model_seed_2026\DCBR\predictions.npz,dbeab6374ee37c44f355e3a8577738927c5c9fa0c6e9ef76644affc13f3d6acb,9a2d316620bd27e20887b0e8604f3754b70f6cd5519aafe12a70d061b5e47f9d
tep-outer32003-seed7-dcbr,TEP,32003,7,DCBR,TRACK_A_FROZEN_PAPER_FINAL_REFERENCE,FROZEN_PAPER_FINAL_5SEED_REUSE,0.9799581831667802,0.9981230200078266,0.010231923601637109,0.9685430463576159,0.98125,73.0,outputs\paper_final\tep\outer_32003\model_seed_7\DCBR\predictions.npz,98792c51138f603839e3638050ab9a3ecde83f450b87c8e09fba6bf454342743,ba326e4313eb4c5b478784cf356628240935f606fdc3759cfade73803ff145e7
tep-outer32003-seed42-dcbr,TEP,32003,42,DCBR,TRACK_A_FROZEN_PAPER_FINAL_REFERENCE,FROZEN_PAPER_FINAL_5SEED_REUSE,0.978869928367951,0.9977822862899794,0.021145975443383355,0.9793046357615894,0.99375,73.0,outputs\paper_final\tep\outer_32003\model_seed_42\DCBR\predictions.npz,a59904ed64feebe4d15258ea32e63bef2ad4fac2972fa4cae9d790e74c859817,ef38464331a5b83bd2d9c374836217e8c99dd45e3eb7c4667e105cbad4427f2b
tep-outer32003-seed43-dcbr,TEP,32003,43,DCBR,TRACK_A_FROZEN_PAPER_FINAL_REFERENCE,FROZEN_PAPER_FINAL_5SEED_REUSE,0.972796697533097,0.997100394394218,0.020463847203274217,0.9652317880794702,0.98125,73.8,outputs\paper_final\tep\outer_32003\model_seed_43\DCBR\predictions.npz,b2be9a25e0d6c72f5e0ef8d85d11a619ded90452c6574ad06a29fc74a6df307d,3ad3bbf3cd89e87cf25ff963f1ada8201dfe0cc7f5a6839bba40425896cfe4b6
tep-outer32003-seed44-dcbr,TEP,32003,44,DCBR,TRACK_A_FROZEN_PAPER_FINAL_REFERENCE,FROZEN_PAPER_FINAL_5SEED_REUSE,0.9754320036422999,0.9970574161661163,0.01637107776261937,0.9660596026490066,1.0,72.6,outputs\paper_final\tep\outer_32003\model_seed_44\DCBR\predictions.npz,6ce0704134604430345437bfd152c13ea5057c19b390485381f9ca864da5ca5f,39124d3221e2ada7abdd4921bbadf5fbe91b4a7ede25d42cc262e726a4776df3
tep-outer32003-seed2026-dcbr,TEP,32003,2026,DCBR,TRACK_A_FROZEN_PAPER_FINAL_REFERENCE,FROZEN_PAPER_FINAL_5SEED_REUSE,0.9686477740388562,0.9953110919441778,0.0252387448840382,0.9619205298013245,0.975,73.4,outputs\paper_final\tep\outer_32003\model_seed_2026\DCBR\predictions.npz,93c40f4772f6797134aa1286b02833254520fc20fdb4d819cc6dab98e8838757,cd1e661b28afacbf7d10f8810d3fbb556abbc064f11171e6272ab01dd3f386b6
tep-outer32001-seed7-final_qdiffcl,TEP,32001,7,FINAL_QDIFFCL,TRACK_A_FROZEN_PAPER_FINAL_REFERENCE,FROZEN_PAPER_FINAL_5SEED_REUSE,0.9538962275986079,0.9876922393990657,0.018505825908156272,0.9216512215669755,0.875,82.1,outputs\paper_final\tep\outer_32001\model_seed_7\FINAL_QDIFFCL\predictions.npz,b5c308ca94dc7fa42e6c285571b51bca324dd44edae203f0429ed61a8cfc3d4a,4ee3045ca68fa48b37b115627e1eb4705b5e6acd808bbffce6a5a2007ab43de2
tep-outer32001-seed42-final_qdiffcl,TEP,32001,42,FINAL_QDIFFCL,TRACK_A_FROZEN_PAPER_FINAL_REFERENCE,FROZEN_PAPER_FINAL_5SEED_REUSE,0.9584819366030412,0.9894381026619724,0.01233721727210418,0.9241786015164279,0.89375,75.3076923076923,outputs\paper_final\tep\outer_32001\model_seed_42\FINAL_QDIFFCL\predictions.npz,adef5e89094bb3394bde9b04a84d24b4aa6f67911dda43598060a1bb8533df1d,e965a7ac3375961436865501df124852031b8782807a4b5d24a8815ab943a07f
tep-outer32001-seed43-final_qdiffcl,TEP,32001,43,FINAL_QDIFFCL,TRACK_A_FROZEN_PAPER_FINAL_REFERENCE,FROZEN_PAPER_FINAL_5SEED_REUSE,0.9451671842529246,0.9857532670444048,0.009595613433858808,0.8921651221566975,0.81875,92.5,outputs\paper_final\tep\outer_32001\model_seed_43\FINAL_QDIFFCL\predictions.npz,3272e0ddb1234ef8dbb44424eba544be147d164a09575cf4a4df64a30c8d9c1c,f4b9cb899163b58bcd60638dec77e4cdf241fb89c38dfb6209c093fd7715b95d
tep-outer32001-seed44-final_qdiffcl,TEP,32001,44,FINAL_QDIFFCL,TRACK_A_FROZEN_PAPER_FINAL_REFERENCE,FROZEN_PAPER_FINAL_5SEED_REUSE,0.95663167733404,0.9873588043229493,0.019876627827278958,0.9292333614153327,0.91875,81.05128205128206,outputs\paper_final\tep\outer_32001\model_seed_44\FINAL_QDIFFCL\predictions.npz,370c5d63eed8bf1047cae5235725f25b0afa6895bd35e1b2854339356ea87a92,7f78ef71f9bd69e05a37be297af769e1f8c3ace028e300d3ed7b06ebcf2d90d9
tep-outer32001-seed2026-final_qdiffcl,TEP,32001,2026,FINAL_QDIFFCL,TRACK_A_FROZEN_PAPER_FINAL_REFERENCE,FROZEN_PAPER_FINAL_5SEED_REUSE,0.901168684507708,0.9598990555215327,0.04934886908841672,0.8449873631002527,0.75,100.57894736842105,outputs\paper_final\tep\outer_32001\model_seed_2026\FINAL_QDIFFCL\predictions.npz,ab10563a655de03fd800ed313574cc3163fb42e8463c5eeaee822f5a3ae7c83e,3150ace0d6fdb6eacdad294f794fdb3a52727aa241af20c75a46b598ae2f32bb
tep-outer32002-seed7-final_qdiffcl,TEP,32002,7,FINAL_QDIFFCL,TRACK_A_FROZEN_PAPER_FINAL_REFERENCE,FROZEN_PAPER_FINAL_5SEED_REUSE,0.9383015977935831,0.9864673517251993,0.01284796573875803,0.8828980623420387,0.825,83.92307692307692,outputs\paper_final\tep\outer_32002\model_seed_7\FINAL_QDIFFCL\predictions.npz,afab05afd8f531c2afd00be77d5a9d61bb691961d369855f94ab78e083492dbd,edb9b73237fab53b5daa183ef00f622d573d91825e6fdafc2812f741129c3d85
tep-outer32002-seed42-final_qdiffcl,TEP,32002,42,FINAL_QDIFFCL,TRACK_A_FROZEN_PAPER_FINAL_REFERENCE,FROZEN_PAPER_FINAL_5SEED_REUSE,0.9099598617133482,0.9664669110398755,0.02212705210563883,0.8340353833192923,0.8,97.46153846153847,outputs\paper_final\tep\outer_32002\model_seed_42\FINAL_QDIFFCL\predictions.npz,38778e1e070bafef4e94e60bf5d473fd42c686b83ddb767bbb6f6c0f89b2529d,fcd416f0e1836bd51c2028b9be51ed52bacaddf4f6d03a7ca1105ce257464615
tep-outer32002-seed43-final_qdiffcl,TEP,32002,43,FINAL_QDIFFCL,TRACK_A_FROZEN_PAPER_FINAL_REFERENCE,FROZEN_PAPER_FINAL_5SEED_REUSE,0.9375408970880135,0.9881715124940325,0.014989293361884369,0.8837405223251895,0.8375,89.7,outputs\paper_final\tep\outer_32002\model_seed_43\FINAL_QDIFFCL\predictions.npz,feece6e993f433e690ae77278522c3fcb38bc68009e0a5cf83cd656f275d5a4a,0e11b9e119fc8cec9d97cc320df4f4810926297326bdc5934c1c6acacceb74ac
tep-outer32002-seed44-final_qdiffcl,TEP,32002,44,FINAL_QDIFFCL,TRACK_A_FROZEN_PAPER_FINAL_REFERENCE,FROZEN_PAPER_FINAL_5SEED_REUSE,0.9229288444137309,0.9803990432052525,0.007851534618129907,0.8449873631002527,0.79375,97.05128205128206,outputs\paper_final\tep\outer_32002\model_seed_44\FINAL_QDIFFCL\predictions.npz,cc1ce815e0f5633a6d6cd142815b4bda87ec54adbdd07bbc7044c2bf15f189fd,d6f02d96b481d1538d5c94fffdbb45d4c0208d0147f918284dcd21ffbc05062f
tep-outer32002-seed2026-final_qdiffcl,TEP,32002,2026,FINAL_QDIFFCL,TRACK_A_FROZEN_PAPER_FINAL_REFERENCE,FROZEN_PAPER_FINAL_5SEED_REUSE,0.9208615067239605,0.9709825737442896,0.02212705210563883,0.8567818028643639,0.79375,98.6923076923077,outputs\paper_final\tep\outer_32002\model_seed_2026\FINAL_QDIFFCL\predictions.npz,2f8e03f7500abc2cb0eaac73b5ac99e7f9fb241d6474c3eb534673d0ed9c6e7a,08f7f260fc4c58ab4bd4a0debbca3c597d6eef72e7bc9d9148432ca5653b3783
tep-outer32003-seed7-final_qdiffcl,TEP,32003,7,FINAL_QDIFFCL,TRACK_A_FROZEN_PAPER_FINAL_REFERENCE,FROZEN_PAPER_FINAL_5SEED_REUSE,0.9834001526007594,0.9982092100762204,0.017735334242837655,0.9850993377483444,0.99375,72.6,outputs\paper_final\tep\outer_32003\model_seed_7\FINAL_QDIFFCL\predictions.npz,f1c10b95a6d1a9a17157ad8e4249058dafdacff7d4175d07463f72cb9acb3b7d,8f124659ba6c06f80829c1bcb78a749cca8c5b8ec9b5c6525513912f7eea28a8
tep-outer32003-seed42-final_qdiffcl,TEP,32003,42,FINAL_QDIFFCL,TRACK_A_FROZEN_PAPER_FINAL_REFERENCE,FROZEN_PAPER_FINAL_5SEED_REUSE,0.9777299626338908,0.9979723036463392,0.020463847203274217,0.9759933774834437,0.99375,73.0,outputs\paper_final\tep\outer_32003\model_seed_42\FINAL_QDIFFCL\predictions.npz,390923d0f4701e7afab3741d37bb7cad60109cf979a8f158fe68188edf4d3421,55f634ce725b3c214dd11f8051eaa78f2e1d02f39de78726bf54463a3810450a
tep-outer32003-seed43-final_qdiffcl,TEP,32003,43,FINAL_QDIFFCL,TRACK_A_FROZEN_PAPER_FINAL_REFERENCE,FROZEN_PAPER_FINAL_5SEED_REUSE,0.9754395856339734,0.9969733456571176,0.017735334242837655,0.9677152317880795,0.9875,73.0,outputs\paper_final\tep\outer_32003\model_seed_43\FINAL_QDIFFCL\predictions.npz,9b277a74d5ddc88af351006029e75b33aa277f9525c859c3c9c460dd46ed13f2,044acdd5b97c5adf24c51d1c1d43e42d0c5ff47dcebca6c69f23ef1584b6f9a8
tep-outer32003-seed44-final_qdiffcl,TEP,32003,44,FINAL_QDIFFCL,TRACK_A_FROZEN_PAPER_FINAL_REFERENCE,FROZEN_PAPER_FINAL_5SEED_REUSE,0.9754358091096247,0.9971421107676407,0.017053206002728513,0.9668874172185431,1.0,72.6,outputs\paper_final\tep\outer_32003\model_seed_44\FINAL_QDIFFCL\predictions.npz,9af9031f36e6a3fe0beb64ff48c4d4b1b941c37b6619c107df6798bff3c31de0,9762aa8d8c93674b49faf2580c990cb57667b3b86dd74a4e0b7b0b527b322651
tep-outer32003-seed2026-final_qdiffcl,TEP,32003,2026,FINAL_QDIFFCL,TRACK_A_FROZEN_PAPER_FINAL_REFERENCE,FROZEN_PAPER_FINAL_5SEED_REUSE,0.9679206848141302,0.9953144532656218,0.030013642564802184,0.9660596026490066,0.975,73.4,outputs\paper_final\tep\outer_32003\model_seed_2026\FINAL_QDIFFCL\predictions.npz,f78570a45a149942a3b259e64732be153bdb7b00d318b794c1c0e8b9926d6adc,be20df746a9452140da2e126a79f79bf7ad26717e7796cc588f1395bea110ef0
tep-outer32001-seed7-frera,TEP,32001,7,FRERA,TRACK_A_FROZEN_PAPER_FINAL_REFERENCE,FROZEN_PAPER_FINAL_5SEED_REUSE,0.9634610870097674,0.993385504523943,0.00616860863605209,0.9275484414490311,0.89375,82.5,outputs\paper_final\tep\outer_32001\model_seed_7\FRERA\predictions.npz,4bcf90195e0b8cb8b7b54f7de029aeecc31074c1ef11a638722d5dcbb43c9a81,9d161efba5c87f126defbeb7e873e0fddd01f60baddd137f8f1fb43001bc0354
tep-outer32001-seed42-frera,TEP,32001,42,FRERA,TRACK_A_FROZEN_PAPER_FINAL_REFERENCE,FROZEN_PAPER_FINAL_5SEED_REUSE,0.9624062286883382,0.9922533288845202,0.01644962302947224,0.9376579612468408,0.925,81.3,outputs\paper_final\tep\outer_32001\model_seed_42\FRERA\predictions.npz,e7885be5a8ff0463ec2c58e1c5ed266bcc740c8692b389e5431e1a84fe7e7488,15481981f6d01f5979887914b8cdafcee31d4731e283966f9ad655cda8ec3295
tep-outer32001-seed43-frera,TEP,32001,43,FRERA,TRACK_A_FROZEN_PAPER_FINAL_REFERENCE,FROZEN_PAPER_FINAL_5SEED_REUSE,0.9456078395296702,0.9868548072058997,0.01233721727210418,0.8963774220724515,0.80625,82.05263157894737,outputs\paper_final\tep\outer_32001\model_seed_43\FRERA\predictions.npz,d596ac9636ab716e992d743718ee10138e95bcf55e00f33bb3bbb0f40d950bc3,94cd41965c10c855a058a39c07317bbd7fd8807bfcde13d79408d500bf9ef801
tep-outer32001-seed44-frera,TEP,32001,44,FRERA,TRACK_A_FROZEN_PAPER_FINAL_REFERENCE,FROZEN_PAPER_FINAL_5SEED_REUSE,0.9366142376367206,0.983173839929357,0.01439342015078821,0.8795282224094355,0.8125,89.66666666666667,outputs\paper_final\tep\outer_32001\model_seed_44\FRERA\predictions.npz,ff55e5cce8eda0ac1359d12dbb2153a63c3e6fb460c5550c5b43479d4e4d5cf3,b04067ba45e3e710c24b8c335800c8aea3932d92ad42b6306690a23d4eed6401
tep-outer32001-seed2026-frera,TEP,32001,2026,FRERA,TRACK_A_FROZEN_PAPER_FINAL_REFERENCE,FROZEN_PAPER_FINAL_5SEED_REUSE,0.9568736542662706,0.9901282635666753,0.00822481151473612,0.9157540016849199,0.86875,80.23076923076923,outputs\paper_final\tep\outer_32001\model_seed_2026\FRERA\predictions.npz,8d4c0dead86a132cd881cf5fd6b482b8ab6f11effeefcc3b145dca800757ceae,456eff16e4840176ee11a4e0394a96be0ec9c713276685dcdd9f706838f3785b
tep-outer32002-seed7-frera,TEP,32002,7,FRERA,TRACK_A_FROZEN_PAPER_FINAL_REFERENCE,FROZEN_PAPER_FINAL_5SEED_REUSE,0.929318779396662,0.9840200061235616,0.004996431120628123,0.8550968828980623,0.78125,99.92307692307692,outputs\paper_final\tep\outer_32002\model_seed_7\FRERA\predictions.npz,cccad3641b053bc04c357bf89897c724f015a54560f88abbe18db99838a698fa,585ab2dc616222576f79990fa9d96adc89850eaa97802584e40e15f9ea97265b
tep-outer32002-seed42-frera,TEP,32002,42,FRERA,TRACK_A_FROZEN_PAPER_FINAL_REFERENCE,FROZEN_PAPER_FINAL_5SEED_REUSE,0.939747271604279,0.9907012918011262,0.004282655246252677,0.8761583824768323,0.81875,96.1,outputs\paper_final\tep\outer_32002\model_seed_42\FRERA\predictions.npz,56516d5c67c5b1bc8096f185cc08650f2fc273bf072272445fd6024feb5eab3e,84d1cb61896e8419c405da234e16feb1a103d3090b8e4b8b7bd232f78a41f92e
tep-outer32002-seed43-frera,TEP,32002,43,FRERA,TRACK_A_FROZEN_PAPER_FINAL_REFERENCE,FROZEN_PAPER_FINAL_5SEED_REUSE,0.9385724727604471,0.9894761066006865,0.005710206995003569,0.8753159224936815,0.81875,92.94871794871794,outputs\paper_final\tep\outer_32002\model_seed_43\FRERA\predictions.npz,4bd0f45162061de91414bf8b4e0f5f7fca2be0c5077a657f06b9c05eee056cc8,fdfac9628e803feaff6b027e8ca768ce9a7770dbc6265af4787ef2679c045d24
tep-outer32002-seed44-frera,TEP,32002,44,FRERA,TRACK_A_FROZEN_PAPER_FINAL_REFERENCE,FROZEN_PAPER_FINAL_5SEED_REUSE,0.9377168996510109,0.9902124804170134,0.0028551034975017845,0.8702611625947767,0.85,95.82051282051282,outputs\paper_final\tep\outer_32002\model_seed_44\FRERA\predictions.npz,168b751cc07fbae43c3d447b21138115cfddc72762c00793f9beccaaf78d7c8d,c73a63b502ada22434faf9906bd1b1864986256166803f52e78e0e78bfbd4ee3
tep-outer32002-seed2026-frera,TEP,32002,2026,FRERA,TRACK_A_FROZEN_PAPER_FINAL_REFERENCE,FROZEN_PAPER_FINAL_5SEED_REUSE,0.909875366568915,0.9675135562730722,0.019271948608137045,0.8306655433866892,0.75,111.52631578947368,outputs\paper_final\tep\outer_32002\model_seed_2026\FRERA\predictions.npz,dbcc955b010bdce915afc6c6ad87a1740667682a059386b3cf20341a41f3684e,f1fae92e94fa7706f6f852ece26c3ce06c3c52d8b5cc22efe3ec546cae9c4ba6
tep-outer32003-seed7-frera,TEP,32003,7,FRERA,TRACK_A_FROZEN_PAPER_FINAL_REFERENCE,FROZEN_PAPER_FINAL_5SEED_REUSE,0.9754722761645871,0.9971456573218609,0.023874488403819918,0.9751655629139073,0.975,73.8,outputs\paper_final\tep\outer_32003\model_seed_7\FRERA\predictions.npz,bd87609a4e5ffc5bef88ce2df34131b195e72cfc4449e912a02102881cbeff5e,0b3e7fbf98b675985254ce1cf84898f93097f7c957edff16fbd1b9bd7fe303bd
tep-outer32003-seed42-frera,TEP,32003,42,FRERA,TRACK_A_FROZEN_PAPER_FINAL_REFERENCE,FROZEN_PAPER_FINAL_5SEED_REUSE,0.962563398745495,0.9943107381030976,0.02592087312414734,0.9495033112582781,0.9625,75.8,outputs\paper_final\tep\outer_32003\model_seed_42\FRERA\predictions.npz,9f9a46afcbe4e1918aba770bd4653ccc2a68d0af2356cca64112ea968a01305a,b10ff5375fea32c69edd9bfcafa75ae3d3a01862068e5aec41344237f5e70f00
tep-outer32003-seed43-frera,TEP,32003,43,FRERA,TRACK_A_FROZEN_PAPER_FINAL_REFERENCE,FROZEN_PAPER_FINAL_5SEED_REUSE,0.9652295341474446,0.9958202144452954,0.02592087312414734,0.9552980132450332,0.95625,75.4,outputs\paper_final\tep\outer_32003\model_seed_43\FRERA\predictions.npz,ffccb96b829ddf718424adb9f066e1c53de07a5f5a8746f6add8574c03144cae,f8cb08dede0d87af858671d7c0fc4672663fd50ef6bfb63c7aad60c9c6e5dfd0
tep-outer32003-seed44-frera,TEP,32003,44,FRERA,TRACK_A_FROZEN_PAPER_FINAL_REFERENCE,FROZEN_PAPER_FINAL_5SEED_REUSE,0.9663711249449789,0.9952429527863665,0.02592087312414734,0.9577814569536424,0.96875,74.2,outputs\paper_final\tep\outer_32003\model_seed_44\FRERA\predictions.npz,5e891b4e2ce4f297ffbc83ac3f4ad100f5bd600374b3077a2a2e72b726891930,b9d538083a0753be9155509c89dbf30a82ed434421d757be0a022d0051ee5f3c
tep-outer32003-seed2026-frera,TEP,32003,2026,FRERA,TRACK_A_FROZEN_PAPER_FINAL_REFERENCE,FROZEN_PAPER_FINAL_5SEED_REUSE,0.9536616447127891,0.9920990761098889,0.05184174624829468,0.9610927152317881,0.93125,76.6,outputs\paper_final\tep\outer_32003\model_seed_2026\FRERA\predictions.npz,e5beec1753e14246ae0cbc1f5bc92e112f7406176e603d2a02012a5df6b98e18,58a068b78d6325dbed4228498388af9f8fca534b4320d2dfde9c49ccba126182
tep-outer32001-seed7-jitter,TEP,32001,7,JITTER,TRACK_A_FROZEN_PAPER_FINAL_REFERENCE,FROZEN_PAPER_FINAL_5SEED_REUSE,0.9534323710807295,0.9877920151564009,0.013022618231665525,0.9140690817186183,0.875,82.1,outputs\paper_final\tep\outer_32001\model_seed_7\JITTER\predictions.npz,1c3fe7937c8d24d726622bd7f1456d3aad98e2db3140f9a28a0a6837d8817915,1b8e18b3dc9893859495f2cef16bab63e73a773b533e26c67b8e2c1204f37be0
tep-outer32001-seed42-jitter,TEP,32001,42,JITTER,TRACK_A_FROZEN_PAPER_FINAL_REFERENCE,FROZEN_PAPER_FINAL_5SEED_REUSE,0.9549149822758685,0.9896447997561197,0.0075394105551747775,0.9106992417860151,0.88125,82.47368421052632,outputs\paper_final\tep\outer_32001\model_seed_42\JITTER\predictions.npz,8310fef4ddea5c7e301b819b3cf1f2516baf7a0990561b13d09d84d56d6e0760,4561e12f397faa146857a3b2e2c6ebdbea1f21f2ea083688bc9c349f34f91174
tep-outer32001-seed43-jitter,TEP,32001,43,JITTER,TRACK_A_FROZEN_PAPER_FINAL_REFERENCE,FROZEN_PAPER_FINAL_5SEED_REUSE,0.9553704213154599,0.9878139879133918,0.01233721727210418,0.9174389216512215,0.8625,80.23076923076923,outputs\paper_final\tep\outer_32001\model_seed_43\JITTER\predictions.npz,518eff8d0225e7c5dad2846b0bbaf2afe3a0dcf7e4fca6a3345c3a8dee6b44c4,c5a5b787c48d16c4d56075675639a7a07f3da8f2e92a77a9a7ef08f219e49a31
tep-outer32001-seed44-jitter,TEP,32001,44,JITTER,TRACK_A_FROZEN_PAPER_FINAL_REFERENCE,FROZEN_PAPER_FINAL_5SEED_REUSE,0.9448484124995573,0.9826223137350903,0.013708019191226868,0.8963774220724515,0.8375,89.66666666666667,outputs\paper_final\tep\outer_32001\model_seed_44\JITTER\predictions.npz,81e5c6147af8ee827e94fe59be8941266319c43f7bd454771a59c0b7c97edb89,9c647a2ebc8ea9ca49a66198b8ba737de32abb77d0bd89e7846e004501aab10c
tep-outer32001-seed2026-jitter,TEP,32001,2026,JITTER,TRACK_A_FROZEN_PAPER_FINAL_REFERENCE,FROZEN_PAPER_FINAL_5SEED_REUSE,0.9031954652964256,0.9607155573040641,0.05071967100753941,0.8508845829823083,0.75625,105.66666666666667,outputs\paper_final\tep\outer_32001\model_seed_2026\JITTER\predictions.npz,29370eddc3d2261726acf5ca4ed49af69f954d1f44f7b73bfe4ea2f59b591b24,81b793ba7b11642dc854a8b7ca47a42223d9200c29ec06026bae22d9486e8c20
tep-outer32002-seed7-jitter,TEP,32002,7,JITTER,TRACK_A_FROZEN_PAPER_FINAL_REFERENCE,FROZEN_PAPER_FINAL_5SEED_REUSE,0.9357530298242074,0.9862365336648815,0.004996431120628123,0.8685762426284751,0.79375,82.47368421052632,outputs\paper_final\tep\outer_32002\model_seed_7\JITTER\predictions.npz,89d78ae29c7f4f6ceb07a42bad0dcc435b208f734a8d5f835bb9ba42f29e58b1,23464428201e0b44f94c6c0d1e600a815943fc0421ab9f82f69d4b0baa158b71
tep-outer32002-seed42-jitter,TEP,32002,42,JITTER,TRACK_A_FROZEN_PAPER_FINAL_REFERENCE,FROZEN_PAPER_FINAL_5SEED_REUSE,0.9099389177358352,0.9666162169131334,0.021413276231263382,0.8331929233361416,0.79375,97.87179487179488,outputs\paper_final\tep\outer_32002\model_seed_42\JITTER\predictions.npz,93ff68434a121d9ea2cd7f2f6d56ac2da9f24960207671ccfa7cb1babdf4c59c,e74f83aba5156170fbeda2b86b7a3da99e9597d5bd6ae8402ba0a9f0fb5343f7
tep-outer32002-seed43-jitter,TEP,32002,43,JITTER,TRACK_A_FROZEN_PAPER_FINAL_REFERENCE,FROZEN_PAPER_FINAL_5SEED_REUSE,0.9359174627663542,0.9881634582328668,0.013561741613133477,0.8786857624262847,0.8375,92.9,outputs\paper_final\tep\outer_32002\model_seed_43\JITTER\predictions.npz,2e3cb54d65a5d17dd1d8544457bec9cbef23c982501f27ce8c4d8352681c3fce,54babbe1c4079bd7629016ccdb502dd756b12bca60d1ad63edc40a379e49c574
tep-outer32002-seed44-jitter,TEP,32002,44,JITTER,TRACK_A_FROZEN_PAPER_FINAL_REFERENCE,FROZEN_PAPER_FINAL_5SEED_REUSE,0.9245097911949878,0.9804386424306714,0.006423982869379015,0.8466722830665543,0.7875,90.05263157894737,outputs\paper_final\tep\outer_32002\model_seed_44\JITTER\predictions.npz,35e584bab324ce6f2b3063c268d695549f6e323f27a4aa1fdf9af13896617267,0208c916688e97772096df100d095a272fbf7ff5880dbda0977661dbd8fc7d2c
tep-outer32002-seed2026-jitter,TEP,32002,2026,JITTER,TRACK_A_FROZEN_PAPER_FINAL_REFERENCE,FROZEN_PAPER_FINAL_5SEED_REUSE,0.9203367101878603,0.9707788787220607,0.017130620985010708,0.8500421229991575,0.775,104.02564102564102,outputs\paper_final\tep\outer_32002\model_seed_2026\JITTER\predictions.npz,213a4ecd5d7759c12bdc753af3ba7f347a38b5870eebce9ea13011ce8f123abb,ddce9da8afba59a9880af1e50f715c393a20959c4536cfe76bb2a937eca84c09
tep-outer32003-seed7-jitter,TEP,32003,7,JITTER,TRACK_A_FROZEN_PAPER_FINAL_REFERENCE,FROZEN_PAPER_FINAL_5SEED_REUSE,0.9811229540924927,0.9980871078287958,0.01637107776261937,0.9784768211920529,0.99375,72.6,outputs\paper_final\tep\outer_32003\model_seed_7\JITTER\predictions.npz,36d17aa89543f3112593f4ea8051405f166a9faf79af256b9e3a306435c6f0bb,9e6dc1924b42801623cd9e66cc0047468e0d035c6b907776efab4f54155ece18
tep-outer32003-seed42-jitter,TEP,32003,42,JITTER,TRACK_A_FROZEN_PAPER_FINAL_REFERENCE,FROZEN_PAPER_FINAL_5SEED_REUSE,0.9761952906913896,0.9976662996839805,0.017053206002728513,0.9685430463576159,0.98125,73.0,outputs\paper_final\tep\outer_32003\model_seed_42\JITTER\predictions.npz,d8f3ef89549abf1d868d60b670fac8ba6f60c0a80410d59123c31f49ac8ab97f,52521b2853fd444144eed8d76e51d36d28ef8e45e1c8f37067a3b316f578f511
tep-outer32003-seed43-jitter,TEP,32003,43,JITTER,TRACK_A_FROZEN_PAPER_FINAL_REFERENCE,FROZEN_PAPER_FINAL_5SEED_REUSE,0.9739400182286823,0.9966110569587594,0.021145975443383355,0.9685430463576159,0.98125,73.8,outputs\paper_final\tep\outer_32003\model_seed_43\JITTER\predictions.npz,dfc5c09bbe685a7a72475a77953f36cb2ae657f92088f03df0bcb1e3950c20e6,821917e131dbe2abe155e3e7143e7d1f50c1ec8f5ab6aa05721fc615f8ad1965
tep-outer32003-seed44-jitter,TEP,32003,44,JITTER,TRACK_A_FROZEN_PAPER_FINAL_REFERENCE,FROZEN_PAPER_FINAL_5SEED_REUSE,0.9727400158014119,0.997065554748833,0.011596180081855388,0.9544701986754967,0.9875,73.0,outputs\paper_final\tep\outer_32003\model_seed_44\JITTER\predictions.npz,872a59a3890a6145270175b4f909be45cdff207bdd1b4187cb3b4b816e25151e,aa226864067f9aee957c52814da3b9fe12077089125c76bd8c1aec2862c57882
tep-outer32003-seed2026-jitter,TEP,32003,2026,JITTER,TRACK_A_FROZEN_PAPER_FINAL_REFERENCE,FROZEN_PAPER_FINAL_5SEED_REUSE,0.9623289658977117,0.9947606334280641,0.04433833560709413,0.9710264900662252,0.98125,73.4,outputs\paper_final\tep\outer_32003\model_seed_2026\JITTER\predictions.npz,a5d3d9245e8487a8c9ddf5a7d7f60e297bf47f51d6ac3faca719c5e751436d09,491acaddf03fa07b254892b02ee268e74762d1904f9b05f346f925c9482824e2
tep-outer32001-seed7-jitter_scaling,TEP,32001,7,JITTER_SCALING,TRACK_A_FROZEN_PAPER_FINAL_REFERENCE,FROZEN_PAPER_FINAL_5SEED_REUSE,0.9538688184478235,0.9881343184699207,0.01644962302947224,0.9191238416175231,0.88125,85.3,outputs\paper_final\tep\outer_32001\model_seed_7\JITTER_SCALING\predictions.npz,8ee775e0e0086ef1bc10bd12aa2b1c6810daf3a76f904a14ac4a47d9cf074069,4bb0f1a2c9748068fe0046431aa947b45cd6c450940a22bee711c83570aa58cd
tep-outer32001-seed42-jitter_scaling,TEP,32001,42,JITTER_SCALING,TRACK_A_FROZEN_PAPER_FINAL_REFERENCE,FROZEN_PAPER_FINAL_5SEED_REUSE,0.9588372686411902,0.9892904866176142,0.009595613433858808,0.9216512215669755,0.8875,75.3076923076923,outputs\paper_final\tep\outer_32001\model_seed_42\JITTER_SCALING\predictions.npz,37d78f43c1e05d50f4c6acf9e1c0734ff7f5206de141963a5ff4c036e51dd6ce,ed2a546eda3934accc03ecc2149c7d915d6940ba799f04781d5e6d6532c6ade1
tep-outer32001-seed43-jitter_scaling,TEP,32001,43,JITTER_SCALING,TRACK_A_FROZEN_PAPER_FINAL_REFERENCE,FROZEN_PAPER_FINAL_5SEED_REUSE,0.9444073850355857,0.9859024886872174,0.010966415352981495,0.8921651221566975,0.83125,89.3,outputs\paper_final\tep\outer_32001\model_seed_43\JITTER_SCALING\predictions.npz,bd04a5c214425ce9b40455400c02c24f0e15e6b533b66368099bebfea0e5b6d7,2ad4d4ccabab6965d028bec03a0aa2328e7d52a8c94ca7ce4c082118452147b8
tep-outer32001-seed44-jitter_scaling,TEP,32001,44,JITTER_SCALING,TRACK_A_FROZEN_PAPER_FINAL_REFERENCE,FROZEN_PAPER_FINAL_5SEED_REUSE,0.9573071648219388,0.9871510396142082,0.011651816312542838,0.9208087615838247,0.9,81.46153846153847,outputs\paper_final\tep\outer_32001\model_seed_44\JITTER_SCALING\predictions.npz,abddd1cf9863ab8a33a5014940eed1afd501f8e1edbab8c4c63b93398aad322e,c6d203b4c3647f69bd36c4a7b517c729ee70562e748942ec08e296031a717d61
tep-outer32001-seed2026-jitter_scaling,TEP,32001,2026,JITTER_SCALING,TRACK_A_FROZEN_PAPER_FINAL_REFERENCE,FROZEN_PAPER_FINAL_5SEED_REUSE,0.9070208728652751,0.9607099593374212,0.033584647018505824,0.8390901432181971,0.7375,101.84210526315789,outputs\paper_final\tep\outer_32001\model_seed_2026\JITTER_SCALING\predictions.npz,f1cda66a4cab787f273a7522e6a4a57b765cb28cbb5c796a321f706a3f731ee3,9160fea252ec397ceee35f409a947c21781b6ffd6c7934a5f28ad0fbf32a7814
tep-outer32002-seed7-jitter_scaling,TEP,32002,7,JITTER_SCALING,TRACK_A_FROZEN_PAPER_FINAL_REFERENCE,FROZEN_PAPER_FINAL_5SEED_REUSE,0.9310983267497168,0.980949387762142,0.01284796573875803,0.8677337826453243,0.8,87.2051282051282,outputs\paper_final\tep\outer_32002\model_seed_7\JITTER_SCALING\predictions.npz,7f5a65abb0c3377274ac058b3ce51de72144b637c07103db8c09778242568d98,2545fdef10a8751b33ec792082eb78571125cf05d0779b808981382d1af334ad
tep-outer32002-seed42-jitter_scaling,TEP,32002,42,JITTER_SCALING,TRACK_A_FROZEN_PAPER_FINAL_REFERENCE,FROZEN_PAPER_FINAL_5SEED_REUSE,0.9279330111345296,0.9805414902915814,0.014989293361884369,0.8635214827295703,0.85,98.5,outputs\paper_final\tep\outer_32002\model_seed_42\JITTER_SCALING\predictions.npz,313ceb9b10b91c98c78b87c761224eae445d8ca86676dd0bd0dc271801a89177,50d853a8dc8248caf48d4824371746f8a3dd8f96b1e140311ece6d372b953c77
tep-outer32002-seed43-jitter_scaling,TEP,32002,43,JITTER_SCALING,TRACK_A_FROZEN_PAPER_FINAL_REFERENCE,FROZEN_PAPER_FINAL_5SEED_REUSE,0.9359824253817017,0.9871999173556036,0.017130620985010708,0.8828980623420387,0.8375,88.9,outputs\paper_final\tep\outer_32002\model_seed_43\JITTER_SCALING\predictions.npz,d56e302c06be2866a0b56c0d791363864906a0d14ee65b14873f7fc5341642c7,d826c93c35d121d9705387dc68f5d5595402191882ef4f5a84492dad505685a4
tep-outer32002-seed44-jitter_scaling,TEP,32002,44,JITTER_SCALING,TRACK_A_FROZEN_PAPER_FINAL_REFERENCE,FROZEN_PAPER_FINAL_5SEED_REUSE,0.9244557978816483,0.9807730931476923,0.004282655246252677,0.8441449031171019,0.79375,90.47368421052632,outputs\paper_final\tep\outer_32002\model_seed_44\JITTER_SCALING\predictions.npz,7904ed897bd1838d0efed2a905a7b5c81bf854fd5cc3a76fac228c0b899e8795,8841526d97b7cf9b3284ed17bc949447d7066937cce4cd3f07aa55b2fe804960
tep-outer32002-seed2026-jitter_scaling,TEP,32002,2026,JITTER_SCALING,TRACK_A_FROZEN_PAPER_FINAL_REFERENCE,FROZEN_PAPER_FINAL_5SEED_REUSE,0.9208444548526801,0.9708922885070842,0.021413276231263382,0.8559393428812131,0.7875,99.92307692307692,outputs\paper_final\tep\outer_32002\model_seed_2026\JITTER_SCALING\predictions.npz,d7314caca3e15ebe96a52a33ad7ee4ed97c8cae8d3a9f88bb05a351131a52ff3,d0349f04065b0c3f5bc67eb893bb3495b70459efd4e565ef64dab3071104dce6
tep-outer32003-seed7-jitter_scaling,TEP,32003,7,JITTER_SCALING,TRACK_A_FROZEN_PAPER_FINAL_REFERENCE,FROZEN_PAPER_FINAL_5SEED_REUSE,0.983383282160501,0.998428807771817,0.01296043656207367,0.9793046357615894,0.99375,72.6,outputs\paper_final\tep\outer_32003\model_seed_7\JITTER_SCALING\predictions.npz,3a6bf46c44908d1731454c60bb8fd4860c42c57bc5dcb604e3f16e5899a0055c,c2c0fd58cd00912de7e2d38048bb55b64d5194a356c0d5fe3b3f18023ae95156
tep-outer32003-seed42-jitter_scaling,TEP,32003,42,JITTER_SCALING,TRACK_A_FROZEN_PAPER_FINAL_REFERENCE,FROZEN_PAPER_FINAL_5SEED_REUSE,0.9785148433763404,0.9979674283464537,0.02660300136425648,0.9850993377483444,0.9875,73.0,outputs\paper_final\tep\outer_32003\model_seed_42\JITTER_SCALING\predictions.npz,a14c66a730ce86e6c15e049086fbbc6a2389ea874fd5e7418dbbb73248ba4969,ccaa99cfd2d8adf33117344925eb80c14ea39ed50f1d9de3ea8f1a17e78c190a
tep-outer32003-seed43-jitter_scaling,TEP,32003,43,JITTER_SCALING,TRACK_A_FROZEN_PAPER_FINAL_REFERENCE,FROZEN_PAPER_FINAL_5SEED_REUSE,0.9728366133466972,0.9968272751239355,0.027285129604365622,0.9735099337748344,0.9875,73.0,outputs\paper_final\tep\outer_32003\model_seed_43\JITTER_SCALING\predictions.npz,c17315ed6b7e036f4fa7a721ad25cbeb25fb53d806fc0b24a556dcecc742f5c1,5c557111f770b3d8fea871308ea0c82b63f04d0a52ad9b595cf1f62fea35b974
tep-outer32003-seed44-jitter_scaling,TEP,32003,44,JITTER_SCALING,TRACK_A_FROZEN_PAPER_FINAL_REFERENCE,FROZEN_PAPER_FINAL_5SEED_REUSE,0.9758478977554983,0.99711293762639,0.023192360163710776,0.9751655629139073,1.0,72.6,outputs\paper_final\tep\outer_32003\model_seed_44\JITTER_SCALING\predictions.npz,0a75766a0b4f3d17c6716aab44dc18ba4b7a8d4865f56ad0ae0326f56ed2eb1c,5f8fbc27185569ba553496f7e9fe36f78706a7b5206d63c31f93157af92cfbbb
tep-outer32003-seed2026-jitter_scaling,TEP,32003,2026,JITTER_SCALING,TRACK_A_FROZEN_PAPER_FINAL_REFERENCE,FROZEN_PAPER_FINAL_5SEED_REUSE,0.9649770644430633,0.9952135687423336,0.04365620736698499,0.9759933774834437,0.98125,73.4,outputs\paper_final\tep\outer_32003\model_seed_2026\JITTER_SCALING\predictions.npz,fa29c6443e522c4146dd76e9138c93331f449c20085b89734a71dcf862952c19,756b93281f4318b8bd056f8a7323ddfb44f45ea6cd5c817c9adff978065d8ccd
tep-outer32001-seed7-no_aug,TEP,32001,7,NO_AUG,TRACK_A_FROZEN_PAPER_FINAL_REFERENCE,FROZEN_PAPER_FINAL_5SEED_REUSE,0.9515815058303305,0.9874942536676893,0.019876627827278958,0.9182813816343723,0.875,82.1,outputs\paper_final\tep\outer_32001\model_seed_7\NO_AUG\predictions.npz,3487cc1380151a5778234ff23b0643a43af4ecfa0973a6aa6972a5525fa619cb,708c17b4278125acd4e25cebbd2215388dd3103c16553acd6b8b26289e919210
tep-outer32001-seed42-no_aug,TEP,32001,42,NO_AUG,TRACK_A_FROZEN_PAPER_FINAL_REFERENCE,FROZEN_PAPER_FINAL_5SEED_REUSE,0.9568554715365958,0.989059350873498,0.006854009595613434,0.9140690817186183,0.8875,74.47368421052632,outputs\paper_final\tep\outer_32001\model_seed_42\NO_AUG\predictions.npz,cf1308b8671a3c189f7328a9bbd30cb5ec09d1d3972e72aaaf91f2a02056f748,24fd9fba50cf013d13b08f851c34a7771cb0c50f474af856750be206a73ad506
tep-outer32001-seed43-no_aug,TEP,32001,43,NO_AUG,TRACK_A_FROZEN_PAPER_FINAL_REFERENCE,FROZEN_PAPER_FINAL_5SEED_REUSE,0.9467474882294022,0.9853441225447473,0.01028101439342015,0.8963774220724515,0.8375,91.7,outputs\paper_final\tep\outer_32001\model_seed_43\NO_AUG\predictions.npz,a0dc284316d741a7e662382c7c7de36baa346215fe54bef932da989fb83f663a,4e76c4ef2b65387b14f60241956e0c80217af999227adcfe271d58b715625339
tep-outer32001-seed44-no_aug,TEP,32001,44,NO_AUG,TRACK_A_FROZEN_PAPER_FINAL_REFERENCE,FROZEN_PAPER_FINAL_5SEED_REUSE,0.9569355963729365,0.9874424711203224,0.013022618231665525,0.9216512215669755,0.90625,81.46153846153847,outputs\paper_final\tep\outer_32001\model_seed_44\NO_AUG\predictions.npz,0409d88c61f7fba3411494c42cd89de69fc63b550d2fbab82c03489a87cda65b,49a7b6bd1ba3de9d85f3fd377f78f2901ee86b4a16148f813ff2d167bc027399
tep-outer32001-seed2026-no_aug,TEP,32001,2026,NO_AUG,TRACK_A_FROZEN_PAPER_FINAL_REFERENCE,FROZEN_PAPER_FINAL_5SEED_REUSE,0.9027129238122751,0.960476759954722,0.047978067169294036,0.8466722830665543,0.75,100.57894736842105,outputs\paper_final\tep\outer_32001\model_seed_2026\NO_AUG\predictions.npz,08f19034db2725dfea2206192b7cc2476605d53125075e468d46717de8da464d,25d73bb0346fcc9841778288120b4bfe894f4497ad9552321363e42a266ee715
tep-outer32002-seed7-no_aug,TEP,32002,7,NO_AUG,TRACK_A_FROZEN_PAPER_FINAL_REFERENCE,FROZEN_PAPER_FINAL_5SEED_REUSE,0.9386118139353834,0.9867142804893537,0.007851534618129907,0.8778433024431339,0.8125,85.15384615384616,outputs\paper_final\tep\outer_32002\model_seed_7\NO_AUG\predictions.npz,36adc458bc3ccfed043eb00f032c1c8c2f7f09db5ee39dcb14987132afada588,7a7c1fa51d9d29330d6631447215700711296afcd2c46dd0ea9233c4b2626f99
tep-outer32002-seed42-no_aug,TEP,32002,42,NO_AUG,TRACK_A_FROZEN_PAPER_FINAL_REFERENCE,FROZEN_PAPER_FINAL_5SEED_REUSE,0.9082062973327332,0.9667508758170481,0.017844396859386154,0.8256107834877844,0.7875,102.7948717948718,outputs\paper_final\tep\outer_32002\model_seed_42\NO_AUG\predictions.npz,7d21a6fdcc5afae661d0fae7d82398951f5d7b58ca2725a3f41205a08a7aaf96,c29d5ee960fe960472dabfd5b19cdbc73a39c8e92a9f493c80475ecf16e4d814
tep-outer32002-seed43-no_aug,TEP,32002,43,NO_AUG,TRACK_A_FROZEN_PAPER_FINAL_REFERENCE,FROZEN_PAPER_FINAL_5SEED_REUSE,0.9375408970880135,0.9872446999201372,0.014989293361884369,0.8837405223251895,0.84375,88.5,outputs\paper_final\tep\outer_32002\model_seed_43\NO_AUG\predictions.npz,bdedcba9a8d8b41420736703188019aa4c56772bfed763d4fdd3b1274ebd96e1,5f2be4cf6425e168385cc74b9700d5dcd8a88e5f9591b1953e2be0bd1887ddbe
tep-outer32002-seed44-no_aug,TEP,32002,44,NO_AUG,TRACK_A_FROZEN_PAPER_FINAL_REFERENCE,FROZEN_PAPER_FINAL_5SEED_REUSE,0.9241413507314488,0.9804094144470733,0.007851534618129907,0.8475147430497051,0.79375,96.64102564102564,outputs\paper_final\tep\outer_32002\model_seed_44\NO_AUG\predictions.npz,3ce03298d8b1839ef71b68212632e2436781a1149a61f9811bca0885a0313307,1ddeecb14841d81c187fff6c2520636ef13e94ef61132f294e6f913ec0a8c1f0
tep-outer32002-seed2026-no_aug,TEP,32002,2026,NO_AUG,TRACK_A_FROZEN_PAPER_FINAL_REFERENCE,FROZEN_PAPER_FINAL_5SEED_REUSE,0.9204073479509585,0.9707628133749563,0.01998572448251249,0.8534119629317607,0.7875,103.2051282051282,outputs\paper_final\tep\outer_32002\model_seed_2026\NO_AUG\predictions.npz,7c262687b9ab35135972c5ecc5243f3a0883634ae2a6be0364e390075c4c1827,d0afec710e4a4c93f89af3fc5b25dd64cfe29ff687e1497def60feaffce35309
tep-outer32003-seed7-no_aug,TEP,32003,7,NO_AUG,TRACK_A_FROZEN_PAPER_FINAL_REFERENCE,FROZEN_PAPER_FINAL_5SEED_REUSE,0.9811030076888285,0.9980712542134133,0.011596180081855388,0.972682119205298,0.98125,73.0,outputs\paper_final\tep\outer_32003\model_seed_7\NO_AUG\predictions.npz,99a3d9bef2553aa11c40970f984a66b30eb88085d4d594a4b5ce1267aa11dcae,e731cfe34a82e01052c842102f555f7ad0c609030c202b2532235988cb7e0f97
tep-outer32003-seed42-no_aug,TEP,32003,42,NO_AUG,TRACK_A_FROZEN_PAPER_FINAL_REFERENCE,FROZEN_PAPER_FINAL_5SEED_REUSE,0.981504545238316,0.9980741804387551,0.017053206002728513,0.9801324503311258,0.98125,73.0,outputs\paper_final\tep\outer_32003\model_seed_42\NO_AUG\predictions.npz,3a68be743d293e8971e40d04330b0b1f7af5ab8cc250e362bd1c88e52192ea77,6361234d9415266e9cc7f2e50a1a0f45badaa48cbeafc34d296f805d44aa4f6d
tep-outer32003-seed43-no_aug,TEP,32003,43,NO_AUG,TRACK_A_FROZEN_PAPER_FINAL_REFERENCE,FROZEN_PAPER_FINAL_5SEED_REUSE,0.9739321537486676,0.9966935797614147,0.019781718963165076,0.9668874172185431,0.98125,73.4,outputs\paper_final\tep\outer_32003\model_seed_43\NO_AUG\predictions.npz,679f6819bee9cd2d4e9e403639059ee9071e636023b2941759d3e2df1439b0f2,89fb701dafd6784d9e507dde27e7781169311e3a07c862dd9b8e760263753da4
tep-outer32003-seed44-no_aug,TEP,32003,44,NO_AUG,TRACK_A_FROZEN_PAPER_FINAL_REFERENCE,FROZEN_PAPER_FINAL_5SEED_REUSE,0.975788854180814,0.997275213597935,0.01227830832196453,0.9619205298013245,0.99375,73.0,outputs\paper_final\tep\outer_32003\model_seed_44\NO_AUG\predictions.npz,0cc99e5091cc79c6dff379ac684f3fa4ddbf24c08aab09a3eb4f9bb1471681f6,4eb1c44dbac60e9aff79e2b050758a266d7fde570a5949c4fe6a99ec90d047ab
tep-outer32003-seed2026-no_aug,TEP,32003,2026,NO_AUG,TRACK_A_FROZEN_PAPER_FINAL_REFERENCE,FROZEN_PAPER_FINAL_5SEED_REUSE,0.964156886814749,0.9949390297809366,0.034788540245566164,0.9635761589403974,0.975,73.4,outputs\paper_final\tep\outer_32003\model_seed_2026\NO_AUG\predictions.npz,f300a4e5a5fbb480f824b4b44168a92b96497c590e0a48ed4cd6fbbb893292a1,a1d06d856ab3203a822997dffbc1205d29b7ea0f8e20a52f179084936569fd28
tep-outer32001-seed7-scaling,TEP,32001,7,SCALING,TRACK_A_FROZEN_PAPER_FINAL_REFERENCE,FROZEN_PAPER_FINAL_5SEED_REUSE,0.952272866124185,0.9885155753775697,0.013708019191226868,0.9123841617523167,0.875,85.3,outputs\paper_final\tep\outer_32001\model_seed_7\SCALING\predictions.npz,bd3cb909c09bd690472b56dc7c9f593e11df7a712e6e981b610a15b1052bf3cc,36604256a76039bbb4b3f8fe45101590a9217aa64749c4895aa8308054988200
tep-outer32001-seed42-scaling,TEP,32001,42,SCALING,TRACK_A_FROZEN_PAPER_FINAL_REFERENCE,FROZEN_PAPER_FINAL_5SEED_REUSE,0.9596148856423745,0.9899523092340721,0.009595613433858808,0.9233361415332771,0.90625,75.71794871794872,outputs\paper_final\tep\outer_32001\model_seed_42\SCALING\predictions.npz,5d5d91fdb47986ddbcab3fab18ed9a659b2e5dcb09aae7b499e538300801f448,c59e24de08996777ed4f81592038abf6c44e97cadf0da8b0d3c84fd7232af821
tep-outer32001-seed43-scaling,TEP,32001,43,SCALING,TRACK_A_FROZEN_PAPER_FINAL_REFERENCE,FROZEN_PAPER_FINAL_5SEED_REUSE,0.917073456488183,0.9748626242391074,0.023989033584647018,0.8491996630160067,0.75,108.5,outputs\paper_final\tep\outer_32001\model_seed_43\SCALING\predictions.npz,a2de65ea55d7939ce8ff90e32eb84ee771f6c4e369aa8dabe5e634ba0fb64f09,d44c4e80c18f20cb11c4390194432f63b74891719f58dad29750f2e47e304f61
tep-outer32001-seed44-scaling,TEP,32001,44,SCALING,TRACK_A_FROZEN_PAPER_FINAL_REFERENCE,FROZEN_PAPER_FINAL_5SEED_REUSE,0.9592094240837696,0.9865720464588295,0.00822481151473612,0.9208087615838247,0.9125,80.64102564102564,outputs\paper_final\tep\outer_32001\model_seed_44\SCALING\predictions.npz,a8111b9fd1d8a02ec30647d7289071bfeb7b987014a60bd72003966090fbe670,ce8fa65d089bfd4a0efc2ff01467be4e7716618860688a8bf4e6a32723e0d123
tep-outer32001-seed2026-scaling,TEP,32001,2026,SCALING,TRACK_A_FROZEN_PAPER_FINAL_REFERENCE,FROZEN_PAPER_FINAL_5SEED_REUSE,0.9011241360827655,0.960204803264361,0.047978067169294036,0.8433024431339511,0.74375,100.57894736842105,outputs\paper_final\tep\outer_32001\model_seed_2026\SCALING\predictions.npz,61efc3e269c99f0e3ab7a96d85a5907aa616d9973d9dd594817e4adfc5d42696,67fdcd17cbbc1dad9c58ae995a4f52f296c333ceb1b7ee8282ac393440120419
tep-outer32002-seed7-scaling,TEP,32002,7,SCALING,TRACK_A_FROZEN_PAPER_FINAL_REFERENCE,FROZEN_PAPER_FINAL_5SEED_REUSE,0.9344114419554859,0.9814028021902217,0.018558172733761598,0.8812131423757371,0.83125,84.74358974358974,outputs\paper_final\tep\outer_32002\model_seed_7\SCALING\predictions.npz,c4fe44a42f980eb6570b8d0195eb3676969927c34350e4674c3dcccc94a00e54,1ae27d3248b45f30c300d8e42dabdcda6681c5254624ecb8e7e38028390ef035
tep-outer32002-seed42-scaling,TEP,32002,42,SCALING,TRACK_A_FROZEN_PAPER_FINAL_REFERENCE,FROZEN_PAPER_FINAL_5SEED_REUSE,0.9097670407105305,0.9676463394035197,0.015703069236259814,0.8264532434709352,0.78125,98.47368421052632,outputs\paper_final\tep\outer_32002\model_seed_42\SCALING\predictions.npz,1c0f944232fe6dd4790620941ea1852b5ab27e54f20f378842849407760f9e7d,ed0755fd85d592e3f5d36c206cdb87ff23639d035e3566d8757535d941240576
tep-outer32002-seed43-scaling,TEP,32002,43,SCALING,TRACK_A_FROZEN_PAPER_FINAL_REFERENCE,FROZEN_PAPER_FINAL_5SEED_REUSE,0.9371162401926362,0.9875798883736981,0.013561741613133477,0.8812131423757371,0.84375,89.3,outputs\paper_final\tep\outer_32002\model_seed_43\SCALING\predictions.npz,aa921ab10a8e8ae88d98daf29a7d6bd4136de05241017c0852978d2b02f7807e,d6c416310c1bf082bbefc41321537cb36752e117e37ad85129f9d0175de44a02
tep-outer32002-seed44-scaling,TEP,32002,44,SCALING,TRACK_A_FROZEN_PAPER_FINAL_REFERENCE,FROZEN_PAPER_FINAL_5SEED_REUSE,0.9232414727696131,0.9804531939232679,0.004282655246252677,0.8416175231676495,0.7875,91.3157894736842,outputs\paper_final\tep\outer_32002\model_seed_44\SCALING\predictions.npz,60e6a1933153f1075533deb1ed4c416e375b0aa5b8c885dbf94ede74d3e38825,4294cf7e55511628b7f8e9ecf499141b24ca104922aad82b4d2a277ddcc24c99
tep-outer32002-seed2026-scaling,TEP,32002,2026,SCALING,TRACK_A_FROZEN_PAPER_FINAL_REFERENCE,FROZEN_PAPER_FINAL_5SEED_REUSE,0.9223345990772516,0.9707056661268821,0.01641684511063526,0.8534119629317607,0.79375,99.92307692307692,outputs\paper_final\tep\outer_32002\model_seed_2026\SCALING\predictions.npz,832a170e690f72d7dc93f6697b063620c31d25ee3b44f46e45b66ab6c5bf12aa,9aecf1b88b86ec41971a09694e25ffafd3b80c5c8e4026c5b34049bce2d70e7e
tep-outer32003-seed7-scaling,TEP,32003,7,SCALING,TRACK_A_FROZEN_PAPER_FINAL_REFERENCE,FROZEN_PAPER_FINAL_5SEED_REUSE,0.983383282160501,0.9981096716126138,0.01296043656207367,0.9793046357615894,0.9875,72.6,outputs\paper_final\tep\outer_32003\model_seed_7\SCALING\predictions.npz,38f83a25f9198ebdc49c21c9bc309dc84e30767092f9a3c95acb594776704a85,e2434314751662291a61bb54e7fe49523d4fae52d984b4df240c75824795ad11
tep-outer32003-seed42-scaling,TEP,32003,42,SCALING,TRACK_A_FROZEN_PAPER_FINAL_REFERENCE,FROZEN_PAPER_FINAL_5SEED_REUSE,0.9788875172078917,0.9980316915682503,0.0252387448840382,0.984271523178808,0.99375,73.0,outputs\paper_final\tep\outer_32003\model_seed_42\SCALING\predictions.npz,52ba5abb3b1c75dd1c4cccfcb1872d555a29325abadeb595b0c8e3ef58d898a8,d35a848ed2ce81ba224227ab5e1fe49c79ae69468f6fe0d1acc869a15939e4f0
tep-outer32003-seed43-scaling,TEP,32003,43,SCALING,TRACK_A_FROZEN_PAPER_FINAL_REFERENCE,FROZEN_PAPER_FINAL_5SEED_REUSE,0.9721340342307103,0.9967814933332924,0.03751705320600273,0.984271523178808,1.0,72.6,outputs\paper_final\tep\outer_32003\model_seed_43\SCALING\predictions.npz,96519a319d6ec70f1a7fb3e652a2a234576ecd1db52d22fe60269883dab5fc48,b14d52a9dadc1c09546bd781eaae37024d3917b731560e505d44cd19fc487c4e
tep-outer32003-seed44-scaling,TEP,32003,44,SCALING,TRACK_A_FROZEN_PAPER_FINAL_REFERENCE,FROZEN_PAPER_FINAL_5SEED_REUSE,0.9690725779151903,0.9952200940821793,0.032060027285129605,0.9710264900662252,0.99375,73.0,outputs\paper_final\tep\outer_32003\model_seed_44\SCALING\predictions.npz,5c1161a6847cac438b5873a38ac2222ac9b40a27af405094be1f191a79c004a9,73f46ac2ed00015ccba7836acf8829e28ea25927825e45c49faf32992e3a9a51
tep-outer32003-seed2026-scaling,TEP,32003,2026,SCALING,TRACK_A_FROZEN_PAPER_FINAL_REFERENCE,FROZEN_PAPER_FINAL_5SEED_REUSE,0.9678922987144911,0.9951940276842595,0.02592087312414734,0.9610927152317881,0.975,73.4,outputs\paper_final\tep\outer_32003\model_seed_2026\SCALING\predictions.npz,fcf3a8f62c4928fa6134d11d10f9d6fa5ea1d86e99f7af1f20f3b8d05d79d115,ab1fd6cfc911c9aa2b02a40c6fcbd6a3985c18015e2f6764ac04616bd80d3136
tep-outer32001-seed7-softclt,TEP,32001,7,SoftCLT,TRACK_A_MECHANISM_ADAPTATION,H1_3SEED_POSTHOC_REUSE,0.7502614596718975,0.8462317632336244,0.16929403701165183,0.6655433866891323,0.51875,146.28205128205127,outputs\posthoc_recent_baselines\benchmark\tep\outer_32001\seed_7\SoftCLT\predictions.npz,6c366f977b19a1bfd84cf827db8dafdf0ebcef9de4b106c6fbb2dba1f145046a,27b776e41f251bdce5258b9129f41f77f1e7d23d8f81be86f24d9d10e0d51644
tep-outer32001-seed42-softclt,TEP,32001,42,SoftCLT,TRACK_A_MECHANISM_ADAPTATION,H1_3SEED_POSTHOC_REUSE,0.7686528676474498,0.8432051210981313,0.13159698423577793,0.6630160067396799,0.5375,149.97435897435898,outputs\posthoc_recent_baselines\benchmark\tep\outer_32001\seed_42\SoftCLT\predictions.npz,bede85ebf537f37c2f193b67e76b8bb9f201ccf0a4af43a910a51ae063e5cf28,cca6f9b89ab111714bcfdaf071cc0a5117ae03a981ea928ac62e83a000ccc058
tep-outer32001-seed43-softclt,TEP,32001,43,SoftCLT,TRACK_A_MECHANISM_ADAPTATION,H1_5SEED_EXTENSION_NEW,0.7628787258626637,0.8469061608967088,0.11309115832762166,0.632687447346251,0.53125,139.30769230769232,outputs\posthoc_baseline_5seed_extension\benchmark\tep\outer_32001\seed_43\SoftCLT\predictions.npz,a01cb0a77d6e7b8142998514f1ccad44e7986e951de738a77141fefd3eb4d21d,5400555b08d1d736ff97ec4a032ec013ef4a6449886538701a135c00227fdc65
tep-outer32001-seed44-softclt,TEP,32001,44,SoftCLT,TRACK_A_MECHANISM_ADAPTATION,H1_5SEED_EXTENSION_NEW,0.765995166600509,0.8562724181379477,0.16860863605209048,0.6967144060657119,0.5125,139.21052631578948,outputs\posthoc_baseline_5seed_extension\benchmark\tep\outer_32001\seed_44\SoftCLT\predictions.npz,084403dc859de1b43d66145d548ccf2a1e006612976a20e32c002a2a8e60df81,252da064d2b592433692d2b028285a63e7462786f69b639cc1596cac0dac015c
tep-outer32001-seed2026-softclt,TEP,32001,2026,SoftCLT,TRACK_A_MECHANISM_ADAPTATION,H1_3SEED_POSTHOC_REUSE,0.7547135781933024,0.8651418241336134,0.22618231665524333,0.7363100252737995,0.61875,124.1,outputs\posthoc_recent_baselines\benchmark\tep\outer_32001\seed_2026\SoftCLT\predictions.npz,72e90fc6e22a041ecc84b623e61c3d295ec1cbd17a6949374216a9820ffa4567,06a6f69a805639fd90a3dea08f1406859d61b669918b781601fb99c6a67df5aa
tep-outer32002-seed7-softclt,TEP,32002,7,SoftCLT,TRACK_A_MECHANISM_ADAPTATION,H1_3SEED_POSTHOC_REUSE,0.7628400243096103,0.8519890466635048,0.05281941470378301,0.5770850884582982,0.53125,126.66666666666667,outputs\posthoc_recent_baselines\benchmark\tep\outer_32002\seed_7\SoftCLT\predictions.npz,f7ae3374d610bfa1d51d0d54bec1d314a0d1afe21a3bd796d0f1d8811a0d4e65,54cffbe992ee4e5ad30d59c8e38f6e8e47eb253361a9b37b65a8c03a9d8c2ed6
tep-outer32002-seed42-softclt,TEP,32002,42,SoftCLT,TRACK_A_MECHANISM_ADAPTATION,H1_3SEED_POSTHOC_REUSE,0.7636376358535613,0.8511767545005864,0.04853675945753034,0.5745577085088458,0.50625,140.44444444444446,outputs\posthoc_recent_baselines\benchmark\tep\outer_32002\seed_42\SoftCLT\predictions.npz,f163de5400df8c106b70aba38197ca07f480ecd92a8317b1e10e07be500fee7e,db9fb74cbb63bd8c19087e7bc3dd925d26ea09a48dd318e9a7e5f263d6367b26
tep-outer32002-seed43-softclt,TEP,32002,43,SoftCLT,TRACK_A_MECHANISM_ADAPTATION,H1_5SEED_EXTENSION_NEW,0.7553948163837239,0.8492737516361403,0.06566738044254104,0.5754001684919966,0.56875,121.3529411764706,outputs\posthoc_baseline_5seed_extension\benchmark\tep\outer_32002\seed_43\SoftCLT\predictions.npz,06e05db6c1edc3824098f908ed8c4c1f6505db53876c1723657523ed8a0c1024,335a465ec4a9b4a4bec4b1881cda97a2d882e73cd48abcdd1621b12a49e625d0
tep-outer32002-seed44-softclt,TEP,32002,44,SoftCLT,TRACK_A_MECHANISM_ADAPTATION,H1_5SEED_EXTENSION_NEW,0.7368650535478032,0.8230790803061542,0.11848679514632406,0.590564448188711,0.50625,128.64102564102564,outputs\posthoc_baseline_5seed_extension\benchmark\tep\outer_32002\seed_44\SoftCLT\predictions.npz,50d3c3233aa463ee142f32ae34dcc24a031250a065b0f59672ee1a9c0fd75420,151f62efb867c8bde8ba41323597f4f66e51d7ef53adaafe405306631f6f030b
tep-outer32002-seed2026-softclt,TEP,32002,2026,SoftCLT,TRACK_A_MECHANISM_ADAPTATION,H1_3SEED_POSTHOC_REUSE,0.7463163717887749,0.8416428671097264,0.03640256959314775,0.5324347093513058,0.51875,151.66666666666666,outputs\posthoc_recent_baselines\benchmark\tep\outer_32002\seed_2026\SoftCLT\predictions.npz,f3b1b0fbec3c27e8d4827213255fd1fa6909da1bb0db5a1ccc7de604984b1323,6788ae99ac7e6035d4448a4f64c7e109465a2d10e11d7bbfc801f4a3cc7f6b15
tep-outer32003-seed7-softclt,TEP,32003,7,SoftCLT,TRACK_A_MECHANISM_ADAPTATION,H1_3SEED_POSTHOC_REUSE,0.7316044397240928,0.8250835837621954,0.017735334242837655,0.48758278145695366,0.46875,143.66666666666666,outputs\posthoc_recent_baselines\benchmark\tep\outer_32003\seed_7\SoftCLT\predictions.npz,b9a5e19912bbb0d598b587f54a8b1cbf66d2e55a2b2c6e2a360305736778e27c,4d2fde1fc513059263dc021d92dd14c6b6a324df537b60937944fa50c8ba726d
tep-outer32003-seed42-softclt,TEP,32003,42,SoftCLT,TRACK_A_MECHANISM_ADAPTATION,H1_3SEED_POSTHOC_REUSE,0.7362206513265194,0.8241383573422789,0.08185538881309687,0.5529801324503312,0.50625,167.4,outputs\posthoc_recent_baselines\benchmark\tep\outer_32003\seed_42\SoftCLT\predictions.npz,ca8e8c2cc20ff8a549df52c72d70189661fb78a2c55b3bd69d8d0a7e25893b35,9d47936ea99602008a722e896208d0a28d3c06630a9d7d9d5e9a2fd23ad9316b
tep-outer32003-seed43-softclt,TEP,32003,43,SoftCLT,TRACK_A_MECHANISM_ADAPTATION,H1_5SEED_EXTENSION_NEW,0.7574288861530487,0.8318122661239126,0.07025920873124147,0.5811258278145696,0.55,135.43243243243242,outputs\posthoc_baseline_5seed_extension\benchmark\tep\outer_32003\seed_43\SoftCLT\predictions.npz,d73cb8b91d3941e90354c9199eb6153ded2b8ab26630204cc550ba8023c34a18,7b7c8a32e6022ca4d72fc8da1eb2108c46f220a133f5dbffc28c4e2e182be8b6
tep-outer32003-seed44-softclt,TEP,32003,44,SoftCLT,TRACK_A_MECHANISM_ADAPTATION,H1_5SEED_EXTENSION_NEW,0.7442489213149248,0.8356316826677839,0.0723055934515689,0.5587748344370861,0.50625,147.22222222222223,outputs\posthoc_baseline_5seed_extension\benchmark\tep\outer_32003\seed_44\SoftCLT\predictions.npz,3ade472eee319897174c6509e6dd7ba333f07c00d5674766d694fe59dd158cd0,11cb6a42492c4b5bec7b47c8142b72c0e60f3263d0880ed86faa4d091a5cde3e
tep-outer32003-seed2026-softclt,TEP,32003,2026,SoftCLT,TRACK_A_MECHANISM_ADAPTATION,H1_3SEED_POSTHOC_REUSE,0.7325229324065519,0.8196557956486401,0.05184174624829468,0.5190397350993378,0.49375,141.78787878787878,outputs\posthoc_recent_baselines\benchmark\tep\outer_32003\seed_2026\SoftCLT\predictions.npz,56747429ba4c97feaf51cd9f33fd8b95e7b7980bc722d7359aa65a4d3485b403,7cd3d97c31a742d3c813de24fb75cd0d83788932f5e46b26cb205f1c264c9d38
tep-outer32001-seed7-tf_c,TEP,32001,7,TF-C,TRACK_B_METHOD_NATIVE_REPRESENTATION,H1_3SEED_POSTHOC_REUSE,0.8237383979986085,0.8941345526356799,0.0774503084304318,0.7160909856781803,0.64375,91.3157894736842,outputs\posthoc_recent_baselines\benchmark\tep\outer_32001\seed_7\TF-C\predictions.npz,284d5299fff3c222140bec6be27262a30c333bd2f1df02fec31f31c7eaf490aa,d565b13792ab01a79f21acaacd045f35d43da2f40d1646792dbbc73a90cee648
tep-outer32001-seed42-tf_c,TEP,32001,42,TF-C,TRACK_B_METHOD_NATIVE_REPRESENTATION,H1_3SEED_POSTHOC_REUSE,0.8242073004810258,0.9015129653734814,0.07813570938999315,0.7177759056444819,0.625,114.1,outputs\posthoc_recent_baselines\benchmark\tep\outer_32001\seed_42\TF-C\predictions.npz,b9b0b2dac11b8c87a93af882c3ca00a89ff24bae8b95e9085f1aa0653eb7b196,3e522610fd083d9cb99dfc552e4eaf35348a349c9eceaf1d129f170a9226f25e
tep-outer32001-seed43-tf_c,TEP,32001,43,TF-C,TRACK_B_METHOD_NATIVE_REPRESENTATION,H1_5SEED_EXTENSION_NEW,0.8224017037349567,0.8943089157169579,0.06579849211788896,0.7009267059814659,0.625,107.73684210526316,outputs\posthoc_baseline_5seed_extension\benchmark\tep\outer_32001\seed_43\TF-C\predictions.npz,234bf5fbb0bf1c2b252de76de11d9a39ba0eb04a5d4fd4e5f7c5f8f4b5b375e4,550ba367dd6a7a052d1bd2ec98454dc1550fae3e4a6bc05e52689248fe555e96
tep-outer32001-seed44-tf_c,TEP,32001,44,TF-C,TRACK_B_METHOD_NATIVE_REPRESENTATION,H1_5SEED_EXTENSION_NEW,0.8172661391752234,0.8937129439146899,0.08567511994516792,0.7118786857624263,0.6375,91.3157894736842,outputs\posthoc_baseline_5seed_extension\benchmark\tep\outer_32001\seed_44\TF-C\predictions.npz,c7d8aa1de44f33c88a98a8a198ee700679f7df5202f105dae1efaf39c3c47c78,aea58f76fbf2d531c7816540c191d406ba15a928a0238c546a66713a71e5dc88
tep-outer32001-seed2026-tf_c,TEP,32001,2026,TF-C,TRACK_B_METHOD_NATIVE_REPRESENTATION,H1_3SEED_POSTHOC_REUSE,0.823316573608746,0.9020696317089524,0.07196710075394105,0.7093513058129739,0.6625,98.5,outputs\posthoc_recent_baselines\benchmark\tep\outer_32001\seed_2026\TF-C\predictions.npz,afee3ec803df620587a82bd26e5a013bf2e58cb2f8f8120b874f748b1bc004b0,2adc0cb405d91a1babd86ba0e7a41c0ddf33122c1d3139a4423498566cfb1bb0
tep-outer32002-seed7-tf_c,TEP,32002,7,TF-C,TRACK_B_METHOD_NATIVE_REPRESENTATION,H1_3SEED_POSTHOC_REUSE,0.7940609762099591,0.8836528769308087,0.11206281227694503,0.6950294860994103,0.65,103.3,outputs\posthoc_recent_baselines\benchmark\tep\outer_32002\seed_7\TF-C\predictions.npz,8d8d06153c632160ecea9a9d733f2c3ca26ed472f217442c8e29b581f808ebb7,9e5e9b37463a29701780bcb33f7938cf6de9694266813c9abb2f26141add88ab
tep-outer32002-seed42-tf_c,TEP,32002,42,TF-C,TRACK_B_METHOD_NATIVE_REPRESENTATION,H1_3SEED_POSTHOC_REUSE,0.8022002688266192,0.8896671179879616,0.0649536045681656,0.6630160067396799,0.6625,109.7,outputs\posthoc_recent_baselines\benchmark\tep\outer_32002\seed_42\TF-C\predictions.npz,fb4391ae7ed796a3258473ca05aeeb2d4b544d9cb0363bd65d9592a7fcee9841,69ee5d41c65b6d458ab15d1b518fae0ec3044074cfdea2b4ce3c8574be2330bf
tep-outer32002-seed43-tf_c,TEP,32002,43,TF-C,TRACK_B_METHOD_NATIVE_REPRESENTATION,H1_5SEED_EXTENSION_NEW,0.8000440842947012,0.8839730488025885,0.10135617416131334,0.6958719460825611,0.65625,96.5,outputs\posthoc_baseline_5seed_extension\benchmark\tep\outer_32002\seed_43\TF-C\predictions.npz,b8317a449ba34d20cc7e11694edf1abdf6b85e68d69ce347d9ba79bc2c2b7c96,2b23c0c0bfefd84201132214dee5b3139a22b050c1fa2c87a3e9a5560b53b9a4
tep-outer32002-seed44-tf_c,TEP,32002,44,TF-C,TRACK_B_METHOD_NATIVE_REPRESENTATION,H1_5SEED_EXTENSION_NEW,0.8055201640735362,0.8927699965889654,0.07851534618129907,0.6832350463352991,0.66875,113.7,outputs\posthoc_baseline_5seed_extension\benchmark\tep\outer_32002\seed_44\TF-C\predictions.npz,c44a983831b4c29ea5703e4b785e8773a3da7f8323d6697cd8306baa30c08d6d,04847bfb3b8edd96b611b920ae608f5f70ba69294039e2bb9abaab0d62679279
tep-outer32002-seed2026-tf_c,TEP,32002,2026,TF-C,TRACK_B_METHOD_NATIVE_REPRESENTATION,H1_3SEED_POSTHOC_REUSE,0.7972666697876192,0.8950687901033755,0.0635260528194147,0.6520640269587195,0.61875,106.8974358974359,outputs\posthoc_recent_baselines\benchmark\tep\outer_32002\seed_2026\TF-C\predictions.npz,43237949bafeb19bbe241ca140291188a8d23fc4670c1cd833c926728644206f,d24543d517504f059a26578bd39946aa4cc4f596019274666c51220d7f37be31
tep-outer32003-seed7-tf_c,TEP,32003,7,TF-C,TRACK_B_METHOD_NATIVE_REPRESENTATION,H1_3SEED_POSTHOC_REUSE,0.7941792611118419,0.872460329880655,0.12346521145975443,0.7061258278145696,0.6625,109.8,outputs\posthoc_recent_baselines\benchmark\tep\outer_32003\seed_7\TF-C\predictions.npz,89319b05255708d6da8d3cf8220e659f00b8fae237e6cff77cbfe593ef6c7a75,808f4482124ec38ea13cc5d71c543c58a233c3a7cf8fd9f6c2e94ae5657aa995
tep-outer32003-seed42-tf_c,TEP,32003,42,TF-C,TRACK_B_METHOD_NATIVE_REPRESENTATION,H1_3SEED_POSTHOC_REUSE,0.7929472792461466,0.8834776099625434,0.12892223738062755,0.7094370860927153,0.6625,94.6,outputs\posthoc_recent_baselines\benchmark\tep\outer_32003\seed_42\TF-C\predictions.npz,ffb40160fbd72e59976947983e7808af09167654de927c1b9224a7e98ec5a62f,555e7e302c23b56020bfe5f5471b7ec76c1f72f7b172b27040bdfdc365993e85
tep-outer32003-seed43-tf_c,TEP,32003,43,TF-C,TRACK_B_METHOD_NATIVE_REPRESENTATION,H1_5SEED_EXTENSION_NEW,0.7934375878701361,0.877763333551783,0.06412005457025921,0.6432119205298014,0.6,119.8,outputs\posthoc_baseline_5seed_extension\benchmark\tep\outer_32003\seed_43\TF-C\predictions.npz,14a99923193c05ef094e9b2368aaa2915566f66b6095b2f5f6d6b7a570cad9cd,9e14a628a43890b3c425c5ae68487163cf4f8af410c7fc55560777af5ba9e009
tep-outer32003-seed44-tf_c,TEP,32003,44,TF-C,TRACK_B_METHOD_NATIVE_REPRESENTATION,H1_5SEED_EXTENSION_NEW,0.7918638183498055,0.8776763532627416,0.07366984993178717,0.6498344370860927,0.64375,106.58974358974359,outputs\posthoc_baseline_5seed_extension\benchmark\tep\outer_32003\seed_44\TF-C\predictions.npz,bc6731821f903765c238ef14e36bf638bac28dab665b317ea125147a099ccc3a,ba1f2577f41b86675fd1b324057635828da890f0deb79dd7c0db28f8d2a26d6f
tep-outer32003-seed2026-tf_c,TEP,32003,2026,TF-C,TRACK_B_METHOD_NATIVE_REPRESENTATION,H1_3SEED_POSTHOC_REUSE,0.775884142362783,0.8804314438308242,0.22373806275579808,0.7781456953642384,0.8,82.2,outputs\posthoc_recent_baselines\benchmark\tep\outer_32003\seed_2026\TF-C\predictions.npz,c1aefc12ffacd5958d3ae164e75a68e04a3ac52e34e70315a49f0f992eddc06e,b1709451c022b98a56706bba3653e0a481a2b6f68f880616d58d125e0c7dd7f5
tep-outer32001-seed7-ts2vec,TEP,32001,7,TS2Vec,TRACK_B_METHOD_NATIVE_REPRESENTATION,H1_3SEED_POSTHOC_REUSE,0.7690431690488152,0.8709702626602964,0.21795750514050719,0.7573715248525695,0.6125,122.9,outputs\posthoc_recent_baselines\benchmark\tep\outer_32001\seed_7\TS2Vec\predictions.npz,e7f8b1295487d80ca74f0c9e4a98aa706f30542c06e6eafcda42d2cb281c5395,5f334dfee3ab2c08c24126ed965b54266be7fa82cdf8405611cbb26350822fb5
tep-outer32001-seed42-ts2vec,TEP,32001,42,TS2Vec,TRACK_B_METHOD_NATIVE_REPRESENTATION,H1_3SEED_POSTHOC_REUSE,0.7825561128976213,0.8691605716162238,0.16518163125428376,0.7270429654591407,0.5375,125.76923076923077,outputs\posthoc_recent_baselines\benchmark\tep\outer_32001\seed_42\TS2Vec\predictions.npz,68eac1ea223410951138bf6647b724a973d1c7354127fcf29bf3ba3262aaa625,fa91bc53950605c58a805361fdf86ba7dfacafade57d4eac4a08c0578bd1df2d
tep-outer32001-seed43-ts2vec,TEP,32001,43,TS2Vec,TRACK_B_METHOD_NATIVE_REPRESENTATION,H1_5SEED_EXTENSION_NEW,0.787104075732167,0.8725172656986756,0.12131596984235778,0.6891322662173547,0.525,144.1,outputs\posthoc_baseline_5seed_extension\benchmark\tep\outer_32001\seed_43\TS2Vec\predictions.npz,b605f328582bc0440eed0021b262e8309f3690de6203edf6ac812ed1d8b966c2,7ec511af6b22a23cd434a59ac0a5afdb4c7352fd5bb49becd45922a66acea253
tep-outer32001-seed44-ts2vec,TEP,32001,44,TS2Vec,TRACK_B_METHOD_NATIVE_REPRESENTATION,H1_5SEED_EXTENSION_NEW,0.7733444609349345,0.8779204894529193,0.2165867032213845,0.7649536647009267,0.60625,111.10526315789474,outputs\posthoc_baseline_5seed_extension\benchmark\tep\outer_32001\seed_44\TS2Vec\predictions.npz,350e3ac08409b7233440fa036bc28dcfdfb0c5ad23d99e21472d209323bb4261,a32c9b6af0bffa80fb3881e616d811cb71b2fadbc5e55accb232b3d45b7d2c1a
tep-outer32001-seed2026-ts2vec,TEP,32001,2026,TS2Vec,TRACK_B_METHOD_NATIVE_REPRESENTATION,H1_3SEED_POSTHOC_REUSE,0.7899910443942173,0.874764603802328,0.10623714873200822,0.6790227464195451,0.46875,137.21052631578948,outputs\posthoc_recent_baselines\benchmark\tep\outer_32001\seed_2026\TS2Vec\predictions.npz,aec043fc9b5b550ad84c55c549f78e4a55dd5ab52fe6e9a7375b962b42be5d97,de400751acc151d4777f266b652ef1b9edf00f9ecbdef966f764c7887945fa46
tep-outer32002-seed7-ts2vec,TEP,32002,7,TS2Vec,TRACK_B_METHOD_NATIVE_REPRESENTATION,H1_3SEED_POSTHOC_REUSE,0.7637822211552253,0.8601028209869443,0.1377587437544611,0.6613310867733783,0.60625,121.3,outputs\posthoc_recent_baselines\benchmark\tep\outer_32002\seed_7\TS2Vec\predictions.npz,56e02e3fdc78465b774f0cc89a525fe5397c70949c31d8f32910f4a990a1e700,c4fbc881d7bd4375cb362f76bc598780118cb29597bdafc2c511a1fb67f28d00
tep-outer32002-seed42-ts2vec,TEP,32002,42,TS2Vec,TRACK_B_METHOD_NATIVE_REPRESENTATION,H1_3SEED_POSTHOC_REUSE,0.7778980174677981,0.859004226357988,0.1334760885082084,0.6849199663016007,0.61875,107.94736842105263,outputs\posthoc_recent_baselines\benchmark\tep\outer_32002\seed_42\TS2Vec\predictions.npz,1d462fcb9db0b1ba14357bddc310b7e562262155261747337e9c07ee6402b729,a0983042d20a9fddbccd3c7150e4b9cead2207d2d33addf7fe0dc0368169bbbc
tep-outer32002-seed43-ts2vec,TEP,32002,43,TS2Vec,TRACK_B_METHOD_NATIVE_REPRESENTATION,H1_5SEED_EXTENSION_NEW,0.7664827346867951,0.8564109258251179,0.11991434689507495,0.6486941870261163,0.60625,126.9,outputs\posthoc_baseline_5seed_extension\benchmark\tep\outer_32002\seed_43\TS2Vec\predictions.npz,a90a8ddef2b1c1b18d8c8df59574dc39930a021c5c00620083cb4be584e48c60,c188d5bd963dba911f126bda45d312ec06701abf93b9572bcc87003dc7f94892
tep-outer32002-seed44-ts2vec,TEP,32002,44,TS2Vec,TRACK_B_METHOD_NATIVE_REPRESENTATION,H1_5SEED_EXTENSION_NEW,0.7674320413282416,0.8569070951837725,0.14061384725196288,0.6714406065711879,0.525,145.05128205128204,outputs\posthoc_baseline_5seed_extension\benchmark\tep\outer_32002\seed_44\TS2Vec\predictions.npz,923d3d9292cff5dc39883aaec6ebab0f14456155e90168a7e9263fd623c8ef92,c4c62edd1f74ea34e35d8d54f36a2b2b575ea98876113ec8d081ced980f6c520
tep-outer32002-seed2026-ts2vec,TEP,32002,2026,TS2Vec,TRACK_B_METHOD_NATIVE_REPRESENTATION,H1_3SEED_POSTHOC_REUSE,0.7688349417571385,0.8659795380822073,0.185581727337616,0.7211457455770851,0.6875,109.7,outputs\posthoc_recent_baselines\benchmark\tep\outer_32002\seed_2026\TS2Vec\predictions.npz,d5f5a08f181dc4e5f42b1f0130814c7a7d6e5eb2209a3c91252ec966ae39a3ab,652c6a42feacd7a47fc734a56ec2965dd950d95291dcc4798e46ed4bfb2c0fc6
tep-outer32003-seed7-ts2vec,TEP,32003,7,TS2Vec,TRACK_B_METHOD_NATIVE_REPRESENTATION,H1_3SEED_POSTHOC_REUSE,0.7535368150491372,0.8505125142725856,0.13437926330150068,0.6365894039735099,0.525,131.2051282051282,outputs\posthoc_recent_baselines\benchmark\tep\outer_32003\seed_7\TS2Vec\predictions.npz,da16a1382db572334e99fa3109a78d4cc018ebcd07632c7a4fa1f835dfd39e9d,51284d4547ffaf1f612c3923d2d7a08ab652a75c9ee87be106242fa94bd355f1
tep-outer32003-seed42-ts2vec,TEP,32003,42,TS2Vec,TRACK_B_METHOD_NATIVE_REPRESENTATION,H1_3SEED_POSTHOC_REUSE,0.7552920079219463,0.8392756347887051,0.13915416098226466,0.6448675496688742,0.56875,122.48717948717949,outputs\posthoc_recent_baselines\benchmark\tep\outer_32003\seed_42\TS2Vec\predictions.npz,d78d206bfd141767185d71f79a276e17fa1914b154ca3879347a267ad6fcf940,ec4e043e26f0254e1f7f8d4296a5f913c4d1af8fbc3700bd494be4a0ad3f1169
tep-outer32003-seed43-ts2vec,TEP,32003,43,TS2Vec,TRACK_B_METHOD_NATIVE_REPRESENTATION,H1_5SEED_EXTENSION_NEW,0.736979178900785,0.8317020848076411,0.11800818553888132,0.5885761589403974,0.55625,136.53846153846155,outputs\posthoc_baseline_5seed_extension\benchmark\tep\outer_32003\seed_43\TS2Vec\predictions.npz,cc78d270a9022561c2ae06619ffc3d3737d3c3f2c3aeb2f6c9a3eccf7b8cd971,c90aeafbc7e30ead44472f6c5d53797a2484607bbf8ac3e4832a4146c0283571
tep-outer32003-seed44-ts2vec,TEP,32003,44,TS2Vec,TRACK_B_METHOD_NATIVE_REPRESENTATION,H1_5SEED_EXTENSION_NEW,0.7267410749897054,0.8226880426494567,0.18076398362892224,0.6307947019867549,0.53125,137.0,outputs\posthoc_baseline_5seed_extension\benchmark\tep\outer_32003\seed_44\TS2Vec\predictions.npz,58af78c2c53d54fa5f6a6e8079440e8216e41f9c0710f6ef626c12d7fe032fcc,3dfe7de561fe0a3ada8cf9b7a38a70706ad0a5f40f19100a1f231c7c104de015
tep-outer32003-seed2026-ts2vec,TEP,32003,2026,TS2Vec,TRACK_B_METHOD_NATIVE_REPRESENTATION,H1_3SEED_POSTHOC_REUSE,0.7658080034837517,0.8612802447311912,0.15416098226466576,0.6812913907284768,0.56875,119.3076923076923,outputs\posthoc_recent_baselines\benchmark\tep\outer_32003\seed_2026\TS2Vec\predictions.npz,8cb82ccca78d1fa50ea67cad31fb98c03913360e59565f828bc9cc75b257f6fa,632954f3ded83d9a0e7ba42f28cdce212904f1979b5df5752ab76332342f022a
tep-outer32001-seed7-uniform_diffusion,TEP,32001,7,UNIFORM_DIFFUSION,TRACK_A_FROZEN_PAPER_FINAL_REFERENCE,FROZEN_PAPER_FINAL_5SEED_REUSE,0.9546194216108457,0.9878668921680986,0.01439342015078821,0.9182813816343723,0.875,82.1,outputs\paper_final\tep\outer_32001\model_seed_7\UNIFORM_DIFFUSION\predictions.npz,de0a931b09c254e67b74d99a8ff6cc1167a55e39e19c7141bbfd6a8ca60030a5,a0fdc05914465b46beb86b6e13577cc8f839a5f321c9598291954ecb4d6ef3e2
tep-outer32001-seed42-uniform_diffusion,TEP,32001,42,UNIFORM_DIFFUSION,TRACK_A_FROZEN_PAPER_FINAL_REFERENCE,FROZEN_PAPER_FINAL_5SEED_REUSE,0.9389184881500439,0.9813695906837295,0.03221384509938314,0.9056444818871103,0.85,85.7,outputs\paper_final\tep\outer_32001\model_seed_42\UNIFORM_DIFFUSION\predictions.npz,fdf7123f3e994918ebb305bd0664ee64e44f6da011eaf67b852dc5d28ee898d7,c0ddfc9509b1dd196bd9266cf5d006c6a6767e34a4b16861caa3a56c114080b4
tep-outer32001-seed43-uniform_diffusion,TEP,32001,43,UNIFORM_DIFFUSION,TRACK_A_FROZEN_PAPER_FINAL_REFERENCE,FROZEN_PAPER_FINAL_5SEED_REUSE,0.9451671842529246,0.9857429701114865,0.009595613433858808,0.8921651221566975,0.825,92.5,outputs\paper_final\tep\outer_32001\model_seed_43\UNIFORM_DIFFUSION\predictions.npz,498392d37d17977d9f658d557bccdd8fe01d597f58de14521828c41b9a0fbfc4,b6f6ee9050d70c2ae4f020b190145ecd653f288b705d01a984b55ec397ec59b6
tep-outer32001-seed44-uniform_diffusion,TEP,32001,44,UNIFORM_DIFFUSION,TRACK_A_FROZEN_PAPER_FINAL_REFERENCE,FROZEN_PAPER_FINAL_5SEED_REUSE,0.9569528112449799,0.9872398683699546,0.01439342015078821,0.9233361415332771,0.90625,81.46153846153847,outputs\paper_final\tep\outer_32001\model_seed_44\UNIFORM_DIFFUSION\predictions.npz,133ee6aa5a2acc7e027ac1dbd50bdadb2790133c15d1627616e012493a0a05df,b21bb2c4ca0fa4f406e2394804cab58bcfa69f30a0ff0e756dc999e3b998e5ce
tep-outer32001-seed2026-uniform_diffusion,TEP,32001,2026,UNIFORM_DIFFUSION,TRACK_A_FROZEN_PAPER_FINAL_REFERENCE,FROZEN_PAPER_FINAL_5SEED_REUSE,0.9023595586739215,0.9602737853736187,0.04934886908841672,0.8475147430497051,0.75,100.57894736842105,outputs\paper_final\tep\outer_32001\model_seed_2026\UNIFORM_DIFFUSION\predictions.npz,c4e624dd5a673a3bb7e6329b1f60a86edf7af0c80bb39949fac38cafe0cf7cf7,b23a2d8574d764efc58f770668874ebe83ec5a9bef79ef434ecbaea7942d0dcf
tep-outer32002-seed7-uniform_diffusion,TEP,32002,7,UNIFORM_DIFFUSION,TRACK_A_FROZEN_PAPER_FINAL_REFERENCE,FROZEN_PAPER_FINAL_5SEED_REUSE,0.9378895724158882,0.9863030611352579,0.012134189864382585,0.8812131423757371,0.825,83.92307692307692,outputs\paper_final\tep\outer_32002\model_seed_7\UNIFORM_DIFFUSION\predictions.npz,3e4aa682a5dd9c58f1d02c4a2ca3acad37d886e335044cfc6da1fb25356e8dd9,1f3d652ea4c6ddb44d2f9e0651691e01318f52aaf4b61e5bc5ba0e1a793a61bd
tep-outer32002-seed42-uniform_diffusion,TEP,32002,42,UNIFORM_DIFFUSION,TRACK_A_FROZEN_PAPER_FINAL_REFERENCE,FROZEN_PAPER_FINAL_5SEED_REUSE,0.9091276597303812,0.9665500260765251,0.021413276231263382,0.83150800336984,0.8,97.46153846153847,outputs\paper_final\tep\outer_32002\model_seed_42\UNIFORM_DIFFUSION\predictions.npz,927771018e5293c873220a89a33b72732265bbd61070ae42ee911679aba7efe1,52009b37aa29d18d45a7e64ecc5b70033f75a87c28a48bd8a0a086b9a062f55f
tep-outer32002-seed43-uniform_diffusion,TEP,32002,43,UNIFORM_DIFFUSION,TRACK_A_FROZEN_PAPER_FINAL_REFERENCE,FROZEN_PAPER_FINAL_5SEED_REUSE,0.9371290342759726,0.9881159082592961,0.014275517487508922,0.8820556023588879,0.8375,89.7,outputs\paper_final\tep\outer_32002\model_seed_43\UNIFORM_DIFFUSION\predictions.npz,73e68f06553f4fd264e267ba1e2d4ec79286a30226d70565da894f6f9ad9d42f,7ee2ddefab9df9fd7a732ae5c3975dfdf690ac42424192761e8f391d4a64fd3e
tep-outer32002-seed44-uniform_diffusion,TEP,32002,44,UNIFORM_DIFFUSION,TRACK_A_FROZEN_PAPER_FINAL_REFERENCE,FROZEN_PAPER_FINAL_5SEED_REUSE,0.922910572689849,0.9802750555935138,0.007137758743754461,0.8441449031171019,0.79375,97.05128205128206,outputs\paper_final\tep\outer_32002\model_seed_44\UNIFORM_DIFFUSION\predictions.npz,1ca69591d504bc3e5b4ce5601ba07be4935831521f2b399c6b89915b9f37a40b,ec25faae8ba733069dbaa12e6760be75132caea5f6dccd5650e2ee1cde815617
tep-outer32002-seed2026-uniform_diffusion,TEP,32002,2026,UNIFORM_DIFFUSION,TRACK_A_FROZEN_PAPER_FINAL_REFERENCE,FROZEN_PAPER_FINAL_5SEED_REUSE,0.9220510386623344,0.9708829846004806,0.021413276231263382,0.8584667228306655,0.79375,98.6923076923077,outputs\paper_final\tep\outer_32002\model_seed_2026\UNIFORM_DIFFUSION\predictions.npz,77cc97f9e0de3581726effdb348bc26382d45dd9b181a656642f64975e6c2fdd,4bc77d3d1942a9a22fc04745f1f36fe044ee0689302ce3e534af41ce85d715d3
tep-outer32003-seed7-uniform_diffusion,TEP,32003,7,UNIFORM_DIFFUSION,TRACK_A_FROZEN_PAPER_FINAL_REFERENCE,FROZEN_PAPER_FINAL_5SEED_REUSE,0.9795912483039348,0.9980894286164694,0.01296043656207367,0.9710264900662252,0.98125,73.0,outputs\paper_final\tep\outer_32003\model_seed_7\UNIFORM_DIFFUSION\predictions.npz,979f4753d674cb944acf2410bee97d8e9cde0d72c5f9bd059b6e4b8e421f19de,3834a30d4a227aa86e391855c1a58fafc6179cc958f31ff2a72e6f6de0b2518b
tep-outer32003-seed42-uniform_diffusion,TEP,32003,42,UNIFORM_DIFFUSION,TRACK_A_FROZEN_PAPER_FINAL_REFERENCE,FROZEN_PAPER_FINAL_5SEED_REUSE,0.9777267179570801,0.9979520431774583,0.019781718963165076,0.9751655629139073,0.99375,73.0,outputs\paper_final\tep\outer_32003\model_seed_42\UNIFORM_DIFFUSION\predictions.npz,765bf38f9ee8faebef6ed37cf3e98e6298cd459d169c2f9d3965a78c21625964,187d8dde950f31d3e8d93d3c2891091e8cea7a465265c3f50509bd54b8cda94a
tep-outer32003-seed43-uniform_diffusion,TEP,32003,43,UNIFORM_DIFFUSION,TRACK_A_FROZEN_PAPER_FINAL_REFERENCE,FROZEN_PAPER_FINAL_5SEED_REUSE,0.9754395856339734,0.9971314056340322,0.017735334242837655,0.9677152317880795,0.98125,73.8,outputs\paper_final\tep\outer_32003\model_seed_43\UNIFORM_DIFFUSION\predictions.npz,b1e196ca5a6328ede60e17635b74871f9ce4b27ef9a2109d10e266ab8491b2dd,540819cf86afc5161081dc140b4d3ef227b255fc1c1cc56c63d6da595e49f6dd
tep-outer32003-seed44-uniform_diffusion,TEP,32003,44,UNIFORM_DIFFUSION,TRACK_A_FROZEN_PAPER_FINAL_REFERENCE,FROZEN_PAPER_FINAL_5SEED_REUSE,0.9746838805765572,0.9972206385936031,0.018417462482946793,0.9668874172185431,1.0,72.6,outputs\paper_final\tep\outer_32003\model_seed_44\UNIFORM_DIFFUSION\predictions.npz,33f60ea088e3a8e4ce4883c5cfca022443c9a7259d8a28252d85fd26bff49e72,ee83761c79c128258803ac8edc832ab5cd54c486a4a87125f365d81a98b5ccc0
tep-outer32003-seed2026-uniform_diffusion,TEP,32003,2026,UNIFORM_DIFFUSION,TRACK_A_FROZEN_PAPER_FINAL_REFERENCE,FROZEN_PAPER_FINAL_5SEED_REUSE,0.9683048925519263,0.995466323224826,0.030695770804911322,0.9677152317880795,0.98125,73.4,outputs\paper_final\tep\outer_32003\model_seed_2026\UNIFORM_DIFFUSION\predictions.npz,a9baa8b53324cf192de053a962e79b016e64f379fb23c92589632a1260376013,af75e5d9ddbf14500e723dd76f3253fc66b36236481c0ec598f9b1e07c3c73a9
