cell_id,dataset,fraction,outer_id,method,model_seed,selected_rho,macro_f1,auprc,far,early_recall,detection_delay,checkpoint_sha256,prediction_sha256,fraction_manifest_hash,criticality_mask_sha256,result_path
3w-f010-outer31001-seed42-calibrated_rho,3W,0.1,31001,CALIBRATED_RHO,42,1.0,0.44085566232731205,0.9119834490865913,0.0731450215290061,0.8911032302829389,1173.0,767e5c3c2c0e5bb4184fe700eb812fb22dab01e0583303ccfcee8795e1ee7c72,3039ae1d36ac1d4dc209fbc2625648056198ffdfcdd0f833121d8c48a9d66514,009cebd74f9bc82130161141d60d2ace1d585af59af6e5a487164279ead9a9fc,42ea02e6f1970b389703b3914f79818ab55e16f409c79b2089a6959cd7fc0c5c,outputs\qdiffcl_data_regime_v1\DATA_REGIME_GENERALIZATION_V1\3w\f010\outer_31001\model_seed_42\CALIBRATED_RHO\result.json
3w-f010-outer31001-seed42-final_qdiffcl_fixed,3W,0.1,31001,FINAL_QDIFFCL_FIXED,42,,0.44085566232731205,0.9119834490865913,0.0731450215290061,0.8911032302829389,1173.0,767e5c3c2c0e5bb4184fe700eb812fb22dab01e0583303ccfcee8795e1ee7c72,3039ae1d36ac1d4dc209fbc2625648056198ffdfcdd0f833121d8c48a9d66514,009cebd74f9bc82130161141d60d2ace1d585af59af6e5a487164279ead9a9fc,42ea02e6f1970b389703b3914f79818ab55e16f409c79b2089a6959cd7fc0c5c,outputs\qdiffcl_data_regime_v1\DATA_REGIME_GENERALIZATION_V1\3w\f010\outer_31001\model_seed_42\FINAL_QDIFFCL_FIXED\result.json
3w-f010-outer31001-seed42-jitter_scaling,3W,0.1,31001,JITTER_SCALING,42,,0.43093371983015827,0.8967536757143726,0.08735773882903647,0.8885976408912188,896.7368421052631,539a78f4f662d91bc9195651813fea3cf04ae72a12bf3967b682c54fe2f288c9,c4ed7ec45b75f77818a1714a7f8f0f4004b7bf30365f931175bd7b00cfd819ed,009cebd74f9bc82130161141d60d2ace1d585af59af6e5a487164279ead9a9fc,42ea02e6f1970b389703b3914f79818ab55e16f409c79b2089a6959cd7fc0c5c,outputs\qdiffcl_data_regime_v1\DATA_REGIME_GENERALIZATION_V1\3w\f010\outer_31001\model_seed_42\JITTER_SCALING\result.json
3w-f010-outer31001-seed42-no_aug,3W,0.1,31001,NO_AUG,42,,0.44044302971027055,0.9140587523446493,0.07687909810437547,0.9089892837869092,902.7777777777778,d149ae7b26ca6ca48fea298ebdd1072d8767260d90085fd30a25e4e6eb321904,9fb14e157d9f10b8b11418b37d344278ce3a90151f0165b39c3276580096008c,009cebd74f9bc82130161141d60d2ace1d585af59af6e5a487164279ead9a9fc,42ea02e6f1970b389703b3914f79818ab55e16f409c79b2089a6959cd7fc0c5c,outputs\qdiffcl_data_regime_v1\DATA_REGIME_GENERALIZATION_V1\3w\f010\outer_31001\model_seed_42\NO_AUG\result.json
3w-f010-outer31001-seed42-uniform_diffusion,3W,0.1,31001,UNIFORM_DIFFUSION,42,,0.44050998743710545,0.9114507384233194,0.07402940808633042,0.890717754991905,1212.111111111111,2549f750c89ed657acc499694941ec8de30b205a7841205094865c5eb41c2e7c,f4476045b804567809aaee2a8a8d78d46b521dac443271b1cd82b99205b4fbb1,009cebd74f9bc82130161141d60d2ace1d585af59af6e5a487164279ead9a9fc,42ea02e6f1970b389703b3914f79818ab55e16f409c79b2089a6959cd7fc0c5c,outputs\qdiffcl_data_regime_v1\DATA_REGIME_GENERALIZATION_V1\3w\f010\outer_31001\model_seed_42\UNIFORM_DIFFUSION\result.json
3w-f010-outer31001-seed43-calibrated_rho,3W,0.1,31001,CALIBRATED_RHO,43,1.0,0.41822614070746833,0.8367291775660883,0.1213306891068589,0.9208619227507516,756.9473684210526,4ea1b10f7076672a1b71b4e10eb75ffb69a056294d2bdd22888cb02474880bd2,943d7b0bdc269e85fd650086f16f0569a9019b5ee446795cbad13fe97c20e908,009cebd74f9bc82130161141d60d2ace1d585af59af6e5a487164279ead9a9fc,42ea02e6f1970b389703b3914f79818ab55e16f409c79b2089a6959cd7fc0c5c,outputs\qdiffcl_data_regime_v1\DATA_REGIME_GENERALIZATION_V1\3w\f010\outer_31001\model_seed_43\CALIBRATED_RHO\result.json
3w-f010-outer31001-seed43-final_qdiffcl_fixed,3W,0.1,31001,FINAL_QDIFFCL_FIXED,43,,0.41822614070746833,0.8367291775660883,0.1213306891068589,0.9208619227507516,756.9473684210526,4ea1b10f7076672a1b71b4e10eb75ffb69a056294d2bdd22888cb02474880bd2,943d7b0bdc269e85fd650086f16f0569a9019b5ee446795cbad13fe97c20e908,009cebd74f9bc82130161141d60d2ace1d585af59af6e5a487164279ead9a9fc,42ea02e6f1970b389703b3914f79818ab55e16f409c79b2089a6959cd7fc0c5c,outputs\qdiffcl_data_regime_v1\DATA_REGIME_GENERALIZATION_V1\3w\f010\outer_31001\model_seed_43\FINAL_QDIFFCL_FIXED\result.json
3w-f010-outer31001-seed43-jitter_scaling,3W,0.1,31001,JITTER_SCALING,43,,0.4328763168921157,0.8342184369810594,0.09328938200139358,0.8711356102073857,1452.9,bf1da33d0ee2604a1a58d056456b447ffaceffc882c41353015ad77fb3d20eca,74b57c953aa95eaca48ef7660c6fdbe51a3cef4c609d997fe521badaa9ef4cf7,009cebd74f9bc82130161141d60d2ace1d585af59af6e5a487164279ead9a9fc,42ea02e6f1970b389703b3914f79818ab55e16f409c79b2089a6959cd7fc0c5c,outputs\qdiffcl_data_regime_v1\DATA_REGIME_GENERALIZATION_V1\3w\f010\outer_31001\model_seed_43\JITTER_SCALING\result.json
3w-f010-outer31001-seed43-no_aug,3W,0.1,31001,NO_AUG,43,,0.41819764567327966,0.8362560087805155,0.12141108788479749,0.920399352401511,768.7368421052631,689fae04dc9c98af10aa25ab784203dba91ebcbe9a35d4fa75ed798cc0ea25cf,1e2e185bcee4b0158e525206ea8d35444fd1804dce9be953d818c84023b246f5,009cebd74f9bc82130161141d60d2ace1d585af59af6e5a487164279ead9a9fc,42ea02e6f1970b389703b3914f79818ab55e16f409c79b2089a6959cd7fc0c5c,outputs\qdiffcl_data_regime_v1\DATA_REGIME_GENERALIZATION_V1\3w\f010\outer_31001\model_seed_43\NO_AUG\result.json
3w-f010-outer31001-seed43-uniform_diffusion,3W,0.1,31001,UNIFORM_DIFFUSION,43,,0.4182461488172239,0.836615820529077,0.12125922352646906,0.9208233752216483,760.3157894736842,e986955f891e4964dc6cb1c80a66cb90bb63068f611ce82fa7b6608af13ac0f8,ee0af5daeac643f94fc4a3504d271408fa5a2864ff34fbd7232c363caa99dcf7,009cebd74f9bc82130161141d60d2ace1d585af59af6e5a487164279ead9a9fc,42ea02e6f1970b389703b3914f79818ab55e16f409c79b2089a6959cd7fc0c5c,outputs\qdiffcl_data_regime_v1\DATA_REGIME_GENERALIZATION_V1\3w\f010\outer_31001\model_seed_43\UNIFORM_DIFFUSION\result.json
3w-f010-outer31001-seed44-calibrated_rho,3W,0.1,31001,CALIBRATED_RHO,44,1.0,0.40908021854357485,0.8413907463030752,0.13632952779117757,0.91958985429034,884.2380952380952,cfdedaf21e0c697ac4bccb043686c8897db599168397adfda595e2aa48e7d614,1611f12a1f9875050eae2068285e7ac340b8d9d12b9a8d55172cbc47b7708e3e,009cebd74f9bc82130161141d60d2ace1d585af59af6e5a487164279ead9a9fc,42ea02e6f1970b389703b3914f79818ab55e16f409c79b2089a6959cd7fc0c5c,outputs\qdiffcl_data_regime_v1\DATA_REGIME_GENERALIZATION_V1\3w\f010\outer_31001\model_seed_44\CALIBRATED_RHO\result.json
3w-f010-outer31001-seed44-final_qdiffcl_fixed,3W,0.1,31001,FINAL_QDIFFCL_FIXED,44,,0.40908021854357485,0.8413907463030752,0.13632952779117757,0.91958985429034,884.2380952380952,cfdedaf21e0c697ac4bccb043686c8897db599168397adfda595e2aa48e7d614,1611f12a1f9875050eae2068285e7ac340b8d9d12b9a8d55172cbc47b7708e3e,009cebd74f9bc82130161141d60d2ace1d585af59af6e5a487164279ead9a9fc,42ea02e6f1970b389703b3914f79818ab55e16f409c79b2089a6959cd7fc0c5c,outputs\qdiffcl_data_regime_v1\DATA_REGIME_GENERALIZATION_V1\3w\f010\outer_31001\model_seed_44\FINAL_QDIFFCL_FIXED\result.json
3w-f010-outer31001-seed44-jitter_scaling,3W,0.1,31001,JITTER_SCALING,44,,0.40800585050198956,0.8454107743084903,0.13878615711707848,0.9098373294271838,794.3,41bf68041a2941820516346261799fb2974cf01e0210449b2afa500a05905acb,46f7fa8c51eed4b57de23a2634d8c818e2a5f4c6a67b1c921d63f856c4832df3,009cebd74f9bc82130161141d60d2ace1d585af59af6e5a487164279ead9a9fc,42ea02e6f1970b389703b3914f79818ab55e16f409c79b2089a6959cd7fc0c5c,outputs\qdiffcl_data_regime_v1\DATA_REGIME_GENERALIZATION_V1\3w\f010\outer_31001\model_seed_44\JITTER_SCALING\result.json
3w-f010-outer31001-seed44-no_aug,3W,0.1,31001,NO_AUG,44,,0.40722523590932785,0.8410919764775262,0.13791070375730288,0.9051345308765708,762.3,4f7db7e2793d6f32eee7b1de6aab23b3966b55a5441b1ffeb4767e2e4d3a46b5,e3af5626a7959c3d60ec68e6086cc25145b141ebedbcadf061e1a243a2973517,009cebd74f9bc82130161141d60d2ace1d585af59af6e5a487164279ead9a9fc,42ea02e6f1970b389703b3914f79818ab55e16f409c79b2089a6959cd7fc0c5c,outputs\qdiffcl_data_regime_v1\DATA_REGIME_GENERALIZATION_V1\3w\f010\outer_31001\model_seed_44\NO_AUG\result.json
3w-f010-outer31001-seed44-uniform_diffusion,3W,0.1,31001,UNIFORM_DIFFUSION,44,,0.4090291543273988,0.8414975047805379,0.13724964713869683,0.9199753295813738,887.2857142857143,a67dd2d3b6d2812448ad5a49d059f3b44434fcd572ab3916b4d41b08fdedd39c,da3cd3bd53653c8278f14739d9f9b2c1ccfd86c0fa677515f7a8c29cdc8585bb,009cebd74f9bc82130161141d60d2ace1d585af59af6e5a487164279ead9a9fc,42ea02e6f1970b389703b3914f79818ab55e16f409c79b2089a6959cd7fc0c5c,outputs\qdiffcl_data_regime_v1\DATA_REGIME_GENERALIZATION_V1\3w\f010\outer_31001\model_seed_44\UNIFORM_DIFFUSION\result.json
3w-f010-outer31001-seed45-calibrated_rho,3W,0.1,31001,CALIBRATED_RHO,45,1.0,0.4230541305465756,0.8023848828066008,0.08514230583695127,0.8611903476987125,680.7,8fbdd3c3098546626191fc3cce1b9ba743dce1f5ab35be85f93dee58c81dd4a8,030897fbe14f06477184de0b565533f98075f7f00836f0aa4afe4886650c3bfd,009cebd74f9bc82130161141d60d2ace1d585af59af6e5a487164279ead9a9fc,42ea02e6f1970b389703b3914f79818ab55e16f409c79b2089a6959cd7fc0c5c,outputs\qdiffcl_data_regime_v1\DATA_REGIME_GENERALIZATION_V1\3w\f010\outer_31001\model_seed_45\CALIBRATED_RHO\result.json
3w-f010-outer31001-seed45-final_qdiffcl_fixed,3W,0.1,31001,FINAL_QDIFFCL_FIXED,45,,0.4230541305465756,0.8023848828066008,0.08514230583695127,0.8611903476987125,680.7,8fbdd3c3098546626191fc3cce1b9ba743dce1f5ab35be85f93dee58c81dd4a8,030897fbe14f06477184de0b565533f98075f7f00836f0aa4afe4886650c3bfd,009cebd74f9bc82130161141d60d2ace1d585af59af6e5a487164279ead9a9fc,42ea02e6f1970b389703b3914f79818ab55e16f409c79b2089a6959cd7fc0c5c,outputs\qdiffcl_data_regime_v1\DATA_REGIME_GENERALIZATION_V1\3w\f010\outer_31001\model_seed_45\FINAL_QDIFFCL_FIXED\result.json
3w-f010-outer31001-seed45-jitter_scaling,3W,0.1,31001,JITTER_SCALING,45,,0.42866206944003205,0.8152619436112158,0.0664897893552018,0.8644283401433968,581.0,ede0f85c13cff25d5becdf3bcb9fae357c73c4fd28561cf01114ee0b54c44ada,6ba76d40f517c9e84543cb5b31dfbf9520f86b0ae0c8648a075c52f6d69cf300,009cebd74f9bc82130161141d60d2ace1d585af59af6e5a487164279ead9a9fc,42ea02e6f1970b389703b3914f79818ab55e16f409c79b2089a6959cd7fc0c5c,outputs\qdiffcl_data_regime_v1\DATA_REGIME_GENERALIZATION_V1\3w\f010\outer_31001\model_seed_45\JITTER_SCALING\result.json
3w-f010-outer31001-seed45-no_aug,3W,0.1,31001,NO_AUG,45,,0.42263963491760626,0.8035110574545092,0.08198888710224939,0.8558322411533421,719.1,c44cb2197813f4a70d5f57c0ccfadae91f687add1a354ca30130c9442fed375a,252fe9752f5bf40804538d57106d46795f379527b98d104aac316bfa853e2cf5,009cebd74f9bc82130161141d60d2ace1d585af59af6e5a487164279ead9a9fc,42ea02e6f1970b389703b3914f79818ab55e16f409c79b2089a6959cd7fc0c5c,outputs\qdiffcl_data_regime_v1\DATA_REGIME_GENERALIZATION_V1\3w\f010\outer_31001\model_seed_45\NO_AUG\result.json
3w-f010-outer31001-seed45-uniform_diffusion,3W,0.1,31001,UNIFORM_DIFFUSION,45,,0.4229930819591426,0.8045244825624309,0.08490110950313555,0.8597640891218873,733.5,9b53a1f2e5117bba12fa7ed96101a54cb4e8163bde7476e25c071a8b17d7e992,505fbea0d3b04ce0002552e264721ce6ff7a95e7146ac4adfecaab3e679aa73a,009cebd74f9bc82130161141d60d2ace1d585af59af6e5a487164279ead9a9fc,42ea02e6f1970b389703b3914f79818ab55e16f409c79b2089a6959cd7fc0c5c,outputs\qdiffcl_data_regime_v1\DATA_REGIME_GENERALIZATION_V1\3w\f010\outer_31001\model_seed_45\UNIFORM_DIFFUSION\result.json
3w-f010-outer31001-seed46-calibrated_rho,3W,0.1,31001,CALIBRATED_RHO,46,1.0,0.4234476982640122,0.823806806913469,0.1040717514427114,0.8033305065145324,18.571428571428573,b0f3b2300de75d8f8ecfa699b9e5af55054eee96020389e0742f461c53ad760d,b5014686a87e23420150c654d7dcb6e8f16803ac8e2ef89ca51b4875e1c5499a,009cebd74f9bc82130161141d60d2ace1d585af59af6e5a487164279ead9a9fc,42ea02e6f1970b389703b3914f79818ab55e16f409c79b2089a6959cd7fc0c5c,outputs\qdiffcl_data_regime_v1\DATA_REGIME_GENERALIZATION_V1\3w\f010\outer_31001\model_seed_46\CALIBRATED_RHO\result.json
3w-f010-outer31001-seed46-final_qdiffcl_fixed,3W,0.1,31001,FINAL_QDIFFCL_FIXED,46,,0.4234476982640122,0.823806806913469,0.1040717514427114,0.8033305065145324,18.571428571428573,b0f3b2300de75d8f8ecfa699b9e5af55054eee96020389e0742f461c53ad760d,b5014686a87e23420150c654d7dcb6e8f16803ac8e2ef89ca51b4875e1c5499a,009cebd74f9bc82130161141d60d2ace1d585af59af6e5a487164279ead9a9fc,42ea02e6f1970b389703b3914f79818ab55e16f409c79b2089a6959cd7fc0c5c,outputs\qdiffcl_data_regime_v1\DATA_REGIME_GENERALIZATION_V1\3w\f010\outer_31001\model_seed_46\FINAL_QDIFFCL_FIXED\result.json
3w-f010-outer31001-seed46-jitter_scaling,3W,0.1,31001,JITTER_SCALING,46,,0.5046629624525077,0.8169561132900881,0.09809544228261063,0.8286947806645594,804.7272727272727,aac0255ce57bb8fda40e79579a539e10aefdf4f6afe5b6c16fc9b5f5148be3e1,1986dd16380a8b064ee32023fc96759b27652db5588da00ea8696c053449a1a6,009cebd74f9bc82130161141d60d2ace1d585af59af6e5a487164279ead9a9fc,42ea02e6f1970b389703b3914f79818ab55e16f409c79b2089a6959cd7fc0c5c,outputs\qdiffcl_data_regime_v1\DATA_REGIME_GENERALIZATION_V1\3w\f010\outer_31001\model_seed_46\JITTER_SCALING\result.json
3w-f010-outer31001-seed46-no_aug,3W,0.1,31001,NO_AUG,46,,0.5010498764001057,0.8037386473468835,0.09822050704829287,0.8271914270295274,932.7272727272727,30a44feb58bc88d703ec17493bad18db2414440443e354628232e2ebef48cdf4,d999d5bef819250b567e15553458f45e146271b5b5c6c41af45bd1c0884c1f79,009cebd74f9bc82130161141d60d2ace1d585af59af6e5a487164279ead9a9fc,42ea02e6f1970b389703b3914f79818ab55e16f409c79b2089a6959cd7fc0c5c,outputs\qdiffcl_data_regime_v1\DATA_REGIME_GENERALIZATION_V1\3w\f010\outer_31001\model_seed_46\NO_AUG\result.json
3w-f010-outer31001-seed46-uniform_diffusion,3W,0.1,31001,UNIFORM_DIFFUSION,46,,0.423433233553009,0.8237144658660641,0.10417894981329617,0.803291958985429,18.571428571428573,97f0ba8a3985845da53a0cf401971f816d12f773f2c24e3ddc52ac940bf4d0b7,f324ca4af5bd02a8aa5792c1ae9cb1d8bc7f11ec1df9504f1d00a7cd5063a9a6,009cebd74f9bc82130161141d60d2ace1d585af59af6e5a487164279ead9a9fc,42ea02e6f1970b389703b3914f79818ab55e16f409c79b2089a6959cd7fc0c5c,outputs\qdiffcl_data_regime_v1\DATA_REGIME_GENERALIZATION_V1\3w\f010\outer_31001\model_seed_46\UNIFORM_DIFFUSION\result.json
3w-f010-outer31002-seed42-calibrated_rho,3W,0.1,31002,CALIBRATED_RHO,42,1.0,0.4462388851044021,0.6508992448667681,0.762572643745333,0.9564189536437455,64.18181818181819,f8a7291232717539071324b6efb5503d1bc512e98cdeb9eb6c09f1add0adb54d,b342f12665a5bf2bd49b9dd429f1718d5029ed55e950b9a775eedbfc42ff16dc,cff60e6a637e64ec1e54663a966639d4166fcd783c201440149ad73c8d79850b,3c9e37a9b618ab6760f30edf79dcaa9ba8c9cfc0cc4cc68aac4a832f5d838cb4,outputs\qdiffcl_data_regime_v1\DATA_REGIME_GENERALIZATION_V1\3w\f010\outer_31002\model_seed_42\CALIBRATED_RHO\result.json
3w-f010-outer31002-seed42-final_qdiffcl_fixed,3W,0.1,31002,FINAL_QDIFFCL_FIXED,42,,0.4462388851044021,0.6508992448667681,0.762572643745333,0.9564189536437455,64.18181818181819,f8a7291232717539071324b6efb5503d1bc512e98cdeb9eb6c09f1add0adb54d,b342f12665a5bf2bd49b9dd429f1718d5029ed55e950b9a775eedbfc42ff16dc,cff60e6a637e64ec1e54663a966639d4166fcd783c201440149ad73c8d79850b,3c9e37a9b618ab6760f30edf79dcaa9ba8c9cfc0cc4cc68aac4a832f5d838cb4,outputs\qdiffcl_data_regime_v1\DATA_REGIME_GENERALIZATION_V1\3w\f010\outer_31002\model_seed_42\FINAL_QDIFFCL_FIXED\result.json
3w-f010-outer31002-seed42-jitter_scaling,3W,0.1,31002,JITTER_SCALING,42,,0.444991065810979,0.6377382121489408,0.7616202937134076,0.9562133826703669,64.18181818181819,5cc6eb2abf257ddfbc613b63eeb378fcb766cb2923e62f67ea0e53d28e2dbc8b,87d0b569c3c07e73ea9fa19eabb155adf21e0a6aa4c64c6455ef28bce9284b56,cff60e6a637e64ec1e54663a966639d4166fcd783c201440149ad73c8d79850b,3c9e37a9b618ab6760f30edf79dcaa9ba8c9cfc0cc4cc68aac4a832f5d838cb4,outputs\qdiffcl_data_regime_v1\DATA_REGIME_GENERALIZATION_V1\3w\f010\outer_31002\model_seed_42\JITTER_SCALING\result.json
3w-f010-outer31002-seed42-no_aug,3W,0.1,31002,NO_AUG,42,,0.44632184914289086,0.6500028733861565,0.7625509994264256,0.9564189536437455,64.18181818181819,47e5b4e746ce38b6aa502af8d7e4f8a73cb0c25e6483a1e5d55613090d44b487,a0ca23c5dedd002cb3ecb04de3593a82f625df07c3fdb7fd24f8019cc28c883a,cff60e6a637e64ec1e54663a966639d4166fcd783c201440149ad73c8d79850b,3c9e37a9b618ab6760f30edf79dcaa9ba8c9cfc0cc4cc68aac4a832f5d838cb4,outputs\qdiffcl_data_regime_v1\DATA_REGIME_GENERALIZATION_V1\3w\f010\outer_31002\model_seed_42\NO_AUG\result.json
3w-f010-outer31002-seed42-uniform_diffusion,3W,0.1,31002,UNIFORM_DIFFUSION,42,,0.446706379939405,0.6487594305032858,0.7626375767020551,0.9564189536437455,64.18181818181819,ee08a3c8751726e549dc30a0122b2bc22f7a9abf9ce5bd2e1c36025a99255df3,c2bb32af76f7aadbf823750646faca684767a7fff41f03389e77e6c2b8534aa3,cff60e6a637e64ec1e54663a966639d4166fcd783c201440149ad73c8d79850b,3c9e37a9b618ab6760f30edf79dcaa9ba8c9cfc0cc4cc68aac4a832f5d838cb4,outputs\qdiffcl_data_regime_v1\DATA_REGIME_GENERALIZATION_V1\3w\f010\outer_31002\model_seed_42\UNIFORM_DIFFUSION\result.json
3w-f010-outer31002-seed43-calibrated_rho,3W,0.1,31002,CALIBRATED_RHO,43,1.0,0.22831377889079427,0.5656480707367311,0.7174550609828685,0.6950354609929078,5968.571428571428,863a9b2743607e7914fd269aee30275adec21287dd1461b61bcb9e37bf8defdc,2e22f16509a2e646d2f3a10eafcf5dee2f4ed2a4944dcacbe417b930d47bac01,cff60e6a637e64ec1e54663a966639d4166fcd783c201440149ad73c8d79850b,3c9e37a9b618ab6760f30edf79dcaa9ba8c9cfc0cc4cc68aac4a832f5d838cb4,outputs\qdiffcl_data_regime_v1\DATA_REGIME_GENERALIZATION_V1\3w\f010\outer_31002\model_seed_43\CALIBRATED_RHO\result.json
3w-f010-outer31002-seed43-final_qdiffcl_fixed,3W,0.1,31002,FINAL_QDIFFCL_FIXED,43,,0.22831377889079427,0.5656480707367311,0.7174550609828685,0.6950354609929078,5968.571428571428,863a9b2743607e7914fd269aee30275adec21287dd1461b61bcb9e37bf8defdc,2e22f16509a2e646d2f3a10eafcf5dee2f4ed2a4944dcacbe417b930d47bac01,cff60e6a637e64ec1e54663a966639d4166fcd783c201440149ad73c8d79850b,3c9e37a9b618ab6760f30edf79dcaa9ba8c9cfc0cc4cc68aac4a832f5d838cb4,outputs\qdiffcl_data_regime_v1\DATA_REGIME_GENERALIZATION_V1\3w\f010\outer_31002\model_seed_43\FINAL_QDIFFCL_FIXED\result.json
3w-f010-outer31002-seed43-jitter_scaling,3W,0.1,31002,JITTER_SCALING,43,,0.2500411490783748,0.6010175061949774,0.7169572416479985,0.6942131770993936,5578.875,5b2d2bd56b4276888d82bfdacd48c87cbd5b0ca704f6b4a451bbe44fed6a436e,b5eaa0decfef22b291cd61268a4de1377af2a2dcd115f703d4c9795e53a89f20,cff60e6a637e64ec1e54663a966639d4166fcd783c201440149ad73c8d79850b,3c9e37a9b618ab6760f30edf79dcaa9ba8c9cfc0cc4cc68aac4a832f5d838cb4,outputs\qdiffcl_data_regime_v1\DATA_REGIME_GENERALIZATION_V1\3w\f010\outer_31002\model_seed_43\JITTER_SCALING\result.json
3w-f010-outer31002-seed43-no_aug,3W,0.1,31002,NO_AUG,43,,0.25127236647024104,0.6030294574125253,0.7169572416479985,0.6944187480727722,5570.875,99e054d0ade5a5808b04dec401a1970febec5f417d467f69b2e9f8ef2ca10635,5402583bf89cd82e65b5ded0d5905e66feb50d0a42c57dd332f6f31de53f6561,cff60e6a637e64ec1e54663a966639d4166fcd783c201440149ad73c8d79850b,3c9e37a9b618ab6760f30edf79dcaa9ba8c9cfc0cc4cc68aac4a832f5d838cb4,outputs\qdiffcl_data_regime_v1\DATA_REGIME_GENERALIZATION_V1\3w\f010\outer_31002\model_seed_43\NO_AUG\result.json
3w-f010-outer31002-seed43-uniform_diffusion,3W,0.1,31002,UNIFORM_DIFFUSION,43,,0.26162644889209197,0.6055151620400622,0.7169572416479985,0.7041833693082536,6111.222222222223,8237b152e991d4a8a5649223d33cc021395fa761ac96e6f010c71c9f5d6d2547,b844e56807eaac832554b074f26bd44656fc7d00335cc04c0ae7789cf5a59b44,cff60e6a637e64ec1e54663a966639d4166fcd783c201440149ad73c8d79850b,3c9e37a9b618ab6760f30edf79dcaa9ba8c9cfc0cc4cc68aac4a832f5d838cb4,outputs\qdiffcl_data_regime_v1\DATA_REGIME_GENERALIZATION_V1\3w\f010\outer_31002\model_seed_43\UNIFORM_DIFFUSION\result.json
3w-f010-outer31002-seed44-calibrated_rho,3W,0.1,31002,CALIBRATED_RHO,44,1.0,0.1376512795313028,0.6855825598427585,0.7943465039013885,0.9993832870798643,29.666666666666668,bdb45018eb12e651c9fa781af827284e691b20baf9e7b04ba4f9f366ed6d42d1,8095a67babe341ef00c4df518109b6d263241de7ff4fab3ad53e16d2b38368e3,cff60e6a637e64ec1e54663a966639d4166fcd783c201440149ad73c8d79850b,3c9e37a9b618ab6760f30edf79dcaa9ba8c9cfc0cc4cc68aac4a832f5d838cb4,outputs\qdiffcl_data_regime_v1\DATA_REGIME_GENERALIZATION_V1\3w\f010\outer_31002\model_seed_44\CALIBRATED_RHO\result.json
3w-f010-outer31002-seed44-final_qdiffcl_fixed,3W,0.1,31002,FINAL_QDIFFCL_FIXED,44,,0.1376512795313028,0.6855825598427585,0.7943465039013885,0.9993832870798643,29.666666666666668,bdb45018eb12e651c9fa781af827284e691b20baf9e7b04ba4f9f366ed6d42d1,8095a67babe341ef00c4df518109b6d263241de7ff4fab3ad53e16d2b38368e3,cff60e6a637e64ec1e54663a966639d4166fcd783c201440149ad73c8d79850b,3c9e37a9b618ab6760f30edf79dcaa9ba8c9cfc0cc4cc68aac4a832f5d838cb4,outputs\qdiffcl_data_regime_v1\DATA_REGIME_GENERALIZATION_V1\3w\f010\outer_31002\model_seed_44\FINAL_QDIFFCL_FIXED\result.json
3w-f010-outer31002-seed44-jitter_scaling,3W,0.1,31002,JITTER_SCALING,44,,0.13919139717246698,0.7007833299324454,0.791576031081242,0.9995888580532429,21.666666666666668,a8fe6bad30d8b78247d186385a4c1e5bdd928f731e480f42f480ad26a1cdc1af,2789b6593c984e532150ca58ad48033023e31a9e6e680ddba0882b21efdf848b,cff60e6a637e64ec1e54663a966639d4166fcd783c201440149ad73c8d79850b,3c9e37a9b618ab6760f30edf79dcaa9ba8c9cfc0cc4cc68aac4a832f5d838cb4,outputs\qdiffcl_data_regime_v1\DATA_REGIME_GENERALIZATION_V1\3w\f010\outer_31002\model_seed_44\JITTER_SCALING\result.json
3w-f010-outer31002-seed44-no_aug,3W,0.1,31002,NO_AUG,44,,0.35951868659554576,0.6554240841961216,0.7262534766187245,0.961763798951588,371.0,8df62d7cc35bf9b95eb35a7a8738f3bafe47e6086cb25c347995a6e3a0c05cbc,ac53849c421ac0c2cc73dfd20cdeb2050275dfb8416ac943d1ec4ec09364756d,cff60e6a637e64ec1e54663a966639d4166fcd783c201440149ad73c8d79850b,3c9e37a9b618ab6760f30edf79dcaa9ba8c9cfc0cc4cc68aac4a832f5d838cb4,outputs\qdiffcl_data_regime_v1\DATA_REGIME_GENERALIZATION_V1\3w\f010\outer_31002\model_seed_44\NO_AUG\result.json
3w-f010-outer31002-seed44-uniform_diffusion,3W,0.1,31002,UNIFORM_DIFFUSION,44,,0.14003126968591295,0.6797549536449068,0.7916842526757789,0.999280501593175,29.666666666666668,772075de4acd6b74fd63ac4d3e7cf09f3b778d0aacf820271426ca414fc4c89e,ea95bfdd49d5adcb7c90f22f67bc6094a329cfebcdeffe37db46560a95462563,cff60e6a637e64ec1e54663a966639d4166fcd783c201440149ad73c8d79850b,3c9e37a9b618ab6760f30edf79dcaa9ba8c9cfc0cc4cc68aac4a832f5d838cb4,outputs\qdiffcl_data_regime_v1\DATA_REGIME_GENERALIZATION_V1\3w\f010\outer_31002\model_seed_44\UNIFORM_DIFFUSION\result.json
3w-f010-outer31002-seed45-calibrated_rho,3W,0.1,31002,CALIBRATED_RHO,45,1.0,0.4000298004916831,0.5328863583779766,0.7410473685919289,0.9891047384109364,283.0,45b42d3fcae590b84fde2c0e5b5cdaa2370f4071f3e2812e757f12bca28a59a4,a1e4cd0a7a985f576b17aab5b1ac9776b9589eef2318792a797989ba76d96612,cff60e6a637e64ec1e54663a966639d4166fcd783c201440149ad73c8d79850b,3c9e37a9b618ab6760f30edf79dcaa9ba8c9cfc0cc4cc68aac4a832f5d838cb4,outputs\qdiffcl_data_regime_v1\DATA_REGIME_GENERALIZATION_V1\3w\f010\outer_31002\model_seed_45\CALIBRATED_RHO\result.json
3w-f010-outer31002-seed45-final_qdiffcl_fixed,3W,0.1,31002,FINAL_QDIFFCL_FIXED,45,,0.4000298004916831,0.5328863583779766,0.7410473685919289,0.9891047384109364,283.0,45b42d3fcae590b84fde2c0e5b5cdaa2370f4071f3e2812e757f12bca28a59a4,a1e4cd0a7a985f576b17aab5b1ac9776b9589eef2318792a797989ba76d96612,cff60e6a637e64ec1e54663a966639d4166fcd783c201440149ad73c8d79850b,3c9e37a9b618ab6760f30edf79dcaa9ba8c9cfc0cc4cc68aac4a832f5d838cb4,outputs\qdiffcl_data_regime_v1\DATA_REGIME_GENERALIZATION_V1\3w\f010\outer_31002\model_seed_45\FINAL_QDIFFCL_FIXED\result.json
3w-f010-outer31002-seed45-jitter_scaling,3W,0.1,31002,JITTER_SCALING,45,,0.09197911194167935,0.4816982722354345,0.8857071740095018,0.6922602528522973,6298.875,7a47d81b52795d9c903aa2686cf5da0c1362d0048bc51df894c40f6828896674,bfc215fa68ad71f3f335956f140b7c308f286fc9d04cc1ff127649c1ba4f821a,cff60e6a637e64ec1e54663a966639d4166fcd783c201440149ad73c8d79850b,3c9e37a9b618ab6760f30edf79dcaa9ba8c9cfc0cc4cc68aac4a832f5d838cb4,outputs\qdiffcl_data_regime_v1\DATA_REGIME_GENERALIZATION_V1\3w\f010\outer_31002\model_seed_45\JITTER_SCALING\result.json
3w-f010-outer31002-seed45-no_aug,3W,0.1,31002,NO_AUG,45,,0.14407865690129187,0.46897438179329276,0.8857071740095018,0.7040805838215644,6104.111111111111,bac64118cfbe49bcad04dd0f88e4f19df70cf56906905334a118f78c98d9bf22,8369be7d6ed211ba21e2e51791e28eee7b319fe25db4ec8a4ad52e2a0a79f55f,cff60e6a637e64ec1e54663a966639d4166fcd783c201440149ad73c8d79850b,3c9e37a9b618ab6760f30edf79dcaa9ba8c9cfc0cc4cc68aac4a832f5d838cb4,outputs\qdiffcl_data_regime_v1\DATA_REGIME_GENERALIZATION_V1\3w\f010\outer_31002\model_seed_45\NO_AUG\result.json
3w-f010-outer31002-seed45-uniform_diffusion,3W,0.1,31002,UNIFORM_DIFFUSION,45,,0.4004618332000205,0.5328611512270582,0.7410473685919289,0.9892075238976257,283.0,584604846a8d3eafdbeb46248bc5eb46e0c16ac8235522b315ae338bf24ae8d7,7b42b3313f4bce8a2bd279cda4b6fa8db96036092004dd650b33ad70c79d2864,cff60e6a637e64ec1e54663a966639d4166fcd783c201440149ad73c8d79850b,3c9e37a9b618ab6760f30edf79dcaa9ba8c9cfc0cc4cc68aac4a832f5d838cb4,outputs\qdiffcl_data_regime_v1\DATA_REGIME_GENERALIZATION_V1\3w\f010\outer_31002\model_seed_45\UNIFORM_DIFFUSION\result.json
3w-f010-outer31002-seed46-calibrated_rho,3W,0.1,31002,CALIBRATED_RHO,46,1.0,0.3747943417741598,0.6240032630364956,0.7517829507699967,0.9811902559358618,501.6666666666667,2707227adb39ea141bca8b6c678ef3b02605eed371d66427e20617df147e9f42,45948cac16356b9166fa36743ef0c008856e84a98e263445e0b0fa56d73d4138,cff60e6a637e64ec1e54663a966639d4166fcd783c201440149ad73c8d79850b,3c9e37a9b618ab6760f30edf79dcaa9ba8c9cfc0cc4cc68aac4a832f5d838cb4,outputs\qdiffcl_data_regime_v1\DATA_REGIME_GENERALIZATION_V1\3w\f010\outer_31002\model_seed_46\CALIBRATED_RHO\result.json
3w-f010-outer31002-seed46-final_qdiffcl_fixed,3W,0.1,31002,FINAL_QDIFFCL_FIXED,46,,0.3747943417741598,0.6240032630364956,0.7517829507699967,0.9811902559358618,501.6666666666667,2707227adb39ea141bca8b6c678ef3b02605eed371d66427e20617df147e9f42,45948cac16356b9166fa36743ef0c008856e84a98e263445e0b0fa56d73d4138,cff60e6a637e64ec1e54663a966639d4166fcd783c201440149ad73c8d79850b,3c9e37a9b618ab6760f30edf79dcaa9ba8c9cfc0cc4cc68aac4a832f5d838cb4,outputs\qdiffcl_data_regime_v1\DATA_REGIME_GENERALIZATION_V1\3w\f010\outer_31002\model_seed_46\FINAL_QDIFFCL_FIXED\result.json
3w-f010-outer31002-seed46-jitter_scaling,3W,0.1,31002,JITTER_SCALING,46,,0.38035247442435716,0.6323677936606797,0.739326645238791,0.9817041833693082,488.3333333333333,8274b0aef69514ccba3b94fdc11bb186f34d0c0bfa1aac729f59ab5a8a5faf7c,e4b357e7bac7b04ee3f6b6180be11b155090ed749e740062c2594c3c873e5123,cff60e6a637e64ec1e54663a966639d4166fcd783c201440149ad73c8d79850b,3c9e37a9b618ab6760f30edf79dcaa9ba8c9cfc0cc4cc68aac4a832f5d838cb4,outputs\qdiffcl_data_regime_v1\DATA_REGIME_GENERALIZATION_V1\3w\f010\outer_31002\model_seed_46\JITTER_SCALING\result.json
3w-f010-outer31002-seed46-no_aug,3W,0.1,31002,NO_AUG,46,,0.3793001900373524,0.6239510508946502,0.7393699338766058,0.9810874704491725,504.3333333333333,d44822b8050ee4f9ea9c6dcff1867426c14cf7b5701201d8df8ad8f3fec79ea4,5f4cdf4719cca581e29bc7c496a1485d4b01b977e9ce37e60d3db7b850f22f87,cff60e6a637e64ec1e54663a966639d4166fcd783c201440149ad73c8d79850b,3c9e37a9b618ab6760f30edf79dcaa9ba8c9cfc0cc4cc68aac4a832f5d838cb4,outputs\qdiffcl_data_regime_v1\DATA_REGIME_GENERALIZATION_V1\3w\f010\outer_31002\model_seed_46\NO_AUG\result.json
3w-f010-outer31002-seed46-uniform_diffusion,3W,0.1,31002,UNIFORM_DIFFUSION,46,,0.3737948391272051,0.6240853322918116,0.7550620650844669,0.9811902559358618,501.6666666666667,248c6ee2b8d42da46001cf70677ecbcac43dc3d1b40fad51dd6b70ec11538c14,a34f1ae2475143de1b623c5864c7d66982e86d108a6feb395513f686cda64eae,cff60e6a637e64ec1e54663a966639d4166fcd783c201440149ad73c8d79850b,3c9e37a9b618ab6760f30edf79dcaa9ba8c9cfc0cc4cc68aac4a832f5d838cb4,outputs\qdiffcl_data_regime_v1\DATA_REGIME_GENERALIZATION_V1\3w\f010\outer_31002\model_seed_46\UNIFORM_DIFFUSION\result.json
3w-f010-outer31003-seed42-calibrated_rho,3W,0.1,31003,CALIBRATED_RHO,42,0.0,0.33999437143168215,0.8424005248514129,0.8971818509891408,0.9959734217378313,136.06666666666666,a9c1708036c0bd48f782c4e94fddba37136c5d1572c8d0e550f17b694e34fd34,fde833ea4f46779bcc488c90ac89484b9142a1785a9deb308891f37635af60eb,3fc8975106a317d411d75740c1192fce1905cb7bb3d3c13c0e15eba3985c62be,24196e8a0e69382beab983dbeb70d0225d05a48275b9b08308c0108d3d9cd689,outputs\qdiffcl_data_regime_v1\DATA_REGIME_GENERALIZATION_V1\3w\f010\outer_31003\model_seed_42\CALIBRATED_RHO\result.json
3w-f010-outer31003-seed42-final_qdiffcl_fixed,3W,0.1,31003,FINAL_QDIFFCL_FIXED,42,,0.34273269102114184,0.8423940126956967,0.8971818509891408,0.9959734217378313,136.06666666666666,197d9f9890c379d5727004540ffe2ae90c1c4050fe8c1729aebb718209630b62,ff5c62083934db37d49b526db4f4e7038f4f213150b23ba192d89ffe26348c90,3fc8975106a317d411d75740c1192fce1905cb7bb3d3c13c0e15eba3985c62be,24196e8a0e69382beab983dbeb70d0225d05a48275b9b08308c0108d3d9cd689,outputs\qdiffcl_data_regime_v1\DATA_REGIME_GENERALIZATION_V1\3w\f010\outer_31003\model_seed_42\FINAL_QDIFFCL_FIXED\result.json
3w-f010-outer31003-seed42-jitter_scaling,3W,0.1,31003,JITTER_SCALING,42,,0.33897415624916394,0.8426257124275806,0.8971818509891408,0.9959734217378313,138.2,0768a8f9c54c2a093e851bbf5ee5b78099227282aad3bc7b307119c7357a3517,ba91656b9eeaaacaa9032e6dc46e21b391ffd1049b2a6043dee8b65427766bc9,3fc8975106a317d411d75740c1192fce1905cb7bb3d3c13c0e15eba3985c62be,24196e8a0e69382beab983dbeb70d0225d05a48275b9b08308c0108d3d9cd689,outputs\qdiffcl_data_regime_v1\DATA_REGIME_GENERALIZATION_V1\3w\f010\outer_31003\model_seed_42\JITTER_SCALING\result.json
3w-f010-outer31003-seed42-no_aug,3W,0.1,31003,NO_AUG,42,,0.3413370363270599,0.8427170606193369,0.8971818509891408,0.9959734217378313,138.2,97d348f28c5887208b8d6d8222a9ebe81300e72fd2e3b3b5a3eac78b45cd4c51,91d96e778d89a9bcc388d2b0ecc07f9a36b7aa0098a7321c06a23d0ac8727b6b,3fc8975106a317d411d75740c1192fce1905cb7bb3d3c13c0e15eba3985c62be,24196e8a0e69382beab983dbeb70d0225d05a48275b9b08308c0108d3d9cd689,outputs\qdiffcl_data_regime_v1\DATA_REGIME_GENERALIZATION_V1\3w\f010\outer_31003\model_seed_42\NO_AUG\result.json
3w-f010-outer31003-seed42-uniform_diffusion,3W,0.1,31003,UNIFORM_DIFFUSION,42,,0.3421417332492239,0.8558328723595082,0.8971818509891408,0.9959591935460922,136.06666666666666,5f4112a877f3d154dcf1b06bea15fa36f09d923fb58191836cb8f5e7d8efc698,c9f4133d312da76140e7e0b354ade6af6c21ca42933aee5e4dd505f5934017a2,3fc8975106a317d411d75740c1192fce1905cb7bb3d3c13c0e15eba3985c62be,24196e8a0e69382beab983dbeb70d0225d05a48275b9b08308c0108d3d9cd689,outputs\qdiffcl_data_regime_v1\DATA_REGIME_GENERALIZATION_V1\3w\f010\outer_31003\model_seed_42\UNIFORM_DIFFUSION\result.json
3w-f010-outer31003-seed43-calibrated_rho,3W,0.1,31003,CALIBRATED_RHO,43,0.0,0.36639551372134865,0.8361083100784588,0.8885863324694072,0.9937538238265299,293.0,68059473c199bd895759c1243ea6105012e8c2f4b1ae93c7bcf0b923d0e54f00,b2d58504334f7c49a7e4d417fd4b409447c30fc7c9c8cdd3b7448343d75b2f99,3fc8975106a317d411d75740c1192fce1905cb7bb3d3c13c0e15eba3985c62be,24196e8a0e69382beab983dbeb70d0225d05a48275b9b08308c0108d3d9cd689,outputs\qdiffcl_data_regime_v1\DATA_REGIME_GENERALIZATION_V1\3w\f010\outer_31003\model_seed_43\CALIBRATED_RHO\result.json
3w-f010-outer31003-seed43-final_qdiffcl_fixed,3W,0.1,31003,FINAL_QDIFFCL_FIXED,43,,0.34792388297933863,0.7938439239912465,0.8895049375020505,0.9946359717143548,46.84615384615385,2ef792b6ad57dc1b077126ff8e03fad4da1c1ec024a1998c50b9f8fb46c7d262,a3c8b53667b1a80f41379c3f414793dfe0695c4fb2234894b48f1b6bd6ca6c71,3fc8975106a317d411d75740c1192fce1905cb7bb3d3c13c0e15eba3985c62be,24196e8a0e69382beab983dbeb70d0225d05a48275b9b08308c0108d3d9cd689,outputs\qdiffcl_data_regime_v1\DATA_REGIME_GENERALIZATION_V1\3w\f010\outer_31003\model_seed_43\FINAL_QDIFFCL_FIXED\result.json
3w-f010-outer31003-seed43-jitter_scaling,3W,0.1,31003,JITTER_SCALING,43,,0.41290016332911866,0.8201711171222253,0.6708113250877595,0.8704949987906037,569.1333333333333,de02a0f135d1f296a72224dffb0a9285a7e99216ac528f1398dbb66cfd50a133,4fcf00b6aa9d958e6ff1fd77b678295f5bae17d7d37f8902687281a0f20176c5,3fc8975106a317d411d75740c1192fce1905cb7bb3d3c13c0e15eba3985c62be,24196e8a0e69382beab983dbeb70d0225d05a48275b9b08308c0108d3d9cd689,outputs\qdiffcl_data_regime_v1\DATA_REGIME_GENERALIZATION_V1\3w\f010\outer_31003\model_seed_43\JITTER_SCALING\result.json
3w-f010-outer31003-seed43-no_aug,3W,0.1,31003,NO_AUG,43,,0.3489808084032197,0.7639865797510247,0.8897017814376169,0.9947071126730503,111.78571428571429,5ed42ab47d0c771364b59395006ea0d33565ad59a630908552a875b7c8b1177f,642271f1194ee6cf0f71bb83f2b7227c26df1eaa60eaf6ccc0f93d9eec9e5744,3fc8975106a317d411d75740c1192fce1905cb7bb3d3c13c0e15eba3985c62be,24196e8a0e69382beab983dbeb70d0225d05a48275b9b08308c0108d3d9cd689,outputs\qdiffcl_data_regime_v1\DATA_REGIME_GENERALIZATION_V1\3w\f010\outer_31003\model_seed_43\NO_AUG\result.json
3w-f010-outer31003-seed43-uniform_diffusion,3W,0.1,31003,UNIFORM_DIFFUSION,43,,0.3477918102795012,0.7928039590210357,0.8895377448246449,0.9946359717143548,46.84615384615385,92222f5d12ecad40d904a74b7fbc76246d8732ecbc0d612eb4044451e1dd4693,2695976418140f188c64617308b29dd9036048c0f39b479be303b4fbc78a822d,3fc8975106a317d411d75740c1192fce1905cb7bb3d3c13c0e15eba3985c62be,24196e8a0e69382beab983dbeb70d0225d05a48275b9b08308c0108d3d9cd689,outputs\qdiffcl_data_regime_v1\DATA_REGIME_GENERALIZATION_V1\3w\f010\outer_31003\model_seed_43\UNIFORM_DIFFUSION\result.json
3w-f010-outer31003-seed44-calibrated_rho,3W,0.1,31003,CALIBRATED_RHO,44,0.0,0.3848099098102667,0.8619503179724045,0.8956727141497982,0.9979084558143505,102.64285714285714,797b48754137b4bf8d236ca9e5813f9821e693b13a88e4972b9759b982742f93,bfc3cc3b79deac9e72913886376cc035a78524aef017d30b3115495d9b0b1fcf,3fc8975106a317d411d75740c1192fce1905cb7bb3d3c13c0e15eba3985c62be,24196e8a0e69382beab983dbeb70d0225d05a48275b9b08308c0108d3d9cd689,outputs\qdiffcl_data_regime_v1\DATA_REGIME_GENERALIZATION_V1\3w\f010\outer_31003\model_seed_44\CALIBRATED_RHO\result.json
3w-f010-outer31003-seed44-final_qdiffcl_fixed,3W,0.1,31003,FINAL_QDIFFCL_FIXED,44,,0.44300430597448487,0.8208440095214345,0.6331157114267905,0.9174338033379338,780.75,58a4717150eb87a86b890627ed377b44ca89b7854957d876f2f517a9214b809e,b0dca2255e2e6120a817be3b92d012cf7410f6868eda8d9657d21bb12d02b9a1,3fc8975106a317d411d75740c1192fce1905cb7bb3d3c13c0e15eba3985c62be,24196e8a0e69382beab983dbeb70d0225d05a48275b9b08308c0108d3d9cd689,outputs\qdiffcl_data_regime_v1\DATA_REGIME_GENERALIZATION_V1\3w\f010\outer_31003\model_seed_44\FINAL_QDIFFCL_FIXED\result.json
3w-f010-outer31003-seed44-jitter_scaling,3W,0.1,31003,JITTER_SCALING,44,,0.4057541947027226,0.9086654484891016,0.8966897411502247,0.9975242946373946,129.66666666666666,3908912472152d3f8d137b2f56978bc92116a71c020b6f4468c98a73ac3c79d4,08ae81a594348a353b7654530b33778959f9a30a2d129a518116a7578a10ed92,3fc8975106a317d411d75740c1192fce1905cb7bb3d3c13c0e15eba3985c62be,24196e8a0e69382beab983dbeb70d0225d05a48275b9b08308c0108d3d9cd689,outputs\qdiffcl_data_regime_v1\DATA_REGIME_GENERALIZATION_V1\3w\f010\outer_31003\model_seed_44\JITTER_SCALING\result.json
3w-f010-outer31003-seed44-no_aug,3W,0.1,31003,NO_AUG,44,,0.4505979991901946,0.8893831370462085,0.6300318231029166,0.9198241395501046,3860.866666666667,41e1cf5b98aa847f865112811003edc44fbea021b989dffdd1e1a8735580466a,1df7a622d2e837796e06184e93d6ff98b2a2f9fbb70825ef098aec1996fad6ab,3fc8975106a317d411d75740c1192fce1905cb7bb3d3c13c0e15eba3985c62be,24196e8a0e69382beab983dbeb70d0225d05a48275b9b08308c0108d3d9cd689,outputs\qdiffcl_data_regime_v1\DATA_REGIME_GENERALIZATION_V1\3w\f010\outer_31003\model_seed_44\NO_AUG\result.json
3w-f010-outer31003-seed44-uniform_diffusion,3W,0.1,31003,UNIFORM_DIFFUSION,44,,0.3855857846010955,0.8689175184517841,0.8946556871493717,0.9976950329382639,102.64285714285714,d42935fcb996dd6c42477f1bddc1e6bba4ad7ce41946575d56ee2f4bcbc461d9,37e1e0882d57294938bfad7b1722ea75c0929def1a8da1fee4be26364bbd11af,3fc8975106a317d411d75740c1192fce1905cb7bb3d3c13c0e15eba3985c62be,24196e8a0e69382beab983dbeb70d0225d05a48275b9b08308c0108d3d9cd689,outputs\qdiffcl_data_regime_v1\DATA_REGIME_GENERALIZATION_V1\3w\f010\outer_31003\model_seed_44\UNIFORM_DIFFUSION\result.json
3w-f010-outer31003-seed45-calibrated_rho,3W,0.1,31003,CALIBRATED_RHO,45,0.0,0.3360751957812606,0.8607453370288162,0.742396902988747,0.9508842821165858,161.30769230769232,53d1588d9fb848c0de321c9d493cb6a27d725df3c879bb1ee3bb0e1821ef87e1,efe41103fa0eb8ddc809f9b2828e29a11faea88f68039c1d3a9241f5b9bec1d2,3fc8975106a317d411d75740c1192fce1905cb7bb3d3c13c0e15eba3985c62be,24196e8a0e69382beab983dbeb70d0225d05a48275b9b08308c0108d3d9cd689,outputs\qdiffcl_data_regime_v1\DATA_REGIME_GENERALIZATION_V1\3w\f010\outer_31003\model_seed_45\CALIBRATED_RHO\result.json
3w-f010-outer31003-seed45-final_qdiffcl_fixed,3W,0.1,31003,FINAL_QDIFFCL_FIXED,45,,0.3204602311169373,0.8259237585251964,0.7419376004724254,0.9407111250231208,137.75,6dbbab27b7aa1f28c3351e03294e95b5b85df2b360d755f49c8330bed04527c8,bbb3d0198dd6756916de5a799d1b8b4555535ab694544c5609d010d45f6ee6e1,3fc8975106a317d411d75740c1192fce1905cb7bb3d3c13c0e15eba3985c62be,24196e8a0e69382beab983dbeb70d0225d05a48275b9b08308c0108d3d9cd689,outputs\qdiffcl_data_regime_v1\DATA_REGIME_GENERALIZATION_V1\3w\f010\outer_31003\model_seed_45\FINAL_QDIFFCL_FIXED\result.json
3w-f010-outer31003-seed45-jitter_scaling,3W,0.1,31003,JITTER_SCALING,45,,0.3055248704262279,0.8854515799859622,0.7419376004724254,0.941237568117468,137.75,ed9bd6a65fbed8ed0455d6eafc66a2729f5176a4b6aca29281495428cd76d06a,437044829dce085abb6f158fa357ae69dcc36462eab5b4b0d21727b094feba99,3fc8975106a317d411d75740c1192fce1905cb7bb3d3c13c0e15eba3985c62be,24196e8a0e69382beab983dbeb70d0225d05a48275b9b08308c0108d3d9cd689,outputs\qdiffcl_data_regime_v1\DATA_REGIME_GENERALIZATION_V1\3w\f010\outer_31003\model_seed_45\JITTER_SCALING\result.json
3w-f010-outer31003-seed45-no_aug,3W,0.1,31003,NO_AUG,45,,0.42437112125665166,0.8663049623017246,0.5129096814408977,0.9159256150135879,188.3846153846154,aa8aa95c96cfb4db9e171b73f98aa85b7ba5acfba0248487c6e382e143f5076b,16c59e934fdc43bfca39f1f2197f139652cfde2c0b549c7c937d41578fb5a776,3fc8975106a317d411d75740c1192fce1905cb7bb3d3c13c0e15eba3985c62be,24196e8a0e69382beab983dbeb70d0225d05a48275b9b08308c0108d3d9cd689,outputs\qdiffcl_data_regime_v1\DATA_REGIME_GENERALIZATION_V1\3w\f010\outer_31003\model_seed_45\NO_AUG\result.json
3w-f010-outer31003-seed45-uniform_diffusion,3W,0.1,31003,UNIFORM_DIFFUSION,45,,0.38578210379186945,0.8598968372716084,0.7423312883435583,0.9453922001052886,163.76923076923077,255c45d17cffcea7246d80701e48069f5316e8b8f4bdfadb8892e86029310a6b,fd49930d0e0276d6647a125bd9f421c216b5b7b9d77cc0292bf1b5f44107c2a5,3fc8975106a317d411d75740c1192fce1905cb7bb3d3c13c0e15eba3985c62be,24196e8a0e69382beab983dbeb70d0225d05a48275b9b08308c0108d3d9cd689,outputs\qdiffcl_data_regime_v1\DATA_REGIME_GENERALIZATION_V1\3w\f010\outer_31003\model_seed_45\UNIFORM_DIFFUSION\result.json
3w-f010-outer31003-seed46-calibrated_rho,3W,0.1,31003,CALIBRATED_RHO,46,0.0,0.38701076183000377,0.8807805422243942,0.5018208064039894,0.8262310942902267,1891.7272727272727,80c28841bdbc5d9d7d58f742f77b74cc23de28649292636f95dbb3be1565958b,5d72d29ae888d64f40be3c47f5d3ddf861cf2169ac0f1de5426dbf940ac48df0,3fc8975106a317d411d75740c1192fce1905cb7bb3d3c13c0e15eba3985c62be,24196e8a0e69382beab983dbeb70d0225d05a48275b9b08308c0108d3d9cd689,outputs\qdiffcl_data_regime_v1\DATA_REGIME_GENERALIZATION_V1\3w\f010\outer_31003\model_seed_46\CALIBRATED_RHO\result.json
3w-f010-outer31003-seed46-final_qdiffcl_fixed,3W,0.1,31003,FINAL_QDIFFCL_FIXED,46,,0.3872869350633989,0.883273648494053,0.49955710114497553,0.8105373988019863,1906.2727272727273,ef2cbef9454f60bbeb9e5551f24a1093f76d303a0c55080049d4c0378d948aaa,cd56ee50e7ad8151f8dc38535821ecca767e694f590886919730ad6499106196,3fc8975106a317d411d75740c1192fce1905cb7bb3d3c13c0e15eba3985c62be,24196e8a0e69382beab983dbeb70d0225d05a48275b9b08308c0108d3d9cd689,outputs\qdiffcl_data_regime_v1\DATA_REGIME_GENERALIZATION_V1\3w\f010\outer_31003\model_seed_46\FINAL_QDIFFCL_FIXED\result.json
3w-f010-outer31003-seed46-jitter_scaling,3W,0.1,31003,JITTER_SCALING,46,,0.3855604109504651,0.8855998996806171,0.5017223844362062,0.8237127043524038,3970.0833333333335,8cb277dbfe1d199902f766162f20b011d746ea12b72c09c8affaeece2925326d,472f821a9638c79a4266ded7bc0b8e5cea8a63ebd780b03ee7ae6006e547b66e,3fc8975106a317d411d75740c1192fce1905cb7bb3d3c13c0e15eba3985c62be,24196e8a0e69382beab983dbeb70d0225d05a48275b9b08308c0108d3d9cd689,outputs\qdiffcl_data_regime_v1\DATA_REGIME_GENERALIZATION_V1\3w\f010\outer_31003\model_seed_46\JITTER_SCALING\result.json
3w-f010-outer31003-seed46-no_aug,3W,0.1,31003,NO_AUG,46,,0.38586054330260705,0.8887724374457697,0.49519372723991995,0.8081186062063372,1912.090909090909,1a058aa6a2ec7277b936419557ff74af265a8ac15fc8c12f1879d7375c776bcf,628451311f5460ed6a660ef4db46e17695b4e61d6bba66e6f2d4d4d94bb6bc59,3fc8975106a317d411d75740c1192fce1905cb7bb3d3c13c0e15eba3985c62be,24196e8a0e69382beab983dbeb70d0225d05a48275b9b08308c0108d3d9cd689,outputs\qdiffcl_data_regime_v1\DATA_REGIME_GENERALIZATION_V1\3w\f010\outer_31003\model_seed_46\NO_AUG\result.json
3w-f010-outer31003-seed46-uniform_diffusion,3W,0.1,31003,UNIFORM_DIFFUSION,46,,0.3862742992772142,0.8852018313082837,0.49601391030478004,0.8061408875546007,1909.1818181818182,ddb2470435a6d8b503396fdf027057c91a05f99a4ad82741b11ae35f063d4cc8,85cb21915ce8adcbedf85993cfedfea54bdb40c5bd136befc4230570a9943288,3fc8975106a317d411d75740c1192fce1905cb7bb3d3c13c0e15eba3985c62be,24196e8a0e69382beab983dbeb70d0225d05a48275b9b08308c0108d3d9cd689,outputs\qdiffcl_data_regime_v1\DATA_REGIME_GENERALIZATION_V1\3w\f010\outer_31003\model_seed_46\UNIFORM_DIFFUSION\result.json
3w-f025-outer31001-seed42-calibrated_rho,3W,0.25,31001,CALIBRATED_RHO,42,0.0,0.5414543129402829,0.8534858216078975,0.10862768219256401,0.8741808650065531,1132.090909090909,d87be7f5c345040ef574736daadcc90df3815be5e69643ca6da98b5664e30df6,40e31b90369c1d983fec5e6d83613213c539c2e27f1f12b6db0ad2df15418335,da46007b4ec1b58904cc78db639fdc9911f4425707f925d3f579d3f2e05c4a1f,2c9de08c9175bb3e2617eb66112d3d53df4d97ebf9ea21e3ced14b3b08d4eb9c,outputs\qdiffcl_data_regime_v1\DATA_REGIME_GENERALIZATION_V1\3w\f025\outer_31001\model_seed_42\CALIBRATED_RHO\result.json
3w-f025-outer31001-seed42-final_qdiffcl_fixed,3W,0.25,31001,FINAL_QDIFFCL_FIXED,42,,0.5902859136367947,0.838552824274077,0.08539243536831574,0.8322026058129673,639.421052631579,1e7d48cb48a609cadfe717b3ed7b20179628163483d8c86d4b3bf55248fba7c6,1b05dddf51e0cd30bb5223ebaff0bed14a9fa8d5593c1829a7bac7f8dbc2a6ed,da46007b4ec1b58904cc78db639fdc9911f4425707f925d3f579d3f2e05c4a1f,2c9de08c9175bb3e2617eb66112d3d53df4d97ebf9ea21e3ced14b3b08d4eb9c,outputs\qdiffcl_data_regime_v1\DATA_REGIME_GENERALIZATION_V1\3w\f025\outer_31001\model_seed_42\FINAL_QDIFFCL_FIXED\result.json
3w-f025-outer31001-seed42-jitter_scaling,3W,0.25,31001,JITTER_SCALING,42,,0.5723260167594564,0.8693636818522924,0.10961033392292437,0.9113021355331123,629.3157894736842,678dc5979fddf80a5f42e954ed9a7b6bb3e350938017762984d94510f5805202,fc80eb8620ff46d6d531bf46b49181ccc21d229773032bdd65b1406e82a6f015,da46007b4ec1b58904cc78db639fdc9911f4425707f925d3f579d3f2e05c4a1f,2c9de08c9175bb3e2617eb66112d3d53df4d97ebf9ea21e3ced14b3b08d4eb9c,outputs\qdiffcl_data_regime_v1\DATA_REGIME_GENERALIZATION_V1\3w\f025\outer_31001\model_seed_42\JITTER_SCALING\result.json
3w-f025-outer31001-seed42-no_aug,3W,0.25,31001,NO_AUG,42,,0.5903262898616473,0.8730487951181664,0.10725196977005949,0.8776115950967543,691.6315789473684,5d867946f1555e41c2260a02ab6b3cf751f5a344e420ff6bdc0e312d2aa885e2,ff8a767d2dc98a86aedb367b71032e234652cf884889a19c4d8c7597264af42f,da46007b4ec1b58904cc78db639fdc9911f4425707f925d3f579d3f2e05c4a1f,2c9de08c9175bb3e2617eb66112d3d53df4d97ebf9ea21e3ced14b3b08d4eb9c,outputs\qdiffcl_data_regime_v1\DATA_REGIME_GENERALIZATION_V1\3w\f025\outer_31001\model_seed_42\NO_AUG\result.json
3w-f025-outer31001-seed42-uniform_diffusion,3W,0.25,31001,UNIFORM_DIFFUSION,42,,0.5583715764521449,0.8450140063279239,0.0893230422897572,0.8152416930074782,698.3684210526316,83a707c35a371d14876ee31a71e6577f8a0669e26ed388fb5d289e74c273af92,41bd95447310d15612d5e490de2c80616c5d6a4edb43fa52f7571b2da8f71fd4,da46007b4ec1b58904cc78db639fdc9911f4425707f925d3f579d3f2e05c4a1f,2c9de08c9175bb3e2617eb66112d3d53df4d97ebf9ea21e3ced14b3b08d4eb9c,outputs\qdiffcl_data_regime_v1\DATA_REGIME_GENERALIZATION_V1\3w\f025\outer_31001\model_seed_42\UNIFORM_DIFFUSION\result.json
3w-f025-outer31001-seed43-calibrated_rho,3W,0.25,31001,CALIBRATED_RHO,43,0.0,0.4250890165540543,0.8329177313696811,0.12267960193671723,0.8741808650065531,23.142857142857142,45570efddb9f9403de38ebe816534c0854bbc9bdfcc2586e2aa7868e9fa6903a,da7a0611f948224d1f70259dcf2d2c6111e852dfc50a61871ea651a7c9885147,da46007b4ec1b58904cc78db639fdc9911f4425707f925d3f579d3f2e05c4a1f,2c9de08c9175bb3e2617eb66112d3d53df4d97ebf9ea21e3ced14b3b08d4eb9c,outputs\qdiffcl_data_regime_v1\DATA_REGIME_GENERALIZATION_V1\3w\f025\outer_31001\model_seed_43\CALIBRATED_RHO\result.json
3w-f025-outer31001-seed43-final_qdiffcl_fixed,3W,0.25,31001,FINAL_QDIFFCL_FIXED,43,,0.4196239388979714,0.8392966431580332,0.12414464633470905,0.9328116567728009,757.3157894736842,94daa088031662d20058cf3bfbee4101bbf7e2b1441d354dd2450e186f0d383b,98024d33caa6142b9974416a70ea23128c2956768541b8b0fc669da2392d7827,da46007b4ec1b58904cc78db639fdc9911f4425707f925d3f579d3f2e05c4a1f,2c9de08c9175bb3e2617eb66112d3d53df4d97ebf9ea21e3ced14b3b08d4eb9c,outputs\qdiffcl_data_regime_v1\DATA_REGIME_GENERALIZATION_V1\3w\f025\outer_31001\model_seed_43\FINAL_QDIFFCL_FIXED\result.json
3w-f025-outer31001-seed43-jitter_scaling,3W,0.25,31001,JITTER_SCALING,43,,0.4281793099869122,0.8442401827364594,0.12358185488913902,0.9069848122735332,1340.0,5d0b93eb822cb6dd402e6b87873b15ed417758dbb9e4711e01b63b4bd016bb3d,cd6b4c7d3feac2c0c7446fb59e7cfa47fb3716302af021d218de2a6ae3ef2b42,da46007b4ec1b58904cc78db639fdc9911f4425707f925d3f579d3f2e05c4a1f,2c9de08c9175bb3e2617eb66112d3d53df4d97ebf9ea21e3ced14b3b08d4eb9c,outputs\qdiffcl_data_regime_v1\DATA_REGIME_GENERALIZATION_V1\3w\f025\outer_31001\model_seed_43\JITTER_SCALING\result.json
3w-f025-outer31001-seed43-no_aug,3W,0.25,31001,NO_AUG,43,,0.4198747488926484,0.8433868721582721,0.1240999803469654,0.9178937630097911,728.6842105263158,34b9a4d3ff280feb898541714efad828014c3eae9b1f3457acb2b9c7c91e325c,9698d24d93bf60a0e530f3c590b91b92a51dfc2cfb3a25fdae65bd16ee8efd9e,da46007b4ec1b58904cc78db639fdc9911f4425707f925d3f579d3f2e05c4a1f,2c9de08c9175bb3e2617eb66112d3d53df4d97ebf9ea21e3ced14b3b08d4eb9c,outputs\qdiffcl_data_regime_v1\DATA_REGIME_GENERALIZATION_V1\3w\f025\outer_31001\model_seed_43\NO_AUG\result.json
3w-f025-outer31001-seed43-uniform_diffusion,3W,0.25,31001,UNIFORM_DIFFUSION,43,,0.41963999706108834,0.8405154443554127,0.12410891354451413,0.9125742039935241,834.0,6517eb546b200d1d742296de01fc6c44430b1ec9ccecd84f8381c35973135a7a,32cc1a062abc83ee2d443ee2f9ce3a99d9baa43bc47825ccdcf736413e484bcf,da46007b4ec1b58904cc78db639fdc9911f4425707f925d3f579d3f2e05c4a1f,2c9de08c9175bb3e2617eb66112d3d53df4d97ebf9ea21e3ced14b3b08d4eb9c,outputs\qdiffcl_data_regime_v1\DATA_REGIME_GENERALIZATION_V1\3w\f025\outer_31001\model_seed_43\UNIFORM_DIFFUSION\result.json
3w-f025-outer31001-seed44-calibrated_rho,3W,0.25,31001,CALIBRATED_RHO,44,0.0,0.41950152789045336,0.8098900908931497,0.14064426220721446,0.9800323799244468,745.5714285714286,d4a9681517df226ec991a1cf6e85f90f6c5babdd903b6dd6df20eeeb87715733,d97b7ee1359bc426fc46b1e260686c1c2381d8fce5570c7e8cff6c584cac887f,da46007b4ec1b58904cc78db639fdc9911f4425707f925d3f579d3f2e05c4a1f,2c9de08c9175bb3e2617eb66112d3d53df4d97ebf9ea21e3ced14b3b08d4eb9c,outputs\qdiffcl_data_regime_v1\DATA_REGIME_GENERALIZATION_V1\3w\f025\outer_31001\model_seed_44\CALIBRATED_RHO\result.json
3w-f025-outer31001-seed44-final_qdiffcl_fixed,3W,0.25,31001,FINAL_QDIFFCL_FIXED,44,,0.5461667811299624,0.8334891153365692,0.1302906862482357,0.908064143088428,796.0,139b2616865597e068f8c44855e8a8dddbbe3fa8df5de9ed3ab57d88f159a556,4970de1b7cdaef5fec07c82c97b43d377c2f9ee94eda8b097c666042093ea2d1,da46007b4ec1b58904cc78db639fdc9911f4425707f925d3f579d3f2e05c4a1f,2c9de08c9175bb3e2617eb66112d3d53df4d97ebf9ea21e3ced14b3b08d4eb9c,outputs\qdiffcl_data_regime_v1\DATA_REGIME_GENERALIZATION_V1\3w\f025\outer_31001\model_seed_44\FINAL_QDIFFCL_FIXED\result.json
3w-f025-outer31001-seed44-jitter_scaling,3W,0.25,31001,JITTER_SCALING,44,,0.5389918533032827,0.8244119327377252,0.13037108502617428,0.8906792074628016,804.7272727272727,816fd7dffa01c6d5d6569ca51c7f77a1d20fb3773a3fec81dc3d87f3be0d9097,6c8a41d2b3b177e96a78d0c93a3235fcbfd4931dfc041959fb73eb518a654df0,da46007b4ec1b58904cc78db639fdc9911f4425707f925d3f579d3f2e05c4a1f,2c9de08c9175bb3e2617eb66112d3d53df4d97ebf9ea21e3ced14b3b08d4eb9c,outputs\qdiffcl_data_regime_v1\DATA_REGIME_GENERALIZATION_V1\3w\f025\outer_31001\model_seed_44\JITTER_SCALING\result.json
3w-f025-outer31001-seed44-no_aug,3W,0.25,31001,NO_AUG,44,,0.4198257521263538,0.8050364199243558,0.14064426220721446,0.9690848816590857,1123.65,75ddaa626f8df8ea3e3cfcec6828d3bc5b8520c3ee6aa11291457310482d1ace,2dcdc2989bb424d7610999886673919bcd2aff6a1618ef6b75938e8d754fa44c,da46007b4ec1b58904cc78db639fdc9911f4425707f925d3f579d3f2e05c4a1f,2c9de08c9175bb3e2617eb66112d3d53df4d97ebf9ea21e3ced14b3b08d4eb9c,outputs\qdiffcl_data_regime_v1\DATA_REGIME_GENERALIZATION_V1\3w\f025\outer_31001\model_seed_44\NO_AUG\result.json
3w-f025-outer31001-seed44-uniform_diffusion,3W,0.25,31001,UNIFORM_DIFFUSION,44,,0.4194854809068981,0.8040139699095172,0.14064426220721446,0.9750597486701102,861.25,bfd3d16553063d745d0aab47a7d71ddaa47031cda2061d8bb293516c6768a8f5,34cc7086807e58207246c38a954fbbb06560f40f83d1bd60f94058c421706178,da46007b4ec1b58904cc78db639fdc9911f4425707f925d3f579d3f2e05c4a1f,2c9de08c9175bb3e2617eb66112d3d53df4d97ebf9ea21e3ced14b3b08d4eb9c,outputs\qdiffcl_data_regime_v1\DATA_REGIME_GENERALIZATION_V1\3w\f025\outer_31001\model_seed_44\UNIFORM_DIFFUSION\result.json
3w-f025-outer31001-seed45-calibrated_rho,3W,0.25,31001,CALIBRATED_RHO,45,0.0,0.49641821809134556,0.7947821376917666,0.10016794411391614,0.8146634800709275,1014.1818181818181,6244484ff4f3dd3476e4627fd0bc6e0ff98b4dc2673770b01edea41bfd8d2db8,43e027dae1e37ee723986ecad579b1fe01c683004712ffcb0a0f1e5f0afd8100,da46007b4ec1b58904cc78db639fdc9911f4425707f925d3f579d3f2e05c4a1f,2c9de08c9175bb3e2617eb66112d3d53df4d97ebf9ea21e3ced14b3b08d4eb9c,outputs\qdiffcl_data_regime_v1\DATA_REGIME_GENERALIZATION_V1\3w\f025\outer_31001\model_seed_45\CALIBRATED_RHO\result.json
3w-f025-outer31001-seed45-final_qdiffcl_fixed,3W,0.25,31001,FINAL_QDIFFCL_FIXED,45,,0.5079470809854019,0.8020368042630415,0.09529041825230923,0.8229511988281552,975.9230769230769,828fa327387a927f52093d473fab8f818dfd07920621641bf95589aac410f774,034d7e769cc421511df35f7817680d9d0fd09c456b4234d6cbb38a7a1776008e,da46007b4ec1b58904cc78db639fdc9911f4425707f925d3f579d3f2e05c4a1f,2c9de08c9175bb3e2617eb66112d3d53df4d97ebf9ea21e3ced14b3b08d4eb9c,outputs\qdiffcl_data_regime_v1\DATA_REGIME_GENERALIZATION_V1\3w\f025\outer_31001\model_seed_45\FINAL_QDIFFCL_FIXED\result.json
3w-f025-outer31001-seed45-jitter_scaling,3W,0.25,31001,JITTER_SCALING,45,,0.4911549723874987,0.7665068820962498,0.09812224187525682,0.8124277233829311,1036.8,b0672e82fd5f74a03bebece6356e0e5d276f76b24151443d8ebe15732e95187c,fe555c859a4cee6fd0967be7e4ffb444f67aeaddca1b8dc98f013828326a28ac,da46007b4ec1b58904cc78db639fdc9911f4425707f925d3f579d3f2e05c4a1f,2c9de08c9175bb3e2617eb66112d3d53df4d97ebf9ea21e3ced14b3b08d4eb9c,outputs\qdiffcl_data_regime_v1\DATA_REGIME_GENERALIZATION_V1\3w\f025\outer_31001\model_seed_45\JITTER_SCALING\result.json
3w-f025-outer31001-seed45-no_aug,3W,0.25,31001,NO_AUG,45,,0.5612950502632744,0.7521953777998509,0.09629986957531579,0.8427646287872947,1039.6,e7cf58a30390e952b87dddbfc40225117cd7641b0454e205ae25c714c1c6497a,e243ef6b2a94c1b71d09a59f9c12dae039263b110106dc354d46e65f2a87852b,da46007b4ec1b58904cc78db639fdc9911f4425707f925d3f579d3f2e05c4a1f,2c9de08c9175bb3e2617eb66112d3d53df4d97ebf9ea21e3ced14b3b08d4eb9c,outputs\qdiffcl_data_regime_v1\DATA_REGIME_GENERALIZATION_V1\3w\f025\outer_31001\model_seed_45\NO_AUG\result.json
3w-f025-outer31001-seed45-uniform_diffusion,3W,0.25,31001,UNIFORM_DIFFUSION,45,,0.5080782580023864,0.8064530585000026,0.09711279055225028,0.8200986816745046,870.8461538461538,9fe415a1afc6fb33089f757b17eb3fb7f401827f50ac2ec35abb16a57dd880da,8b42a16affbdd2c5bec9d3cbf074f3d553d293168035d19d239084804a7993a9,da46007b4ec1b58904cc78db639fdc9911f4425707f925d3f579d3f2e05c4a1f,2c9de08c9175bb3e2617eb66112d3d53df4d97ebf9ea21e3ced14b3b08d4eb9c,outputs\qdiffcl_data_regime_v1\DATA_REGIME_GENERALIZATION_V1\3w\f025\outer_31001\model_seed_45\UNIFORM_DIFFUSION\result.json
3w-f025-outer31001-seed46-calibrated_rho,3W,0.25,31001,CALIBRATED_RHO,46,0.0,0.4093760971071838,0.8489226079862849,0.14736202676385984,0.8820445609436435,14.578947368421053,74b8ff1d614518c12fae05a7d662081a940449b05cff9157419693e093f531c9,edcef8a1760ef00f41382b249b8d0c05a8b562a0498d56aef9c59ad802e0f1ae,da46007b4ec1b58904cc78db639fdc9911f4425707f925d3f579d3f2e05c4a1f,2c9de08c9175bb3e2617eb66112d3d53df4d97ebf9ea21e3ced14b3b08d4eb9c,outputs\qdiffcl_data_regime_v1\DATA_REGIME_GENERALIZATION_V1\3w\f025\outer_31001\model_seed_46\CALIBRATED_RHO\result.json
3w-f025-outer31001-seed46-final_qdiffcl_fixed,3W,0.25,31001,FINAL_QDIFFCL_FIXED,46,,0.4111071512502207,0.8553934163803848,0.14106412249200478,0.8819289183563334,14.578947368421053,3719191fa3c03b88d624a64a3dfed0b1f6314f412cae1df494831348aa1aac10,c69f0e7ee7461192519d5a765e31b851c1a4344c50d54cd3d2c1880977628612,da46007b4ec1b58904cc78db639fdc9911f4425707f925d3f579d3f2e05c4a1f,2c9de08c9175bb3e2617eb66112d3d53df4d97ebf9ea21e3ced14b3b08d4eb9c,outputs\qdiffcl_data_regime_v1\DATA_REGIME_GENERALIZATION_V1\3w\f025\outer_31001\model_seed_46\FINAL_QDIFFCL_FIXED\result.json
3w-f025-outer31001-seed46-jitter_scaling,3W,0.25,31001,JITTER_SCALING,46,,0.4215175788277584,0.8546511638804016,0.11979417912847724,0.8783439981497186,15.166666666666666,d97864cf596582799f4cd60325b7d4ea9bae97d569d6100d6844826ad1161cc6,c85c92c37981835df03ab3776000e539b05eb458285f9805036b7e16fbb9f86f,da46007b4ec1b58904cc78db639fdc9911f4425707f925d3f579d3f2e05c4a1f,2c9de08c9175bb3e2617eb66112d3d53df4d97ebf9ea21e3ced14b3b08d4eb9c,outputs\qdiffcl_data_regime_v1\DATA_REGIME_GENERALIZATION_V1\3w\f025\outer_31001\model_seed_46\JITTER_SCALING\result.json
3w-f025-outer31001-seed46-no_aug,3W,0.25,31001,NO_AUG,46,,0.4118533429859269,0.8572545958581101,0.14128745243072305,0.885205458330121,14.578947368421053,f4e25fc7b44730d177479f88b28e0758e11c1d89d0b4750903ede16b446aa5c3,a67ef1c3cf747fc967255d4fc1ec59b13c398bbcbc845e1723d9dc56b81c3cc8,da46007b4ec1b58904cc78db639fdc9911f4425707f925d3f579d3f2e05c4a1f,2c9de08c9175bb3e2617eb66112d3d53df4d97ebf9ea21e3ced14b3b08d4eb9c,outputs\qdiffcl_data_regime_v1\DATA_REGIME_GENERALIZATION_V1\3w\f025\outer_31001\model_seed_46\NO_AUG\result.json
3w-f025-outer31001-seed46-uniform_diffusion,3W,0.25,31001,UNIFORM_DIFFUSION,46,,0.42184805329437985,0.8522160883930684,0.12098229440245842,0.8760311464035155,14.578947368421053,380b839c66155ca2b825e84bb636c6d5689e4f0d5180a91267869fb7dc0fcdf7,2f0ce32dcb154de25356808447f7d8cafb4f9239bdbaef6d446c1e59e7b59d46,da46007b4ec1b58904cc78db639fdc9911f4425707f925d3f579d3f2e05c4a1f,2c9de08c9175bb3e2617eb66112d3d53df4d97ebf9ea21e3ced14b3b08d4eb9c,outputs\qdiffcl_data_regime_v1\DATA_REGIME_GENERALIZATION_V1\3w\f025\outer_31001\model_seed_46\UNIFORM_DIFFUSION\result.json
3w-f025-outer31002-seed42-calibrated_rho,3W,0.25,31002,CALIBRATED_RHO,42,0.75,0.11080384699009536,0.6135717157203807,0.9869484756988409,0.8681262205776544,1040.4,f295b6e56f067e9a525694ce4c37ab8dafbe115f9d2bd942f9b30e8f4acab52c,552477259a4f81d04aed15b56639d9868c5cfa8ba064c1abd962bb0e23190b32,c223ca712bae9c6e0dcc410b8a9296ca7a66f3445b1a33388d5516383fe18abc,1bcc2d22d96b5479df6a6253b7f22ecd734cea8633ecdbdabd7ac7e57e6f203c,outputs\qdiffcl_data_regime_v1\DATA_REGIME_GENERALIZATION_V1\3w\f025\outer_31002\model_seed_42\CALIBRATED_RHO\result.json
3w-f025-outer31002-seed42-final_qdiffcl_fixed,3W,0.25,31002,FINAL_QDIFFCL_FIXED,42,,0.11076338359528758,0.6039704685993116,0.9873921842364426,0.8677150786308974,2321.6363636363635,add5b3a2f04b9a79f0ea10e1021f9daf8a0f7df4392a0f1c0e0d06f1881ee18d,96f6a9131400a46714376ad5cadcbb8d6d81d74c4508e13d0bd538f3e0f7e2d0,c223ca712bae9c6e0dcc410b8a9296ca7a66f3445b1a33388d5516383fe18abc,1bcc2d22d96b5479df6a6253b7f22ecd734cea8633ecdbdabd7ac7e57e6f203c,outputs\qdiffcl_data_regime_v1\DATA_REGIME_GENERALIZATION_V1\3w\f025\outer_31002\model_seed_42\FINAL_QDIFFCL_FIXED\result.json
3w-f025-outer31002-seed42-jitter_scaling,3W,0.25,31002,JITTER_SCALING,42,,0.11997446585787683,0.6306506995457978,0.9477397919980953,0.7566039675197862,4371.6,fcc070783f5d47a99e9ed66fa44dc7d4d3872eb70cdd2fa2fdefb0698859d045,166ee97d17553d10d8beeb12b9faab951be1afe1cf5f10e2d522652d04e98ea7,c223ca712bae9c6e0dcc410b8a9296ca7a66f3445b1a33388d5516383fe18abc,1bcc2d22d96b5479df6a6253b7f22ecd734cea8633ecdbdabd7ac7e57e6f203c,outputs\qdiffcl_data_regime_v1\DATA_REGIME_GENERALIZATION_V1\3w\f025\outer_31002\model_seed_42\JITTER_SCALING\result.json
3w-f025-outer31002-seed42-no_aug,3W,0.25,31002,NO_AUG,42,,0.10583418771375686,0.6061546010034051,0.9782366373386145,0.81169698838524,1424.4,7dfaaca47c227e788d8ab6d18ae4839e4ef561783e11ad4ae952fbc3dd2644ec,826d5a2445f418c318112bf092612161606fbf09ed7781cdbd76ad0fa3dca6f3,c223ca712bae9c6e0dcc410b8a9296ca7a66f3445b1a33388d5516383fe18abc,1bcc2d22d96b5479df6a6253b7f22ecd734cea8633ecdbdabd7ac7e57e6f203c,outputs\qdiffcl_data_regime_v1\DATA_REGIME_GENERALIZATION_V1\3w\f025\outer_31002\model_seed_42\NO_AUG\result.json
3w-f025-outer31002-seed42-uniform_diffusion,3W,0.25,31002,UNIFORM_DIFFUSION,42,,0.12126572718995582,0.6046146345837079,0.9938313691113925,0.9565217391304348,14.727272727272727,dd4c6820f33dacb4409146be8ffdf10b115d81c483367968ac24a44d08d9c9fc,65da9f021ea3dbe987d011f531f3dc2be5d0a2e833d35892357083e0a048b0ff,c223ca712bae9c6e0dcc410b8a9296ca7a66f3445b1a33388d5516383fe18abc,1bcc2d22d96b5479df6a6253b7f22ecd734cea8633ecdbdabd7ac7e57e6f203c,outputs\qdiffcl_data_regime_v1\DATA_REGIME_GENERALIZATION_V1\3w\f025\outer_31002\model_seed_42\UNIFORM_DIFFUSION\result.json
3w-f025-outer31002-seed43-calibrated_rho,3W,0.25,31002,CALIBRATED_RHO,43,0.75,0.41091537302551356,0.6051933852726292,0.6976937978204171,0.6976050981601398,6022.875,69b44fc8e42715621b9828fe5006536576e6276d8ac1b74f57dc7dddc6be95d5,2de25fbc4e81534359d39c95f2f719569f9d51a399fde07363f042e25a9f0ad7,c223ca712bae9c6e0dcc410b8a9296ca7a66f3445b1a33388d5516383fe18abc,1bcc2d22d96b5479df6a6253b7f22ecd734cea8633ecdbdabd7ac7e57e6f203c,outputs\qdiffcl_data_regime_v1\DATA_REGIME_GENERALIZATION_V1\3w\f025\outer_31002\model_seed_43\CALIBRATED_RHO\result.json
3w-f025-outer31002-seed43-final_qdiffcl_fixed,3W,0.25,31002,FINAL_QDIFFCL_FIXED,43,,0.32265688403528586,0.5628217625319282,0.8664437301819204,0.6801315654229623,5204.555555555556,bdca65d52b674cefdc8953beee4812bf418b429f960a7378581c66e55cd64d76,1f2ec863f4f5ee336ce97a5b5d539f6c10d94fecbe88e1cfde9c9693ea91bc53,c223ca712bae9c6e0dcc410b8a9296ca7a66f3445b1a33388d5516383fe18abc,1bcc2d22d96b5479df6a6253b7f22ecd734cea8633ecdbdabd7ac7e57e6f203c,outputs\qdiffcl_data_regime_v1\DATA_REGIME_GENERALIZATION_V1\3w\f025\outer_31002\model_seed_43\FINAL_QDIFFCL_FIXED\result.json
3w-f025-outer31002-seed43-jitter_scaling,3W,0.25,31002,JITTER_SCALING,43,,0.4204058287898415,0.605291360415559,0.6977154421393245,0.6976050981601398,5706.875,fad13e4513042e64237130c69a09d6f7fec17590c128d5d02b423f84428788da,c05008938cc35164db9b108aaef38f28dfc584cd00f1c71129d3d949e964665f,c223ca712bae9c6e0dcc410b8a9296ca7a66f3445b1a33388d5516383fe18abc,1bcc2d22d96b5479df6a6253b7f22ecd734cea8633ecdbdabd7ac7e57e6f203c,outputs\qdiffcl_data_regime_v1\DATA_REGIME_GENERALIZATION_V1\3w\f025\outer_31002\model_seed_43\JITTER_SCALING\result.json
3w-f025-outer31002-seed43-no_aug,3W,0.25,31002,NO_AUG,43,,0.4363489742835519,0.6159431537647556,0.6976396870231486,0.7001747353273717,5410.875,251d266b7af6c0f6dbfaaeae6b5d9fa695e49676fea3f56b709b40e193b6ee2e,dde063672faa521db77f99914acebf648f94518ef95be2a3bc6d936411c97b33,c223ca712bae9c6e0dcc410b8a9296ca7a66f3445b1a33388d5516383fe18abc,1bcc2d22d96b5479df6a6253b7f22ecd734cea8633ecdbdabd7ac7e57e6f203c,outputs\qdiffcl_data_regime_v1\DATA_REGIME_GENERALIZATION_V1\3w\f025\outer_31002\model_seed_43\NO_AUG\result.json
3w-f025-outer31002-seed43-uniform_diffusion,3W,0.25,31002,UNIFORM_DIFFUSION,43,,0.4496792589155804,0.6203448252651635,0.6957025204809367,0.7171343406311029,5069.444444444444,ef7e3c81635be776130479c5a7f12b9daa496fdd05d484b66207337873139d05,c98fb589d113aab362fff2f8e8811ee6201ee65d38dfdd6015b608dd966017d1,c223ca712bae9c6e0dcc410b8a9296ca7a66f3445b1a33388d5516383fe18abc,1bcc2d22d96b5479df6a6253b7f22ecd734cea8633ecdbdabd7ac7e57e6f203c,outputs\qdiffcl_data_regime_v1\DATA_REGIME_GENERALIZATION_V1\3w\f025\outer_31002\model_seed_43\UNIFORM_DIFFUSION\result.json
3w-f025-outer31002-seed44-calibrated_rho,3W,0.25,31002,CALIBRATED_RHO,44,0.75,0.1851625333614277,0.5775045970598257,0.8856963518500481,0.7249460376194882,4734.875,db6c0f1511c05599843d4b6e68c67b089d6844ccec76ef9dda3a3273478197d5,944342200b3f3eaba962691d5dfd1c9755115d4f1f8bc472cfb811b1bbdf1439,c223ca712bae9c6e0dcc410b8a9296ca7a66f3445b1a33388d5516383fe18abc,1bcc2d22d96b5479df6a6253b7f22ecd734cea8633ecdbdabd7ac7e57e6f203c,outputs\qdiffcl_data_regime_v1\DATA_REGIME_GENERALIZATION_V1\3w\f025\outer_31002\model_seed_44\CALIBRATED_RHO\result.json
3w-f025-outer31002-seed44-final_qdiffcl_fixed,3W,0.25,31002,FINAL_QDIFFCL_FIXED,44,,0.16896196358098256,0.6182323350649583,0.9050030843154443,0.7206290471785384,4914.875,397dc44eeaa326f966824a708fd1e64219020c4c3bc25264e19651a21758ca69,d5ee6df35f7a001517004e663dbe7008a35200b89df2a4e533d47b37c80e0d14,c223ca712bae9c6e0dcc410b8a9296ca7a66f3445b1a33388d5516383fe18abc,1bcc2d22d96b5479df6a6253b7f22ecd734cea8633ecdbdabd7ac7e57e6f203c,outputs\qdiffcl_data_regime_v1\DATA_REGIME_GENERALIZATION_V1\3w\f025\outer_31002\model_seed_44\FINAL_QDIFFCL_FIXED\result.json
3w-f025-outer31002-seed44-jitter_scaling,3W,0.25,31002,JITTER_SCALING,44,,0.17944341333511682,0.6017041233438972,0.8856963518500481,0.7180594100113064,4878.875,1a6a3043c75360817a464b5134849429b2aefb5de79dcc246db8b0873f9a3544,dec519c83bbd1ebca5041da01941dbf0e94182d511e49f1fe1e75d4bdb54ab9e,c223ca712bae9c6e0dcc410b8a9296ca7a66f3445b1a33388d5516383fe18abc,1bcc2d22d96b5479df6a6253b7f22ecd734cea8633ecdbdabd7ac7e57e6f203c,outputs\qdiffcl_data_regime_v1\DATA_REGIME_GENERALIZATION_V1\3w\f025\outer_31002\model_seed_44\JITTER_SCALING\result.json
3w-f025-outer31002-seed44-no_aug,3W,0.25,31002,NO_AUG,44,,0.14486100448638178,0.6191023413491195,0.9251431230587751,0.9618665844382773,40.333333333333336,c0de76d2988c85e38ddc1f3357a377d8b916cabecf667a8dcfd9b88237881b2a,f3f872540a92882a66d992feda491b4660d7ce85a162c561f4671b0d0a3e1cda,c223ca712bae9c6e0dcc410b8a9296ca7a66f3445b1a33388d5516383fe18abc,1bcc2d22d96b5479df6a6253b7f22ecd734cea8633ecdbdabd7ac7e57e6f203c,outputs\qdiffcl_data_regime_v1\DATA_REGIME_GENERALIZATION_V1\3w\f025\outer_31002\model_seed_44\NO_AUG\result.json
3w-f025-outer31002-seed44-uniform_diffusion,3W,0.25,31002,UNIFORM_DIFFUSION,44,,0.14442692944531035,0.6193933327020934,0.9256084759152842,0.9645390070921985,40.333333333333336,4ef74561c908a2aaeaa61e945bd0843da2d775e04cccd88ba1124688513e855f,f1c9b688471331a3c72826ed267aa1fe40f3819cf2c7d5904b765bedcbfb758f,c223ca712bae9c6e0dcc410b8a9296ca7a66f3445b1a33388d5516383fe18abc,1bcc2d22d96b5479df6a6253b7f22ecd734cea8633ecdbdabd7ac7e57e6f203c,outputs\qdiffcl_data_regime_v1\DATA_REGIME_GENERALIZATION_V1\3w\f025\outer_31002\model_seed_44\UNIFORM_DIFFUSION\result.json
3w-f025-outer31002-seed45-calibrated_rho,3W,0.25,31002,CALIBRATED_RHO,45,0.75,0.2099526016793436,0.22989749436529128,0.9976083027607329,1.0,13.666666666666666,637f0f0802ab5a0b26d3633d8f1554e9e760a11757361c4593ab6b997ea10fd5,d9b4437b0e71985d8c4abe40af30650bd9436f2401854713ff2800cc0ac1a378,c223ca712bae9c6e0dcc410b8a9296ca7a66f3445b1a33388d5516383fe18abc,1bcc2d22d96b5479df6a6253b7f22ecd734cea8633ecdbdabd7ac7e57e6f203c,outputs\qdiffcl_data_regime_v1\DATA_REGIME_GENERALIZATION_V1\3w\f025\outer_31002\model_seed_45\CALIBRATED_RHO\result.json
3w-f025-outer31002-seed45-final_qdiffcl_fixed,3W,0.25,31002,FINAL_QDIFFCL_FIXED,45,,0.4044228011629819,0.2368863204314845,0.7326493728558596,0.9544660293966492,48.333333333333336,b17e68e6fa32450f1cb467b11e5af7d5a90be5aae28302d0dcedf8dc5e037cf2,86273c0751e229ae2aca0d5109bb2bd34a6f3dabc04f796b2f0d2c5bdb0e8759,c223ca712bae9c6e0dcc410b8a9296ca7a66f3445b1a33388d5516383fe18abc,1bcc2d22d96b5479df6a6253b7f22ecd734cea8633ecdbdabd7ac7e57e6f203c,outputs\qdiffcl_data_regime_v1\DATA_REGIME_GENERALIZATION_V1\3w\f025\outer_31002\model_seed_45\FINAL_QDIFFCL_FIXED\result.json
3w-f025-outer31002-seed45-jitter_scaling,3W,0.25,31002,JITTER_SCALING,45,,0.15502895489728552,0.4845480473743645,0.9577611116522191,0.7344023023949018,4514.777777777777,f1d23cd85978dc7d11dabe96458c97a20a930ed5f0f1cad24b8a0db6ae08023b,334ed9586f53bdfaabbeb944c726af1b8d6cc6aca9863b9890070c7dc12966f1,c223ca712bae9c6e0dcc410b8a9296ca7a66f3445b1a33388d5516383fe18abc,1bcc2d22d96b5479df6a6253b7f22ecd734cea8633ecdbdabd7ac7e57e6f203c,outputs\qdiffcl_data_regime_v1\DATA_REGIME_GENERALIZATION_V1\3w\f025\outer_31002\model_seed_45\JITTER_SCALING\result.json
3w-f025-outer31002-seed45-no_aug,3W,0.25,31002,NO_AUG,45,,0.2753856055131303,0.24029343050699245,0.890674545198749,0.9769760509816015,21.666666666666668,013180fd5ff68d4678c8ba5aa75513694069a85f7d7ac6035b05d9ad1420527d,f55f27023255b98f15b00cc2bd9ea1f45d16f6d9d5b21a775e6d8eae87a61a9c,c223ca712bae9c6e0dcc410b8a9296ca7a66f3445b1a33388d5516383fe18abc,1bcc2d22d96b5479df6a6253b7f22ecd734cea8633ecdbdabd7ac7e57e6f203c,outputs\qdiffcl_data_regime_v1\DATA_REGIME_GENERALIZATION_V1\3w\f025\outer_31002\model_seed_45\NO_AUG\result.json
3w-f025-outer31002-seed45-uniform_diffusion,3W,0.25,31002,UNIFORM_DIFFUSION,45,,0.4289963116937164,0.5636828305357134,0.73335281322035,0.9495323260355638,45.666666666666664,735b152f9bf4c052f08afe90f47c3e107c93ef02e48907fa1c86cebd019bfc9b,a30bc7ae937d4d3d6f3db0107a0e8cf59e675380532ed05ff7d0f4173ea5f84a,c223ca712bae9c6e0dcc410b8a9296ca7a66f3445b1a33388d5516383fe18abc,1bcc2d22d96b5479df6a6253b7f22ecd734cea8633ecdbdabd7ac7e57e6f203c,outputs\qdiffcl_data_regime_v1\DATA_REGIME_GENERALIZATION_V1\3w\f025\outer_31002\model_seed_45\UNIFORM_DIFFUSION\result.json
3w-f025-outer31002-seed46-calibrated_rho,3W,0.25,31002,CALIBRATED_RHO,46,0.75,0.3167521545787904,0.5939677208592821,0.7929720896507689,0.9977387192928359,72.33333333333333,ff497fe3521b5c63a8563987783855b200f7dfd0cc0d0fcbf8b2763effb40e26,b985ecf9c5ff9e0fcc0ae2b7fbe20cbcffe79d58084256c8e5de9473acccf54b,c223ca712bae9c6e0dcc410b8a9296ca7a66f3445b1a33388d5516383fe18abc,1bcc2d22d96b5479df6a6253b7f22ecd734cea8633ecdbdabd7ac7e57e6f203c,outputs\qdiffcl_data_regime_v1\DATA_REGIME_GENERALIZATION_V1\3w\f025\outer_31002\model_seed_46\CALIBRATED_RHO\result.json
3w-f025-outer31002-seed46-final_qdiffcl_fixed,3W,0.25,31002,FINAL_QDIFFCL_FIXED,46,,0.14991543404280247,0.5423904366871124,0.9998701340865557,0.999280501593175,13.666666666666666,eebeab1251881be9944312027bf066e724f04601895dd10cde9019f11e3eee8c,f136e3ce076001215574bf1dfbff494006bdbf01755284535a3cfe86629e75fc,c223ca712bae9c6e0dcc410b8a9296ca7a66f3445b1a33388d5516383fe18abc,1bcc2d22d96b5479df6a6253b7f22ecd734cea8633ecdbdabd7ac7e57e6f203c,outputs\qdiffcl_data_regime_v1\DATA_REGIME_GENERALIZATION_V1\3w\f025\outer_31002\model_seed_46\FINAL_QDIFFCL_FIXED\result.json
3w-f025-outer31002-seed46-jitter_scaling,3W,0.25,31002,JITTER_SCALING,46,,0.20097232670517576,0.5395589410518948,0.9892752399813859,0.9542604584232707,24.333333333333332,21c394ea3dfbe3fed0b0062fc07fba5967f472e04493c781904d997ed8f30970,5615b631f1ddc468bdd8199684151bbfab3b4bb7dae01f5e89780fe24af8c514,c223ca712bae9c6e0dcc410b8a9296ca7a66f3445b1a33388d5516383fe18abc,1bcc2d22d96b5479df6a6253b7f22ecd734cea8633ecdbdabd7ac7e57e6f203c,outputs\qdiffcl_data_regime_v1\DATA_REGIME_GENERALIZATION_V1\3w\f025\outer_31002\model_seed_46\JITTER_SCALING\result.json
3w-f025-outer31002-seed46-no_aug,3W,0.25,31002,NO_AUG,46,,0.19491716543036253,0.5504173730894065,0.9998701340865557,0.9978415047795252,13.666666666666666,9930ef1b7e7acb58e13bd05f12434e19cdfa35cf0d105eca82a810b6ab452646,7112dcd80b573c15ba4bb9b8a184003526c0728fb2f4310cfe99a6c2652d4e39,c223ca712bae9c6e0dcc410b8a9296ca7a66f3445b1a33388d5516383fe18abc,1bcc2d22d96b5479df6a6253b7f22ecd734cea8633ecdbdabd7ac7e57e6f203c,outputs\qdiffcl_data_regime_v1\DATA_REGIME_GENERALIZATION_V1\3w\f025\outer_31002\model_seed_46\NO_AUG\result.json
3w-f025-outer31002-seed46-uniform_diffusion,3W,0.25,31002,UNIFORM_DIFFUSION,46,,0.3178612408532743,0.59402236250385,0.79300455612913,0.9980470757529037,64.33333333333333,f46b217070557cea662f50ce1c0acbea77840405b6ea71d890670430c5806f8f,89d67a72c085ce8a8ceb2d4f678cd12be58d80bbde441726452cf43e6418bc89,c223ca712bae9c6e0dcc410b8a9296ca7a66f3445b1a33388d5516383fe18abc,1bcc2d22d96b5479df6a6253b7f22ecd734cea8633ecdbdabd7ac7e57e6f203c,outputs\qdiffcl_data_regime_v1\DATA_REGIME_GENERALIZATION_V1\3w\f025\outer_31002\model_seed_46\UNIFORM_DIFFUSION\result.json
3w-f025-outer31003-seed42-calibrated_rho,3W,0.25,31003,CALIBRATED_RHO,42,0.75,0.43526797988012916,0.8465403500432326,0.8795971260785407,0.9601610631304868,58.92857142857143,5551dc29ba208193f2276e8019a8d8dfd537ac3df99a35c1293f91ccb62d8ddf,5b2d0bed0c603f673529af16ce7d5da79e6440b0b798bd95945cef8c86037b47,a7d8c0eef32d13a3a6eaaea0e88fdcb383eb2b4dbe558e519d5014b2bc285233,9ccf93b7883f3d7837efd564bbb8c8fa23b0050c0717b138f31c479fbdde1d29,outputs\qdiffcl_data_regime_v1\DATA_REGIME_GENERALIZATION_V1\3w\f025\outer_31003\model_seed_42\CALIBRATED_RHO\result.json
3w-f025-outer31003-seed42-final_qdiffcl_fixed,3W,0.25,31003,FINAL_QDIFFCL_FIXED,42,,0.39256921622496244,0.8587268496056327,0.9849086316065746,0.9912212056969679,61.4,c14c93e90a2a49cc8474f44215129b9101212b848b3a1c984052df5ce9bf1919,ffbb24709829dc7cbbd09343cfc97733ea189cc8344dd0d656dfcf1df1ee092b,a7d8c0eef32d13a3a6eaaea0e88fdcb383eb2b4dbe558e519d5014b2bc285233,9ccf93b7883f3d7837efd564bbb8c8fa23b0050c0717b138f31c479fbdde1d29,outputs\qdiffcl_data_regime_v1\DATA_REGIME_GENERALIZATION_V1\3w\f025\outer_31003\model_seed_42\FINAL_QDIFFCL_FIXED\result.json
3w-f025-outer31003-seed42-jitter_scaling,3W,0.25,31003,JITTER_SCALING,42,,0.39075244115528673,0.8603222528197204,0.9849086316065746,0.9893573125791443,63.53333333333333,56801d6569ceebe38411bacc15f6b2694ead24d957cb432fc1c431289c1aa9ba,2af16e987ad37154e9652079193d9826f6a35cf47d02145653517522ead3a646,a7d8c0eef32d13a3a6eaaea0e88fdcb383eb2b4dbe558e519d5014b2bc285233,9ccf93b7883f3d7837efd564bbb8c8fa23b0050c0717b138f31c479fbdde1d29,outputs\qdiffcl_data_regime_v1\DATA_REGIME_GENERALIZATION_V1\3w\f025\outer_31003\model_seed_42\JITTER_SCALING\result.json
3w-f025-outer31003-seed42-no_aug,3W,0.25,31003,NO_AUG,42,,0.39395073958206794,0.8590948979699514,0.9848758242839802,0.9907801317530555,61.4,e79791343129632b417b4d03e27b18eaab5bc0d5d80d3f99666dbde072651755,bf50f43358c3a6b0e6dafc004339323f3c4a55b2f1b13b8223f7f6692cc36676,a7d8c0eef32d13a3a6eaaea0e88fdcb383eb2b4dbe558e519d5014b2bc285233,9ccf93b7883f3d7837efd564bbb8c8fa23b0050c0717b138f31c479fbdde1d29,outputs\qdiffcl_data_regime_v1\DATA_REGIME_GENERALIZATION_V1\3w\f025\outer_31003\model_seed_42\NO_AUG\result.json
3w-f025-outer31003-seed42-uniform_diffusion,3W,0.25,31003,UNIFORM_DIFFUSION,42,,0.39248106117936793,0.8593227202201861,0.9849086316065746,0.9911927493134898,61.4,7ee2aeef0fdc629ff5aa6635a6f91827705ffdea388b275c844acfb3a7c3bcc7,11ed5183ba7f58eec737e8feb2e7aac8111a1711dfeead49b2c924cc6111977f,a7d8c0eef32d13a3a6eaaea0e88fdcb383eb2b4dbe558e519d5014b2bc285233,9ccf93b7883f3d7837efd564bbb8c8fa23b0050c0717b138f31c479fbdde1d29,outputs\qdiffcl_data_regime_v1\DATA_REGIME_GENERALIZATION_V1\3w\f025\outer_31003\model_seed_42\UNIFORM_DIFFUSION\result.json
3w-f025-outer31003-seed43-calibrated_rho,3W,0.25,31003,CALIBRATED_RHO,43,0.75,0.38826488013189653,0.8602822513018709,0.897280272956924,0.9956319451360927,67.8,6a564038ecc0624fdfe8c8797b038c67725f2bcbd2696b14c0911242a21b2477,ed970c74e74382618835cfa33aa2e1e33856e67837f3ddf6117d3e7f23c66c3f,a7d8c0eef32d13a3a6eaaea0e88fdcb383eb2b4dbe558e519d5014b2bc285233,9ccf93b7883f3d7837efd564bbb8c8fa23b0050c0717b138f31c479fbdde1d29,outputs\qdiffcl_data_regime_v1\DATA_REGIME_GENERALIZATION_V1\3w\f025\outer_31003\model_seed_43\CALIBRATED_RHO\result.json
3w-f025-outer31003-seed43-final_qdiffcl_fixed,3W,0.25,31003,FINAL_QDIFFCL_FIXED,43,,0.3936267988114222,0.862519700040872,0.897280272956924,0.99134925942262,67.8,146a66965482f8851311dddbabb71e213cf17854e60495d66afe343940c99540,779c77ee7362c458c63acd71ecdef6f9f8a383e69f5c82e16caaf3e63dd71477,a7d8c0eef32d13a3a6eaaea0e88fdcb383eb2b4dbe558e519d5014b2bc285233,9ccf93b7883f3d7837efd564bbb8c8fa23b0050c0717b138f31c479fbdde1d29,outputs\qdiffcl_data_regime_v1\DATA_REGIME_GENERALIZATION_V1\3w\f025\outer_31003\model_seed_43\FINAL_QDIFFCL_FIXED\result.json
3w-f025-outer31003-seed43-jitter_scaling,3W,0.25,31003,JITTER_SCALING,43,,0.39581244507442187,0.8511242025935825,0.8972474656343296,0.9957599988617447,76.33333333333333,ede592401e0820895337b71c68736a57b47b5f02b2cd16c444afdf5121475dd4,237465c9838b3dec85d1087d5948bc31774662ea4d0fa61d92eb5edea5699b7f,a7d8c0eef32d13a3a6eaaea0e88fdcb383eb2b4dbe558e519d5014b2bc285233,9ccf93b7883f3d7837efd564bbb8c8fa23b0050c0717b138f31c479fbdde1d29,outputs\qdiffcl_data_regime_v1\DATA_REGIME_GENERALIZATION_V1\3w\f025\outer_31003\model_seed_43\JITTER_SCALING\result.json
3w-f025-outer31003-seed43-no_aug,3W,0.25,31003,NO_AUG,43,,0.395038693761906,0.8620267870240701,0.8972474656343296,0.9924732865700098,67.8,4aad91599072b5bbd22cbbb958e77441645a5f3e9fc5fcb30f7c7dbca5577578,0a0d8962b1e5b724865a522e6e23e38f1d1a5ea3b9a42ff4507f831639d0659c,a7d8c0eef32d13a3a6eaaea0e88fdcb383eb2b4dbe558e519d5014b2bc285233,9ccf93b7883f3d7837efd564bbb8c8fa23b0050c0717b138f31c479fbdde1d29,outputs\qdiffcl_data_regime_v1\DATA_REGIME_GENERALIZATION_V1\3w\f025\outer_31003\model_seed_43\NO_AUG\result.json
3w-f025-outer31003-seed43-uniform_diffusion,3W,0.25,31003,UNIFORM_DIFFUSION,43,,0.39317651440449675,0.8624178284896106,0.897280272956924,0.9909224136704466,67.8,06ce017b6104f757b10e0f4904e8db28001d2f240ce453d5ac55a1a8dec921e6,1f4138ffdf29807fc9e5ffb157bbb1621859b9b44a2e974062e14162a8c3ab29,a7d8c0eef32d13a3a6eaaea0e88fdcb383eb2b4dbe558e519d5014b2bc285233,9ccf93b7883f3d7837efd564bbb8c8fa23b0050c0717b138f31c479fbdde1d29,outputs\qdiffcl_data_regime_v1\DATA_REGIME_GENERALIZATION_V1\3w\f025\outer_31003\model_seed_43\UNIFORM_DIFFUSION\result.json
3w-f025-outer31003-seed44-calibrated_rho,3W,0.25,31003,CALIBRATED_RHO,44,0.75,0.37145355152880544,0.8400470441033165,0.8959351727305535,0.9883755673491456,270.46666666666664,36752f47a57024fc0c754e3307414f5ffb7d93c4b83d5b9bd528cad060c0e1aa,4874f8cf015192b215e63fe179916e1f13e4d301f58b8c87b6435a644743ff8b,a7d8c0eef32d13a3a6eaaea0e88fdcb383eb2b4dbe558e519d5014b2bc285233,9ccf93b7883f3d7837efd564bbb8c8fa23b0050c0717b138f31c479fbdde1d29,outputs\qdiffcl_data_regime_v1\DATA_REGIME_GENERALIZATION_V1\3w\f025\outer_31003\model_seed_44\CALIBRATED_RHO\result.json
3w-f025-outer31003-seed44-final_qdiffcl_fixed,3W,0.25,31003,FINAL_QDIFFCL_FIXED,44,,0.32022772629548135,0.7746262462532398,0.9076473868967554,0.9399285744774697,1454.9285714285713,212ae0e4f55c4b2cb44e03c95fed97d4b0f10f6b709afb4e8b1d3558f0f2c322,cf7f7bbe953957d0944409cbe3407fe18fec6346fbf8d5cdae22c6d1784c8515,a7d8c0eef32d13a3a6eaaea0e88fdcb383eb2b4dbe558e519d5014b2bc285233,9ccf93b7883f3d7837efd564bbb8c8fa23b0050c0717b138f31c479fbdde1d29,outputs\qdiffcl_data_regime_v1\DATA_REGIME_GENERALIZATION_V1\3w\f025\outer_31003\model_seed_44\FINAL_QDIFFCL_FIXED\result.json
3w-f025-outer31003-seed44-jitter_scaling,3W,0.25,31003,JITTER_SCALING,44,,0.3851992851695242,0.8383603997614288,0.8969850070535743,0.9954896632187016,264.06666666666666,ac7092ca4088880501896fdbf7d1ef842e19cdd0ec4b2403832e6333524de5f2,438a432a64eaa1cf68805807fe05ff35a53bc1c614ce6e048cc9d1a3111fce03,a7d8c0eef32d13a3a6eaaea0e88fdcb383eb2b4dbe558e519d5014b2bc285233,9ccf93b7883f3d7837efd564bbb8c8fa23b0050c0717b138f31c479fbdde1d29,outputs\qdiffcl_data_regime_v1\DATA_REGIME_GENERALIZATION_V1\3w\f025\outer_31003\model_seed_44\JITTER_SCALING\result.json
3w-f025-outer31003-seed44-no_aug,3W,0.25,31003,NO_AUG,44,,0.31046062596132723,0.7649225607832272,0.9283160001312293,0.9578987806439679,1052.642857142857,b138ad7b1913440b7d79affdb5ffa9a317148b210a5dfcea43f833ab4d0b7cb1,d41ec89349909dd1ec1a0f92bda4ba2559fb079a2571f1954a29f45793f92719,a7d8c0eef32d13a3a6eaaea0e88fdcb383eb2b4dbe558e519d5014b2bc285233,9ccf93b7883f3d7837efd564bbb8c8fa23b0050c0717b138f31c479fbdde1d29,outputs\qdiffcl_data_regime_v1\DATA_REGIME_GENERALIZATION_V1\3w\f025\outer_31003\model_seed_44\NO_AUG\result.json
3w-f025-outer31003-seed44-uniform_diffusion,3W,0.25,31003,UNIFORM_DIFFUSION,44,,0.35186222174728243,0.7266582799034992,0.8461008497096552,0.9641876413926554,124.41666666666667,ea5b1bb9ed989bdc5490f2ba21f3ce445fd57e812ed362199c42297d44ff4ee2,7e11bf4aeb1a308f4cd84c27b282969d6b1b756ebc5d3caf047aa0b04b3d5a9b,a7d8c0eef32d13a3a6eaaea0e88fdcb383eb2b4dbe558e519d5014b2bc285233,9ccf93b7883f3d7837efd564bbb8c8fa23b0050c0717b138f31c479fbdde1d29,outputs\qdiffcl_data_regime_v1\DATA_REGIME_GENERALIZATION_V1\3w\f025\outer_31003\model_seed_44\UNIFORM_DIFFUSION\result.json
3w-f025-outer31003-seed45-calibrated_rho,3W,0.25,31003,CALIBRATED_RHO,45,0.75,0.4224021915939761,0.7957207356778278,0.6847216298677865,0.9230681672666221,166.23076923076923,24f226edaf1a6425755a65009453d0389e47a3498fa983ee8fbefb9ce4ea2dd5,6051140fbf971efcef47ffb19822cae5062a0fdce4fb7f53e060e8d85d6e2598,a7d8c0eef32d13a3a6eaaea0e88fdcb383eb2b4dbe558e519d5014b2bc285233,9ccf93b7883f3d7837efd564bbb8c8fa23b0050c0717b138f31c479fbdde1d29,outputs\qdiffcl_data_regime_v1\DATA_REGIME_GENERALIZATION_V1\3w\f025\outer_31003\model_seed_45\CALIBRATED_RHO\result.json
3w-f025-outer31003-seed45-final_qdiffcl_fixed,3W,0.25,31003,FINAL_QDIFFCL_FIXED,45,,0.4402797338504496,0.7587032999878084,0.6757980381221088,0.9235092412105346,166.23076923076923,e7cd597479c72b0a71a00d620173945858463f54db9fb06beb8d83a9aea6e639,2525082bedcf6c4084e68cd4ef1e7793fbb773ccd6ca2a905c9b8af0cd6e5906,a7d8c0eef32d13a3a6eaaea0e88fdcb383eb2b4dbe558e519d5014b2bc285233,9ccf93b7883f3d7837efd564bbb8c8fa23b0050c0717b138f31c479fbdde1d29,outputs\qdiffcl_data_regime_v1\DATA_REGIME_GENERALIZATION_V1\3w\f025\outer_31003\model_seed_45\FINAL_QDIFFCL_FIXED\result.json
3w-f025-outer31003-seed45-jitter_scaling,3W,0.25,31003,JITTER_SCALING,45,,0.4069207291500032,0.7402714958753712,0.783012368360618,0.9321030690209581,149.0,77fc47526de1e582b4a517468fd89c284d77c223dbb0e955d789bd6635ac7e80,0b8a3c32d3b35be852b0fc1ea81eba12367c133166cd3894768d34159128de5a,a7d8c0eef32d13a3a6eaaea0e88fdcb383eb2b4dbe558e519d5014b2bc285233,9ccf93b7883f3d7837efd564bbb8c8fa23b0050c0717b138f31c479fbdde1d29,outputs\qdiffcl_data_regime_v1\DATA_REGIME_GENERALIZATION_V1\3w\f025\outer_31003\model_seed_45\JITTER_SCALING\result.json
3w-f025-outer31003-seed45-no_aug,3W,0.25,31003,NO_AUG,45,,0.43259338976584405,0.7638398641820748,0.6764213772514025,0.9214888379835807,168.69230769230768,43ed146413ba8d38607b7c03ee6be835b614f55005fd85cba2879df64ee1d700,2f99cea9523637c941f16afd5838efaa95a21a2eca8cba39739b7b8472ffcad5,a7d8c0eef32d13a3a6eaaea0e88fdcb383eb2b4dbe558e519d5014b2bc285233,9ccf93b7883f3d7837efd564bbb8c8fa23b0050c0717b138f31c479fbdde1d29,outputs\qdiffcl_data_regime_v1\DATA_REGIME_GENERALIZATION_V1\3w\f025\outer_31003\model_seed_45\NO_AUG\result.json
3w-f025-outer31003-seed45-uniform_diffusion,3W,0.25,31003,UNIFORM_DIFFUSION,45,,0.340285283819883,0.7883044856334582,0.6894130769987862,0.9231535364170568,156.3846153846154,41b744726ef533dff49d3469051903c40c7f4b2b0b1a7e6c1f5c7f3718082207,ff98243381db390167a51c0717d8d1bdad015b45621039bb48dbe1aefc5d5f83,a7d8c0eef32d13a3a6eaaea0e88fdcb383eb2b4dbe558e519d5014b2bc285233,9ccf93b7883f3d7837efd564bbb8c8fa23b0050c0717b138f31c479fbdde1d29,outputs\qdiffcl_data_regime_v1\DATA_REGIME_GENERALIZATION_V1\3w\f025\outer_31003\model_seed_45\UNIFORM_DIFFUSION\result.json
3w-f025-outer31003-seed46-calibrated_rho,3W,0.25,31003,CALIBRATED_RHO,46,0.75,0.40334340944155284,0.9011750990502788,0.7953479216561137,0.9651836148143932,119.63636363636364,575adcc8dd55f8585d284dd0261dcd79470d78809de1e806cdca747558397dc2,913cba77870845451b90861e9ca64689f71c1fc17380af7abbdeba59f708e01f,a7d8c0eef32d13a3a6eaaea0e88fdcb383eb2b4dbe558e519d5014b2bc285233,9ccf93b7883f3d7837efd564bbb8c8fa23b0050c0717b138f31c479fbdde1d29,outputs\qdiffcl_data_regime_v1\DATA_REGIME_GENERALIZATION_V1\3w\f025\outer_31003\model_seed_46\CALIBRATED_RHO\result.json
3w-f025-outer31003-seed46-final_qdiffcl_fixed,3W,0.25,31003,FINAL_QDIFFCL_FIXED,46,,0.37325799785505026,0.89123025241181,0.7949870411075752,0.9642160977761336,191.08333333333334,09e00bf2c3b33fed295b24e50adf262e39945ee1be1e19081cb70d6622bf26bc,524bfae0cde55b350006fdc8de8f10a155b0dff088d1f75f63bffcc8875f7ac3,a7d8c0eef32d13a3a6eaaea0e88fdcb383eb2b4dbe558e519d5014b2bc285233,9ccf93b7883f3d7837efd564bbb8c8fa23b0050c0717b138f31c479fbdde1d29,outputs\qdiffcl_data_regime_v1\DATA_REGIME_GENERALIZATION_V1\3w\f025\outer_31003\model_seed_46\FINAL_QDIFFCL_FIXED\result.json
3w-f025-outer31003-seed46-jitter_scaling,3W,0.25,31003,JITTER_SCALING,46,,0.4003833922556031,0.8915567102470668,0.7951838850431416,0.9636754264900473,148.41666666666666,c9f7bbcd7648ada204478ba68e44d972a15515ea6835b0a2e9b7acb762fbf6ea,c7ccd3c4007fb29f84015d637e5bc78a87574d9534ce870cc401a720ad8b061a,a7d8c0eef32d13a3a6eaaea0e88fdcb383eb2b4dbe558e519d5014b2bc285233,9ccf93b7883f3d7837efd564bbb8c8fa23b0050c0717b138f31c479fbdde1d29,outputs\qdiffcl_data_regime_v1\DATA_REGIME_GENERALIZATION_V1\3w\f025\outer_31003\model_seed_46\JITTER_SCALING\result.json
3w-f025-outer31003-seed46-no_aug,3W,0.25,31003,NO_AUG,46,,0.37297543323676036,0.8871896700908161,0.7962993340113513,0.9643726078852639,153.75,2f266920c113d9e69085cb2726d48fba88a6048f5c9ea6019f2c1bcbb88866f2,4cef01ca896e99f4286740da84f0688c8dcb1c885d30bb5b71222e687c7bef21,a7d8c0eef32d13a3a6eaaea0e88fdcb383eb2b4dbe558e519d5014b2bc285233,9ccf93b7883f3d7837efd564bbb8c8fa23b0050c0717b138f31c479fbdde1d29,outputs\qdiffcl_data_regime_v1\DATA_REGIME_GENERALIZATION_V1\3w\f025\outer_31003\model_seed_46\NO_AUG\result.json
3w-f025-outer31003-seed46-uniform_diffusion,3W,0.25,31003,UNIFORM_DIFFUSION,46,,0.3751749704291579,0.851220779179424,0.7949214264623864,0.9638888493661341,180.41666666666666,298cd1b48c993a05ef16446a16c75af1bd4a2f930ea1c8b56b9ef22505f50442,558eccbd99ee57de21ea19b4bdef74c9e4a6647d46ef7d8962f1c24c7e41566b,a7d8c0eef32d13a3a6eaaea0e88fdcb383eb2b4dbe558e519d5014b2bc285233,9ccf93b7883f3d7837efd564bbb8c8fa23b0050c0717b138f31c479fbdde1d29,outputs\qdiffcl_data_regime_v1\DATA_REGIME_GENERALIZATION_V1\3w\f025\outer_31003\model_seed_46\UNIFORM_DIFFUSION\result.json
3w-f100-outer31001-seed42-calibrated_rho,3W,1.0,31001,CALIBRATED_RHO,42,0.0,0.4636874280343644,0.806593872370196,0.41728752389630347,0.9247552231901935,553.5714285714286,05e0ac1e25c388d6bb48c9d16b84cd8822285e162662c56c6f098e683f512e76,f6e292f6e0cb6b9da81be00fc45998fe7b88bd727c2f599914bce50d4e0a580b,4478cb1a7f426eddf2e0e911e0d02c05176b63c9157259c98ca525404504a607,8802d33e706c776ce76072a7057ac30902ba89618d551b2a1d86640a7a181370,outputs\qdiffcl_data_regime_v1\DATA_REGIME_GENERALIZATION_V1\3w\f100\outer_31001\model_seed_42\CALIBRATED_RHO\result.json
3w-f100-outer31001-seed42-final_qdiffcl_fixed,3W,1.0,31001,FINAL_QDIFFCL_FIXED,42,,0.3677060899662736,0.8085477192212072,0.4250504725661503,0.9281859532803948,654.1428571428571,9fedd95c03342f1f204e200e9d3c6a8575d4a3aa2774741ded577d11573f17a6,0ae2f131a8c59e5a9a461d23a51552c00936d7464a3be941ecc8bfa7b96334f0,4478cb1a7f426eddf2e0e911e0d02c05176b63c9157259c98ca525404504a607,8802d33e706c776ce76072a7057ac30902ba89618d551b2a1d86640a7a181370,outputs\qdiffcl_data_regime_v1\DATA_REGIME_GENERALIZATION_V1\3w\f100\outer_31001\model_seed_42\FINAL_QDIFFCL_FIXED\result.json
3w-f100-outer31001-seed42-jitter_scaling,3W,1.0,31001,JITTER_SCALING,42,,0.4241375411728855,0.7955771469564096,0.4807400260849368,0.9414848508210624,448.42857142857144,f6c639d1e3a43d672c25a76ddfa7a5673fc223532006d5043d5d264d96e1566e,8e234fa9262fe3bd2d3b20fae670c14947cfdd7992498723e6814621591caba1,4478cb1a7f426eddf2e0e911e0d02c05176b63c9157259c98ca525404504a607,8802d33e706c776ce76072a7057ac30902ba89618d551b2a1d86640a7a181370,outputs\qdiffcl_data_regime_v1\DATA_REGIME_GENERALIZATION_V1\3w\f100\outer_31001\model_seed_42\JITTER_SCALING\result.json
3w-f100-outer31001-seed42-no_aug,3W,1.0,31001,NO_AUG,42,,0.3739950006628351,0.8237572375653551,0.42174518947312,0.9436435124508519,558.1428571428571,11db44c0a9365e40cc6df0da41429c4ffda763133d4cd2e190b2e6d9098dd7c9,ab8b3dfc8cf4a7ae0a617bf3566b501fa22dbfd2756559963608cec27e92fbd1,4478cb1a7f426eddf2e0e911e0d02c05176b63c9157259c98ca525404504a607,8802d33e706c776ce76072a7057ac30902ba89618d551b2a1d86640a7a181370,outputs\qdiffcl_data_regime_v1\DATA_REGIME_GENERALIZATION_V1\3w\f100\outer_31001\model_seed_42\NO_AUG\result.json
3w-f100-outer31001-seed42-uniform_diffusion,3W,1.0,31001,UNIFORM_DIFFUSION,42,,0.44615859646353806,0.7862182399752268,0.4218255882510586,0.9162747667874489,602.3333333333334,292724d0dc14b434d6c28fa243cd967693d5add5555c53fbb6eda52c7df6aec9,4dce7bf83f3e194bdef406de25e712cdb1dd59d9884887f080cfce1f4802b46d,4478cb1a7f426eddf2e0e911e0d02c05176b63c9157259c98ca525404504a607,8802d33e706c776ce76072a7057ac30902ba89618d551b2a1d86640a7a181370,outputs\qdiffcl_data_regime_v1\DATA_REGIME_GENERALIZATION_V1\3w\f100\outer_31001\model_seed_42\UNIFORM_DIFFUSION\result.json
3w-f100-outer31001-seed43-calibrated_rho,3W,1.0,31001,CALIBRATED_RHO,43,0.0,0.39988102897429334,0.8324774957927754,0.4736828000214397,0.8995451391565801,373.76190476190476,196c6511d72f0835728c543a5ab6b200c22e855813b01ed9e2bc49ca237f070d,c7ecf6320a1d7d8dd173e951ee282eb3bb5bf5c2381d5a9fe0b27e1d2691eb3d,4478cb1a7f426eddf2e0e911e0d02c05176b63c9157259c98ca525404504a607,8802d33e706c776ce76072a7057ac30902ba89618d551b2a1d86640a7a181370,outputs\qdiffcl_data_regime_v1\DATA_REGIME_GENERALIZATION_V1\3w\f100\outer_31001\model_seed_43\CALIBRATED_RHO\result.json
3w-f100-outer31001-seed43-final_qdiffcl_fixed,3W,1.0,31001,FINAL_QDIFFCL_FIXED,43,,0.4272466910637458,0.8707943549753661,0.4043165210555466,0.921093207925372,434.7142857142857,e54bbd2e794260fcb5735e0ff37de871779b1cb8312cd8bb76a2f61e4495e3fc,3dec26f4499d99b49e9731354b8296ced0ab58606bfb60f96e5eeeb0093b5904,4478cb1a7f426eddf2e0e911e0d02c05176b63c9157259c98ca525404504a607,8802d33e706c776ce76072a7057ac30902ba89618d551b2a1d86640a7a181370,outputs\qdiffcl_data_regime_v1\DATA_REGIME_GENERALIZATION_V1\3w\f100\outer_31001\model_seed_43\FINAL_QDIFFCL_FIXED\result.json
3w-f100-outer31001-seed43-jitter_scaling,3W,1.0,31001,JITTER_SCALING,43,,0.42201716030212033,0.8665655966333273,0.40185095853209696,0.9101071621309074,428.6190476190476,d07a0390672dce0b4728e2d5d3598bd7e6c22b6f887d098597c5a0f3ce3062f7,f4cda4728dab2c2bef13681c03d27d9394ccbc4d17de3670a034baeaa21e2015,4478cb1a7f426eddf2e0e911e0d02c05176b63c9157259c98ca525404504a607,8802d33e706c776ce76072a7057ac30902ba89618d551b2a1d86640a7a181370,outputs\qdiffcl_data_regime_v1\DATA_REGIME_GENERALIZATION_V1\3w\f100\outer_31001\model_seed_43\JITTER_SCALING\result.json
3w-f100-outer31001-seed43-no_aug,3W,1.0,31001,NO_AUG,43,,0.5618750341012722,0.8412482559006503,0.05204480891890443,0.902744584072161,545.952380952381,fe7c49d1de684bde675f2453705ba5a38f4b5d0d20ae989bf7d7e922a0813e6c,fc877728623c1deab875b7d2d08bd6b7ce9ae1f63ca7a29f7436fb62faeed66f,4478cb1a7f426eddf2e0e911e0d02c05176b63c9157259c98ca525404504a607,8802d33e706c776ce76072a7057ac30902ba89618d551b2a1d86640a7a181370,outputs\qdiffcl_data_regime_v1\DATA_REGIME_GENERALIZATION_V1\3w\f100\outer_31001\model_seed_43\NO_AUG\result.json
3w-f100-outer31001-seed43-uniform_diffusion,3W,1.0,31001,UNIFORM_DIFFUSION,43,,0.42257203089721673,0.8476880287296298,0.35144092476461025,0.9050188882892607,395.0952380952381,eea9d932ab0806031a585a953239bfbc4df3a4754f8bfe3459ee3a00c38a85b0,5eeb27fb343aec91ea59aad9df06dc3d76e5ce56445ce045fcfa9a5b0c994219,4478cb1a7f426eddf2e0e911e0d02c05176b63c9157259c98ca525404504a607,8802d33e706c776ce76072a7057ac30902ba89618d551b2a1d86640a7a181370,outputs\qdiffcl_data_regime_v1\DATA_REGIME_GENERALIZATION_V1\3w\f100\outer_31001\model_seed_43\UNIFORM_DIFFUSION\result.json
3w-f100-outer31001-seed44-calibrated_rho,3W,1.0,31001,CALIBRATED_RHO,44,0.0,0.3081947610258211,0.7924653721246023,0.3964910400028586,0.9096831393107702,599.2857142857143,fc36c941877753338426888943d46513e742074712ae2a13b362e2d9b25b9f80,97372d9480b80510531e8bb25510f12713f9fe7513dd60b94fd76085442668d1,4478cb1a7f426eddf2e0e911e0d02c05176b63c9157259c98ca525404504a607,8802d33e706c776ce76072a7057ac30902ba89618d551b2a1d86640a7a181370,outputs\qdiffcl_data_regime_v1\DATA_REGIME_GENERALIZATION_V1\3w\f100\outer_31001\model_seed_44\CALIBRATED_RHO\result.json
3w-f100-outer31001-seed44-final_qdiffcl_fixed,3W,1.0,31001,FINAL_QDIFFCL_FIXED,44,,0.4166875337315698,0.7978253027074658,0.39649997320040736,0.9136920823375222,605.3809523809524,a316f2e6885e4548928daea78469a581ffc4db96fe7d66021a8484116b2e0889,f645f00b0e2b27d662992b52142f557a874810a0efb768fb6e10e2d1b34e558d,4478cb1a7f426eddf2e0e911e0d02c05176b63c9157259c98ca525404504a607,8802d33e706c776ce76072a7057ac30902ba89618d551b2a1d86640a7a181370,outputs\qdiffcl_data_regime_v1\DATA_REGIME_GENERALIZATION_V1\3w\f100\outer_31001\model_seed_44\FINAL_QDIFFCL_FIXED\result.json
3w-f100-outer31001-seed44-jitter_scaling,3W,1.0,31001,JITTER_SCALING,44,,0.3082382958486008,0.7953550624902568,0.39758089010380376,0.9123429188189037,611.4761904761905,7925ebac40f17d7994dd7fb706fd28791a3e8a361c0288ac263cefa83a04f436,57d697481b43fa0a44f9f476435bde4406fdb00d2396483172ae602110bb0e3b,4478cb1a7f426eddf2e0e911e0d02c05176b63c9157259c98ca525404504a607,8802d33e706c776ce76072a7057ac30902ba89618d551b2a1d86640a7a181370,outputs\qdiffcl_data_regime_v1\DATA_REGIME_GENERALIZATION_V1\3w\f100\outer_31001\model_seed_44\JITTER_SCALING\result.json
3w-f100-outer31001-seed44-no_aug,3W,1.0,31001,NO_AUG,44,,0.31681670953793806,0.7934443840218156,0.4032177377570528,0.9137691773957289,614.5238095238095,b7eec21298256e3039a4442180d3f2b0ea625ea9531dff6d0f9ceadcc1bc5221,47cf88b4917c16e19700eea447f4cae67f638c811318b8b7fbf48c530f9625cf,4478cb1a7f426eddf2e0e911e0d02c05176b63c9157259c98ca525404504a607,8802d33e706c776ce76072a7057ac30902ba89618d551b2a1d86640a7a181370,outputs\qdiffcl_data_regime_v1\DATA_REGIME_GENERALIZATION_V1\3w\f100\outer_31001\model_seed_44\NO_AUG\result.json
3w-f100-outer31001-seed44-uniform_diffusion,3W,1.0,31001,UNIFORM_DIFFUSION,44,,0.3249807953707093,0.7960781321182689,0.3970270318557825,0.9145015804486932,628.2380952380952,c72240df2483ff69f5c6f22605d9e9cae6c5c4e41ddba079b9784d519d4ee5fb,7b8415b1c093720b360dc12ddeb3909e3223fd28ca31866d1adcbd84069b3768,4478cb1a7f426eddf2e0e911e0d02c05176b63c9157259c98ca525404504a607,8802d33e706c776ce76072a7057ac30902ba89618d551b2a1d86640a7a181370,outputs\qdiffcl_data_regime_v1\DATA_REGIME_GENERALIZATION_V1\3w\f100\outer_31001\model_seed_44\UNIFORM_DIFFUSION\result.json
3w-f100-outer31001-seed45-calibrated_rho,3W,1.0,31001,CALIBRATED_RHO,45,0.0,0.4168661225557084,0.7571465458160413,0.378240517410802,0.8546372677511371,402.7142857142857,506b03ab2b9c4df0483930d23e2a6d1d4d8b0ee1d0e223bb346025844f99cbfd,e16afc4f3b555e20d76ed78860d119f72d71f200bdd3aa11e737d75a5e15abd5,4478cb1a7f426eddf2e0e911e0d02c05176b63c9157259c98ca525404504a607,8802d33e706c776ce76072a7057ac30902ba89618d551b2a1d86640a7a181370,outputs\qdiffcl_data_regime_v1\DATA_REGIME_GENERALIZATION_V1\3w\f100\outer_31001\model_seed_45\CALIBRATED_RHO\result.json
3w-f100-outer31001-seed45-final_qdiffcl_fixed,3W,1.0,31001,FINAL_QDIFFCL_FIXED,45,,0.41742352740479227,0.7629888094428898,0.36846759929249073,0.8581450928995451,320.42857142857144,0fb5d97130beab84b420f8d1b69b03bf7b581dfcd48dea9170df84fc98430ed4,eb9f154f613084bb711302112adb7be878d810b8806b1c3f81799aaef72a5a71,4478cb1a7f426eddf2e0e911e0d02c05176b63c9157259c98ca525404504a607,8802d33e706c776ce76072a7057ac30902ba89618d551b2a1d86640a7a181370,outputs\qdiffcl_data_regime_v1\DATA_REGIME_GENERALIZATION_V1\3w\f100\outer_31001\model_seed_45\FINAL_QDIFFCL_FIXED\result.json
3w-f100-outer31001-seed45-jitter_scaling,3W,1.0,31001,JITTER_SCALING,45,,0.4257863381916066,0.7725004445212317,0.3639920673205767,0.8554853133914117,331.0952380952381,828d4d66201f276bc08448a60537055d35d00b2611356611f6d57248f351de14,1cb51518423e70fc28d7f997ea43e455cd6e740b1eacd5dae9028c56e7582d1a,4478cb1a7f426eddf2e0e911e0d02c05176b63c9157259c98ca525404504a607,8802d33e706c776ce76072a7057ac30902ba89618d551b2a1d86640a7a181370,outputs\qdiffcl_data_regime_v1\DATA_REGIME_GENERALIZATION_V1\3w\f100\outer_31001\model_seed_45\JITTER_SCALING\result.json
3w-f100-outer31001-seed45-no_aug,3W,1.0,31001,NO_AUG,45,,0.3836107179771144,0.764358903790928,0.3831984420503475,0.8497802790841107,619.0952380952381,acb82672dad7c4a87f4b1c979b9223a0a3266c55f5aaac7b857adbf3bb7571f3,a249a7c0d499a6b4f02c1c4f8bfd61f1e28f0ef478102fda0e62777f3c6c7031,4478cb1a7f426eddf2e0e911e0d02c05176b63c9157259c98ca525404504a607,8802d33e706c776ce76072a7057ac30902ba89618d551b2a1d86640a7a181370,outputs\qdiffcl_data_regime_v1\DATA_REGIME_GENERALIZATION_V1\3w\f100\outer_31001\model_seed_45\NO_AUG\result.json
3w-f100-outer31001-seed45-uniform_diffusion,3W,1.0,31001,UNIFORM_DIFFUSION,45,,0.4011257774063258,0.7642575484377757,0.382519519036644,0.8498188266132141,436.23809523809524,9074195a37e7c813f851259939b68bf2bd537238e604aa21c8a411bff71acffb,d3377b6d3a283e4269efa0073a4dea50161157b796c4c19134f5aa0f2626828d,4478cb1a7f426eddf2e0e911e0d02c05176b63c9157259c98ca525404504a607,8802d33e706c776ce76072a7057ac30902ba89618d551b2a1d86640a7a181370,outputs\qdiffcl_data_regime_v1\DATA_REGIME_GENERALIZATION_V1\3w\f100\outer_31001\model_seed_45\UNIFORM_DIFFUSION\result.json
3w-f100-outer31001-seed46-calibrated_rho,3W,1.0,31001,CALIBRATED_RHO,46,0.0,0.28330781371011204,0.8068407931510602,0.45983634382090727,0.9068691696862231,250.33333333333334,63c314955817a78d5193786cbd90c6c16fe319281cfa3e8a35e4436505ddf573,2616846aeec53aa20942d1df07c2c8c505797c595150585fc267f06c167c6487,4478cb1a7f426eddf2e0e911e0d02c05176b63c9157259c98ca525404504a607,8802d33e706c776ce76072a7057ac30902ba89618d551b2a1d86640a7a181370,outputs\qdiffcl_data_regime_v1\DATA_REGIME_GENERALIZATION_V1\3w\f100\outer_31001\model_seed_46\CALIBRATED_RHO\result.json
3w-f100-outer31001-seed46-final_qdiffcl_fixed,3W,1.0,31001,FINAL_QDIFFCL_FIXED,46,,0.2744628631886054,0.8128490345238608,0.48672526844258635,0.9072546449772569,50.714285714285715,c5852f664e1ce563ee83d8471dd3bd1e1036c4716c6a968994b81821a12c7026,f14a73fbfd9f42d603a90f27adf99206f347badb680aad98c8edf2453ea75f2d,4478cb1a7f426eddf2e0e911e0d02c05176b63c9157259c98ca525404504a607,8802d33e706c776ce76072a7057ac30902ba89618d551b2a1d86640a7a181370,outputs\qdiffcl_data_regime_v1\DATA_REGIME_GENERALIZATION_V1\3w\f100\outer_31001\model_seed_46\FINAL_QDIFFCL_FIXED\result.json
3w-f100-outer31001-seed46-jitter_scaling,3W,1.0,31001,JITTER_SCALING,46,,0.13606646958197216,0.8066364389200282,0.8747119043790534,0.9742117030298358,26.333333333333332,38bfb32e105ef9db186790d8bab94c886ae48ce6ecca02d341cf4d0a9e2bf416,ca5d04ca395eae6917f65bb751eb5c1931c45ab1d7afb5d9cbfb8da3b2b2ff09,4478cb1a7f426eddf2e0e911e0d02c05176b63c9157259c98ca525404504a607,8802d33e706c776ce76072a7057ac30902ba89618d551b2a1d86640a7a181370,outputs\qdiffcl_data_regime_v1\DATA_REGIME_GENERALIZATION_V1\3w\f100\outer_31001\model_seed_46\JITTER_SCALING\result.json
3w-f100-outer31001-seed46-no_aug,3W,1.0,31001,NO_AUG,46,,0.27675332443400635,0.793460301203463,0.500098265173036,0.9485390486469817,47.666666666666664,efa0186093ae0fa95dbd84eca4a86dc44ab84de71c1704866ef2d73856243f64,213ccffe827338fe79e792177aaf3072fbeaa78f75e7aaae9c03de2f165ff091,4478cb1a7f426eddf2e0e911e0d02c05176b63c9157259c98ca525404504a607,8802d33e706c776ce76072a7057ac30902ba89618d551b2a1d86640a7a181370,outputs\qdiffcl_data_regime_v1\DATA_REGIME_GENERALIZATION_V1\3w\f100\outer_31001\model_seed_46\NO_AUG\result.json
3w-f100-outer31001-seed46-uniform_diffusion,3W,1.0,31001,UNIFORM_DIFFUSION,46,,0.5204015247737354,0.80336946925878,0.04162870057708456,0.8306221571197286,700.4,7b4d184a208c143c49aa3da2875e9123d6994e81230084b8933ed90f309ed1f8,421104df57cfbd7ab58b8ca305dc2ae776fd841d4899569c215fb5edb7382cc7,4478cb1a7f426eddf2e0e911e0d02c05176b63c9157259c98ca525404504a607,8802d33e706c776ce76072a7057ac30902ba89618d551b2a1d86640a7a181370,outputs\qdiffcl_data_regime_v1\DATA_REGIME_GENERALIZATION_V1\3w\f100\outer_31001\model_seed_46\UNIFORM_DIFFUSION\result.json
3w-f100-outer31002-seed42-calibrated_rho,3W,1.0,31002,CALIBRATED_RHO,42,0.75,0.19458403131464658,0.7215869723732652,0.948107745419521,0.7556788981395827,4499.6,70c3e56903b9f4cbea1a0faf05eae39c7a3af0181ecfc44c42d475ad3946977a,a8bba85ea49ed2f531ca3d4fe2bddbbc3d12066d700a36de4c55756d4b46200c,2c62d800bafd12d3d25d63a24df785dcea141de156f44066a6071f1dbd8359d5,67d98faf42f1e3365050bbef29bd72c619e8b157fe91858ed3538445458a78b8,outputs\qdiffcl_data_regime_v1\DATA_REGIME_GENERALIZATION_V1\3w\f100\outer_31002\model_seed_42\CALIBRATED_RHO\result.json
3w-f100-outer31002-seed42-final_qdiffcl_fixed,3W,1.0,31002,FINAL_QDIFFCL_FIXED,42,,0.1739958909932635,0.680779912746837,0.9831282534116857,0.7940178846746839,4102.363636363636,ded5642f2bc8d9bb0e21d875fbd9afdc8c55215a7eb1a2cb987169bed2529be5,ff4f5c1e55d86e452db0784f2b4bdabb76cf734467fc18cec74451e5e2f3e7d3,2c62d800bafd12d3d25d63a24df785dcea141de156f44066a6071f1dbd8359d5,67d98faf42f1e3365050bbef29bd72c619e8b157fe91858ed3538445458a78b8,outputs\qdiffcl_data_regime_v1\DATA_REGIME_GENERALIZATION_V1\3w\f100\outer_31002\model_seed_42\FINAL_QDIFFCL_FIXED\result.json
3w-f100-outer31002-seed42-jitter_scaling,3W,1.0,31002,JITTER_SCALING,42,,0.3351129346958526,0.7075668924058769,0.5672651320844562,0.7609209579607359,4227.6,518b34757fb415479dbbe4726da4a9f57926ce5da235557827b6a708c5755b29,86e7d7f2a8f952d840aabdfa4f3e0925eedccef20c14def8978de0764b64e2fe,2c62d800bafd12d3d25d63a24df785dcea141de156f44066a6071f1dbd8359d5,67d98faf42f1e3365050bbef29bd72c619e8b157fe91858ed3538445458a78b8,outputs\qdiffcl_data_regime_v1\DATA_REGIME_GENERALIZATION_V1\3w\f100\outer_31002\model_seed_42\JITTER_SCALING\result.json
3w-f100-outer31002-seed42-no_aug,3W,1.0,31002,NO_AUG,42,,0.17638561522631183,0.7040501664353411,0.9479129465493544,0.7795251310514956,3453.2,bdb31fe5c15dfae7f5a28a8299fa1b05bca238ba9af60086a60ad580fa423083,37a70beb59b1ec17623aa634dcf68299f0dad9d4b1bec89cc78ef8481bff11cf,2c62d800bafd12d3d25d63a24df785dcea141de156f44066a6071f1dbd8359d5,67d98faf42f1e3365050bbef29bd72c619e8b157fe91858ed3538445458a78b8,outputs\qdiffcl_data_regime_v1\DATA_REGIME_GENERALIZATION_V1\3w\f100\outer_31002\model_seed_42\NO_AUG\result.json
3w-f100-outer31002-seed42-uniform_diffusion,3W,1.0,31002,UNIFORM_DIFFUSION,42,,0.20776131688599864,0.7015852027872965,0.9496336699024923,0.8412992085517524,2723.090909090909,4de9795c0f0a49da496facbb42b4253600181ae17685efbedc97037a82721828,3acef86b41aa9915f2d1fce15971baff245d346625a68b76a001d46a4beaf247,2c62d800bafd12d3d25d63a24df785dcea141de156f44066a6071f1dbd8359d5,67d98faf42f1e3365050bbef29bd72c619e8b157fe91858ed3538445458a78b8,outputs\qdiffcl_data_regime_v1\DATA_REGIME_GENERALIZATION_V1\3w\f100\outer_31002\model_seed_42\UNIFORM_DIFFUSION\result.json
3w-f100-outer31002-seed43-calibrated_rho,3W,1.0,31002,CALIBRATED_RHO,43,0.75,0.3560003483373618,0.6597670960171311,0.5667456684306786,0.7602014595539109,4780.181818181818,26d6d6989022a3af78c7727825ceb2439c54e3508068e33c1fb326982ef6c2bc,ad5b8543316aabc186c9d861ab232bb450a4cf502b1ea6c0af8f6461cecf9a86,2c62d800bafd12d3d25d63a24df785dcea141de156f44066a6071f1dbd8359d5,67d98faf42f1e3365050bbef29bd72c619e8b157fe91858ed3538445458a78b8,outputs\qdiffcl_data_regime_v1\DATA_REGIME_GENERALIZATION_V1\3w\f100\outer_31002\model_seed_43\CALIBRATED_RHO\result.json
3w-f100-outer31002-seed43-final_qdiffcl_fixed,3W,1.0,31002,FINAL_QDIFFCL_FIXED,43,,0.08179390750985593,0.6218031029923137,0.9257816304665433,0.6997635933806147,19.0,c584dbd4af4201f54c65ed5b4f45720ed653134f1315fc93c77cada363ddfab6,e45e2b337df2b56254eb83f31c7b0b022327d092891eefdef49ffc65f34bd102,2c62d800bafd12d3d25d63a24df785dcea141de156f44066a6071f1dbd8359d5,67d98faf42f1e3365050bbef29bd72c619e8b157fe91858ed3538445458a78b8,outputs\qdiffcl_data_regime_v1\DATA_REGIME_GENERALIZATION_V1\3w\f100\outer_31002\model_seed_43\FINAL_QDIFFCL_FIXED\result.json
3w-f100-outer31002-seed43-jitter_scaling,3W,1.0,31002,JITTER_SCALING,43,,0.12532849974423382,0.5590540055635199,0.955044749629341,0.7806557714050776,3493.777777777778,56802a6b2ef61946df3ed93189b9fde1a7175227514aeb9a4017d75fce1cfa50,4be8c85a0d4f70185b2d36614090a4e5756a900de98bfd889bb9f0c789423daf,2c62d800bafd12d3d25d63a24df785dcea141de156f44066a6071f1dbd8359d5,67d98faf42f1e3365050bbef29bd72c619e8b157fe91858ed3538445458a78b8,outputs\qdiffcl_data_regime_v1\DATA_REGIME_GENERALIZATION_V1\3w\f100\outer_31002\model_seed_43\JITTER_SCALING\result.json
3w-f100-outer31002-seed43-no_aug,3W,1.0,31002,NO_AUG,43,,0.172619166785135,0.6356606342287406,0.9475666374468361,0.7290574570870593,5453.444444444444,9fbfe0e44278817fec1119d1f1825009f99853e4e4b6f3880646f5a31dfc38fe,5276ebfaaf7828249160b72f0f827700c488e8a01d7c5737850b8e31f30677f6,2c62d800bafd12d3d25d63a24df785dcea141de156f44066a6071f1dbd8359d5,67d98faf42f1e3365050bbef29bd72c619e8b157fe91858ed3538445458a78b8,outputs\qdiffcl_data_regime_v1\DATA_REGIME_GENERALIZATION_V1\3w\f100\outer_31002\model_seed_43\NO_AUG\result.json
3w-f100-outer31002-seed43-uniform_diffusion,3W,1.0,31002,UNIFORM_DIFFUSION,43,,0.19908561173573092,0.6432509094229646,0.9480319903033452,0.7605098160139788,4237.2,4a10c476ec57386bda6de91c80633cd243257738ca46af501fd16c673ba39302,089801204c030ce640cede354e72e64ffd4d135323a9cc1ab53606e4a70e85f0,2c62d800bafd12d3d25d63a24df785dcea141de156f44066a6071f1dbd8359d5,67d98faf42f1e3365050bbef29bd72c619e8b157fe91858ed3538445458a78b8,outputs\qdiffcl_data_regime_v1\DATA_REGIME_GENERALIZATION_V1\3w\f100\outer_31002\model_seed_43\UNIFORM_DIFFUSION\result.json
3w-f100-outer31002-seed44-calibrated_rho,3W,1.0,31002,CALIBRATED_RHO,44,0.75,0.22146974400043343,0.6590688163243155,0.9770461997987079,0.7852811183060951,3194.0,de9d2f5eeca2845b75924647d0544a301e56d687c9fb8ee8c48379ef63e53ab6,264afdb2d5bde2788948a0f132cac646745e69325b21b9c931a36467a9e5c8ad,2c62d800bafd12d3d25d63a24df785dcea141de156f44066a6071f1dbd8359d5,67d98faf42f1e3365050bbef29bd72c619e8b157fe91858ed3538445458a78b8,outputs\qdiffcl_data_regime_v1\DATA_REGIME_GENERALIZATION_V1\3w\f100\outer_31002\model_seed_44\CALIBRATED_RHO\result.json
3w-f100-outer31002-seed44-final_qdiffcl_fixed,3W,1.0,31002,FINAL_QDIFFCL_FIXED,44,,0.1362808535250473,0.6478958875476619,0.986732032509767,0.8815911193339501,2051.090909090909,7caff620dfdebe51a828b20b66d1c4542723223a9b33e480542ce56b79d45977,1bf233b9e5e5ee80dacfa148afc90384dac4ac373cd4f1980de6ee829ddc4666,2c62d800bafd12d3d25d63a24df785dcea141de156f44066a6071f1dbd8359d5,67d98faf42f1e3365050bbef29bd72c619e8b157fe91858ed3538445458a78b8,outputs\qdiffcl_data_regime_v1\DATA_REGIME_GENERALIZATION_V1\3w\f100\outer_31002\model_seed_44\FINAL_QDIFFCL_FIXED\result.json
3w-f100-outer31002-seed44-jitter_scaling,3W,1.0,31002,JITTER_SCALING,44,,0.37176784796343465,0.6861888091354783,0.7121630250100105,0.9577551649707061,14.727272727272727,e35c90fd086cdc125d5532947f0439e8f988009a67116cda88b4d201c26f6444,fe8e1a6d76c2674145bd08b26ca678cb3bd86109fc3198bb35b6402ca528fb85,2c62d800bafd12d3d25d63a24df785dcea141de156f44066a6071f1dbd8359d5,67d98faf42f1e3365050bbef29bd72c619e8b157fe91858ed3538445458a78b8,outputs\qdiffcl_data_regime_v1\DATA_REGIME_GENERALIZATION_V1\3w\f100\outer_31002\model_seed_44\JITTER_SCALING\result.json
3w-f100-outer31002-seed44-no_aug,3W,1.0,31002,NO_AUG,44,,0.511448488535407,0.716608391805438,0.24527342185859766,0.7648268064549285,4019.6,99725e8f2c6469afc44e2bf84c787871a3a84c7b001ee0aeba3550013646f2f2,29005a27f67b40c142b64ceb3539113f15ad7d6ebf57cb0e0055002bb18026b7,2c62d800bafd12d3d25d63a24df785dcea141de156f44066a6071f1dbd8359d5,67d98faf42f1e3365050bbef29bd72c619e8b157fe91858ed3538445458a78b8,outputs\qdiffcl_data_regime_v1\DATA_REGIME_GENERALIZATION_V1\3w\f100\outer_31002\model_seed_44\NO_AUG\result.json
3w-f100-outer31002-seed44-uniform_diffusion,3W,1.0,31002,UNIFORM_DIFFUSION,44,,0.13363226517817592,0.6645690999357309,0.9871108080906464,0.882310617740775,2483.0,d5e20a22f7174564a46a45543812335762db2854f439e78952022969acffb38a,fe8e79492c51c8c515d372481512a45d480161832fe52a60f56e1800d62aa4e2,2c62d800bafd12d3d25d63a24df785dcea141de156f44066a6071f1dbd8359d5,67d98faf42f1e3365050bbef29bd72c619e8b157fe91858ed3538445458a78b8,outputs\qdiffcl_data_regime_v1\DATA_REGIME_GENERALIZATION_V1\3w\f100\outer_31002\model_seed_44\UNIFORM_DIFFUSION\result.json
3w-f100-outer31002-seed45-calibrated_rho,3W,1.0,31002,CALIBRATED_RHO,45,0.75,0.4458377834983584,0.6557191418494928,0.30300964254407325,0.752492548052215,4695.818181818182,c1d67cfa6527bff9263a031e721cf1accff68b1e5ce57cf2722e77814844a07f,83a440911640bcf02bc52323c9c6b7b453d44799a46749c624c976633e4fc6ea,2c62d800bafd12d3d25d63a24df785dcea141de156f44066a6071f1dbd8359d5,67d98faf42f1e3365050bbef29bd72c619e8b157fe91858ed3538445458a78b8,outputs\qdiffcl_data_regime_v1\DATA_REGIME_GENERALIZATION_V1\3w\f100\outer_31002\model_seed_45\CALIBRATED_RHO\result.json
3w-f100-outer31002-seed45-final_qdiffcl_fixed,3W,1.0,31002,FINAL_QDIFFCL_FIXED,45,,0.1659965400453725,0.4787185569374995,0.9772409986688744,0.7169287696577243,4862.875,b0306305e12f04e3b5b47afd2487f6ed33555d63459bd103f14aaa4602339723,b247648cba90e4d6825a9f3118408551182951924280be32a48cd70d745dd883,2c62d800bafd12d3d25d63a24df785dcea141de156f44066a6071f1dbd8359d5,67d98faf42f1e3365050bbef29bd72c619e8b157fe91858ed3538445458a78b8,outputs\qdiffcl_data_regime_v1\DATA_REGIME_GENERALIZATION_V1\3w\f100\outer_31002\model_seed_45\FINAL_QDIFFCL_FIXED\result.json
3w-f100-outer31002-seed45-jitter_scaling,3W,1.0,31002,JITTER_SCALING,45,,0.3769633823721925,0.5674826456833989,0.7084834907957533,0.8678178641175865,3381.6666666666665,b945a189a8d935179f5050ebe909d59440ec44cf00bd8e9d4a263f6b3ef8360b,d646c50fd91b3455a6c16f5dbccbc35d90415929e6c07bf3e3d49cef99a78046,2c62d800bafd12d3d25d63a24df785dcea141de156f44066a6071f1dbd8359d5,67d98faf42f1e3365050bbef29bd72c619e8b157fe91858ed3538445458a78b8,outputs\qdiffcl_data_regime_v1\DATA_REGIME_GENERALIZATION_V1\3w\f100\outer_31002\model_seed_45\JITTER_SCALING\result.json
3w-f100-outer31002-seed45-no_aug,3W,1.0,31002,NO_AUG,45,,0.4748255232629498,0.5309473977916275,0.3135720701708819,0.8084078528111831,3917.6666666666665,8270a2c27f4feb29265bf57f14faee9e5b19c11f87694659c4be850918b38298,a78efaee9bf18defef0ff8c07fefe223a938f10765ce1d9579932a294f1c91ae,2c62d800bafd12d3d25d63a24df785dcea141de156f44066a6071f1dbd8359d5,67d98faf42f1e3365050bbef29bd72c619e8b157fe91858ed3538445458a78b8,outputs\qdiffcl_data_regime_v1\DATA_REGIME_GENERALIZATION_V1\3w\f100\outer_31002\model_seed_45\NO_AUG\result.json
3w-f100-outer31002-seed45-uniform_diffusion,3W,1.0,31002,UNIFORM_DIFFUSION,45,,0.16103228755047017,0.4731934889270707,0.9775115526552168,0.6985301675403432,4149.142857142857,0d07989dbbf9abb3ff22c1478eced852467493149f7685c2475e17a8e203b90a,6f081b3ef36d493f4f2d8f9b8521496724c0baa7b731f83900c058332f50bf45,2c62d800bafd12d3d25d63a24df785dcea141de156f44066a6071f1dbd8359d5,67d98faf42f1e3365050bbef29bd72c619e8b157fe91858ed3538445458a78b8,outputs\qdiffcl_data_regime_v1\DATA_REGIME_GENERALIZATION_V1\3w\f100\outer_31002\model_seed_45\UNIFORM_DIFFUSION\result.json
3w-f100-outer31002-seed46-calibrated_rho,3W,1.0,31002,CALIBRATED_RHO,46,0.75,0.24962643355654607,0.625298559739894,0.9988636732573618,1.0,13.666666666666666,e0e445e46ba0ad1bcd5b0d00fa44cb07c2850c43e8d87ae3890cf992bd778f18,30a4fda143c6c941bb6878d82d286a9bf195115b84cffc6a2907b64f49ae0b6a,2c62d800bafd12d3d25d63a24df785dcea141de156f44066a6071f1dbd8359d5,67d98faf42f1e3365050bbef29bd72c619e8b157fe91858ed3538445458a78b8,outputs\qdiffcl_data_regime_v1\DATA_REGIME_GENERALIZATION_V1\3w\f100\outer_31002\model_seed_46\CALIBRATED_RHO\result.json
3w-f100-outer31002-seed46-final_qdiffcl_fixed,3W,1.0,31002,FINAL_QDIFFCL_FIXED,46,,0.4512292891449927,0.09967750145916739,0.3277166325768644,0.7297769554938842,4757.714285714285,b93b21e02bf3da732ae51af6aa49074d82080ce7254c95435b350ea00be0163d,39f5f6b970fae9548dd776a7bb2f3eb455e2a2d8839304bf7cce1953f2cc40d3,2c62d800bafd12d3d25d63a24df785dcea141de156f44066a6071f1dbd8359d5,67d98faf42f1e3365050bbef29bd72c619e8b157fe91858ed3538445458a78b8,outputs\qdiffcl_data_regime_v1\DATA_REGIME_GENERALIZATION_V1\3w\f100\outer_31002\model_seed_46\FINAL_QDIFFCL_FIXED\result.json
3w-f100-outer31002-seed46-jitter_scaling,3W,1.0,31002,JITTER_SCALING,46,,0.3627901220565537,0.10160817172485115,0.547601268357088,0.487305992393874,4169.636363636364,419d7c30a695d345857976ca34576ecf7a28294bc3f1965e450809e74f831843,c316728151b3729ca8c9d6067c96af4e4ec31c2887711ce9d4f746b6734fb8b9,2c62d800bafd12d3d25d63a24df785dcea141de156f44066a6071f1dbd8359d5,67d98faf42f1e3365050bbef29bd72c619e8b157fe91858ed3538445458a78b8,outputs\qdiffcl_data_regime_v1\DATA_REGIME_GENERALIZATION_V1\3w\f100\outer_31002\model_seed_46\JITTER_SCALING\result.json
3w-f100-outer31002-seed46-no_aug,3W,1.0,31002,NO_AUG,46,,0.22711049988310444,0.6322954973751,0.9788751447463827,0.7743858567170315,4575.5,aee666ecce2a031cfea5a96350122f2b4c948b1465bf29d272b8bde923a15cdd,3bfb83435e7c89393a153d998f24a9c36d45b5f9b7670fcc0854222fec832142,2c62d800bafd12d3d25d63a24df785dcea141de156f44066a6071f1dbd8359d5,67d98faf42f1e3365050bbef29bd72c619e8b157fe91858ed3538445458a78b8,outputs\qdiffcl_data_regime_v1\DATA_REGIME_GENERALIZATION_V1\3w\f100\outer_31002\model_seed_46\NO_AUG\result.json
3w-f100-outer31002-seed46-uniform_diffusion,3W,1.0,31002,UNIFORM_DIFFUSION,46,,0.1614677978507181,0.0744222937461682,0.780667294351915,0.6095179360674273,8668.25,30331fb19291e2eb7f7b90764c9b9158489bf69e49ecc309fe52f1b2193b9f00,4fb0dc4befdbc238b557478f47b0b24ae1fd7c7747392785046ba632214edbfd,2c62d800bafd12d3d25d63a24df785dcea141de156f44066a6071f1dbd8359d5,67d98faf42f1e3365050bbef29bd72c619e8b157fe91858ed3538445458a78b8,outputs\qdiffcl_data_regime_v1\DATA_REGIME_GENERALIZATION_V1\3w\f100\outer_31002\model_seed_46\UNIFORM_DIFFUSION\result.json
3w-f100-outer31003-seed42-calibrated_rho,3W,1.0,31003,CALIBRATED_RHO,42,1.0,0.37940360778574417,0.8739624071696956,0.7076539483612743,0.9440974346570294,3361.6666666666665,24c1f0fda5e29fdc898aa433c2d6516a5eb92fffd993802faef5b3d4deeca590,336be393ded8534efe3f68f6f7f6734795b863f264026963673a245802a6085e,c397755bb39b971a87d51f912a040aae740eb5da3f029ac92442d82d55bed965,a490873c0c7bba3e2f9050953d4f25813a9a0f58aaa27d427ee6596b5893ea5c,outputs\qdiffcl_data_regime_v1\DATA_REGIME_GENERALIZATION_V1\3w\f100\outer_31003\model_seed_42\CALIBRATED_RHO\result.json
3w-f100-outer31003-seed42-final_qdiffcl_fixed,3W,1.0,31003,FINAL_QDIFFCL_FIXED,42,,0.37940360778574417,0.8739624071696956,0.7076539483612743,0.9440974346570294,3361.6666666666665,24c1f0fda5e29fdc898aa433c2d6516a5eb92fffd993802faef5b3d4deeca590,336be393ded8534efe3f68f6f7f6734795b863f264026963673a245802a6085e,c397755bb39b971a87d51f912a040aae740eb5da3f029ac92442d82d55bed965,a490873c0c7bba3e2f9050953d4f25813a9a0f58aaa27d427ee6596b5893ea5c,outputs\qdiffcl_data_regime_v1\DATA_REGIME_GENERALIZATION_V1\3w\f100\outer_31003\model_seed_42\FINAL_QDIFFCL_FIXED\result.json
3w-f100-outer31003-seed42-jitter_scaling,3W,1.0,31003,JITTER_SCALING,42,,0.36398730314535055,0.8339328977225295,0.7846199271677439,0.9571731428652732,81.78571428571429,ffee0b67ed7d6bdeb2cc78099e7740206c3d434400dbf83b1fff4888966e7ed6,05aa695e926092eb1ab9fb3b6ad9de19b498e037168828eff9d8076b2bd954bf,c397755bb39b971a87d51f912a040aae740eb5da3f029ac92442d82d55bed965,a490873c0c7bba3e2f9050953d4f25813a9a0f58aaa27d427ee6596b5893ea5c,outputs\qdiffcl_data_regime_v1\DATA_REGIME_GENERALIZATION_V1\3w\f100\outer_31003\model_seed_42\JITTER_SCALING\result.json
3w-f100-outer31003-seed42-no_aug,3W,1.0,31003,NO_AUG,42,,0.3192272232731608,0.8619778196492237,0.8914405695351202,0.9686979781739539,84.07142857142857,8eb768bbdb83f24674716a38050dd37979fa105a57511e93205c5e83d997f95e,0b7d8c869db7e8dc6e418ca211802e9706e398c27257462b7d1d6f0ce8fd53a6,c397755bb39b971a87d51f912a040aae740eb5da3f029ac92442d82d55bed965,a490873c0c7bba3e2f9050953d4f25813a9a0f58aaa27d427ee6596b5893ea5c,outputs\qdiffcl_data_regime_v1\DATA_REGIME_GENERALIZATION_V1\3w\f100\outer_31003\model_seed_42\NO_AUG\result.json
3w-f100-outer31003-seed42-uniform_diffusion,3W,1.0,31003,UNIFORM_DIFFUSION,42,,0.3693502624473571,0.8598936808288735,0.7410518027623766,0.7248836845325327,10337.785714285714,9476aa622b2a1796237b35b663e0621595775cf7495220c3df8639526b12dd0e,d943eecd3c8f946226c21e3fb37091530f40322f529a8f2dcf4d410541f2519b,c397755bb39b971a87d51f912a040aae740eb5da3f029ac92442d82d55bed965,a490873c0c7bba3e2f9050953d4f25813a9a0f58aaa27d427ee6596b5893ea5c,outputs\qdiffcl_data_regime_v1\DATA_REGIME_GENERALIZATION_V1\3w\f100\outer_31003\model_seed_42\UNIFORM_DIFFUSION\result.json
3w-f100-outer31003-seed43-calibrated_rho,3W,1.0,31003,CALIBRATED_RHO,43,1.0,0.33226644152235046,0.8912214492550891,0.7583084544470325,0.9350198483274761,75.15384615384616,0441ddbfb578e87c82bab315dc0220b4d99b72d9ced200c6d18f4aaeb07c2b40,ca04544d84a9e0875a164bc7fbcbd10c89a31666deb2e7f4fb5a0012de4aaca9,c397755bb39b971a87d51f912a040aae740eb5da3f029ac92442d82d55bed965,a490873c0c7bba3e2f9050953d4f25813a9a0f58aaa27d427ee6596b5893ea5c,outputs\qdiffcl_data_regime_v1\DATA_REGIME_GENERALIZATION_V1\3w\f100\outer_31003\model_seed_43\CALIBRATED_RHO\result.json
3w-f100-outer31003-seed43-final_qdiffcl_fixed,3W,1.0,31003,FINAL_QDIFFCL_FIXED,43,,0.33226644152235046,0.8912214492550891,0.7583084544470325,0.9350198483274761,75.15384615384616,0441ddbfb578e87c82bab315dc0220b4d99b72d9ced200c6d18f4aaeb07c2b40,ca04544d84a9e0875a164bc7fbcbd10c89a31666deb2e7f4fb5a0012de4aaca9,c397755bb39b971a87d51f912a040aae740eb5da3f029ac92442d82d55bed965,a490873c0c7bba3e2f9050953d4f25813a9a0f58aaa27d427ee6596b5893ea5c,outputs\qdiffcl_data_regime_v1\DATA_REGIME_GENERALIZATION_V1\3w\f100\outer_31003\model_seed_43\FINAL_QDIFFCL_FIXED\result.json
3w-f100-outer31003-seed43-jitter_scaling,3W,1.0,31003,JITTER_SCALING,43,,0.40988018372112456,0.8624526708591704,0.4891243725599554,0.8050880013659064,155.63636363636363,b26056d5787850833b99a3320f201d0195694d2a3dbc53462fb73bdcc7f41115,34e47084fe6347ddca045b93c47ff6e78a095df159b980230ada43aa36efffce,c397755bb39b971a87d51f912a040aae740eb5da3f029ac92442d82d55bed965,a490873c0c7bba3e2f9050953d4f25813a9a0f58aaa27d427ee6596b5893ea5c,outputs\qdiffcl_data_regime_v1\DATA_REGIME_GENERALIZATION_V1\3w\f100\outer_31003\model_seed_43\JITTER_SCALING\result.json
3w-f100-outer31003-seed43-no_aug,3W,1.0,31003,NO_AUG,43,,0.33187274415575535,0.9060604763091985,0.7582100324792493,0.9361296472831268,72.6923076923077,f7e373f0870a5a629382f1c400e2250296fcb6682562d2953daf2455025d2dc1,b5f2942400f887a854e78677acccd3bd57c87f55e11f75b058fa47e2b791e860,c397755bb39b971a87d51f912a040aae740eb5da3f029ac92442d82d55bed965,a490873c0c7bba3e2f9050953d4f25813a9a0f58aaa27d427ee6596b5893ea5c,outputs\qdiffcl_data_regime_v1\DATA_REGIME_GENERALIZATION_V1\3w\f100\outer_31003\model_seed_43\NO_AUG\result.json
3w-f100-outer31003-seed43-uniform_diffusion,3W,1.0,31003,UNIFORM_DIFFUSION,43,,0.4042152787119051,0.8650521649322956,0.6720908106689413,0.9187143405944539,133.33333333333334,1e463fd393f6d9fc036522cf22574b7a9de11ff909f57cfed134dc773ff531ea,14bf9534899d670e05a4840b0768bcf64cb0f90ebd1eb82b4368fe3f2a890ab6,c397755bb39b971a87d51f912a040aae740eb5da3f029ac92442d82d55bed965,a490873c0c7bba3e2f9050953d4f25813a9a0f58aaa27d427ee6596b5893ea5c,outputs\qdiffcl_data_regime_v1\DATA_REGIME_GENERALIZATION_V1\3w\f100\outer_31003\model_seed_43\UNIFORM_DIFFUSION\result.json
3w-f100-outer31003-seed44-calibrated_rho,3W,1.0,31003,CALIBRATED_RHO,44,1.0,0.23670536244496093,0.8573019487242108,0.8451166300318231,0.9473130059900687,87.63636363636364,a09a9160987b5056be52e5df9d233cc211d38bdb59bc2de4339a57e4d3dbd777,76fdc65568f1cb3382921f145ba42de86d362b0e691337ba67a69f2efb21e499,c397755bb39b971a87d51f912a040aae740eb5da3f029ac92442d82d55bed965,a490873c0c7bba3e2f9050953d4f25813a9a0f58aaa27d427ee6596b5893ea5c,outputs\qdiffcl_data_regime_v1\DATA_REGIME_GENERALIZATION_V1\3w\f100\outer_31003\model_seed_44\CALIBRATED_RHO\result.json
3w-f100-outer31003-seed44-final_qdiffcl_fixed,3W,1.0,31003,FINAL_QDIFFCL_FIXED,44,,0.23670536244496093,0.8573019487242108,0.8451166300318231,0.9473130059900687,87.63636363636364,a09a9160987b5056be52e5df9d233cc211d38bdb59bc2de4339a57e4d3dbd777,76fdc65568f1cb3382921f145ba42de86d362b0e691337ba67a69f2efb21e499,c397755bb39b971a87d51f912a040aae740eb5da3f029ac92442d82d55bed965,a490873c0c7bba3e2f9050953d4f25813a9a0f58aaa27d427ee6596b5893ea5c,outputs\qdiffcl_data_regime_v1\DATA_REGIME_GENERALIZATION_V1\3w\f100\outer_31003\model_seed_44\FINAL_QDIFFCL_FIXED\result.json
3w-f100-outer31003-seed44-jitter_scaling,3W,1.0,31003,JITTER_SCALING,44,,0.370304742416425,0.8658311828455058,0.6053607165119255,0.8079478679054679,82.0,e316cdedcfcf530fb7dbc2822d81cdf96aae7bd59b22d94974434386a43230c3,98b8c6d8f584abf919f1d4a3062ec3382f9cd387073acf5ac345cf912c3b301c,c397755bb39b971a87d51f912a040aae740eb5da3f029ac92442d82d55bed965,a490873c0c7bba3e2f9050953d4f25813a9a0f58aaa27d427ee6596b5893ea5c,outputs\qdiffcl_data_regime_v1\DATA_REGIME_GENERALIZATION_V1\3w\f100\outer_31003\model_seed_44\JITTER_SCALING\result.json
3w-f100-outer31003-seed44-no_aug,3W,1.0,31003,NO_AUG,44,,0.236081911191598,0.8564441226966327,0.8213641284734753,0.8692002333423445,184.45454545454547,7b357bed182ece90aa24aec5a6c8cf704babc094a82775de17df1cf5e246562c,d54c288eb0e477afb72819a692c5beae49c928de265f25798bb587fd9a199595,c397755bb39b971a87d51f912a040aae740eb5da3f029ac92442d82d55bed965,a490873c0c7bba3e2f9050953d4f25813a9a0f58aaa27d427ee6596b5893ea5c,outputs\qdiffcl_data_regime_v1\DATA_REGIME_GENERALIZATION_V1\3w\f100\outer_31003\model_seed_44\NO_AUG\result.json
3w-f100-outer31003-seed44-uniform_diffusion,3W,1.0,31003,UNIFORM_DIFFUSION,44,,0.3818391090857896,0.8631417900180752,0.6029985892851284,0.8220337777271887,167.27272727272728,20e65dc40c83b5405067b2f3774fbb38be1c01f16f472a685e741488daa219c4,cfa14f681af387c11024dd2b8f6fff146660588d1363fa53c5132354c4be4f67,c397755bb39b971a87d51f912a040aae740eb5da3f029ac92442d82d55bed965,a490873c0c7bba3e2f9050953d4f25813a9a0f58aaa27d427ee6596b5893ea5c,outputs\qdiffcl_data_regime_v1\DATA_REGIME_GENERALIZATION_V1\3w\f100\outer_31003\model_seed_44\UNIFORM_DIFFUSION\result.json
3w-f100-outer31003-seed45-calibrated_rho,3W,1.0,31003,CALIBRATED_RHO,45,1.0,0.27611033857407735,0.8360498233341331,0.5513926708441325,0.6489051406456754,102.6,53e165abd93cf927e0defd0cd43448de28aaa3bfab8bf67ed6d1ba4da702397d,ccc38b83afa13125467b7789b3be0a3be4ab14f047ad9e93d6d20e2d2276ec05,c397755bb39b971a87d51f912a040aae740eb5da3f029ac92442d82d55bed965,a490873c0c7bba3e2f9050953d4f25813a9a0f58aaa27d427ee6596b5893ea5c,outputs\qdiffcl_data_regime_v1\DATA_REGIME_GENERALIZATION_V1\3w\f100\outer_31003\model_seed_45\CALIBRATED_RHO\result.json
3w-f100-outer31003-seed45-final_qdiffcl_fixed,3W,1.0,31003,FINAL_QDIFFCL_FIXED,45,,0.27611033857407735,0.8360498233341331,0.5513926708441325,0.6489051406456754,102.6,53e165abd93cf927e0defd0cd43448de28aaa3bfab8bf67ed6d1ba4da702397d,ccc38b83afa13125467b7789b3be0a3be4ab14f047ad9e93d6d20e2d2276ec05,c397755bb39b971a87d51f912a040aae740eb5da3f029ac92442d82d55bed965,a490873c0c7bba3e2f9050953d4f25813a9a0f58aaa27d427ee6596b5893ea5c,outputs\qdiffcl_data_regime_v1\DATA_REGIME_GENERALIZATION_V1\3w\f100\outer_31003\model_seed_45\FINAL_QDIFFCL_FIXED\result.json
3w-f100-outer31003-seed45-jitter_scaling,3W,1.0,31003,JITTER_SCALING,45,,0.4145743926310401,0.8260791833435693,0.14297431186640858,0.52194698575758,119.33333333333333,5b3a77df1384a269958e1b48ec06f2b2a040184756a98451f06006c4faa8cafe,4ca23f85e64806c3c842490992163f2d0a45d04e9907303d419e313130b6c591,c397755bb39b971a87d51f912a040aae740eb5da3f029ac92442d82d55bed965,a490873c0c7bba3e2f9050953d4f25813a9a0f58aaa27d427ee6596b5893ea5c,outputs\qdiffcl_data_regime_v1\DATA_REGIME_GENERALIZATION_V1\3w\f100\outer_31003\model_seed_45\JITTER_SCALING\result.json
3w-f100-outer31003-seed45-no_aug,3W,1.0,31003,NO_AUG,45,,0.2774115953882204,0.8372762973616504,0.5505724877792724,0.6526471550730618,11368.90909090909,b4d187b9157fb9ddc8275ce9db04995ca46da3d7469860b72b7c459cd49939de,4546738ce6649cf3ac0a28ad0f1e86169f511d283e2434d186517ef703f6a955,c397755bb39b971a87d51f912a040aae740eb5da3f029ac92442d82d55bed965,a490873c0c7bba3e2f9050953d4f25813a9a0f58aaa27d427ee6596b5893ea5c,outputs\qdiffcl_data_regime_v1\DATA_REGIME_GENERALIZATION_V1\3w\f100\outer_31003\model_seed_45\NO_AUG\result.json
3w-f100-outer31003-seed45-uniform_diffusion,3W,1.0,31003,UNIFORM_DIFFUSION,45,,0.30146608024289334,0.8419911832520942,0.39473770545585773,0.6415207091330762,11412.545454545454,bff5537ffc0876257bf7185b830c2d2f6c5e0ff9885c8e40aeb1009988a74fd9,3ce0cdcb4e712cc0d374867c2003d9d7db7f412d2dbed25d9af94940e45e4ac8,c397755bb39b971a87d51f912a040aae740eb5da3f029ac92442d82d55bed965,a490873c0c7bba3e2f9050953d4f25813a9a0f58aaa27d427ee6596b5893ea5c,outputs\qdiffcl_data_regime_v1\DATA_REGIME_GENERALIZATION_V1\3w\f100\outer_31003\model_seed_45\UNIFORM_DIFFUSION\result.json
3w-f100-outer31003-seed46-calibrated_rho,3W,1.0,31003,CALIBRATED_RHO,46,1.0,0.2675783809132398,0.917041205045605,0.8637839965880385,0.9455060256392015,92.38461538461539,1c16a211f6dbd0050f9464862f985bbb6c5c6aa31fe570cad22ce702b7695c9d,39846d116c6a44ff9d6687c17fc8b4ded9d7a72fbd1cca2fc097e00b340b4893,c397755bb39b971a87d51f912a040aae740eb5da3f029ac92442d82d55bed965,a490873c0c7bba3e2f9050953d4f25813a9a0f58aaa27d427ee6596b5893ea5c,outputs\qdiffcl_data_regime_v1\DATA_REGIME_GENERALIZATION_V1\3w\f100\outer_31003\model_seed_46\CALIBRATED_RHO\result.json
3w-f100-outer31003-seed46-final_qdiffcl_fixed,3W,1.0,31003,FINAL_QDIFFCL_FIXED,46,,0.2675783809132398,0.917041205045605,0.8637839965880385,0.9455060256392015,92.38461538461539,1c16a211f6dbd0050f9464862f985bbb6c5c6aa31fe570cad22ce702b7695c9d,39846d116c6a44ff9d6687c17fc8b4ded9d7a72fbd1cca2fc097e00b340b4893,c397755bb39b971a87d51f912a040aae740eb5da3f029ac92442d82d55bed965,a490873c0c7bba3e2f9050953d4f25813a9a0f58aaa27d427ee6596b5893ea5c,outputs\qdiffcl_data_regime_v1\DATA_REGIME_GENERALIZATION_V1\3w\f100\outer_31003\model_seed_46\FINAL_QDIFFCL_FIXED\result.json
3w-f100-outer31003-seed46-jitter_scaling,3W,1.0,31003,JITTER_SCALING,46,,0.2980641805110975,0.8845947269293867,0.833141957284866,0.9488069661226755,85.0,f631055702bbcca8a4c99b6f108def06816b31a833604258dbc53d0f8fb9b5bf,6a4ec353d0396c9191298cc63af22b91cc9b2317ff0559c381b7877f7d2da095,c397755bb39b971a87d51f912a040aae740eb5da3f029ac92442d82d55bed965,a490873c0c7bba3e2f9050953d4f25813a9a0f58aaa27d427ee6596b5893ea5c,outputs\qdiffcl_data_regime_v1\DATA_REGIME_GENERALIZATION_V1\3w\f100\outer_31003\model_seed_46\JITTER_SCALING\result.json
3w-f100-outer31003-seed46-no_aug,3W,1.0,31003,NO_AUG,46,,0.22218304096608574,0.903146925043898,0.9848430169613858,0.9812756996713288,67.8,df73e5609f7933c78a70684416f3eace25f876e9f3fcaeefbc568a54205ee5e5,66985fd39d8ae1eb922d31e2130fa54c44b47da06d529d65b983c07722f46c5f,c397755bb39b971a87d51f912a040aae740eb5da3f029ac92442d82d55bed965,a490873c0c7bba3e2f9050953d4f25813a9a0f58aaa27d427ee6596b5893ea5c,outputs\qdiffcl_data_regime_v1\DATA_REGIME_GENERALIZATION_V1\3w\f100\outer_31003\model_seed_46\NO_AUG\result.json
3w-f100-outer31003-seed46-uniform_diffusion,3W,1.0,31003,UNIFORM_DIFFUSION,46,,0.26572994495330804,0.919575524638821,0.8637839965880385,0.9444389112587681,92.38461538461539,c265def93428f1a01f9c545d33baa278502a130ddc2ef4997972fc06c3c8b7be,378c2d2b4ebdca2adea05169d533c63cec5b45eb8a353140bc155c53129dcb2d,c397755bb39b971a87d51f912a040aae740eb5da3f029ac92442d82d55bed965,a490873c0c7bba3e2f9050953d4f25813a9a0f58aaa27d427ee6596b5893ea5c,outputs\qdiffcl_data_regime_v1\DATA_REGIME_GENERALIZATION_V1\3w\f100\outer_31003\model_seed_46\UNIFORM_DIFFUSION\result.json
tep-f025-outer32001-seed2026-calibrated_rho,TEP,0.25,32001,CALIBRATED_RHO,2026,0.25,0.9026797076199177,0.9514334440442952,0.013708019191226868,0.69375,121.5945945945946,81a3994543b69ee42260f00457baacfc0f448fc74e1ec18878ce4f0b1cb5b6d8,c55080137c26682d74e3334aa194092d65b9abed4a11aacbf76add62ff99de31,4fb97c3b0e5eeb35ea730d464df15f5003b268bf87bcedb683dad7697422f11e,cd1b342db3e45d36472c466d97701d05858c102665462aea799aaf0fc1fa183e,outputs\qdiffcl_data_regime_v1\DATA_REGIME_GENERALIZATION_V1\tep\f025\outer_32001\model_seed_2026\CALIBRATED_RHO\result.json
tep-f025-outer32001-seed2026-final_qdiffcl_fixed,TEP,0.25,32001,FINAL_QDIFFCL_FIXED,2026,,0.9013798701298701,0.9516439919036984,0.011651816312542838,0.6875,122.02702702702703,70bee9c6b638d4da075957041cb923d41bbb2ee485aeefacea6ac9d06dbd8373,3be3467f0f81220246afa2cbd2915b1d7c21558bce610afae2a82cc133d16aa9,4fb97c3b0e5eeb35ea730d464df15f5003b268bf87bcedb683dad7697422f11e,cd1b342db3e45d36472c466d97701d05858c102665462aea799aaf0fc1fa183e,outputs\qdiffcl_data_regime_v1\DATA_REGIME_GENERALIZATION_V1\tep\f025\outer_32001\model_seed_2026\FINAL_QDIFFCL_FIXED\result.json
tep-f025-outer32001-seed2026-jitter_scaling,TEP,0.25,32001,JITTER_SCALING,2026,,0.9021625695732839,0.9518746832250149,0.010966415352981495,0.6875,104.11111111111111,fa7146ca88fbbad6a44609abeb41e400481983fa9095d257d3319b7a3c032785,7e3bbc4b3defc7e277703a4eb32644cb32a033f8e45c6ba30b0b11bf6c8e50bc,4fb97c3b0e5eeb35ea730d464df15f5003b268bf87bcedb683dad7697422f11e,cd1b342db3e45d36472c466d97701d05858c102665462aea799aaf0fc1fa183e,outputs\qdiffcl_data_regime_v1\DATA_REGIME_GENERALIZATION_V1\tep\f025\outer_32001\model_seed_2026\JITTER_SCALING\result.json
tep-f025-outer32001-seed2026-no_aug,TEP,0.25,32001,NO_AUG,2026,,0.9018980185244954,0.9520841631707159,0.01439342015078821,0.6875,122.02702702702703,2abe874a6d27ec2c0457ab819782309fa8eae96d1e109693e22f3cd61b0b5c3c,5f866690980302fdbfdf73b51c598af5e3a9dcf2497e584e8ccb8bccf1e63c4b,4fb97c3b0e5eeb35ea730d464df15f5003b268bf87bcedb683dad7697422f11e,cd1b342db3e45d36472c466d97701d05858c102665462aea799aaf0fc1fa183e,outputs\qdiffcl_data_regime_v1\DATA_REGIME_GENERALIZATION_V1\tep\f025\outer_32001\model_seed_2026\NO_AUG\result.json
tep-f025-outer32001-seed2026-uniform_diffusion,TEP,0.25,32001,UNIFORM_DIFFUSION,2026,,0.9018137837631264,0.9517088960406084,0.01233721727210418,0.6875,122.02702702702703,5f6e7b8faa4605da808af99800de02a00d9f7f6a0e608b2a097106eff8b0ccd0,cc9da2c98265916f460ae5c026e2f10d179b04236cd34f4cd866f3e7c37d9bac,4fb97c3b0e5eeb35ea730d464df15f5003b268bf87bcedb683dad7697422f11e,cd1b342db3e45d36472c466d97701d05858c102665462aea799aaf0fc1fa183e,outputs\qdiffcl_data_regime_v1\DATA_REGIME_GENERALIZATION_V1\tep\f025\outer_32001\model_seed_2026\UNIFORM_DIFFUSION\result.json
tep-f025-outer32001-seed42-calibrated_rho,TEP,0.25,32001,CALIBRATED_RHO,42,0.25,0.9064955992385835,0.9579075026450107,0.018505825908156272,0.725,108.62162162162163,59ea2f76b722e5ec2d57bda02807fd9638c50a52922525a30e18f32d120ffbb4,a07bc79356370dc369024e6caac0331dd519a2e877231523a56be546ab4ab01c,4fb97c3b0e5eeb35ea730d464df15f5003b268bf87bcedb683dad7697422f11e,cd1b342db3e45d36472c466d97701d05858c102665462aea799aaf0fc1fa183e,outputs\qdiffcl_data_regime_v1\DATA_REGIME_GENERALIZATION_V1\tep\f025\outer_32001\model_seed_42\CALIBRATED_RHO\result.json
tep-f025-outer32001-seed42-final_qdiffcl_fixed,TEP,0.25,32001,FINAL_QDIFFCL_FIXED,42,,0.8953984819734345,0.9498930293386887,0.04386566141192598,0.725,106.47368421052632,c6fe1145d66ebad2a50dfe8b7556bd5391d681e73db46d5e23d6b512e74bf263,d2c9dbda334e356ddf04490f58f6fe0be5716ec7489f46fc10b84ded0b1d29a8,4fb97c3b0e5eeb35ea730d464df15f5003b268bf87bcedb683dad7697422f11e,cd1b342db3e45d36472c466d97701d05858c102665462aea799aaf0fc1fa183e,outputs\qdiffcl_data_regime_v1\DATA_REGIME_GENERALIZATION_V1\tep\f025\outer_32001\model_seed_42\FINAL_QDIFFCL_FIXED\result.json
tep-f025-outer32001-seed42-jitter_scaling,TEP,0.25,32001,JITTER_SCALING,42,,0.8985710297750412,0.951493170693641,0.04318026045236463,0.73125,107.71794871794872,8d5dcbf0c783b338dbae1d7a9bb53e30bc69b406d916e1f248f11031079b04f9,21bf3c2cd34a78e1420295b33e88ae1c5a279e307f2bcba69c586bd47ce4426a,4fb97c3b0e5eeb35ea730d464df15f5003b268bf87bcedb683dad7697422f11e,cd1b342db3e45d36472c466d97701d05858c102665462aea799aaf0fc1fa183e,outputs\qdiffcl_data_regime_v1\DATA_REGIME_GENERALIZATION_V1\tep\f025\outer_32001\model_seed_42\JITTER_SCALING\result.json
tep-f025-outer32001-seed42-no_aug,TEP,0.25,32001,NO_AUG,42,,0.8998746284172849,0.9507494931712472,0.03495544893762851,0.71875,115.73684210526316,970a2484a74be0e71c5f90d2716aaa8f62028f51aaf340fe4cfd284e0a324d0e,d2a3cd09bdac3ee57b4fd9e9aaec80bad0c0f706f30fe1ce05b214bc4a834f91,4fb97c3b0e5eeb35ea730d464df15f5003b268bf87bcedb683dad7697422f11e,cd1b342db3e45d36472c466d97701d05858c102665462aea799aaf0fc1fa183e,outputs\qdiffcl_data_regime_v1\DATA_REGIME_GENERALIZATION_V1\tep\f025\outer_32001\model_seed_42\NO_AUG\result.json
tep-f025-outer32001-seed42-uniform_diffusion,TEP,0.25,32001,UNIFORM_DIFFUSION,42,,0.9000189222770778,0.949686049970949,0.02810143934201508,0.71875,116.57894736842105,978080319e9725aa40e6c41f1039bcc58ac0ddb095e92b51c15a08057661bae4,561efae6b86b8118da638586905f5d2cd5ed61e9a8d3e478e0cb13a3ddde97ac,4fb97c3b0e5eeb35ea730d464df15f5003b268bf87bcedb683dad7697422f11e,cd1b342db3e45d36472c466d97701d05858c102665462aea799aaf0fc1fa183e,outputs\qdiffcl_data_regime_v1\DATA_REGIME_GENERALIZATION_V1\tep\f025\outer_32001\model_seed_42\UNIFORM_DIFFUSION\result.json
tep-f025-outer32001-seed43-calibrated_rho,TEP,0.25,32001,CALIBRATED_RHO,43,0.25,0.8957258552612617,0.9479492802490739,0.031528444139821796,0.7125,110.26315789473684,cabf3854a16d4323e78566f3fac9f2ee1a337b07918103eee9e91cfb1e3fe56f,29d888976cfd0880a70237120a606d192018fe9e43a46e8872b8a023f4e1afbc,4fb97c3b0e5eeb35ea730d464df15f5003b268bf87bcedb683dad7697422f11e,cd1b342db3e45d36472c466d97701d05858c102665462aea799aaf0fc1fa183e,outputs\qdiffcl_data_regime_v1\DATA_REGIME_GENERALIZATION_V1\tep\f025\outer_32001\model_seed_43\CALIBRATED_RHO\result.json
tep-f025-outer32001-seed43-final_qdiffcl_fixed,TEP,0.25,32001,FINAL_QDIFFCL_FIXED,43,,0.8987322168582048,0.947860541807051,0.006854009595613434,0.7,110.88888888888889,5b9ec2ebe7cf2043831e9b87ba4c4b1a78646bd3c98c27104bb038efa26de7f8,4254db6feb33d39a27fd346093a5590dd9583b9cd1f2e134fd11fe06260715da,4fb97c3b0e5eeb35ea730d464df15f5003b268bf87bcedb683dad7697422f11e,cd1b342db3e45d36472c466d97701d05858c102665462aea799aaf0fc1fa183e,outputs\qdiffcl_data_regime_v1\DATA_REGIME_GENERALIZATION_V1\tep\f025\outer_32001\model_seed_43\FINAL_QDIFFCL_FIXED\result.json
tep-f025-outer32001-seed43-jitter_scaling,TEP,0.25,32001,JITTER_SCALING,43,,0.8991399736140908,0.9479846001442953,0.006854009595613434,0.7,110.88888888888889,bbe169995a2a979a9610c3dee6e4ff45f9f67b872657df40ad11d815304203ab,cba6cf38a162fd07e9d4ab768fe8c286dc1d6532c2d08ef2203e3cc34d0e2ff1,4fb97c3b0e5eeb35ea730d464df15f5003b268bf87bcedb683dad7697422f11e,cd1b342db3e45d36472c466d97701d05858c102665462aea799aaf0fc1fa183e,outputs\qdiffcl_data_regime_v1\DATA_REGIME_GENERALIZATION_V1\tep\f025\outer_32001\model_seed_43\JITTER_SCALING\result.json
tep-f025-outer32001-seed43-no_aug,TEP,0.25,32001,NO_AUG,43,,0.8961286079687928,0.9479692612058658,0.031528444139821796,0.7125,110.26315789473684,ea590eb67e24b69a35920e95474021d5e226544a414700a7ae03d525a236aa82,e5f4f87f79fc23f25f2fd41f90f7a9f3c2548f4b601c8c9e1401d37cc2c2232a,4fb97c3b0e5eeb35ea730d464df15f5003b268bf87bcedb683dad7697422f11e,cd1b342db3e45d36472c466d97701d05858c102665462aea799aaf0fc1fa183e,outputs\qdiffcl_data_regime_v1\DATA_REGIME_GENERALIZATION_V1\tep\f025\outer_32001\model_seed_43\NO_AUG\result.json
tep-f025-outer32001-seed43-uniform_diffusion,TEP,0.25,32001,UNIFORM_DIFFUSION,43,,0.8987322168582048,0.9478072956022233,0.006854009595613434,0.7,110.88888888888889,3c3304ae42af3eb74b8dba78c7ba27e97daa44a214777be8317122e41f51e574,e15c809ad12ab53b4c0dca348d164a94c5018f613290b69220c988710396e996,4fb97c3b0e5eeb35ea730d464df15f5003b268bf87bcedb683dad7697422f11e,cd1b342db3e45d36472c466d97701d05858c102665462aea799aaf0fc1fa183e,outputs\qdiffcl_data_regime_v1\DATA_REGIME_GENERALIZATION_V1\tep\f025\outer_32001\model_seed_43\UNIFORM_DIFFUSION\result.json
tep-f025-outer32001-seed44-calibrated_rho,TEP,0.25,32001,CALIBRATED_RHO,44,0.25,0.8903269058444792,0.9424189814125197,0.02810143934201508,0.7,103.43243243243244,bbc3c477152d452b977b77786f98de35f1b494de2c1af72da66577454cec72af,2855c92288e9bf1c929b26324ac0c4e9e988be124f32eff7cbf7f49dda06416b,4fb97c3b0e5eeb35ea730d464df15f5003b268bf87bcedb683dad7697422f11e,cd1b342db3e45d36472c466d97701d05858c102665462aea799aaf0fc1fa183e,outputs\qdiffcl_data_regime_v1\DATA_REGIME_GENERALIZATION_V1\tep\f025\outer_32001\model_seed_44\CALIBRATED_RHO\result.json
tep-f025-outer32001-seed44-final_qdiffcl_fixed,TEP,0.25,32001,FINAL_QDIFFCL_FIXED,44,,0.8899823245593083,0.942696588533868,0.029472241261137764,0.7,103.43243243243244,37efb213b1e1cf2955a48855030c3f46c6fdc62a32be1134e984f172be42624c,7e0830829a31b3c95c2eb7126963ae9cf2871fcd7dc2b2f6eaf0a638f0be5ee9,4fb97c3b0e5eeb35ea730d464df15f5003b268bf87bcedb683dad7697422f11e,cd1b342db3e45d36472c466d97701d05858c102665462aea799aaf0fc1fa183e,outputs\qdiffcl_data_regime_v1\DATA_REGIME_GENERALIZATION_V1\tep\f025\outer_32001\model_seed_44\FINAL_QDIFFCL_FIXED\result.json
tep-f025-outer32001-seed44-jitter_scaling,TEP,0.25,32001,JITTER_SCALING,44,,0.8928160299434582,0.9429109174779007,0.029472241261137764,0.7,102.56756756756756,f77f38edf4f6b8b9fb2c50d9d21d1c2a39536e2d08cfea319d1930f4cb53f60d,8926bc94e3b1539b2439935412e1b5856fb6300060557962fc2a7e87ed98ebcf,4fb97c3b0e5eeb35ea730d464df15f5003b268bf87bcedb683dad7697422f11e,cd1b342db3e45d36472c466d97701d05858c102665462aea799aaf0fc1fa183e,outputs\qdiffcl_data_regime_v1\DATA_REGIME_GENERALIZATION_V1\tep\f025\outer_32001\model_seed_44\JITTER_SCALING\result.json
tep-f025-outer32001-seed44-no_aug,TEP,0.25,32001,NO_AUG,44,,0.8902963547350997,0.942043839094491,0.027416038382453736,0.7,103.86486486486487,632a6924b3ee122e8c7530d0c056dfecfee997bb109ff8329e79aac47e4b1859,14c2d29f25cf60d23742fad0eebfd1ac5d03beda8966bdb080815efdaba28d06,4fb97c3b0e5eeb35ea730d464df15f5003b268bf87bcedb683dad7697422f11e,cd1b342db3e45d36472c466d97701d05858c102665462aea799aaf0fc1fa183e,outputs\qdiffcl_data_regime_v1\DATA_REGIME_GENERALIZATION_V1\tep\f025\outer_32001\model_seed_44\NO_AUG\result.json
tep-f025-outer32001-seed44-uniform_diffusion,TEP,0.25,32001,UNIFORM_DIFFUSION,44,,0.888765723009525,0.9427986318444359,0.029472241261137764,0.7,103.86486486486487,93fcf9b433b25ca4a8afe8e27dd949b94726b8afc47ae9f18010e55a60aae6ac,446150c1243c2619b346062ff0066447335585c5b02daa302c6229e626f0f4e5,4fb97c3b0e5eeb35ea730d464df15f5003b268bf87bcedb683dad7697422f11e,cd1b342db3e45d36472c466d97701d05858c102665462aea799aaf0fc1fa183e,outputs\qdiffcl_data_regime_v1\DATA_REGIME_GENERALIZATION_V1\tep\f025\outer_32001\model_seed_44\UNIFORM_DIFFUSION\result.json
tep-f025-outer32001-seed7-calibrated_rho,TEP,0.25,32001,CALIBRATED_RHO,7,0.25,0.8997494850164973,0.953529207710755,0.021247429746401644,0.7375,111.0,26a9db8ea405ef0d323c94549fea7be37ffcc4012cbe06570280ee9f3acd7b2a,0268f03a7e516ec8c6a34b308ece87a28e6774cdeb8fef1a3b6baf9973910ac1,4fb97c3b0e5eeb35ea730d464df15f5003b268bf87bcedb683dad7697422f11e,cd1b342db3e45d36472c466d97701d05858c102665462aea799aaf0fc1fa183e,outputs\qdiffcl_data_regime_v1\DATA_REGIME_GENERALIZATION_V1\tep\f025\outer_32001\model_seed_7\CALIBRATED_RHO\result.json
tep-f025-outer32001-seed7-final_qdiffcl_fixed,TEP,0.25,32001,FINAL_QDIFFCL_FIXED,7,,0.8963164166040611,0.9532272935351584,0.0363262508567512,0.75,106.48717948717949,499297ac3dcbc7f9202bac127caa2480b417d6ac52c4aea3e9b4c91c0303df4d,5be93da4b95839aa0bec3461e4beebe89e980e1f332a6802d641febbf2ad4702,4fb97c3b0e5eeb35ea730d464df15f5003b268bf87bcedb683dad7697422f11e,cd1b342db3e45d36472c466d97701d05858c102665462aea799aaf0fc1fa183e,outputs\qdiffcl_data_regime_v1\DATA_REGIME_GENERALIZATION_V1\tep\f025\outer_32001\model_seed_7\FINAL_QDIFFCL_FIXED\result.json
tep-f025-outer32001-seed7-jitter_scaling,TEP,0.25,32001,JITTER_SCALING,7,,0.8982451093210586,0.9567957375027318,0.03427004797806717,0.7625,103.61538461538461,b67ce0d6459851d2687b6dec925a2402de2b2ace479dfced7f4c8c3553f8f2b9,22caa0470140638bfb865dd7a3c1da109d05499be9657a3dedaebc9390aef8c6,4fb97c3b0e5eeb35ea730d464df15f5003b268bf87bcedb683dad7697422f11e,cd1b342db3e45d36472c466d97701d05858c102665462aea799aaf0fc1fa183e,outputs\qdiffcl_data_regime_v1\DATA_REGIME_GENERALIZATION_V1\tep\f025\outer_32001\model_seed_7\JITTER_SCALING\result.json
tep-f025-outer32001-seed7-no_aug,TEP,0.25,32001,NO_AUG,7,,0.8994955876295485,0.9537752865105363,0.015078821110349555,0.71875,102.44444444444444,26a8dcb748b4cca46aee15656a74e78e449752d66955394c9c10a7e92ae34cdb,28a0eb0307226aab0f46859b7221bfc1b38f1a36f1a96202388d66d0bee0fb9f,4fb97c3b0e5eeb35ea730d464df15f5003b268bf87bcedb683dad7697422f11e,cd1b342db3e45d36472c466d97701d05858c102665462aea799aaf0fc1fa183e,outputs\qdiffcl_data_regime_v1\DATA_REGIME_GENERALIZATION_V1\tep\f025\outer_32001\model_seed_7\NO_AUG\result.json
tep-f025-outer32001-seed7-uniform_diffusion,TEP,0.25,32001,UNIFORM_DIFFUSION,7,,0.8993792343510547,0.9521826022801335,0.01233721727210418,0.7125,113.37837837837837,2ddf202e7ee3edf053fa7be61e8aa7ad9ad386d9af2951936f425927210bb15d,7d1ded91cfc413c388c8259e84804d5e119166bfd490da27184d5984fe527a32,4fb97c3b0e5eeb35ea730d464df15f5003b268bf87bcedb683dad7697422f11e,cd1b342db3e45d36472c466d97701d05858c102665462aea799aaf0fc1fa183e,outputs\qdiffcl_data_regime_v1\DATA_REGIME_GENERALIZATION_V1\tep\f025\outer_32001\model_seed_7\UNIFORM_DIFFUSION\result.json
tep-f025-outer32002-seed2026-calibrated_rho,TEP,0.25,32002,CALIBRATED_RHO,2026,1.0,0.8783406366312778,0.9434353271815337,0.030692362598144184,0.71875,109.35897435897436,4ffa747245fac2e31adec76e3ad6a28ac3f8cbb274f4b550e28ac2ec055c642e,b38dba71fc2110ec8219382e858136dc72d1d5fc4673bd4d5b704dc1542e0f25,e4ff282ab0ad3693755fe003498c417f7810b0e0e8398f40a2787000f0241dda,0916124c665e9cc2268346f1d75aa15903c37d062003968298b8b705cd53d28a,outputs\qdiffcl_data_regime_v1\DATA_REGIME_GENERALIZATION_V1\tep\f025\outer_32002\model_seed_2026\CALIBRATED_RHO\result.json
tep-f025-outer32002-seed2026-final_qdiffcl_fixed,TEP,0.25,32002,FINAL_QDIFFCL_FIXED,2026,,0.8783406366312778,0.9434353271815337,0.030692362598144184,0.71875,109.35897435897436,4ffa747245fac2e31adec76e3ad6a28ac3f8cbb274f4b550e28ac2ec055c642e,b38dba71fc2110ec8219382e858136dc72d1d5fc4673bd4d5b704dc1542e0f25,e4ff282ab0ad3693755fe003498c417f7810b0e0e8398f40a2787000f0241dda,0916124c665e9cc2268346f1d75aa15903c37d062003968298b8b705cd53d28a,outputs\qdiffcl_data_regime_v1\DATA_REGIME_GENERALIZATION_V1\tep\f025\outer_32002\model_seed_2026\FINAL_QDIFFCL_FIXED\result.json
tep-f025-outer32002-seed2026-jitter_scaling,TEP,0.25,32002,JITTER_SCALING,2026,,0.8804078110408166,0.9445073860206665,0.030692362598144184,0.73125,109.35897435897436,24838a92b71d8846d2e127d9f403d2a7c57658119a7c28f684fe6694f99120d3,86829de097db0bc7746794e7c3a2c15e33da3a93678594358ad5f1e611abe0c7,e4ff282ab0ad3693755fe003498c417f7810b0e0e8398f40a2787000f0241dda,0916124c665e9cc2268346f1d75aa15903c37d062003968298b8b705cd53d28a,outputs\qdiffcl_data_regime_v1\DATA_REGIME_GENERALIZATION_V1\tep\f025\outer_32002\model_seed_2026\JITTER_SCALING\result.json
tep-f025-outer32002-seed2026-no_aug,TEP,0.25,32002,NO_AUG,2026,,0.8828554563610395,0.9441300778461179,0.03997144896502498,0.74375,107.3,89de2679df4346b3dda2f39ef0cf2f56d2b9e717cc9f3e896241e8de2a65f9f5,53b9f4e4a790cff993ffe687ecda75857cccb7e962e54520ba78152f8ae318b9,e4ff282ab0ad3693755fe003498c417f7810b0e0e8398f40a2787000f0241dda,0916124c665e9cc2268346f1d75aa15903c37d062003968298b8b705cd53d28a,outputs\qdiffcl_data_regime_v1\DATA_REGIME_GENERALIZATION_V1\tep\f025\outer_32002\model_seed_2026\NO_AUG\result.json
tep-f025-outer32002-seed2026-uniform_diffusion,TEP,0.25,32002,UNIFORM_DIFFUSION,2026,,0.8779267602967742,0.9434540617200475,0.030692362598144184,0.71875,109.35897435897436,28eba8a84bf57dc97c1a860c745dc760ab8bd3d5b28109009fa6543b293cf5ed,bc493e2af49c824034dbe32665d405923e5dc2f1eac7964a67a36eed118d90b5,e4ff282ab0ad3693755fe003498c417f7810b0e0e8398f40a2787000f0241dda,0916124c665e9cc2268346f1d75aa15903c37d062003968298b8b705cd53d28a,outputs\qdiffcl_data_regime_v1\DATA_REGIME_GENERALIZATION_V1\tep\f025\outer_32002\model_seed_2026\UNIFORM_DIFFUSION\result.json
tep-f025-outer32002-seed42-calibrated_rho,TEP,0.25,32002,CALIBRATED_RHO,42,1.0,0.8976388237350184,0.9561130305037829,0.019271948608137045,0.74375,97.21052631578948,3ab5a575f1e7bbf016c4c8944e69e9de3949d7a7899390bca8f3f8b4d2a0715f,4e801ea1ac39a9c485ba4d920aac6f8427739366e348b5cd798e152a0993126a,e4ff282ab0ad3693755fe003498c417f7810b0e0e8398f40a2787000f0241dda,0916124c665e9cc2268346f1d75aa15903c37d062003968298b8b705cd53d28a,outputs\qdiffcl_data_regime_v1\DATA_REGIME_GENERALIZATION_V1\tep\f025\outer_32002\model_seed_42\CALIBRATED_RHO\result.json
tep-f025-outer32002-seed42-final_qdiffcl_fixed,TEP,0.25,32002,FINAL_QDIFFCL_FIXED,42,,0.8976388237350184,0.9561130305037829,0.019271948608137045,0.74375,97.21052631578948,3ab5a575f1e7bbf016c4c8944e69e9de3949d7a7899390bca8f3f8b4d2a0715f,4e801ea1ac39a9c485ba4d920aac6f8427739366e348b5cd798e152a0993126a,e4ff282ab0ad3693755fe003498c417f7810b0e0e8398f40a2787000f0241dda,0916124c665e9cc2268346f1d75aa15903c37d062003968298b8b705cd53d28a,outputs\qdiffcl_data_regime_v1\DATA_REGIME_GENERALIZATION_V1\tep\f025\outer_32002\model_seed_42\FINAL_QDIFFCL_FIXED\result.json
tep-f025-outer32002-seed42-jitter_scaling,TEP,0.25,32002,JITTER_SCALING,42,,0.8750308675933057,0.9402735954145692,0.04925053533190578,0.71875,110.9,b0847d292336a86ca9b45d447cd1abef43db86e6f7bd8a92f91e3a594d4f057b,8c5355629f3bfb36d535306affc452abf4a37af8d4b58fa0c1f3abc8c0ed49f6,e4ff282ab0ad3693755fe003498c417f7810b0e0e8398f40a2787000f0241dda,0916124c665e9cc2268346f1d75aa15903c37d062003968298b8b705cd53d28a,outputs\qdiffcl_data_regime_v1\DATA_REGIME_GENERALIZATION_V1\tep\f025\outer_32002\model_seed_42\JITTER_SCALING\result.json
tep-f025-outer32002-seed42-no_aug,TEP,0.25,32002,NO_AUG,42,,0.8943723955231637,0.9562995163895927,0.055674518201284794,0.79375,100.9,8d0697166b7c5191bc048241f17fb011b3b2d62292331584cafb4b0a52264324,16356544e8b17df3a633e7df91938a892550fb36d777a0f9f5f7f869c3bbd51d,e4ff282ab0ad3693755fe003498c417f7810b0e0e8398f40a2787000f0241dda,0916124c665e9cc2268346f1d75aa15903c37d062003968298b8b705cd53d28a,outputs\qdiffcl_data_regime_v1\DATA_REGIME_GENERALIZATION_V1\tep\f025\outer_32002\model_seed_42\NO_AUG\result.json
tep-f025-outer32002-seed42-uniform_diffusion,TEP,0.25,32002,UNIFORM_DIFFUSION,42,,0.8928229299258705,0.9561001853595738,0.057815845824411134,0.79375,100.1,c07bb3a1930a28f8eab71b794142fa43de23ce84bf55bd0ece155dcbf1e7625f,02535084273b83a42e286319829349ee05d1a6efcbb834851563cfd7e0a35645,e4ff282ab0ad3693755fe003498c417f7810b0e0e8398f40a2787000f0241dda,0916124c665e9cc2268346f1d75aa15903c37d062003968298b8b705cd53d28a,outputs\qdiffcl_data_regime_v1\DATA_REGIME_GENERALIZATION_V1\tep\f025\outer_32002\model_seed_42\UNIFORM_DIFFUSION\result.json
tep-f025-outer32002-seed43-calibrated_rho,TEP,0.25,32002,CALIBRATED_RHO,43,1.0,0.8868100729351469,0.9490398154083798,0.01641684511063526,0.76875,104.02564102564102,77dbcac0f114e33b872e38f15c88bee38f1625262b30651ff95b23346d00c473,9032630b80d562ddd203dd5b40d009f9fc78c8f6993453de812a02896c46d0aa,e4ff282ab0ad3693755fe003498c417f7810b0e0e8398f40a2787000f0241dda,0916124c665e9cc2268346f1d75aa15903c37d062003968298b8b705cd53d28a,outputs\qdiffcl_data_regime_v1\DATA_REGIME_GENERALIZATION_V1\tep\f025\outer_32002\model_seed_43\CALIBRATED_RHO\result.json
tep-f025-outer32002-seed43-final_qdiffcl_fixed,TEP,0.25,32002,FINAL_QDIFFCL_FIXED,43,,0.8868100729351469,0.9490398154083798,0.01641684511063526,0.76875,104.02564102564102,77dbcac0f114e33b872e38f15c88bee38f1625262b30651ff95b23346d00c473,9032630b80d562ddd203dd5b40d009f9fc78c8f6993453de812a02896c46d0aa,e4ff282ab0ad3693755fe003498c417f7810b0e0e8398f40a2787000f0241dda,0916124c665e9cc2268346f1d75aa15903c37d062003968298b8b705cd53d28a,outputs\qdiffcl_data_regime_v1\DATA_REGIME_GENERALIZATION_V1\tep\f025\outer_32002\model_seed_43\FINAL_QDIFFCL_FIXED\result.json
tep-f025-outer32002-seed43-jitter_scaling,TEP,0.25,32002,JITTER_SCALING,43,,0.8872243119896808,0.9490581818152615,0.01641684511063526,0.75625,108.12820512820512,ab04f9551c156922fac3b8ef9a91ddc8b5d02012c669985ef187bd04e6537283,2abc30977fae6196b09eae6743fbc7479396b776ac061a0eeda11107e3351806,e4ff282ab0ad3693755fe003498c417f7810b0e0e8398f40a2787000f0241dda,0916124c665e9cc2268346f1d75aa15903c37d062003968298b8b705cd53d28a,outputs\qdiffcl_data_regime_v1\DATA_REGIME_GENERALIZATION_V1\tep\f025\outer_32002\model_seed_43\JITTER_SCALING\result.json
tep-f025-outer32002-seed43-no_aug,TEP,0.25,32002,NO_AUG,43,,0.886169679409693,0.9486456513933423,0.02069950035688794,0.76875,104.02564102564102,b470d00dbd777912107cf9f36814e8c08a270ce74306457a81fcc819e11e76d1,434ec3d007ff3e22e5436e1fcd22eb57328173514c094a3c8d5dec7cc48439e5,e4ff282ab0ad3693755fe003498c417f7810b0e0e8398f40a2787000f0241dda,0916124c665e9cc2268346f1d75aa15903c37d062003968298b8b705cd53d28a,outputs\qdiffcl_data_regime_v1\DATA_REGIME_GENERALIZATION_V1\tep\f025\outer_32002\model_seed_43\NO_AUG\result.json
tep-f025-outer32002-seed43-uniform_diffusion,TEP,0.25,32002,UNIFORM_DIFFUSION,43,,0.887469945159567,0.949200935944038,0.02212705210563883,0.76875,103.61538461538461,8c59ec2e3095812abd48957e9f0553c54a9f428e2c82a827f22e4cc3a763713a,75c53901bdf6a84f79e65d8e0c9e3387653c210903348a6ecf6436d66a2f5eda,e4ff282ab0ad3693755fe003498c417f7810b0e0e8398f40a2787000f0241dda,0916124c665e9cc2268346f1d75aa15903c37d062003968298b8b705cd53d28a,outputs\qdiffcl_data_regime_v1\DATA_REGIME_GENERALIZATION_V1\tep\f025\outer_32002\model_seed_43\UNIFORM_DIFFUSION\result.json
tep-f025-outer32002-seed44-calibrated_rho,TEP,0.25,32002,CALIBRATED_RHO,44,1.0,0.8811971357570089,0.9508661859879416,0.02069950035688794,0.75625,105.16216216216216,f2951362221d8f50cf3f683eed095dbec940a1c8393807ade7a20b13bd8472f2,eccc5a3dedc56852d5e6e238bb72e492d0cb09c2db19eddbc4320f1ccb435546,e4ff282ab0ad3693755fe003498c417f7810b0e0e8398f40a2787000f0241dda,0916124c665e9cc2268346f1d75aa15903c37d062003968298b8b705cd53d28a,outputs\qdiffcl_data_regime_v1\DATA_REGIME_GENERALIZATION_V1\tep\f025\outer_32002\model_seed_44\CALIBRATED_RHO\result.json
tep-f025-outer32002-seed44-final_qdiffcl_fixed,TEP,0.25,32002,FINAL_QDIFFCL_FIXED,44,,0.8811971357570089,0.9508661859879416,0.02069950035688794,0.75625,105.16216216216216,f2951362221d8f50cf3f683eed095dbec940a1c8393807ade7a20b13bd8472f2,eccc5a3dedc56852d5e6e238bb72e492d0cb09c2db19eddbc4320f1ccb435546,e4ff282ab0ad3693755fe003498c417f7810b0e0e8398f40a2787000f0241dda,0916124c665e9cc2268346f1d75aa15903c37d062003968298b8b705cd53d28a,outputs\qdiffcl_data_regime_v1\DATA_REGIME_GENERALIZATION_V1\tep\f025\outer_32002\model_seed_44\FINAL_QDIFFCL_FIXED\result.json
tep-f025-outer32002-seed44-jitter_scaling,TEP,0.25,32002,JITTER_SCALING,44,,0.8826927061748859,0.950921959086806,0.017130620985010708,0.75,105.16216216216216,09f288b3f297bd745815ee9bc7469fa53e7f5fed05378b0985ce431ceb6df04e,cad7b7fdd5d09c9790acda81b70b80930e3bb7ed1159584a521c56004723f808,e4ff282ab0ad3693755fe003498c417f7810b0e0e8398f40a2787000f0241dda,0916124c665e9cc2268346f1d75aa15903c37d062003968298b8b705cd53d28a,outputs\qdiffcl_data_regime_v1\DATA_REGIME_GENERALIZATION_V1\tep\f025\outer_32002\model_seed_44\JITTER_SCALING\result.json
tep-f025-outer32002-seed44-no_aug,TEP,0.25,32002,NO_AUG,44,,0.8818946973733546,0.9506446661660084,0.017844396859386154,0.75625,105.16216216216216,0e7e81b161f4efa3a0d682c45b93a0e18b2e9e16b686de9451e8cb87664c1309,61f7625192f00eb9a8e58ad5f6f0f194b9798aae87b45308e0eb3d31ccd14f5b,e4ff282ab0ad3693755fe003498c417f7810b0e0e8398f40a2787000f0241dda,0916124c665e9cc2268346f1d75aa15903c37d062003968298b8b705cd53d28a,outputs\qdiffcl_data_regime_v1\DATA_REGIME_GENERALIZATION_V1\tep\f025\outer_32002\model_seed_44\NO_AUG\result.json
tep-f025-outer32002-seed44-uniform_diffusion,TEP,0.25,32002,UNIFORM_DIFFUSION,44,,0.8816123440227892,0.9506867213911232,0.02069950035688794,0.75625,105.16216216216216,2c58651457172c43469bf49a4691e4a87646da429181564a85033b4407026e1c,bc8f6031ead866ec50712d1ecedaa5ef444984e689f78e6246aba617b0710939,e4ff282ab0ad3693755fe003498c417f7810b0e0e8398f40a2787000f0241dda,0916124c665e9cc2268346f1d75aa15903c37d062003968298b8b705cd53d28a,outputs\qdiffcl_data_regime_v1\DATA_REGIME_GENERALIZATION_V1\tep\f025\outer_32002\model_seed_44\UNIFORM_DIFFUSION\result.json
tep-f025-outer32002-seed7-calibrated_rho,TEP,0.25,32002,CALIBRATED_RHO,7,1.0,0.898192403768612,0.953913747136624,0.012134189864382585,0.76875,96.36842105263158,d3b51b07581744b8e16c4532cb3c733090d75890ba99357235bc6cd77d86b8f6,0ce9912f1360da1ec4388709c26bf9b77446b6595ee1f924cc46c9b5fba9b927,e4ff282ab0ad3693755fe003498c417f7810b0e0e8398f40a2787000f0241dda,0916124c665e9cc2268346f1d75aa15903c37d062003968298b8b705cd53d28a,outputs\qdiffcl_data_regime_v1\DATA_REGIME_GENERALIZATION_V1\tep\f025\outer_32002\model_seed_7\CALIBRATED_RHO\result.json
tep-f025-outer32002-seed7-final_qdiffcl_fixed,TEP,0.25,32002,FINAL_QDIFFCL_FIXED,7,,0.898192403768612,0.953913747136624,0.012134189864382585,0.76875,96.36842105263158,d3b51b07581744b8e16c4532cb3c733090d75890ba99357235bc6cd77d86b8f6,0ce9912f1360da1ec4388709c26bf9b77446b6595ee1f924cc46c9b5fba9b927,e4ff282ab0ad3693755fe003498c417f7810b0e0e8398f40a2787000f0241dda,0916124c665e9cc2268346f1d75aa15903c37d062003968298b8b705cd53d28a,outputs\qdiffcl_data_regime_v1\DATA_REGIME_GENERALIZATION_V1\tep\f025\outer_32002\model_seed_7\FINAL_QDIFFCL_FIXED\result.json
tep-f025-outer32002-seed7-jitter_scaling,TEP,0.25,32002,JITTER_SCALING,7,,0.9005785193052851,0.9549261732941688,0.009992862241256246,0.76875,96.36842105263158,f58bffd1e2b4de4de6c488d914098928c716c35ee81cf8a383e172624597356a,d3bfbc7b9962679ea1c74a861c47bf4a21cab31bffcc1db2de215b564fe3dd18,e4ff282ab0ad3693755fe003498c417f7810b0e0e8398f40a2787000f0241dda,0916124c665e9cc2268346f1d75aa15903c37d062003968298b8b705cd53d28a,outputs\qdiffcl_data_regime_v1\DATA_REGIME_GENERALIZATION_V1\tep\f025\outer_32002\model_seed_7\JITTER_SCALING\result.json
tep-f025-outer32002-seed7-no_aug,TEP,0.25,32002,NO_AUG,7,,0.8994789906755036,0.9539746741461816,0.013561741613133477,0.76875,96.36842105263158,e9e898ea124799f20cdac7355edb20a13892395788fc3eb7f004e5ec30e62676,cfa11c0a4a88a35517755ef6963068b5e416ca69d192b24144d9469c65104559,e4ff282ab0ad3693755fe003498c417f7810b0e0e8398f40a2787000f0241dda,0916124c665e9cc2268346f1d75aa15903c37d062003968298b8b705cd53d28a,outputs\qdiffcl_data_regime_v1\DATA_REGIME_GENERALIZATION_V1\tep\f025\outer_32002\model_seed_7\NO_AUG\result.json
tep-f025-outer32002-seed7-uniform_diffusion,TEP,0.25,32002,UNIFORM_DIFFUSION,7,,0.89824669181339,0.9536572547756518,0.013561741613133477,0.76875,96.36842105263158,aaec47c90692ef5da85a93dc405442df47fc77622631e701b6a83d66dd7b2f64,93b06365098f80354f1fbf0e5ff0c2e08e340dcc0ef5086de2b6ceb87ac077a7,e4ff282ab0ad3693755fe003498c417f7810b0e0e8398f40a2787000f0241dda,0916124c665e9cc2268346f1d75aa15903c37d062003968298b8b705cd53d28a,outputs\qdiffcl_data_regime_v1\DATA_REGIME_GENERALIZATION_V1\tep\f025\outer_32002\model_seed_7\UNIFORM_DIFFUSION\result.json
tep-f025-outer32003-seed2026-calibrated_rho,TEP,0.25,32003,CALIBRATED_RHO,2026,0.25,0.8800065776788553,0.9437184892837532,0.02592087312414734,0.7375,110.89189189189189,b21696ff6f18386626766023eb810f1d2849ee408d877a55c47f186662960af7,fe01be53f8a9e4c99d02d0fd8e308bd7d9f0cfa4d90685194666c8103b7e21af,c6e2247434e5b99b4e5e770306d83904f0a0412f4f135bdf32710fe920844e3a,1b1c7838a18f044db67123340462901122a0140832fb7e03592472abe67dd6de,outputs\qdiffcl_data_regime_v1\DATA_REGIME_GENERALIZATION_V1\tep\f025\outer_32003\model_seed_2026\CALIBRATED_RHO\result.json
tep-f025-outer32003-seed2026-final_qdiffcl_fixed,TEP,0.25,32003,FINAL_QDIFFCL_FIXED,2026,,0.8823957644327394,0.9442193620791117,0.0252387448840382,0.7375,110.89189189189189,96f1054200f79627da900ee9c5e406de6eb976763dfd29c651b75d1a99897936,1902577f843ae96aa6e5de216297b0b379ee3af54bca312cb898417a2a99daf4,c6e2247434e5b99b4e5e770306d83904f0a0412f4f135bdf32710fe920844e3a,1b1c7838a18f044db67123340462901122a0140832fb7e03592472abe67dd6de,outputs\qdiffcl_data_regime_v1\DATA_REGIME_GENERALIZATION_V1\tep\f025\outer_32003\model_seed_2026\FINAL_QDIFFCL_FIXED\result.json
tep-f025-outer32003-seed2026-jitter_scaling,TEP,0.25,32003,JITTER_SCALING,2026,,0.8793349223613265,0.9441796032255922,0.0286493860845839,0.7375,110.89189189189189,e4fe27b159c0ed56f2b90a73ea5c9524d4fe19cdfadd1735f6dd9682a7c4004d,cebaa7b43b1b435b3a8bf30cab52234ca09f1c7e6816abd3b32a786ee244fd63,c6e2247434e5b99b4e5e770306d83904f0a0412f4f135bdf32710fe920844e3a,1b1c7838a18f044db67123340462901122a0140832fb7e03592472abe67dd6de,outputs\qdiffcl_data_regime_v1\DATA_REGIME_GENERALIZATION_V1\tep\f025\outer_32003\model_seed_2026\JITTER_SCALING\result.json
tep-f025-outer32003-seed2026-no_aug,TEP,0.25,32003,NO_AUG,2026,,0.8820917257759773,0.9443044659096055,0.027285129604365622,0.7375,110.89189189189189,9b6b90d7ab6aabbe034d75de48103365c9227136ecc7877139bcc7f8a0384f9e,72c8eb8cc4357d5b83eb3c491c5aad5de0734d3cf0d5a8317b1d4389d40b55ee,c6e2247434e5b99b4e5e770306d83904f0a0412f4f135bdf32710fe920844e3a,1b1c7838a18f044db67123340462901122a0140832fb7e03592472abe67dd6de,outputs\qdiffcl_data_regime_v1\DATA_REGIME_GENERALIZATION_V1\tep\f025\outer_32003\model_seed_2026\NO_AUG\result.json
tep-f025-outer32003-seed2026-uniform_diffusion,TEP,0.25,32003,UNIFORM_DIFFUSION,2026,,0.8833990652894257,0.9445687382689664,0.03819918144611187,0.75625,103.54054054054055,6ac10af0c5ad2dd46656eb613d65f1a2d798c64d8b8bae11ae93ce293e116518,37069679303e34f2c2ae6ab8436dd94116ab4cd01c85defc528b3023376a9ace,c6e2247434e5b99b4e5e770306d83904f0a0412f4f135bdf32710fe920844e3a,1b1c7838a18f044db67123340462901122a0140832fb7e03592472abe67dd6de,outputs\qdiffcl_data_regime_v1\DATA_REGIME_GENERALIZATION_V1\tep\f025\outer_32003\model_seed_2026\UNIFORM_DIFFUSION\result.json
tep-f025-outer32003-seed42-calibrated_rho,TEP,0.25,32003,CALIBRATED_RHO,42,0.25,0.8786676860021204,0.9467869144600045,0.05798090040927694,0.775,100.02564102564102,caa3ee532024a30ab63c0a82e040800f3d15c1a9f5536aee71be32ccac46e3f3,92fcd6b843ab8ce02a2cc1a0db7d15f5d91cf13d2158a36e88c7433ed6279fbd,c6e2247434e5b99b4e5e770306d83904f0a0412f4f135bdf32710fe920844e3a,1b1c7838a18f044db67123340462901122a0140832fb7e03592472abe67dd6de,outputs\qdiffcl_data_regime_v1\DATA_REGIME_GENERALIZATION_V1\tep\f025\outer_32003\model_seed_42\CALIBRATED_RHO\result.json
tep-f025-outer32003-seed42-final_qdiffcl_fixed,TEP,0.25,32003,FINAL_QDIFFCL_FIXED,42,,0.8799398294978451,0.9465691744195324,0.06002728512960437,0.7875,101.8,284bc90173010f0f6c17d2aaaa4f0e604b7befa4ca29e4bd9fa6254e16bb3e17,ca7ab01724fc86a31b7003bb895dee9ffac7f346b58d8b8fd28c46fc6cae7d82,c6e2247434e5b99b4e5e770306d83904f0a0412f4f135bdf32710fe920844e3a,1b1c7838a18f044db67123340462901122a0140832fb7e03592472abe67dd6de,outputs\qdiffcl_data_regime_v1\DATA_REGIME_GENERALIZATION_V1\tep\f025\outer_32003\model_seed_42\FINAL_QDIFFCL_FIXED\result.json
tep-f025-outer32003-seed42-jitter_scaling,TEP,0.25,32003,JITTER_SCALING,42,,0.8769647383779526,0.9468823248661145,0.07503410641200546,0.79375,99.4,5bd03a7fb3db988d8650ebbbc31325e5b602cc253dfd424bd406fa3e059a1f21,5563167f3f620580ec0a00cf93860ac3d5d267aa1b324ce533971ac28c15f9fa,c6e2247434e5b99b4e5e770306d83904f0a0412f4f135bdf32710fe920844e3a,1b1c7838a18f044db67123340462901122a0140832fb7e03592472abe67dd6de,outputs\qdiffcl_data_regime_v1\DATA_REGIME_GENERALIZATION_V1\tep\f025\outer_32003\model_seed_42\JITTER_SCALING\result.json
tep-f025-outer32003-seed42-no_aug,TEP,0.25,32003,NO_AUG,42,,0.8793366101084992,0.9461868408321478,0.06480218281036836,0.79375,101.4,7438c440cbac6efd961839759afe6480371718353dc98db1e59bbc260c983967,c249e255b5231cc87b66ce90d5e2bf21ffcab8f53cafa88b450c5fd2ffe9202e,c6e2247434e5b99b4e5e770306d83904f0a0412f4f135bdf32710fe920844e3a,1b1c7838a18f044db67123340462901122a0140832fb7e03592472abe67dd6de,outputs\qdiffcl_data_regime_v1\DATA_REGIME_GENERALIZATION_V1\tep\f025\outer_32003\model_seed_42\NO_AUG\result.json
tep-f025-outer32003-seed42-uniform_diffusion,TEP,0.25,32003,UNIFORM_DIFFUSION,42,,0.8815226569659715,0.9469033004142183,0.06002728512960437,0.79375,99.4,e02a78d267e021bd79d09ba3d41b5be671281d0af38dbbb80ed072f0d3454118,a26775f031db26a05476c4a5f14d901ad539fd5ff464b4dc0c19f8bd2dc8342b,c6e2247434e5b99b4e5e770306d83904f0a0412f4f135bdf32710fe920844e3a,1b1c7838a18f044db67123340462901122a0140832fb7e03592472abe67dd6de,outputs\qdiffcl_data_regime_v1\DATA_REGIME_GENERALIZATION_V1\tep\f025\outer_32003\model_seed_42\UNIFORM_DIFFUSION\result.json
tep-f025-outer32003-seed43-calibrated_rho,TEP,0.25,32003,CALIBRATED_RHO,43,0.25,0.8976607805730961,0.95518401286365,0.036834924965893585,0.79375,91.0,97056ed8a37ba6c4c4a32f2310ea186f90d5b3bd50d5b54ea695c6ed18bd87c0,6bab7d069cfa040617f78b326583003d1c21a2c31fc86387353a3459b20abd58,c6e2247434e5b99b4e5e770306d83904f0a0412f4f135bdf32710fe920844e3a,1b1c7838a18f044db67123340462901122a0140832fb7e03592472abe67dd6de,outputs\qdiffcl_data_regime_v1\DATA_REGIME_GENERALIZATION_V1\tep\f025\outer_32003\model_seed_43\CALIBRATED_RHO\result.json
tep-f025-outer32003-seed43-final_qdiffcl_fixed,TEP,0.25,32003,FINAL_QDIFFCL_FIXED,43,,0.8981998150867461,0.9553502915777776,0.040927694406548434,0.79375,85.8108108108108,3b9923f9441eacc64e4424971719b8b8f63b21fabba055c8a4a59029fb4ec27f,cda48c21a1f15a9e55176e2fa2a9ba198f47d0f77b0de352f38ab5d6ac2ddacf,c6e2247434e5b99b4e5e770306d83904f0a0412f4f135bdf32710fe920844e3a,1b1c7838a18f044db67123340462901122a0140832fb7e03592472abe67dd6de,outputs\qdiffcl_data_regime_v1\DATA_REGIME_GENERALIZATION_V1\tep\f025\outer_32003\model_seed_43\FINAL_QDIFFCL_FIXED\result.json
tep-f025-outer32003-seed43-jitter_scaling,TEP,0.25,32003,JITTER_SCALING,43,,0.8978617722880096,0.9559634829503827,0.021145975443383355,0.775,106.56756756756756,4305004944292201164a3cc0af3346b3a5c0cfa4652bc231653046af6f773e44,5babe7690483234dd94770c8e43a7f07189f5f5e0b14d139f3a96cba283ff74e,c6e2247434e5b99b4e5e770306d83904f0a0412f4f135bdf32710fe920844e3a,1b1c7838a18f044db67123340462901122a0140832fb7e03592472abe67dd6de,outputs\qdiffcl_data_regime_v1\DATA_REGIME_GENERALIZATION_V1\tep\f025\outer_32003\model_seed_43\JITTER_SCALING\result.json
tep-f025-outer32003-seed43-no_aug,TEP,0.25,32003,NO_AUG,43,,0.8967439370047091,0.9551685056925632,0.03342428376534789,0.78125,91.43243243243244,05104219d07f03b9d7ee16303c0ccf503069fcda410de0d5f74d5606bb02322b,b109e706454bfe052c3bc0778f4907e21adc8297df4a9e9f612f4e4aa8d89ee9,c6e2247434e5b99b4e5e770306d83904f0a0412f4f135bdf32710fe920844e3a,1b1c7838a18f044db67123340462901122a0140832fb7e03592472abe67dd6de,outputs\qdiffcl_data_regime_v1\DATA_REGIME_GENERALIZATION_V1\tep\f025\outer_32003\model_seed_43\NO_AUG\result.json
tep-f025-outer32003-seed43-uniform_diffusion,TEP,0.25,32003,UNIFORM_DIFFUSION,43,,0.8981046143760962,0.9546607203990933,0.03819918144611187,0.79375,90.56756756756756,4c19acde08e2e8023032c4abfc3ef1a6d122b24a19fb053f6ad7e4b1efac4165,8831c58ec1a623efb94305e8928b1eda73bddad61aaf7c46db577459fa2acc5d,c6e2247434e5b99b4e5e770306d83904f0a0412f4f135bdf32710fe920844e3a,1b1c7838a18f044db67123340462901122a0140832fb7e03592472abe67dd6de,outputs\qdiffcl_data_regime_v1\DATA_REGIME_GENERALIZATION_V1\tep\f025\outer_32003\model_seed_43\UNIFORM_DIFFUSION\result.json
tep-f025-outer32003-seed44-calibrated_rho,TEP,0.25,32003,CALIBRATED_RHO,44,0.25,0.900493284408751,0.9591239491386315,0.017053206002728513,0.78125,86.67567567567568,b1753990c3669e6e26124511a0a12e05b82c79915cececad5626b401842be800,271ea2798143dec2aee12ffc71c70ad62b81140c1d82e4b50b889f00167c594c,c6e2247434e5b99b4e5e770306d83904f0a0412f4f135bdf32710fe920844e3a,1b1c7838a18f044db67123340462901122a0140832fb7e03592472abe67dd6de,outputs\qdiffcl_data_regime_v1\DATA_REGIME_GENERALIZATION_V1\tep\f025\outer_32003\model_seed_44\CALIBRATED_RHO\result.json
tep-f025-outer32003-seed44-final_qdiffcl_fixed,TEP,0.25,32003,FINAL_QDIFFCL_FIXED,44,,0.901049478716332,0.958425551476039,0.021145975443383355,0.79375,85.8108108108108,4050e1867ce67c97d10b8da4cac0a7cee4d32c3e20c4958fb0d6459e400f1ece,f7b1a5db7f5bef082f4ea76ba431dff7a181cf492d7d182387ab6daea1f7b911,c6e2247434e5b99b4e5e770306d83904f0a0412f4f135bdf32710fe920844e3a,1b1c7838a18f044db67123340462901122a0140832fb7e03592472abe67dd6de,outputs\qdiffcl_data_regime_v1\DATA_REGIME_GENERALIZATION_V1\tep\f025\outer_32003\model_seed_44\FINAL_QDIFFCL_FIXED\result.json
tep-f025-outer32003-seed44-jitter_scaling,TEP,0.25,32003,JITTER_SCALING,44,,0.8968393264685548,0.9582489290015784,0.015688949522510234,0.75,88.83783783783784,6687e615ca3d8084d2e5a60b3d75fd146ca98ebda8681cbcdb9d925da2599c67,ffedf206300a16c02a34d2943a82d6e3ceff2470ffee5135eb4b5db8979488a9,c6e2247434e5b99b4e5e770306d83904f0a0412f4f135bdf32710fe920844e3a,1b1c7838a18f044db67123340462901122a0140832fb7e03592472abe67dd6de,outputs\qdiffcl_data_regime_v1\DATA_REGIME_GENERALIZATION_V1\tep\f025\outer_32003\model_seed_44\JITTER_SCALING\result.json
tep-f025-outer32003-seed44-no_aug,TEP,0.25,32003,NO_AUG,44,,0.8989776466550732,0.9588283353038749,0.019099590723055934,0.78125,86.24324324324324,a288cf6f22aee4975b94af64a0f4c5cef96da7c3a26b874685f8a17100b038e4,d58d31bd96f920fe49fd26db40cdf16095395e4a3b94a073d5ff42cea28de40c,c6e2247434e5b99b4e5e770306d83904f0a0412f4f135bdf32710fe920844e3a,1b1c7838a18f044db67123340462901122a0140832fb7e03592472abe67dd6de,outputs\qdiffcl_data_regime_v1\DATA_REGIME_GENERALIZATION_V1\tep\f025\outer_32003\model_seed_44\NO_AUG\result.json
tep-f025-outer32003-seed44-uniform_diffusion,TEP,0.25,32003,UNIFORM_DIFFUSION,44,,0.9014473424309801,0.9583747898723936,0.021145975443383355,0.79375,85.8108108108108,e3eefdcc52d0058e192dc9ea8f323ffeba52def6e3534f9cb3b263d93ee4a66d,799172723fc500a55fd7edae9041a7b0368bb1d3864376ad29409bca04c3eec0,c6e2247434e5b99b4e5e770306d83904f0a0412f4f135bdf32710fe920844e3a,1b1c7838a18f044db67123340462901122a0140832fb7e03592472abe67dd6de,outputs\qdiffcl_data_regime_v1\DATA_REGIME_GENERALIZATION_V1\tep\f025\outer_32003\model_seed_44\UNIFORM_DIFFUSION\result.json
tep-f025-outer32003-seed7-calibrated_rho,TEP,0.25,32003,CALIBRATED_RHO,7,0.25,0.903141284423635,0.9582224227899051,0.03547066848567531,0.84375,80.62162162162163,e04dc7e7c0a960d496f4477e0fdeed62dc35be4be52c308032d6f84b7258d2fb,cad411f30edcb204a99d404ad224cbe821b0e5944765794f889ecda6adcb4378,c6e2247434e5b99b4e5e770306d83904f0a0412f4f135bdf32710fe920844e3a,1b1c7838a18f044db67123340462901122a0140832fb7e03592472abe67dd6de,outputs\qdiffcl_data_regime_v1\DATA_REGIME_GENERALIZATION_V1\tep\f025\outer_32003\model_seed_7\CALIBRATED_RHO\result.json
tep-f025-outer32003-seed7-final_qdiffcl_fixed,TEP,0.25,32003,FINAL_QDIFFCL_FIXED,7,,0.902465643695712,0.959649841084381,0.038881309686221006,0.85,83.64864864864865,5b20b5c1657a750207bd2f85c94e9afc33f9eee84486e0ed895292700bee17bf,a8fb36b7fae1f2eb0e4dbd5cf8f23808cdf0fef93faaa592e8d0e0ef361f660c,c6e2247434e5b99b4e5e770306d83904f0a0412f4f135bdf32710fe920844e3a,1b1c7838a18f044db67123340462901122a0140832fb7e03592472abe67dd6de,outputs\qdiffcl_data_regime_v1\DATA_REGIME_GENERALIZATION_V1\tep\f025\outer_32003\model_seed_7\FINAL_QDIFFCL_FIXED\result.json
tep-f025-outer32003-seed7-jitter_scaling,TEP,0.25,32003,JITTER_SCALING,7,,0.9008902144245161,0.9594174672530964,0.038881309686221006,0.84375,83.64864864864865,c74796c1540ffa767d2b6495d4bc3dde6214ce16a3dac1fbdf7141bbec37c8e7,0b3f01d7061069c7d706c2fa822038f2bdb788b4503b5ea04a8e905175517ce8,c6e2247434e5b99b4e5e770306d83904f0a0412f4f135bdf32710fe920844e3a,1b1c7838a18f044db67123340462901122a0140832fb7e03592472abe67dd6de,outputs\qdiffcl_data_regime_v1\DATA_REGIME_GENERALIZATION_V1\tep\f025\outer_32003\model_seed_7\JITTER_SCALING\result.json
tep-f025-outer32003-seed7-no_aug,TEP,0.25,32003,NO_AUG,7,,0.9038845080083833,0.9584982488055109,0.034106412005457026,0.84375,80.1891891891892,39113c064112de26add6fbba3d8de516b3ef6cb4674d3830bd2beb09bf509b7a,36879bd63da2ca5711da5484af97985f1da56fcbd68790c5ac1da0e5454c62d5,c6e2247434e5b99b4e5e770306d83904f0a0412f4f135bdf32710fe920844e3a,1b1c7838a18f044db67123340462901122a0140832fb7e03592472abe67dd6de,outputs\qdiffcl_data_regime_v1\DATA_REGIME_GENERALIZATION_V1\tep\f025\outer_32003\model_seed_7\NO_AUG\result.json
tep-f025-outer32003-seed7-uniform_diffusion,TEP,0.25,32003,UNIFORM_DIFFUSION,7,,0.9042562089526245,0.9594777128891394,0.03342428376534789,0.84375,84.08108108108108,ffffb4d71684d0a65bda00842c7d3689c0dc69ba04be701a48c87eed6b15ba5a,855aeaf388b36877ad15f584468591aee54b98b7f5a9e384fa739404f3850d95,c6e2247434e5b99b4e5e770306d83904f0a0412f4f135bdf32710fe920844e3a,1b1c7838a18f044db67123340462901122a0140832fb7e03592472abe67dd6de,outputs\qdiffcl_data_regime_v1\DATA_REGIME_GENERALIZATION_V1\tep\f025\outer_32003\model_seed_7\UNIFORM_DIFFUSION\result.json
tep-f100-outer32001-seed2026-calibrated_rho,TEP,1.0,32001,CALIBRATED_RHO,2026,0.5,0.9036541792384734,0.9602668434961471,0.05277587388622344,0.7625,104.84615384615384,289d1e013ee40cb59e22a27bde2fd0a94ba8a0eee36d0086fbc6ae2312f0d5b5,6b18825e0ca424559b71ff97aa6edd6f4cabf4d62336841647fae7206b63043c,07b0af087f3a4f09ea32d426ec0d40298d179c67b87ab580e7dc1c9e5242f195,a2c8efd1084fff287f4dc68251f2dc02a39a74b026dd8ba3aff1970468eeaf6d,outputs\qdiffcl_data_regime_v1\DATA_REGIME_GENERALIZATION_V1\tep\f100\outer_32001\model_seed_2026\CALIBRATED_RHO\result.json
tep-f100-outer32001-seed2026-final_qdiffcl_fixed,TEP,1.0,32001,FINAL_QDIFFCL_FIXED,2026,,0.901168684507708,0.9598990555215327,0.04934886908841672,0.75,100.57894736842105,223e40f958be92df2a4e328c73f193986b437195672ec63d14ba142fc3d94d9c,ab10563a655de03fd800ed313574cc3163fb42e8463c5eeaee822f5a3ae7c83e,07b0af087f3a4f09ea32d426ec0d40298d179c67b87ab580e7dc1c9e5242f195,a2c8efd1084fff287f4dc68251f2dc02a39a74b026dd8ba3aff1970468eeaf6d,outputs\qdiffcl_data_regime_v1\DATA_REGIME_GENERALIZATION_V1\tep\f100\outer_32001\model_seed_2026\FINAL_QDIFFCL_FIXED\result.json
tep-f100-outer32001-seed2026-jitter_scaling,TEP,1.0,32001,JITTER_SCALING,2026,,0.9070208728652751,0.9607099593374212,0.033584647018505824,0.7375,101.84210526315789,fbd59999d19e59d72e7b71d3d7f902de124ab2d24cf54aac9b86475e549b4cbb,f1cda66a4cab787f273a7522e6a4a57b765cb28cbb5c796a321f706a3f731ee3,07b0af087f3a4f09ea32d426ec0d40298d179c67b87ab580e7dc1c9e5242f195,a2c8efd1084fff287f4dc68251f2dc02a39a74b026dd8ba3aff1970468eeaf6d,outputs\qdiffcl_data_regime_v1\DATA_REGIME_GENERALIZATION_V1\tep\f100\outer_32001\model_seed_2026\JITTER_SCALING\result.json
tep-f100-outer32001-seed2026-no_aug,TEP,1.0,32001,NO_AUG,2026,,0.9027129238122751,0.960476759954722,0.047978067169294036,0.75,100.57894736842105,b27d7bca3103a4c7a2edf794d276a604d62148c175bce8e0d90716aaf56eb64f,08f19034db2725dfea2206192b7cc2476605d53125075e468d46717de8da464d,07b0af087f3a4f09ea32d426ec0d40298d179c67b87ab580e7dc1c9e5242f195,a2c8efd1084fff287f4dc68251f2dc02a39a74b026dd8ba3aff1970468eeaf6d,outputs\qdiffcl_data_regime_v1\DATA_REGIME_GENERALIZATION_V1\tep\f100\outer_32001\model_seed_2026\NO_AUG\result.json
tep-f100-outer32001-seed2026-uniform_diffusion,TEP,1.0,32001,UNIFORM_DIFFUSION,2026,,0.9023595586739215,0.9602737853736187,0.04934886908841672,0.75,100.57894736842105,1e39e9e91969cb3d168fd3c6e03c225ef66cb25194d1cef4a0ad10ca3351eb92,c4e624dd5a673a3bb7e6329b1f60a86edf7af0c80bb39949fac38cafe0cf7cf7,07b0af087f3a4f09ea32d426ec0d40298d179c67b87ab580e7dc1c9e5242f195,a2c8efd1084fff287f4dc68251f2dc02a39a74b026dd8ba3aff1970468eeaf6d,outputs\qdiffcl_data_regime_v1\DATA_REGIME_GENERALIZATION_V1\tep\f100\outer_32001\model_seed_2026\UNIFORM_DIFFUSION\result.json
tep-f100-outer32001-seed42-calibrated_rho,TEP,1.0,32001,CALIBRATED_RHO,42,0.5,0.9581100168699215,0.9897038567355383,0.013708019191226868,0.9,75.71794871794872,0bc6ffc018d0073a3efe8211125da9b36641718ae7b5de63fc31e8908d6a2ab6,4e9471ecd491b4b21fc2bd13d2ad0c4109457eeef96062b05467493f9a47e363,07b0af087f3a4f09ea32d426ec0d40298d179c67b87ab580e7dc1c9e5242f195,a2c8efd1084fff287f4dc68251f2dc02a39a74b026dd8ba3aff1970468eeaf6d,outputs\qdiffcl_data_regime_v1\DATA_REGIME_GENERALIZATION_V1\tep\f100\outer_32001\model_seed_42\CALIBRATED_RHO\result.json
tep-f100-outer32001-seed42-final_qdiffcl_fixed,TEP,1.0,32001,FINAL_QDIFFCL_FIXED,42,,0.9584819366030412,0.9894381026619724,0.01233721727210418,0.89375,75.3076923076923,7f511f33568576aa59351219cb6d4e9870074b4af9a223761691630a3e1f2d99,adef5e89094bb3394bde9b04a84d24b4aa6f67911dda43598060a1bb8533df1d,07b0af087f3a4f09ea32d426ec0d40298d179c67b87ab580e7dc1c9e5242f195,a2c8efd1084fff287f4dc68251f2dc02a39a74b026dd8ba3aff1970468eeaf6d,outputs\qdiffcl_data_regime_v1\DATA_REGIME_GENERALIZATION_V1\tep\f100\outer_32001\model_seed_42\FINAL_QDIFFCL_FIXED\result.json
tep-f100-outer32001-seed42-jitter_scaling,TEP,1.0,32001,JITTER_SCALING,42,,0.9588372686411902,0.9892904866176142,0.009595613433858808,0.8875,75.3076923076923,ff03cdb612b853d6fdedab8980e985adbfe52295d25e8be57b38673286a1e5f8,37d78f43c1e05d50f4c6acf9e1c0734ff7f5206de141963a5ff4c036e51dd6ce,07b0af087f3a4f09ea32d426ec0d40298d179c67b87ab580e7dc1c9e5242f195,a2c8efd1084fff287f4dc68251f2dc02a39a74b026dd8ba3aff1970468eeaf6d,outputs\qdiffcl_data_regime_v1\DATA_REGIME_GENERALIZATION_V1\tep\f100\outer_32001\model_seed_42\JITTER_SCALING\result.json
tep-f100-outer32001-seed42-no_aug,TEP,1.0,32001,NO_AUG,42,,0.9568554715365958,0.989059350873498,0.006854009595613434,0.8875,74.47368421052632,b2a99fdd9ac8b038d7ae7a465e1c2c16a68c1402d0cbe1a29c866c5f6954cab2,cf1308b8671a3c189f7328a9bbd30cb5ec09d1d3972e72aaaf91f2a02056f748,07b0af087f3a4f09ea32d426ec0d40298d179c67b87ab580e7dc1c9e5242f195,a2c8efd1084fff287f4dc68251f2dc02a39a74b026dd8ba3aff1970468eeaf6d,outputs\qdiffcl_data_regime_v1\DATA_REGIME_GENERALIZATION_V1\tep\f100\outer_32001\model_seed_42\NO_AUG\result.json
tep-f100-outer32001-seed42-uniform_diffusion,TEP,1.0,32001,UNIFORM_DIFFUSION,42,,0.9389184881500439,0.9813695906837295,0.03221384509938314,0.85,85.7,77e042b900f7ba8ae7da08aa5e6aece16af8af6abc381712540f869eee937a74,fdf7123f3e994918ebb305bd0664ee64e44f6da011eaf67b852dc5d28ee898d7,07b0af087f3a4f09ea32d426ec0d40298d179c67b87ab580e7dc1c9e5242f195,a2c8efd1084fff287f4dc68251f2dc02a39a74b026dd8ba3aff1970468eeaf6d,outputs\qdiffcl_data_regime_v1\DATA_REGIME_GENERALIZATION_V1\tep\f100\outer_32001\model_seed_42\UNIFORM_DIFFUSION\result.json
tep-f100-outer32001-seed43-calibrated_rho,TEP,1.0,32001,CALIBRATED_RHO,43,0.5,0.9584984335688547,0.9888961147958053,0.013708019191226868,0.86875,86.9,e9bd913922fc56d352b667bcf1264a389fcd36627aa33711d8a32c80ce1c9e92,a12cf5249f9cb728eee991365920b01b15241b48d086aa17e47724f87d78b892,07b0af087f3a4f09ea32d426ec0d40298d179c67b87ab580e7dc1c9e5242f195,a2c8efd1084fff287f4dc68251f2dc02a39a74b026dd8ba3aff1970468eeaf6d,outputs\qdiffcl_data_regime_v1\DATA_REGIME_GENERALIZATION_V1\tep\f100\outer_32001\model_seed_43\CALIBRATED_RHO\result.json
tep-f100-outer32001-seed43-final_qdiffcl_fixed,TEP,1.0,32001,FINAL_QDIFFCL_FIXED,43,,0.9451671842529246,0.9857532670444048,0.009595613433858808,0.81875,92.5,c657db049537285c812cb270f4cb7fb383f2fd710690f9c7caf6ba2f1cb093ef,3272e0ddb1234ef8dbb44424eba544be147d164a09575cf4a4df64a30c8d9c1c,07b0af087f3a4f09ea32d426ec0d40298d179c67b87ab580e7dc1c9e5242f195,a2c8efd1084fff287f4dc68251f2dc02a39a74b026dd8ba3aff1970468eeaf6d,outputs\qdiffcl_data_regime_v1\DATA_REGIME_GENERALIZATION_V1\tep\f100\outer_32001\model_seed_43\FINAL_QDIFFCL_FIXED\result.json
tep-f100-outer32001-seed43-jitter_scaling,TEP,1.0,32001,JITTER_SCALING,43,,0.9444073850355857,0.9859024886872174,0.010966415352981495,0.83125,89.3,e2ac96cab48632cc132643768ddb35ef913090f84eb2cfc47498697eac262f22,bd04a5c214425ce9b40455400c02c24f0e15e6b533b66368099bebfea0e5b6d7,07b0af087f3a4f09ea32d426ec0d40298d179c67b87ab580e7dc1c9e5242f195,a2c8efd1084fff287f4dc68251f2dc02a39a74b026dd8ba3aff1970468eeaf6d,outputs\qdiffcl_data_regime_v1\DATA_REGIME_GENERALIZATION_V1\tep\f100\outer_32001\model_seed_43\JITTER_SCALING\result.json
tep-f100-outer32001-seed43-no_aug,TEP,1.0,32001,NO_AUG,43,,0.9467474882294022,0.9853441225447473,0.01028101439342015,0.8375,91.7,c1943526ff4a94b1ee69420a4fe4015bb49020732745c6e85182a07611a7998a,a0dc284316d741a7e662382c7c7de36baa346215fe54bef932da989fb83f663a,07b0af087f3a4f09ea32d426ec0d40298d179c67b87ab580e7dc1c9e5242f195,a2c8efd1084fff287f4dc68251f2dc02a39a74b026dd8ba3aff1970468eeaf6d,outputs\qdiffcl_data_regime_v1\DATA_REGIME_GENERALIZATION_V1\tep\f100\outer_32001\model_seed_43\NO_AUG\result.json
tep-f100-outer32001-seed43-uniform_diffusion,TEP,1.0,32001,UNIFORM_DIFFUSION,43,,0.9451671842529246,0.9857429701114865,0.009595613433858808,0.825,92.5,f264a43b11b439e55ad4eff345ca143ad81bfa774417acbe8c2a765d2b7583b2,498392d37d17977d9f658d557bccdd8fe01d597f58de14521828c41b9a0fbfc4,07b0af087f3a4f09ea32d426ec0d40298d179c67b87ab580e7dc1c9e5242f195,a2c8efd1084fff287f4dc68251f2dc02a39a74b026dd8ba3aff1970468eeaf6d,outputs\qdiffcl_data_regime_v1\DATA_REGIME_GENERALIZATION_V1\tep\f100\outer_32001\model_seed_43\UNIFORM_DIFFUSION\result.json
tep-f100-outer32001-seed44-calibrated_rho,TEP,1.0,32001,CALIBRATED_RHO,44,0.5,0.9525619212408779,0.9862126765050505,0.006854009595613434,0.875,82.28205128205128,15bcc9535dfe6c843776684462909ccf712d4902d68d3f456e6dea58a40f98df,b42f954bebfd3307aa4975248b5a45a6d66aa1e51e5a1bd636336b70a38eb3e5,07b0af087f3a4f09ea32d426ec0d40298d179c67b87ab580e7dc1c9e5242f195,a2c8efd1084fff287f4dc68251f2dc02a39a74b026dd8ba3aff1970468eeaf6d,outputs\qdiffcl_data_regime_v1\DATA_REGIME_GENERALIZATION_V1\tep\f100\outer_32001\model_seed_44\CALIBRATED_RHO\result.json
tep-f100-outer32001-seed44-final_qdiffcl_fixed,TEP,1.0,32001,FINAL_QDIFFCL_FIXED,44,,0.95663167733404,0.9873588043229493,0.019876627827278958,0.91875,81.05128205128206,f89a60d1a6c0d9763e40d650fadb78293760f260c8f953d664f6a7afecb325cc,370c5d63eed8bf1047cae5235725f25b0afa6895bd35e1b2854339356ea87a92,07b0af087f3a4f09ea32d426ec0d40298d179c67b87ab580e7dc1c9e5242f195,a2c8efd1084fff287f4dc68251f2dc02a39a74b026dd8ba3aff1970468eeaf6d,outputs\qdiffcl_data_regime_v1\DATA_REGIME_GENERALIZATION_V1\tep\f100\outer_32001\model_seed_44\FINAL_QDIFFCL_FIXED\result.json
tep-f100-outer32001-seed44-jitter_scaling,TEP,1.0,32001,JITTER_SCALING,44,,0.9573071648219388,0.9871510396142082,0.011651816312542838,0.9,81.46153846153847,35e9aeb1337c5ea186d33f492e871afb2444fa1abf20a9ed054f145ff429ab57,abddd1cf9863ab8a33a5014940eed1afd501f8e1edbab8c4c63b93398aad322e,07b0af087f3a4f09ea32d426ec0d40298d179c67b87ab580e7dc1c9e5242f195,a2c8efd1084fff287f4dc68251f2dc02a39a74b026dd8ba3aff1970468eeaf6d,outputs\qdiffcl_data_regime_v1\DATA_REGIME_GENERALIZATION_V1\tep\f100\outer_32001\model_seed_44\JITTER_SCALING\result.json
tep-f100-outer32001-seed44-no_aug,TEP,1.0,32001,NO_AUG,44,,0.9569355963729365,0.9874424711203224,0.013022618231665525,0.90625,81.46153846153847,c5340531c57bd0cb670f9f18ed2a0b691eba55a848a132fe47ee5883ea3e43d6,0409d88c61f7fba3411494c42cd89de69fc63b550d2fbab82c03489a87cda65b,07b0af087f3a4f09ea32d426ec0d40298d179c67b87ab580e7dc1c9e5242f195,a2c8efd1084fff287f4dc68251f2dc02a39a74b026dd8ba3aff1970468eeaf6d,outputs\qdiffcl_data_regime_v1\DATA_REGIME_GENERALIZATION_V1\tep\f100\outer_32001\model_seed_44\NO_AUG\result.json
tep-f100-outer32001-seed44-uniform_diffusion,TEP,1.0,32001,UNIFORM_DIFFUSION,44,,0.9569528112449799,0.9872398683699546,0.01439342015078821,0.90625,81.46153846153847,fc9fad83140e021e51cea5f7947ff9d817c74b0e53eca39a40d9b61bc24d7d69,133ee6aa5a2acc7e027ac1dbd50bdadb2790133c15d1627616e012493a0a05df,07b0af087f3a4f09ea32d426ec0d40298d179c67b87ab580e7dc1c9e5242f195,a2c8efd1084fff287f4dc68251f2dc02a39a74b026dd8ba3aff1970468eeaf6d,outputs\qdiffcl_data_regime_v1\DATA_REGIME_GENERALIZATION_V1\tep\f100\outer_32001\model_seed_44\UNIFORM_DIFFUSION\result.json
tep-f100-outer32001-seed7-calibrated_rho,TEP,1.0,32001,CALIBRATED_RHO,7,0.5,0.9534703782510068,0.9881025707235215,0.015764222069910898,0.88125,82.1,53a3ee405d5963a5576fdbf2f10e37501b376ce04ea7f864c19ac1936aec6ecb,872f52c2bfcde8929d816a8393dd578516e1ff74f3dbcea6db0562c585208921,07b0af087f3a4f09ea32d426ec0d40298d179c67b87ab580e7dc1c9e5242f195,a2c8efd1084fff287f4dc68251f2dc02a39a74b026dd8ba3aff1970468eeaf6d,outputs\qdiffcl_data_regime_v1\DATA_REGIME_GENERALIZATION_V1\tep\f100\outer_32001\model_seed_7\CALIBRATED_RHO\result.json
tep-f100-outer32001-seed7-final_qdiffcl_fixed,TEP,1.0,32001,FINAL_QDIFFCL_FIXED,7,,0.9538962275986079,0.9876922393990657,0.018505825908156272,0.875,82.1,8ee3c1d6204a8cdf0e196e1413657ef085f266cbd7f928c5a90eddb547d8d3b0,b5c308ca94dc7fa42e6c285571b51bca324dd44edae203f0429ed61a8cfc3d4a,07b0af087f3a4f09ea32d426ec0d40298d179c67b87ab580e7dc1c9e5242f195,a2c8efd1084fff287f4dc68251f2dc02a39a74b026dd8ba3aff1970468eeaf6d,outputs\qdiffcl_data_regime_v1\DATA_REGIME_GENERALIZATION_V1\tep\f100\outer_32001\model_seed_7\FINAL_QDIFFCL_FIXED\result.json
tep-f100-outer32001-seed7-jitter_scaling,TEP,1.0,32001,JITTER_SCALING,7,,0.9538688184478235,0.9881343184699207,0.01644962302947224,0.88125,85.3,e244322e0f7fc59cb902ab21311af6136c870c82f3746a0d0a2f3fa343451cea,8ee775e0e0086ef1bc10bd12aa2b1c6810daf3a76f904a14ac4a47d9cf074069,07b0af087f3a4f09ea32d426ec0d40298d179c67b87ab580e7dc1c9e5242f195,a2c8efd1084fff287f4dc68251f2dc02a39a74b026dd8ba3aff1970468eeaf6d,outputs\qdiffcl_data_regime_v1\DATA_REGIME_GENERALIZATION_V1\tep\f100\outer_32001\model_seed_7\JITTER_SCALING\result.json
tep-f100-outer32001-seed7-no_aug,TEP,1.0,32001,NO_AUG,7,,0.9515815058303305,0.9874942536676893,0.019876627827278958,0.875,82.1,2443bd4566be932e28393d2f97f0f3fbb988f084a1d49b68322d9d8199333619,3487cc1380151a5778234ff23b0643a43af4ecfa0973a6aa6972a5525fa619cb,07b0af087f3a4f09ea32d426ec0d40298d179c67b87ab580e7dc1c9e5242f195,a2c8efd1084fff287f4dc68251f2dc02a39a74b026dd8ba3aff1970468eeaf6d,outputs\qdiffcl_data_regime_v1\DATA_REGIME_GENERALIZATION_V1\tep\f100\outer_32001\model_seed_7\NO_AUG\result.json
tep-f100-outer32001-seed7-uniform_diffusion,TEP,1.0,32001,UNIFORM_DIFFUSION,7,,0.9546194216108457,0.9878668921680986,0.01439342015078821,0.875,82.1,fcce9c8004001bc2c13789a8c4e550708f09e35da14ffd88ac6f8bce69153269,de0a931b09c254e67b74d99a8ff6cc1167a55e39e19c7141bbfd6a8ca60030a5,07b0af087f3a4f09ea32d426ec0d40298d179c67b87ab580e7dc1c9e5242f195,a2c8efd1084fff287f4dc68251f2dc02a39a74b026dd8ba3aff1970468eeaf6d,outputs\qdiffcl_data_regime_v1\DATA_REGIME_GENERALIZATION_V1\tep\f100\outer_32001\model_seed_7\UNIFORM_DIFFUSION\result.json
tep-f100-outer32002-seed2026-calibrated_rho,TEP,1.0,32002,CALIBRATED_RHO,2026,0.25,0.9212126193759722,0.9706213333330975,0.01998572448251249,0.7875,102.38461538461539,8dd45cfc7b15c52db9271e53e9fc811317c071e24ce6f4d0f0967f3f1a5a78b8,dbeab6374ee37c44f355e3a8577738927c5c9fa0c6e9ef76644affc13f3d6acb,cab4cc77acda0e618caed099fa30f57417528b47d5b2c6910517ebfa9e37d41f,3c82052dc6bdd9dde11c7ccf12139a0e1f28a74d62abb87d6c23036526eb51ce,outputs\qdiffcl_data_regime_v1\DATA_REGIME_GENERALIZATION_V1\tep\f100\outer_32002\model_seed_2026\CALIBRATED_RHO\result.json
tep-f100-outer32002-seed2026-final_qdiffcl_fixed,TEP,1.0,32002,FINAL_QDIFFCL_FIXED,2026,,0.9208615067239605,0.9709825737442896,0.02212705210563883,0.79375,98.6923076923077,799d3ecbf5716698b549c1891c0cade6ffc75d379e80dc5a39830c0a0cb11bd6,2f8e03f7500abc2cb0eaac73b5ac99e7f9fb241d6474c3eb534673d0ed9c6e7a,cab4cc77acda0e618caed099fa30f57417528b47d5b2c6910517ebfa9e37d41f,3c82052dc6bdd9dde11c7ccf12139a0e1f28a74d62abb87d6c23036526eb51ce,outputs\qdiffcl_data_regime_v1\DATA_REGIME_GENERALIZATION_V1\tep\f100\outer_32002\model_seed_2026\FINAL_QDIFFCL_FIXED\result.json
tep-f100-outer32002-seed2026-jitter_scaling,TEP,1.0,32002,JITTER_SCALING,2026,,0.9208444548526801,0.9708922885070842,0.021413276231263382,0.7875,99.92307692307692,439227411ec296a449713b57a8830164d31a02eef8d0670997a02e142b2c45b7,d7314caca3e15ebe96a52a33ad7ee4ed97c8cae8d3a9f88bb05a351131a52ff3,cab4cc77acda0e618caed099fa30f57417528b47d5b2c6910517ebfa9e37d41f,3c82052dc6bdd9dde11c7ccf12139a0e1f28a74d62abb87d6c23036526eb51ce,outputs\qdiffcl_data_regime_v1\DATA_REGIME_GENERALIZATION_V1\tep\f100\outer_32002\model_seed_2026\JITTER_SCALING\result.json
tep-f100-outer32002-seed2026-no_aug,TEP,1.0,32002,NO_AUG,2026,,0.9204073479509585,0.9707628133749563,0.01998572448251249,0.7875,103.2051282051282,b86178602361bd1931ef05ac86a1122cc9b5b555a182079c7e8d43b069a4799b,7c262687b9ab35135972c5ecc5243f3a0883634ae2a6be0364e390075c4c1827,cab4cc77acda0e618caed099fa30f57417528b47d5b2c6910517ebfa9e37d41f,3c82052dc6bdd9dde11c7ccf12139a0e1f28a74d62abb87d6c23036526eb51ce,outputs\qdiffcl_data_regime_v1\DATA_REGIME_GENERALIZATION_V1\tep\f100\outer_32002\model_seed_2026\NO_AUG\result.json
tep-f100-outer32002-seed2026-uniform_diffusion,TEP,1.0,32002,UNIFORM_DIFFUSION,2026,,0.9220510386623344,0.9708829846004806,0.021413276231263382,0.79375,98.6923076923077,035232699899eefcb3241506988eec10c7b262db59472f82b124ab893468f0d9,77cc97f9e0de3581726effdb348bc26382d45dd9b181a656642f64975e6c2fdd,cab4cc77acda0e618caed099fa30f57417528b47d5b2c6910517ebfa9e37d41f,3c82052dc6bdd9dde11c7ccf12139a0e1f28a74d62abb87d6c23036526eb51ce,outputs\qdiffcl_data_regime_v1\DATA_REGIME_GENERALIZATION_V1\tep\f100\outer_32002\model_seed_2026\UNIFORM_DIFFUSION\result.json
tep-f100-outer32002-seed42-calibrated_rho,TEP,1.0,32002,CALIBRATED_RHO,42,0.25,0.909382298683437,0.9671870858759539,0.01641684511063526,0.7875,98.05263157894737,ea6e906dea67474cde3efa7904cfb4314b3ccb713271d717e313612068a9aa18,451b9aba97399ef86cb221d932546083f467ce96723967104c6bbee5afff6fe2,cab4cc77acda0e618caed099fa30f57417528b47d5b2c6910517ebfa9e37d41f,3c82052dc6bdd9dde11c7ccf12139a0e1f28a74d62abb87d6c23036526eb51ce,outputs\qdiffcl_data_regime_v1\DATA_REGIME_GENERALIZATION_V1\tep\f100\outer_32002\model_seed_42\CALIBRATED_RHO\result.json
tep-f100-outer32002-seed42-final_qdiffcl_fixed,TEP,1.0,32002,FINAL_QDIFFCL_FIXED,42,,0.9099598617133482,0.9664669110398755,0.02212705210563883,0.8,97.46153846153847,e5749c9af2bc2c749bc58e49181a3a11c6f55ed6b4e538fea48a9a67d5b819c7,38778e1e070bafef4e94e60bf5d473fd42c686b83ddb767bbb6f6c0f89b2529d,cab4cc77acda0e618caed099fa30f57417528b47d5b2c6910517ebfa9e37d41f,3c82052dc6bdd9dde11c7ccf12139a0e1f28a74d62abb87d6c23036526eb51ce,outputs\qdiffcl_data_regime_v1\DATA_REGIME_GENERALIZATION_V1\tep\f100\outer_32002\model_seed_42\FINAL_QDIFFCL_FIXED\result.json
tep-f100-outer32002-seed42-jitter_scaling,TEP,1.0,32002,JITTER_SCALING,42,,0.9279330111345296,0.9805414902915814,0.014989293361884369,0.85,98.5,3ecb92d9299c226bf61dac795bafb27e64bf8e11cdc76649bb00b543b1c86828,313ceb9b10b91c98c78b87c761224eae445d8ca86676dd0bd0dc271801a89177,cab4cc77acda0e618caed099fa30f57417528b47d5b2c6910517ebfa9e37d41f,3c82052dc6bdd9dde11c7ccf12139a0e1f28a74d62abb87d6c23036526eb51ce,outputs\qdiffcl_data_regime_v1\DATA_REGIME_GENERALIZATION_V1\tep\f100\outer_32002\model_seed_42\JITTER_SCALING\result.json
tep-f100-outer32002-seed42-no_aug,TEP,1.0,32002,NO_AUG,42,,0.9082062973327332,0.9667508758170481,0.017844396859386154,0.7875,102.7948717948718,897c0d13d9600504feccbcd03f43eb0eed53c58616d13b643ddeb00134d90738,7d21a6fdcc5afae661d0fae7d82398951f5d7b58ca2725a3f41205a08a7aaf96,cab4cc77acda0e618caed099fa30f57417528b47d5b2c6910517ebfa9e37d41f,3c82052dc6bdd9dde11c7ccf12139a0e1f28a74d62abb87d6c23036526eb51ce,outputs\qdiffcl_data_regime_v1\DATA_REGIME_GENERALIZATION_V1\tep\f100\outer_32002\model_seed_42\NO_AUG\result.json
tep-f100-outer32002-seed42-uniform_diffusion,TEP,1.0,32002,UNIFORM_DIFFUSION,42,,0.9091276597303812,0.9665500260765251,0.021413276231263382,0.8,97.46153846153847,f15f6ceb9afd47d467d15895671016acd54929fb1fd59ef30f803789d7e0d2b9,927771018e5293c873220a89a33b72732265bbd61070ae42ee911679aba7efe1,cab4cc77acda0e618caed099fa30f57417528b47d5b2c6910517ebfa9e37d41f,3c82052dc6bdd9dde11c7ccf12139a0e1f28a74d62abb87d6c23036526eb51ce,outputs\qdiffcl_data_regime_v1\DATA_REGIME_GENERALIZATION_V1\tep\f100\outer_32002\model_seed_42\UNIFORM_DIFFUSION\result.json
tep-f100-outer32002-seed43-calibrated_rho,TEP,1.0,32002,CALIBRATED_RHO,43,0.25,0.9375283044791483,0.9878376468487862,0.014275517487508922,0.8375,89.7,327cc6a96a4af7720cda0f1f1f8a0c23f3060673121c3f15173347367faf5236,2db8233666f941fa6ea82b96ff1c70d0911ca7dfdaec9603bc9847100ede46ab,cab4cc77acda0e618caed099fa30f57417528b47d5b2c6910517ebfa9e37d41f,3c82052dc6bdd9dde11c7ccf12139a0e1f28a74d62abb87d6c23036526eb51ce,outputs\qdiffcl_data_regime_v1\DATA_REGIME_GENERALIZATION_V1\tep\f100\outer_32002\model_seed_43\CALIBRATED_RHO\result.json
tep-f100-outer32002-seed43-final_qdiffcl_fixed,TEP,1.0,32002,FINAL_QDIFFCL_FIXED,43,,0.9375408970880135,0.9881715124940325,0.014989293361884369,0.8375,89.7,4c11aa275e49a6e4a146c64605f94b9990c8b67cf26cc573773fd4224a4993bf,feece6e993f433e690ae77278522c3fcb38bc68009e0a5cf83cd656f275d5a4a,cab4cc77acda0e618caed099fa30f57417528b47d5b2c6910517ebfa9e37d41f,3c82052dc6bdd9dde11c7ccf12139a0e1f28a74d62abb87d6c23036526eb51ce,outputs\qdiffcl_data_regime_v1\DATA_REGIME_GENERALIZATION_V1\tep\f100\outer_32002\model_seed_43\FINAL_QDIFFCL_FIXED\result.json
tep-f100-outer32002-seed43-jitter_scaling,TEP,1.0,32002,JITTER_SCALING,43,,0.9359824253817017,0.9871999173556036,0.017130620985010708,0.8375,88.9,4b2d9bf3cca472872cf6aae90bd4d308b24d134afec0c5eee9f719a67147f468,d56e302c06be2866a0b56c0d791363864906a0d14ee65b14873f7fc5341642c7,cab4cc77acda0e618caed099fa30f57417528b47d5b2c6910517ebfa9e37d41f,3c82052dc6bdd9dde11c7ccf12139a0e1f28a74d62abb87d6c23036526eb51ce,outputs\qdiffcl_data_regime_v1\DATA_REGIME_GENERALIZATION_V1\tep\f100\outer_32002\model_seed_43\JITTER_SCALING\result.json
tep-f100-outer32002-seed43-no_aug,TEP,1.0,32002,NO_AUG,43,,0.9375408970880135,0.9872446999201372,0.014989293361884369,0.84375,88.5,c944d55d05f45dfee439ed1df706ad0c4dedb78fe731b0843a7ff80053ff184a,bdedcba9a8d8b41420736703188019aa4c56772bfed763d4fdd3b1274ebd96e1,cab4cc77acda0e618caed099fa30f57417528b47d5b2c6910517ebfa9e37d41f,3c82052dc6bdd9dde11c7ccf12139a0e1f28a74d62abb87d6c23036526eb51ce,outputs\qdiffcl_data_regime_v1\DATA_REGIME_GENERALIZATION_V1\tep\f100\outer_32002\model_seed_43\NO_AUG\result.json
tep-f100-outer32002-seed43-uniform_diffusion,TEP,1.0,32002,UNIFORM_DIFFUSION,43,,0.9371290342759726,0.9881159082592961,0.014275517487508922,0.8375,89.7,0bff87f75e685c2facb6667fb2709316234e797df49e2922ed1c5b47e7df1a3a,73e68f06553f4fd264e267ba1e2d4ec79286a30226d70565da894f6f9ad9d42f,cab4cc77acda0e618caed099fa30f57417528b47d5b2c6910517ebfa9e37d41f,3c82052dc6bdd9dde11c7ccf12139a0e1f28a74d62abb87d6c23036526eb51ce,outputs\qdiffcl_data_regime_v1\DATA_REGIME_GENERALIZATION_V1\tep\f100\outer_32002\model_seed_43\UNIFORM_DIFFUSION\result.json
tep-f100-outer32002-seed44-calibrated_rho,TEP,1.0,32002,CALIBRATED_RHO,44,0.25,0.9216206691482567,0.9803257231725542,0.004282655246252677,0.7875,91.73684210526316,088779112f49a953b4c413df6d2d4e3f05723def4741557083094fd419d16cfa,b4822a2cd624fe82a2b0dba7ba099027db9af38a89d573cb9ecc832d847d939b,cab4cc77acda0e618caed099fa30f57417528b47d5b2c6910517ebfa9e37d41f,3c82052dc6bdd9dde11c7ccf12139a0e1f28a74d62abb87d6c23036526eb51ce,outputs\qdiffcl_data_regime_v1\DATA_REGIME_GENERALIZATION_V1\tep\f100\outer_32002\model_seed_44\CALIBRATED_RHO\result.json
tep-f100-outer32002-seed44-final_qdiffcl_fixed,TEP,1.0,32002,FINAL_QDIFFCL_FIXED,44,,0.9229288444137309,0.9803990432052525,0.007851534618129907,0.79375,97.05128205128206,742c1a2dd697c9c0663916874d82fed53789a7c37ba07692f12f70af937133f7,cc1ce815e0f5633a6d6cd142815b4bda87ec54adbdd07bbc7044c2bf15f189fd,cab4cc77acda0e618caed099fa30f57417528b47d5b2c6910517ebfa9e37d41f,3c82052dc6bdd9dde11c7ccf12139a0e1f28a74d62abb87d6c23036526eb51ce,outputs\qdiffcl_data_regime_v1\DATA_REGIME_GENERALIZATION_V1\tep\f100\outer_32002\model_seed_44\FINAL_QDIFFCL_FIXED\result.json
tep-f100-outer32002-seed44-jitter_scaling,TEP,1.0,32002,JITTER_SCALING,44,,0.9244557978816483,0.9807730931476923,0.004282655246252677,0.79375,90.47368421052632,d0b2525e37b670d0c5b691ffc939131c0ba9815857f1efc762455be56f50f946,7904ed897bd1838d0efed2a905a7b5c81bf854fd5cc3a76fac228c0b899e8795,cab4cc77acda0e618caed099fa30f57417528b47d5b2c6910517ebfa9e37d41f,3c82052dc6bdd9dde11c7ccf12139a0e1f28a74d62abb87d6c23036526eb51ce,outputs\qdiffcl_data_regime_v1\DATA_REGIME_GENERALIZATION_V1\tep\f100\outer_32002\model_seed_44\JITTER_SCALING\result.json
tep-f100-outer32002-seed44-no_aug,TEP,1.0,32002,NO_AUG,44,,0.9241413507314488,0.9804094144470733,0.007851534618129907,0.79375,96.64102564102564,4e1fc068e403c8fd12d0ce68dfe39261d613327fed8417db1d91012478548ade,3ce03298d8b1839ef71b68212632e2436781a1149a61f9811bca0885a0313307,cab4cc77acda0e618caed099fa30f57417528b47d5b2c6910517ebfa9e37d41f,3c82052dc6bdd9dde11c7ccf12139a0e1f28a74d62abb87d6c23036526eb51ce,outputs\qdiffcl_data_regime_v1\DATA_REGIME_GENERALIZATION_V1\tep\f100\outer_32002\model_seed_44\NO_AUG\result.json
tep-f100-outer32002-seed44-uniform_diffusion,TEP,1.0,32002,UNIFORM_DIFFUSION,44,,0.922910572689849,0.9802750555935138,0.007137758743754461,0.79375,97.05128205128206,c9c767b923157413e4a5d172a6ce0e33e46909a77801000e4879f8747d6746bc,1ca69591d504bc3e5b4ce5601ba07be4935831521f2b399c6b89915b9f37a40b,cab4cc77acda0e618caed099fa30f57417528b47d5b2c6910517ebfa9e37d41f,3c82052dc6bdd9dde11c7ccf12139a0e1f28a74d62abb87d6c23036526eb51ce,outputs\qdiffcl_data_regime_v1\DATA_REGIME_GENERALIZATION_V1\tep\f100\outer_32002\model_seed_44\UNIFORM_DIFFUSION\result.json
tep-f100-outer32002-seed7-calibrated_rho,TEP,1.0,32002,CALIBRATED_RHO,7,0.25,0.937837905220227,0.9862848404217661,0.009279086366880799,0.8125,85.15384615384616,b8fbf49d427b9568b1ceaba1f48c8c26b2e362f6424d0d4fe7949f089aa0f1a4,8d338af4752ec28fdabf7449a4174ac00b2311ea8a0355b9ca5b979379554d32,cab4cc77acda0e618caed099fa30f57417528b47d5b2c6910517ebfa9e37d41f,3c82052dc6bdd9dde11c7ccf12139a0e1f28a74d62abb87d6c23036526eb51ce,outputs\qdiffcl_data_regime_v1\DATA_REGIME_GENERALIZATION_V1\tep\f100\outer_32002\model_seed_7\CALIBRATED_RHO\result.json
tep-f100-outer32002-seed7-final_qdiffcl_fixed,TEP,1.0,32002,FINAL_QDIFFCL_FIXED,7,,0.9383015977935831,0.9864673517251993,0.01284796573875803,0.825,83.92307692307692,8e341cf7db63a1632109812519348c75d9bf89edd8d07dd7db99805eae5cdc45,afab05afd8f531c2afd00be77d5a9d61bb691961d369855f94ab78e083492dbd,cab4cc77acda0e618caed099fa30f57417528b47d5b2c6910517ebfa9e37d41f,3c82052dc6bdd9dde11c7ccf12139a0e1f28a74d62abb87d6c23036526eb51ce,outputs\qdiffcl_data_regime_v1\DATA_REGIME_GENERALIZATION_V1\tep\f100\outer_32002\model_seed_7\FINAL_QDIFFCL_FIXED\result.json
tep-f100-outer32002-seed7-jitter_scaling,TEP,1.0,32002,JITTER_SCALING,7,,0.9310983267497168,0.980949387762142,0.01284796573875803,0.8,87.2051282051282,f176714b767954b0d840cad44c22536abfeaff96474f8bc12f933e37b665783f,7f5a65abb0c3377274ac058b3ce51de72144b637c07103db8c09778242568d98,cab4cc77acda0e618caed099fa30f57417528b47d5b2c6910517ebfa9e37d41f,3c82052dc6bdd9dde11c7ccf12139a0e1f28a74d62abb87d6c23036526eb51ce,outputs\qdiffcl_data_regime_v1\DATA_REGIME_GENERALIZATION_V1\tep\f100\outer_32002\model_seed_7\JITTER_SCALING\result.json
tep-f100-outer32002-seed7-no_aug,TEP,1.0,32002,NO_AUG,7,,0.9386118139353834,0.9867142804893537,0.007851534618129907,0.8125,85.15384615384616,3eb1e4c342f47b5076337e78fb8755070135abd19552fdea11a0cff61a282ec8,36adc458bc3ccfed043eb00f032c1c8c2f7f09db5ee39dcb14987132afada588,cab4cc77acda0e618caed099fa30f57417528b47d5b2c6910517ebfa9e37d41f,3c82052dc6bdd9dde11c7ccf12139a0e1f28a74d62abb87d6c23036526eb51ce,outputs\qdiffcl_data_regime_v1\DATA_REGIME_GENERALIZATION_V1\tep\f100\outer_32002\model_seed_7\NO_AUG\result.json
tep-f100-outer32002-seed7-uniform_diffusion,TEP,1.0,32002,UNIFORM_DIFFUSION,7,,0.9378895724158882,0.9863030611352579,0.012134189864382585,0.825,83.92307692307692,43f29c484c84c081ed38b28e0ad5c5588c09054d5d9d6e073ee451f829ceb605,3e4aa682a5dd9c58f1d02c4a2ca3acad37d886e335044cfc6da1fb25356e8dd9,cab4cc77acda0e618caed099fa30f57417528b47d5b2c6910517ebfa9e37d41f,3c82052dc6bdd9dde11c7ccf12139a0e1f28a74d62abb87d6c23036526eb51ce,outputs\qdiffcl_data_regime_v1\DATA_REGIME_GENERALIZATION_V1\tep\f100\outer_32002\model_seed_7\UNIFORM_DIFFUSION\result.json
tep-f100-outer32003-seed2026-calibrated_rho,TEP,1.0,32003,CALIBRATED_RHO,2026,0.75,0.9686477740388562,0.9953110919441778,0.0252387448840382,0.975,73.4,e352065725502d6ed0426f9397acd1503a1bb8917a11cddcd587f5bad9ec316b,93c40f4772f6797134aa1286b02833254520fc20fdb4d819cc6dab98e8838757,0d326b07f0847fc35f2c382479e644e9cb0f125b4d4480e1cb2f6c490c2d68e8,f7bf9fcc280f16b8aa421b3ec63b6691212298a3118b34e6ab98360d87a04870,outputs\qdiffcl_data_regime_v1\DATA_REGIME_GENERALIZATION_V1\tep\f100\outer_32003\model_seed_2026\CALIBRATED_RHO\result.json
tep-f100-outer32003-seed2026-final_qdiffcl_fixed,TEP,1.0,32003,FINAL_QDIFFCL_FIXED,2026,,0.9679206848141302,0.9953144532656218,0.030013642564802184,0.975,73.4,50a082e2bc158dea6a68d79245aaf83ee42f6fd6d1873d412565389794b83acd,f78570a45a149942a3b259e64732be153bdb7b00d318b794c1c0e8b9926d6adc,0d326b07f0847fc35f2c382479e644e9cb0f125b4d4480e1cb2f6c490c2d68e8,f7bf9fcc280f16b8aa421b3ec63b6691212298a3118b34e6ab98360d87a04870,outputs\qdiffcl_data_regime_v1\DATA_REGIME_GENERALIZATION_V1\tep\f100\outer_32003\model_seed_2026\FINAL_QDIFFCL_FIXED\result.json
tep-f100-outer32003-seed2026-jitter_scaling,TEP,1.0,32003,JITTER_SCALING,2026,,0.9649770644430633,0.9952135687423336,0.04365620736698499,0.98125,73.4,e187942c6af621b929e81cc2fae5adaf49e91d85430e2667c13eb58b1bc6a901,fa29c6443e522c4146dd76e9138c93331f449c20085b89734a71dcf862952c19,0d326b07f0847fc35f2c382479e644e9cb0f125b4d4480e1cb2f6c490c2d68e8,f7bf9fcc280f16b8aa421b3ec63b6691212298a3118b34e6ab98360d87a04870,outputs\qdiffcl_data_regime_v1\DATA_REGIME_GENERALIZATION_V1\tep\f100\outer_32003\model_seed_2026\JITTER_SCALING\result.json
tep-f100-outer32003-seed2026-no_aug,TEP,1.0,32003,NO_AUG,2026,,0.964156886814749,0.9949390297809366,0.034788540245566164,0.975,73.4,270b087043ed44cb1e39c685f5340f139215ff37767771e345e0ebf6ee0f6e8f,f300a4e5a5fbb480f824b4b44168a92b96497c590e0a48ed4cd6fbbb893292a1,0d326b07f0847fc35f2c382479e644e9cb0f125b4d4480e1cb2f6c490c2d68e8,f7bf9fcc280f16b8aa421b3ec63b6691212298a3118b34e6ab98360d87a04870,outputs\qdiffcl_data_regime_v1\DATA_REGIME_GENERALIZATION_V1\tep\f100\outer_32003\model_seed_2026\NO_AUG\result.json
tep-f100-outer32003-seed2026-uniform_diffusion,TEP,1.0,32003,UNIFORM_DIFFUSION,2026,,0.9683048925519263,0.995466323224826,0.030695770804911322,0.98125,73.4,2ed2555005725a4ac282e844f0d51caa951c474291d4c13d59540dfaee6b40b5,a9baa8b53324cf192de053a962e79b016e64f379fb23c92589632a1260376013,0d326b07f0847fc35f2c382479e644e9cb0f125b4d4480e1cb2f6c490c2d68e8,f7bf9fcc280f16b8aa421b3ec63b6691212298a3118b34e6ab98360d87a04870,outputs\qdiffcl_data_regime_v1\DATA_REGIME_GENERALIZATION_V1\tep\f100\outer_32003\model_seed_2026\UNIFORM_DIFFUSION\result.json
tep-f100-outer32003-seed42-calibrated_rho,TEP,1.0,32003,CALIBRATED_RHO,42,0.75,0.978869928367951,0.9977822862899794,0.021145975443383355,0.99375,73.0,659ade258a41a2bcb0f36e5ec141092e0ae944591ec315b7440100f204e9c047,a59904ed64feebe4d15258ea32e63bef2ad4fac2972fa4cae9d790e74c859817,0d326b07f0847fc35f2c382479e644e9cb0f125b4d4480e1cb2f6c490c2d68e8,f7bf9fcc280f16b8aa421b3ec63b6691212298a3118b34e6ab98360d87a04870,outputs\qdiffcl_data_regime_v1\DATA_REGIME_GENERALIZATION_V1\tep\f100\outer_32003\model_seed_42\CALIBRATED_RHO\result.json
tep-f100-outer32003-seed42-final_qdiffcl_fixed,TEP,1.0,32003,FINAL_QDIFFCL_FIXED,42,,0.9777299626338908,0.9979723036463392,0.020463847203274217,0.99375,73.0,1881cf2d864ab497d18df11eed86683fa954033376497e99a203530a7e51b129,390923d0f4701e7afab3741d37bb7cad60109cf979a8f158fe68188edf4d3421,0d326b07f0847fc35f2c382479e644e9cb0f125b4d4480e1cb2f6c490c2d68e8,f7bf9fcc280f16b8aa421b3ec63b6691212298a3118b34e6ab98360d87a04870,outputs\qdiffcl_data_regime_v1\DATA_REGIME_GENERALIZATION_V1\tep\f100\outer_32003\model_seed_42\FINAL_QDIFFCL_FIXED\result.json
tep-f100-outer32003-seed42-jitter_scaling,TEP,1.0,32003,JITTER_SCALING,42,,0.9785148433763404,0.9979674283464537,0.02660300136425648,0.9875,73.0,2b85df1cd3a61f4d896c749c631ef4154f30b67d47387f4b30495a448b2ea8ab,a14c66a730ce86e6c15e049086fbbc6a2389ea874fd5e7418dbbb73248ba4969,0d326b07f0847fc35f2c382479e644e9cb0f125b4d4480e1cb2f6c490c2d68e8,f7bf9fcc280f16b8aa421b3ec63b6691212298a3118b34e6ab98360d87a04870,outputs\qdiffcl_data_regime_v1\DATA_REGIME_GENERALIZATION_V1\tep\f100\outer_32003\model_seed_42\JITTER_SCALING\result.json
tep-f100-outer32003-seed42-no_aug,TEP,1.0,32003,NO_AUG,42,,0.981504545238316,0.9980741804387551,0.017053206002728513,0.98125,73.0,cb827aa45a4069fba5fd23748ac7af1caa51bf03b632b14d576664a21cbe0dbc,3a68be743d293e8971e40d04330b0b1f7af5ab8cc250e362bd1c88e52192ea77,0d326b07f0847fc35f2c382479e644e9cb0f125b4d4480e1cb2f6c490c2d68e8,f7bf9fcc280f16b8aa421b3ec63b6691212298a3118b34e6ab98360d87a04870,outputs\qdiffcl_data_regime_v1\DATA_REGIME_GENERALIZATION_V1\tep\f100\outer_32003\model_seed_42\NO_AUG\result.json
tep-f100-outer32003-seed42-uniform_diffusion,TEP,1.0,32003,UNIFORM_DIFFUSION,42,,0.9777267179570801,0.9979520431774583,0.019781718963165076,0.99375,73.0,1274b89de9284691c0803bc6cd5e2693785294fa6ef1b7fa438345d8f1e5154d,765bf38f9ee8faebef6ed37cf3e98e6298cd459d169c2f9d3965a78c21625964,0d326b07f0847fc35f2c382479e644e9cb0f125b4d4480e1cb2f6c490c2d68e8,f7bf9fcc280f16b8aa421b3ec63b6691212298a3118b34e6ab98360d87a04870,outputs\qdiffcl_data_regime_v1\DATA_REGIME_GENERALIZATION_V1\tep\f100\outer_32003\model_seed_42\UNIFORM_DIFFUSION\result.json
tep-f100-outer32003-seed43-calibrated_rho,TEP,1.0,32003,CALIBRATED_RHO,43,0.75,0.972796697533097,0.997100394394218,0.020463847203274217,0.98125,73.8,0b3cdc062696c59237eaeb0b1a375f62b7f0dd12987a86201d29f040a42fde42,b2be9a25e0d6c72f5e0ef8d85d11a619ded90452c6574ad06a29fc74a6df307d,0d326b07f0847fc35f2c382479e644e9cb0f125b4d4480e1cb2f6c490c2d68e8,f7bf9fcc280f16b8aa421b3ec63b6691212298a3118b34e6ab98360d87a04870,outputs\qdiffcl_data_regime_v1\DATA_REGIME_GENERALIZATION_V1\tep\f100\outer_32003\model_seed_43\CALIBRATED_RHO\result.json
tep-f100-outer32003-seed43-final_qdiffcl_fixed,TEP,1.0,32003,FINAL_QDIFFCL_FIXED,43,,0.9754395856339734,0.9969733456571176,0.017735334242837655,0.9875,73.0,be449c358fb3c270a3000bafdccd08db33e4e3cb5ca4ff2b44ff40eff47fb136,9b277a74d5ddc88af351006029e75b33aa277f9525c859c3c9c460dd46ed13f2,0d326b07f0847fc35f2c382479e644e9cb0f125b4d4480e1cb2f6c490c2d68e8,f7bf9fcc280f16b8aa421b3ec63b6691212298a3118b34e6ab98360d87a04870,outputs\qdiffcl_data_regime_v1\DATA_REGIME_GENERALIZATION_V1\tep\f100\outer_32003\model_seed_43\FINAL_QDIFFCL_FIXED\result.json
tep-f100-outer32003-seed43-jitter_scaling,TEP,1.0,32003,JITTER_SCALING,43,,0.9728366133466972,0.9968272751239355,0.027285129604365622,0.9875,73.0,14be7c1babb4d61398b7cadaf8294d1429c2818ca8e862bf2b7398b417b78d55,c17315ed6b7e036f4fa7a721ad25cbeb25fb53d806fc0b24a556dcecc742f5c1,0d326b07f0847fc35f2c382479e644e9cb0f125b4d4480e1cb2f6c490c2d68e8,f7bf9fcc280f16b8aa421b3ec63b6691212298a3118b34e6ab98360d87a04870,outputs\qdiffcl_data_regime_v1\DATA_REGIME_GENERALIZATION_V1\tep\f100\outer_32003\model_seed_43\JITTER_SCALING\result.json
tep-f100-outer32003-seed43-no_aug,TEP,1.0,32003,NO_AUG,43,,0.9739321537486676,0.9966935797614147,0.019781718963165076,0.98125,73.4,412840217aba7f8fc06aaeb5c7bc54d50b8172a3cf4390d3c8665e1db20ab3ac,679f6819bee9cd2d4e9e403639059ee9071e636023b2941759d3e2df1439b0f2,0d326b07f0847fc35f2c382479e644e9cb0f125b4d4480e1cb2f6c490c2d68e8,f7bf9fcc280f16b8aa421b3ec63b6691212298a3118b34e6ab98360d87a04870,outputs\qdiffcl_data_regime_v1\DATA_REGIME_GENERALIZATION_V1\tep\f100\outer_32003\model_seed_43\NO_AUG\result.json
tep-f100-outer32003-seed43-uniform_diffusion,TEP,1.0,32003,UNIFORM_DIFFUSION,43,,0.9754395856339734,0.9971314056340322,0.017735334242837655,0.98125,73.8,da172b8bc4332c01ceed3353a866ee222c3cd3854ca4cdbdd8677c345fa826a0,b1e196ca5a6328ede60e17635b74871f9ce4b27ef9a2109d10e266ab8491b2dd,0d326b07f0847fc35f2c382479e644e9cb0f125b4d4480e1cb2f6c490c2d68e8,f7bf9fcc280f16b8aa421b3ec63b6691212298a3118b34e6ab98360d87a04870,outputs\qdiffcl_data_regime_v1\DATA_REGIME_GENERALIZATION_V1\tep\f100\outer_32003\model_seed_43\UNIFORM_DIFFUSION\result.json
tep-f100-outer32003-seed44-calibrated_rho,TEP,1.0,32003,CALIBRATED_RHO,44,0.75,0.9754320036422999,0.9970574161661163,0.01637107776261937,1.0,72.6,97ffb6c61d7e7a6b2327604bcbf1e4340aed1cd94a3b1bd0feca97d6f9ca3e76,6ce0704134604430345437bfd152c13ea5057c19b390485381f9ca864da5ca5f,0d326b07f0847fc35f2c382479e644e9cb0f125b4d4480e1cb2f6c490c2d68e8,f7bf9fcc280f16b8aa421b3ec63b6691212298a3118b34e6ab98360d87a04870,outputs\qdiffcl_data_regime_v1\DATA_REGIME_GENERALIZATION_V1\tep\f100\outer_32003\model_seed_44\CALIBRATED_RHO\result.json
tep-f100-outer32003-seed44-final_qdiffcl_fixed,TEP,1.0,32003,FINAL_QDIFFCL_FIXED,44,,0.9754358091096247,0.9971421107676407,0.017053206002728513,1.0,72.6,84f9825a8ef3f03f344562c3302efeb28a95e9cb46b2952b4c4875cf8aca82ca,9af9031f36e6a3fe0beb64ff48c4d4b1b941c37b6619c107df6798bff3c31de0,0d326b07f0847fc35f2c382479e644e9cb0f125b4d4480e1cb2f6c490c2d68e8,f7bf9fcc280f16b8aa421b3ec63b6691212298a3118b34e6ab98360d87a04870,outputs\qdiffcl_data_regime_v1\DATA_REGIME_GENERALIZATION_V1\tep\f100\outer_32003\model_seed_44\FINAL_QDIFFCL_FIXED\result.json
tep-f100-outer32003-seed44-jitter_scaling,TEP,1.0,32003,JITTER_SCALING,44,,0.9758478977554983,0.99711293762639,0.023192360163710776,1.0,72.6,e106c195289295a3c4fa197127855af296242e465af6ce15ab92d958b1150ddf,0a75766a0b4f3d17c6716aab44dc18ba4b7a8d4865f56ad0ae0326f56ed2eb1c,0d326b07f0847fc35f2c382479e644e9cb0f125b4d4480e1cb2f6c490c2d68e8,f7bf9fcc280f16b8aa421b3ec63b6691212298a3118b34e6ab98360d87a04870,outputs\qdiffcl_data_regime_v1\DATA_REGIME_GENERALIZATION_V1\tep\f100\outer_32003\model_seed_44\JITTER_SCALING\result.json
tep-f100-outer32003-seed44-no_aug,TEP,1.0,32003,NO_AUG,44,,0.975788854180814,0.997275213597935,0.01227830832196453,0.99375,73.0,3cbc1139bece70a846a139879819f211c4164ba5f6d23f0b87986a76bf6e7967,0cc99e5091cc79c6dff379ac684f3fa4ddbf24c08aab09a3eb4f9bb1471681f6,0d326b07f0847fc35f2c382479e644e9cb0f125b4d4480e1cb2f6c490c2d68e8,f7bf9fcc280f16b8aa421b3ec63b6691212298a3118b34e6ab98360d87a04870,outputs\qdiffcl_data_regime_v1\DATA_REGIME_GENERALIZATION_V1\tep\f100\outer_32003\model_seed_44\NO_AUG\result.json
tep-f100-outer32003-seed44-uniform_diffusion,TEP,1.0,32003,UNIFORM_DIFFUSION,44,,0.9746838805765572,0.9972206385936031,0.018417462482946793,1.0,72.6,46c429ca43f3cba4a97760632fc11f298794b42d66718a2bc3bb7d9a9b2f776f,33f60ea088e3a8e4ce4883c5cfca022443c9a7259d8a28252d85fd26bff49e72,0d326b07f0847fc35f2c382479e644e9cb0f125b4d4480e1cb2f6c490c2d68e8,f7bf9fcc280f16b8aa421b3ec63b6691212298a3118b34e6ab98360d87a04870,outputs\qdiffcl_data_regime_v1\DATA_REGIME_GENERALIZATION_V1\tep\f100\outer_32003\model_seed_44\UNIFORM_DIFFUSION\result.json
tep-f100-outer32003-seed7-calibrated_rho,TEP,1.0,32003,CALIBRATED_RHO,7,0.75,0.9799581831667802,0.9981230200078266,0.010231923601637109,0.98125,73.0,9f70a6dc114521e07b738ea884a7ab5f549d97fbe310c34091837b00e64c3086,98792c51138f603839e3638050ab9a3ecde83f450b87c8e09fba6bf454342743,0d326b07f0847fc35f2c382479e644e9cb0f125b4d4480e1cb2f6c490c2d68e8,f7bf9fcc280f16b8aa421b3ec63b6691212298a3118b34e6ab98360d87a04870,outputs\qdiffcl_data_regime_v1\DATA_REGIME_GENERALIZATION_V1\tep\f100\outer_32003\model_seed_7\CALIBRATED_RHO\result.json
tep-f100-outer32003-seed7-final_qdiffcl_fixed,TEP,1.0,32003,FINAL_QDIFFCL_FIXED,7,,0.9834001526007594,0.9982092100762204,0.017735334242837655,0.99375,72.6,f1d43a8552763655be1dd9d04117aa62b5a194387bacbb0d453b13318a2b231e,f1c10b95a6d1a9a17157ad8e4249058dafdacff7d4175d07463f72cb9acb3b7d,0d326b07f0847fc35f2c382479e644e9cb0f125b4d4480e1cb2f6c490c2d68e8,f7bf9fcc280f16b8aa421b3ec63b6691212298a3118b34e6ab98360d87a04870,outputs\qdiffcl_data_regime_v1\DATA_REGIME_GENERALIZATION_V1\tep\f100\outer_32003\model_seed_7\FINAL_QDIFFCL_FIXED\result.json
tep-f100-outer32003-seed7-jitter_scaling,TEP,1.0,32003,JITTER_SCALING,7,,0.983383282160501,0.998428807771817,0.01296043656207367,0.99375,72.6,dcb47f1ac133f89377613076946113bd5715a5bbb0d5908fc0bb074e89454bc2,3a6bf46c44908d1731454c60bb8fd4860c42c57bc5dcb604e3f16e5899a0055c,0d326b07f0847fc35f2c382479e644e9cb0f125b4d4480e1cb2f6c490c2d68e8,f7bf9fcc280f16b8aa421b3ec63b6691212298a3118b34e6ab98360d87a04870,outputs\qdiffcl_data_regime_v1\DATA_REGIME_GENERALIZATION_V1\tep\f100\outer_32003\model_seed_7\JITTER_SCALING\result.json
tep-f100-outer32003-seed7-no_aug,TEP,1.0,32003,NO_AUG,7,,0.9811030076888285,0.9980712542134133,0.011596180081855388,0.98125,73.0,4b849739e0dd91f450d728814a8bcb088f4f34ca5ec801834b9dc3bb65da4376,99a3d9bef2553aa11c40970f984a66b30eb88085d4d594a4b5ce1267aa11dcae,0d326b07f0847fc35f2c382479e644e9cb0f125b4d4480e1cb2f6c490c2d68e8,f7bf9fcc280f16b8aa421b3ec63b6691212298a3118b34e6ab98360d87a04870,outputs\qdiffcl_data_regime_v1\DATA_REGIME_GENERALIZATION_V1\tep\f100\outer_32003\model_seed_7\NO_AUG\result.json
tep-f100-outer32003-seed7-uniform_diffusion,TEP,1.0,32003,UNIFORM_DIFFUSION,7,,0.9795912483039348,0.9980894286164694,0.01296043656207367,0.98125,73.0,1dbf6de8fccec16a3371efff9d3ba841c25d6d759f258bca9b6969aa2df22398,979f4753d674cb944acf2410bee97d8e9cde0d72c5f9bd059b6e4b8e421f19de,0d326b07f0847fc35f2c382479e644e9cb0f125b4d4480e1cb2f6c490c2d68e8,f7bf9fcc280f16b8aa421b3ec63b6691212298a3118b34e6ab98360d87a04870,outputs\qdiffcl_data_regime_v1\DATA_REGIME_GENERALIZATION_V1\tep\f100\outer_32003\model_seed_7\UNIFORM_DIFFUSION\result.json
