dataset,fraction,outer,stage,method,seed,rho,status,macro_f1,auprc,far,early_recall,detection_delay,checkpoint_exists,prediction_exists,manifest_exists,hash_valid,test_evaluated,reuse,runtime,checkpoint_sha256,prediction_sha256,result_sha256,artifact_path,validation_only
3W,1.0,31001,formal_locked_test,NO_AUG,42,N/A,COMPLETE_VALID,0.3739950006628351,0.8237572375653551,0.42174518947312,0.9436435124508519,558.1428571428571,True,True,True,True,True,False,61.11646689999907,11db44c0a9365e40cc6df0da41429c4ffda763133d4cd2e190b2e6d9098dd7c9,ab8b3dfc8cf4a7ae0a617bf3566b501fa22dbfd2756559963608cec27e92fbd1,c18a42110f12c8d09cfa54cab5d73bd35a8561a13d7cc3a9db18e02d4617f24d,outputs\qdiffcl_data_regime_v1\DATA_REGIME_GENERALIZATION_V1\3w\f100\outer_31001\model_seed_42\NO_AUG\result.json,False
3W,1.0,31001,formal_locked_test,NO_AUG,43,N/A,COMPLETE_VALID,0.5618750341012722,0.8412482559006503,0.05204480891890443,0.902744584072161,545.952380952381,True,True,True,True,True,False,59.32280140000148,fe7c49d1de684bde675f2453705ba5a38f4b5d0d20ae989bf7d7e922a0813e6c,fc877728623c1deab875b7d2d08bd6b7ce9ae1f63ca7a29f7436fb62faeed66f,aa0ea75a70c7406560287781dbae2f9367b66efec53f662eeae6e986ea563de2,outputs\qdiffcl_data_regime_v1\DATA_REGIME_GENERALIZATION_V1\3w\f100\outer_31001\model_seed_43\NO_AUG\result.json,False
3W,1.0,31001,formal_locked_test,NO_AUG,44,N/A,COMPLETE_VALID,0.31681670953793806,0.7934443840218156,0.4032177377570528,0.9137691773957289,614.5238095238095,True,True,True,True,True,False,63.438830099999905,b7eec21298256e3039a4442180d3f2b0ea625ea9531dff6d0f9ceadcc1bc5221,47cf88b4917c16e19700eea447f4cae67f638c811318b8b7fbf48c530f9625cf,6d0b0c1f2a5a437ce05ce984849d159f6130b2ac9db45322cfb59db5feb8496e,outputs\qdiffcl_data_regime_v1\DATA_REGIME_GENERALIZATION_V1\3w\f100\outer_31001\model_seed_44\NO_AUG\result.json,False
3W,1.0,31001,formal_locked_test,NO_AUG,45,N/A,COMPLETE_VALID,0.3836107179771144,0.764358903790928,0.3831984420503475,0.8497802790841107,619.0952380952381,True,True,True,True,True,False,63.91970729999957,acb82672dad7c4a87f4b1c979b9223a0a3266c55f5aaac7b857adbf3bb7571f3,a249a7c0d499a6b4f02c1c4f8bfd61f1e28f0ef478102fda0e62777f3c6c7031,a0747154fc29dbc5a3f8997bf7357a7bbb7ced118cb2bc37047cff2ad8fffcda,outputs\qdiffcl_data_regime_v1\DATA_REGIME_GENERALIZATION_V1\3w\f100\outer_31001\model_seed_45\NO_AUG\result.json,False
3W,1.0,31001,formal_locked_test,NO_AUG,46,N/A,COMPLETE_VALID,0.27675332443400635,0.793460301203463,0.500098265173036,0.9485390486469817,47.666666666666664,True,True,True,True,True,False,58.438833299998805,efa0186093ae0fa95dbd84eca4a86dc44ab84de71c1704866ef2d73856243f64,213ccffe827338fe79e792177aaf3072fbeaa78f75e7aaae9c03de2f165ff091,b6f86bc39f168bbc28692e2676c13855d00398a707130d440fb40a765dd67df6,outputs\qdiffcl_data_regime_v1\DATA_REGIME_GENERALIZATION_V1\3w\f100\outer_31001\model_seed_46\NO_AUG\result.json,False
3W,1.0,31001,formal_locked_test,UNIFORM_DIFFUSION,42,N/A,COMPLETE_VALID,0.44615859646353806,0.7862182399752268,0.4218255882510586,0.9162747667874489,602.3333333333334,True,True,True,True,True,False,58.352960500000336,292724d0dc14b434d6c28fa243cd967693d5add5555c53fbb6eda52c7df6aec9,4dce7bf83f3e194bdef406de25e712cdb1dd59d9884887f080cfce1f4802b46d,652533e7ba51e788ca396efdfb5b8e9f0419912d40e71a5524d7831e266b21b3,outputs\qdiffcl_data_regime_v1\DATA_REGIME_GENERALIZATION_V1\3w\f100\outer_31001\model_seed_42\UNIFORM_DIFFUSION\result.json,False
3W,1.0,31001,formal_locked_test,UNIFORM_DIFFUSION,43,N/A,COMPLETE_VALID,0.42257203089721673,0.8476880287296298,0.35144092476461025,0.9050188882892607,395.0952380952381,True,True,True,True,True,False,59.9809464000009,eea9d932ab0806031a585a953239bfbc4df3a4754f8bfe3459ee3a00c38a85b0,5eeb27fb343aec91ea59aad9df06dc3d76e5ce56445ce045fcfa9a5b0c994219,e72782540051bab377f97adf0d19b3cddc78e0ed18fc982152ead939cee17aaf,outputs\qdiffcl_data_regime_v1\DATA_REGIME_GENERALIZATION_V1\3w\f100\outer_31001\model_seed_43\UNIFORM_DIFFUSION\result.json,False
3W,1.0,31001,formal_locked_test,UNIFORM_DIFFUSION,44,N/A,COMPLETE_VALID,0.3249807953707093,0.7960781321182689,0.3970270318557825,0.9145015804486932,628.2380952380952,True,True,True,True,True,False,63.50845499999923,c72240df2483ff69f5c6f22605d9e9cae6c5c4e41ddba079b9784d519d4ee5fb,7b8415b1c093720b360dc12ddeb3909e3223fd28ca31866d1adcbd84069b3768,09c0658cc845fc20b2cbe20749a8bd8b108f0f4143d9afbd0b785b37632af01f,outputs\qdiffcl_data_regime_v1\DATA_REGIME_GENERALIZATION_V1\3w\f100\outer_31001\model_seed_44\UNIFORM_DIFFUSION\result.json,False
3W,1.0,31001,formal_locked_test,UNIFORM_DIFFUSION,45,N/A,COMPLETE_VALID,0.4011257774063258,0.7642575484377757,0.382519519036644,0.8498188266132141,436.23809523809524,True,True,True,True,True,False,70.50724860000082,9074195a37e7c813f851259939b68bf2bd537238e604aa21c8a411bff71acffb,d3377b6d3a283e4269efa0073a4dea50161157b796c4c19134f5aa0f2626828d,c0fd144b8e1679ac4ef1caa17a913cd5beb9a60e7c6872eded4d72c275690c54,outputs\qdiffcl_data_regime_v1\DATA_REGIME_GENERALIZATION_V1\3w\f100\outer_31001\model_seed_45\UNIFORM_DIFFUSION\result.json,False
3W,1.0,31001,formal_locked_test,UNIFORM_DIFFUSION,46,N/A,COMPLETE_VALID,0.5204015247737354,0.80336946925878,0.04162870057708456,0.8306221571197286,700.4,True,True,True,True,True,False,58.104328699999314,7b4d184a208c143c49aa3da2875e9123d6994e81230084b8933ed90f309ed1f8,421104df57cfbd7ab58b8ca305dc2ae776fd841d4899569c215fb5edb7382cc7,0162e4fcfcad96303cb44982abe481e6725e77716d1b69dba3c3087e85d93f68,outputs\qdiffcl_data_regime_v1\DATA_REGIME_GENERALIZATION_V1\3w\f100\outer_31001\model_seed_46\UNIFORM_DIFFUSION\result.json,False
3W,1.0,31001,formal_locked_test,JITTER_SCALING,42,N/A,COMPLETE_VALID,0.4241375411728855,0.7955771469564096,0.4807400260849368,0.9414848508210624,448.42857142857144,True,True,True,True,True,False,59.4657344999996,f6c639d1e3a43d672c25a76ddfa7a5673fc223532006d5043d5d264d96e1566e,8e234fa9262fe3bd2d3b20fae670c14947cfdd7992498723e6814621591caba1,5d9e32b1569dc2becd183c2c15600e4244b08bf29d6625864dac1a7c3d536c54,outputs\qdiffcl_data_regime_v1\DATA_REGIME_GENERALIZATION_V1\3w\f100\outer_31001\model_seed_42\JITTER_SCALING\result.json,False
3W,1.0,31001,formal_locked_test,JITTER_SCALING,43,N/A,COMPLETE_VALID,0.42201716030212033,0.8665655966333273,0.40185095853209696,0.9101071621309074,428.6190476190476,True,True,True,True,True,False,60.097737699999925,d07a0390672dce0b4728e2d5d3598bd7e6c22b6f887d098597c5a0f3ce3062f7,f4cda4728dab2c2bef13681c03d27d9394ccbc4d17de3670a034baeaa21e2015,7c0831bd39317f118396bec786e2691a295a78a0ebea27bbc5f5a374a46cda8e,outputs\qdiffcl_data_regime_v1\DATA_REGIME_GENERALIZATION_V1\3w\f100\outer_31001\model_seed_43\JITTER_SCALING\result.json,False
3W,1.0,31001,formal_locked_test,JITTER_SCALING,44,N/A,COMPLETE_VALID,0.3082382958486008,0.7953550624902568,0.39758089010380376,0.9123429188189037,611.4761904761905,True,True,True,True,True,False,64.0229675999999,7925ebac40f17d7994dd7fb706fd28791a3e8a361c0288ac263cefa83a04f436,57d697481b43fa0a44f9f476435bde4406fdb00d2396483172ae602110bb0e3b,9d54a44f740c3480074333e5a0b1ebc347ba386bcdf4120359a4af8554853ccb,outputs\qdiffcl_data_regime_v1\DATA_REGIME_GENERALIZATION_V1\3w\f100\outer_31001\model_seed_44\JITTER_SCALING\result.json,False
3W,1.0,31001,formal_locked_test,JITTER_SCALING,45,N/A,COMPLETE_VALID,0.4257863381916066,0.7725004445212317,0.3639920673205767,0.8554853133914117,331.0952380952381,True,True,True,True,True,False,71.54853219999859,828d4d66201f276bc08448a60537055d35d00b2611356611f6d57248f351de14,1cb51518423e70fc28d7f997ea43e455cd6e740b1eacd5dae9028c56e7582d1a,aae159529ecce8ddc841a0e4b85494234c1eaf20980f5a5c51adb7148783ac8e,outputs\qdiffcl_data_regime_v1\DATA_REGIME_GENERALIZATION_V1\3w\f100\outer_31001\model_seed_45\JITTER_SCALING\result.json,False
3W,1.0,31001,formal_locked_test,JITTER_SCALING,46,N/A,COMPLETE_VALID,0.13606646958197216,0.8066364389200282,0.8747119043790534,0.9742117030298358,26.333333333333332,True,True,True,True,True,False,58.19867990000057,38bfb32e105ef9db186790d8bab94c886ae48ce6ecca02d341cf4d0a9e2bf416,ca5d04ca395eae6917f65bb751eb5c1931c45ab1d7afb5d9cbfb8da3b2b2ff09,7e10edb57d0c3f75601029ec16e673a7467648bd190bc63284ded2f7ea5dfb20,outputs\qdiffcl_data_regime_v1\DATA_REGIME_GENERALIZATION_V1\3w\f100\outer_31001\model_seed_46\JITTER_SCALING\result.json,False
3W,1.0,31001,formal_locked_test,FINAL_QDIFFCL_FIXED,42,N/A,COMPLETE_VALID,0.3677060899662736,0.8085477192212072,0.4250504725661503,0.9281859532803948,654.1428571428571,True,True,True,True,True,False,59.53298509999877,9fedd95c03342f1f204e200e9d3c6a8575d4a3aa2774741ded577d11573f17a6,0ae2f131a8c59e5a9a461d23a51552c00936d7464a3be941ecc8bfa7b96334f0,500de55d5dba28f2de9e6aa6622a9b8b255fede0e30a5680945f3daa1c8ec8a9,outputs\qdiffcl_data_regime_v1\DATA_REGIME_GENERALIZATION_V1\3w\f100\outer_31001\model_seed_42\FINAL_QDIFFCL_FIXED\result.json,False
3W,1.0,31001,formal_locked_test,FINAL_QDIFFCL_FIXED,43,N/A,COMPLETE_VALID,0.4272466910637458,0.8707943549753661,0.4043165210555466,0.921093207925372,434.7142857142857,True,True,True,True,True,False,59.37202369999977,e54bbd2e794260fcb5735e0ff37de871779b1cb8312cd8bb76a2f61e4495e3fc,3dec26f4499d99b49e9731354b8296ced0ab58606bfb60f96e5eeeb0093b5904,03b4e432941931c10dbbfd1b81d0609276a4e83508baa0593ceb694732bbab9b,outputs\qdiffcl_data_regime_v1\DATA_REGIME_GENERALIZATION_V1\3w\f100\outer_31001\model_seed_43\FINAL_QDIFFCL_FIXED\result.json,False
3W,1.0,31001,formal_locked_test,FINAL_QDIFFCL_FIXED,44,N/A,COMPLETE_VALID,0.4166875337315698,0.7978253027074658,0.39649997320040736,0.9136920823375222,605.3809523809524,True,True,True,True,True,False,60.39165150000008,a316f2e6885e4548928daea78469a581ffc4db96fe7d66021a8484116b2e0889,f645f00b0e2b27d662992b52142f557a874810a0efb768fb6e10e2d1b34e558d,82a49fb2c597ca9bb97007f4a9bfd56d9576489863e581866240d18a122c6b57,outputs\qdiffcl_data_regime_v1\DATA_REGIME_GENERALIZATION_V1\3w\f100\outer_31001\model_seed_44\FINAL_QDIFFCL_FIXED\result.json,False
3W,1.0,31001,formal_locked_test,FINAL_QDIFFCL_FIXED,45,N/A,COMPLETE_VALID,0.41742352740479227,0.7629888094428898,0.36846759929249073,0.8581450928995451,320.42857142857144,True,True,True,True,True,False,72.05291430000034,0fb5d97130beab84b420f8d1b69b03bf7b581dfcd48dea9170df84fc98430ed4,eb9f154f613084bb711302112adb7be878d810b8806b1c3f81799aaef72a5a71,29ec162536af2f8e4d85361580e64054cced600147554630d673cb8ef423d0a8,outputs\qdiffcl_data_regime_v1\DATA_REGIME_GENERALIZATION_V1\3w\f100\outer_31001\model_seed_45\FINAL_QDIFFCL_FIXED\result.json,False
3W,1.0,31001,formal_locked_test,FINAL_QDIFFCL_FIXED,46,N/A,COMPLETE_VALID,0.2744628631886054,0.8128490345238608,0.48672526844258635,0.9072546449772569,50.714285714285715,True,True,True,True,True,False,58.18128280000019,c5852f664e1ce563ee83d8471dd3bd1e1036c4716c6a968994b81821a12c7026,f14a73fbfd9f42d603a90f27adf99206f347badb680aad98c8edf2453ea75f2d,26ef3a5ee5547db4ccc41d57c990b095caef8b8eb1a8fbca452e24c83f59785c,outputs\qdiffcl_data_regime_v1\DATA_REGIME_GENERALIZATION_V1\3w\f100\outer_31001\model_seed_46\FINAL_QDIFFCL_FIXED\result.json,False
3W,1.0,31001,formal_locked_test,CALIBRATED_RHO,42,0.0,COMPLETE_VALID,0.4636874280343644,0.806593872370196,0.41728752389630347,0.9247552231901935,553.5714285714286,True,True,True,True,True,False,63.735631000001376,05e0ac1e25c388d6bb48c9d16b84cd8822285e162662c56c6f098e683f512e76,f6e292f6e0cb6b9da81be00fc45998fe7b88bd727c2f599914bce50d4e0a580b,f136fe3d114407f5b00babcc7d85a357c25159ad6e67c020f2049904da53403f,outputs\qdiffcl_data_regime_v1\DATA_REGIME_GENERALIZATION_V1\3w\f100\outer_31001\model_seed_42\CALIBRATED_RHO\result.json,False
3W,1.0,31001,formal_locked_test,CALIBRATED_RHO,43,0.0,COMPLETE_VALID,0.39988102897429334,0.8324774957927754,0.4736828000214397,0.8995451391565801,373.76190476190476,True,True,True,True,True,False,60.1984838999997,196c6511d72f0835728c543a5ab6b200c22e855813b01ed9e2bc49ca237f070d,c7ecf6320a1d7d8dd173e951ee282eb3bb5bf5c2381d5a9fe0b27e1d2691eb3d,efb9d6c0c8ca763fa7b8859d2379ced5906f90df478650c93190f41b26335446,outputs\qdiffcl_data_regime_v1\DATA_REGIME_GENERALIZATION_V1\3w\f100\outer_31001\model_seed_43\CALIBRATED_RHO\result.json,False
3W,1.0,31001,formal_locked_test,CALIBRATED_RHO,44,0.0,COMPLETE_VALID,0.3081947610258211,0.7924653721246023,0.3964910400028586,0.9096831393107702,599.2857142857143,True,True,True,True,True,False,58.723578900000575,fc36c941877753338426888943d46513e742074712ae2a13b362e2d9b25b9f80,97372d9480b80510531e8bb25510f12713f9fe7513dd60b94fd76085442668d1,7680f25164ea9ad2ce29c922669c023fa514251fa3cd7675e6272043dec15b49,outputs\qdiffcl_data_regime_v1\DATA_REGIME_GENERALIZATION_V1\3w\f100\outer_31001\model_seed_44\CALIBRATED_RHO\result.json,False
3W,1.0,31001,formal_locked_test,CALIBRATED_RHO,45,0.0,COMPLETE_VALID,0.4168661225557084,0.7571465458160413,0.378240517410802,0.8546372677511371,402.7142857142857,True,True,True,True,True,False,62.5234547,506b03ab2b9c4df0483930d23e2a6d1d4d8b0ee1d0e223bb346025844f99cbfd,e16afc4f3b555e20d76ed78860d119f72d71f200bdd3aa11e737d75a5e15abd5,28e6ac1bb0995df72c0f5142bb8a08ecf052fc3e03f388985afba34442d44a9b,outputs\qdiffcl_data_regime_v1\DATA_REGIME_GENERALIZATION_V1\3w\f100\outer_31001\model_seed_45\CALIBRATED_RHO\result.json,False
3W,1.0,31001,formal_locked_test,CALIBRATED_RHO,46,0.0,COMPLETE_VALID,0.28330781371011204,0.8068407931510602,0.45983634382090727,0.9068691696862231,250.33333333333334,True,True,True,True,True,False,58.14568700000018,63c314955817a78d5193786cbd90c6c16fe319281cfa3e8a35e4436505ddf573,2616846aeec53aa20942d1df07c2c8c505797c595150585fc267f06c167c6487,c6e9ae587a27f7ad1748e228476d37e0388b919c20b03a488a000d3c2e6d0f16,outputs\qdiffcl_data_regime_v1\DATA_REGIME_GENERALIZATION_V1\3w\f100\outer_31001\model_seed_46\CALIBRATED_RHO\result.json,False
3W,1.0,31002,formal_locked_test,NO_AUG,42,N/A,COMPLETE_VALID,0.17638561522631183,0.7040501664353411,0.9479129465493544,0.7795251310514956,3453.2,True,True,True,True,True,False,70.5935413999996,bdb31fe5c15dfae7f5a28a8299fa1b05bca238ba9af60086a60ad580fa423083,37a70beb59b1ec17623aa634dcf68299f0dad9d4b1bec89cc78ef8481bff11cf,36a374c3efeed3b0cf1e87e79914beb5617a8a67f699864ce5afcffe5c24d510,outputs\qdiffcl_data_regime_v1\DATA_REGIME_GENERALIZATION_V1\3w\f100\outer_31002\model_seed_42\NO_AUG\result.json,False
3W,1.0,31002,formal_locked_test,NO_AUG,43,N/A,COMPLETE_VALID,0.172619166785135,0.6356606342287406,0.9475666374468361,0.7290574570870593,5453.444444444444,True,True,True,True,True,False,70.18190669999967,9fbfe0e44278817fec1119d1f1825009f99853e4e4b6f3880646f5a31dfc38fe,5276ebfaaf7828249160b72f0f827700c488e8a01d7c5737850b8e31f30677f6,87e1c624b517f962629c18f09bc29a30facef725af2e19aa050a6bddb0a36f7d,outputs\qdiffcl_data_regime_v1\DATA_REGIME_GENERALIZATION_V1\3w\f100\outer_31002\model_seed_43\NO_AUG\result.json,False
3W,1.0,31002,formal_locked_test,NO_AUG,44,N/A,COMPLETE_VALID,0.511448488535407,0.716608391805438,0.24527342185859766,0.7648268064549285,4019.6,True,True,True,True,True,False,70.73380850000103,99725e8f2c6469afc44e2bf84c787871a3a84c7b001ee0aeba3550013646f2f2,29005a27f67b40c142b64ceb3539113f15ad7d6ebf57cb0e0055002bb18026b7,485d4047794193f1271e0a78bb7f9abfc881ced2b9cfc05081053d91b576b40b,outputs\qdiffcl_data_regime_v1\DATA_REGIME_GENERALIZATION_V1\3w\f100\outer_31002\model_seed_44\NO_AUG\result.json,False
3W,1.0,31002,formal_locked_test,NO_AUG,45,N/A,COMPLETE_VALID,0.4748255232629498,0.5309473977916275,0.3135720701708819,0.8084078528111831,3917.6666666666665,True,True,True,True,True,False,70.83607080000002,8270a2c27f4feb29265bf57f14faee9e5b19c11f87694659c4be850918b38298,a78efaee9bf18defef0ff8c07fefe223a938f10765ce1d9579932a294f1c91ae,027c95dbbdc77be14022433cfb2b65bf501677d3c8316f2da77c9544316669d4,outputs\qdiffcl_data_regime_v1\DATA_REGIME_GENERALIZATION_V1\3w\f100\outer_31002\model_seed_45\NO_AUG\result.json,False
3W,1.0,31002,formal_locked_test,NO_AUG,46,N/A,COMPLETE_VALID,0.22711049988310444,0.6322954973751,0.9788751447463827,0.7743858567170315,4575.5,True,True,True,True,True,False,72.30755209999916,aee666ecce2a031cfea5a96350122f2b4c948b1465bf29d272b8bde923a15cdd,3bfb83435e7c89393a153d998f24a9c36d45b5f9b7670fcc0854222fec832142,0d20fadcb26f67748127a4c74dd6da04a1b3d289879103168445f1dc98ca8b3f,outputs\qdiffcl_data_regime_v1\DATA_REGIME_GENERALIZATION_V1\3w\f100\outer_31002\model_seed_46\NO_AUG\result.json,False
3W,1.0,31002,formal_locked_test,UNIFORM_DIFFUSION,42,N/A,COMPLETE_VALID,0.20776131688599864,0.7015852027872965,0.9496336699024923,0.8412992085517524,2723.090909090909,True,True,True,True,True,False,70.60130770000069,4de9795c0f0a49da496facbb42b4253600181ae17685efbedc97037a82721828,3acef86b41aa9915f2d1fce15971baff245d346625a68b76a001d46a4beaf247,2e82f82079792d984a5ad02eb76ff84a4d8fc42db86fe809e1682b3c20d0348f,outputs\qdiffcl_data_regime_v1\DATA_REGIME_GENERALIZATION_V1\3w\f100\outer_31002\model_seed_42\UNIFORM_DIFFUSION\result.json,False
3W,1.0,31002,formal_locked_test,UNIFORM_DIFFUSION,43,N/A,COMPLETE_VALID,0.19908561173573092,0.6432509094229646,0.9480319903033452,0.7605098160139788,4237.2,True,True,True,True,True,False,69.87803210000129,4a10c476ec57386bda6de91c80633cd243257738ca46af501fd16c673ba39302,089801204c030ce640cede354e72e64ffd4d135323a9cc1ab53606e4a70e85f0,9193bdb5b3c1216f3672ce17f24a0529d6e1db74e2bbf071dff8d6ef78b7c2f7,outputs\qdiffcl_data_regime_v1\DATA_REGIME_GENERALIZATION_V1\3w\f100\outer_31002\model_seed_43\UNIFORM_DIFFUSION\result.json,False
3W,1.0,31002,formal_locked_test,UNIFORM_DIFFUSION,44,N/A,COMPLETE_VALID,0.13363226517817592,0.6645690999357309,0.9871108080906464,0.882310617740775,2483.0,True,True,True,True,True,False,69.92423439999948,d5e20a22f7174564a46a45543812335762db2854f439e78952022969acffb38a,fe8e79492c51c8c515d372481512a45d480161832fe52a60f56e1800d62aa4e2,86ea50c8e74bf1fb21652f3b89d29c1cf80ad2f9b8b0e9ff0078783dafbcc576,outputs\qdiffcl_data_regime_v1\DATA_REGIME_GENERALIZATION_V1\3w\f100\outer_31002\model_seed_44\UNIFORM_DIFFUSION\result.json,False
3W,1.0,31002,formal_locked_test,UNIFORM_DIFFUSION,45,N/A,COMPLETE_VALID,0.16103228755047017,0.4731934889270707,0.9775115526552168,0.6985301675403432,4149.142857142857,True,True,True,True,True,False,71.72855499999969,0d07989dbbf9abb3ff22c1478eced852467493149f7685c2475e17a8e203b90a,6f081b3ef36d493f4f2d8f9b8521496724c0baa7b731f83900c058332f50bf45,04aa4c75988086a48534db66a7003439be543812f398bbdb53610f3e099be0dd,outputs\qdiffcl_data_regime_v1\DATA_REGIME_GENERALIZATION_V1\3w\f100\outer_31002\model_seed_45\UNIFORM_DIFFUSION\result.json,False
3W,1.0,31002,formal_locked_test,UNIFORM_DIFFUSION,46,N/A,COMPLETE_VALID,0.1614677978507181,0.0744222937461682,0.780667294351915,0.6095179360674273,8668.25,True,True,True,True,True,False,71.50667849999991,30331fb19291e2eb7f7b90764c9b9158489bf69e49ecc309fe52f1b2193b9f00,4fb0dc4befdbc238b557478f47b0b24ae1fd7c7747392785046ba632214edbfd,8e3406842c9b4ec4a1fe12d33ce2dbd13f5c40f6fd63a9825d3f114c3dcc2c07,outputs\qdiffcl_data_regime_v1\DATA_REGIME_GENERALIZATION_V1\3w\f100\outer_31002\model_seed_46\UNIFORM_DIFFUSION\result.json,False
3W,1.0,31002,formal_locked_test,JITTER_SCALING,42,N/A,COMPLETE_VALID,0.3351129346958526,0.7075668924058769,0.5672651320844562,0.7609209579607359,4227.6,True,True,True,True,True,False,69.96159439999974,518b34757fb415479dbbe4726da4a9f57926ce5da235557827b6a708c5755b29,86e7d7f2a8f952d840aabdfa4f3e0925eedccef20c14def8978de0764b64e2fe,4854ec744e430891800d102a297e6e30c8f2905523752e8c67c368f29c913cc9,outputs\qdiffcl_data_regime_v1\DATA_REGIME_GENERALIZATION_V1\3w\f100\outer_31002\model_seed_42\JITTER_SCALING\result.json,False
3W,1.0,31002,formal_locked_test,JITTER_SCALING,43,N/A,COMPLETE_VALID,0.12532849974423382,0.5590540055635199,0.955044749629341,0.7806557714050776,3493.777777777778,True,True,True,True,True,False,70.42806180000116,56802a6b2ef61946df3ed93189b9fde1a7175227514aeb9a4017d75fce1cfa50,4be8c85a0d4f70185b2d36614090a4e5756a900de98bfd889bb9f0c789423daf,b30eeb0918c6f672f6540b0559e3efb769b77f5a023d1b528418e35c67d4e095,outputs\qdiffcl_data_regime_v1\DATA_REGIME_GENERALIZATION_V1\3w\f100\outer_31002\model_seed_43\JITTER_SCALING\result.json,False
3W,1.0,31002,formal_locked_test,JITTER_SCALING,44,N/A,COMPLETE_VALID,0.37176784796343465,0.6861888091354783,0.7121630250100105,0.9577551649707061,14.727272727272727,True,True,True,True,True,False,70.18820830000004,e35c90fd086cdc125d5532947f0439e8f988009a67116cda88b4d201c26f6444,fe8e1a6d76c2674145bd08b26ca678cb3bd86109fc3198bb35b6402ca528fb85,b1346cebbf1dc6ca989eb65ec2d66de2435eacfc85e5dc0d94af7ce2cdd524fa,outputs\qdiffcl_data_regime_v1\DATA_REGIME_GENERALIZATION_V1\3w\f100\outer_31002\model_seed_44\JITTER_SCALING\result.json,False
3W,1.0,31002,formal_locked_test,JITTER_SCALING,45,N/A,COMPLETE_VALID,0.3769633823721925,0.5674826456833989,0.7084834907957533,0.8678178641175865,3381.6666666666665,True,True,True,True,True,False,71.01042299999972,b945a189a8d935179f5050ebe909d59440ec44cf00bd8e9d4a263f6b3ef8360b,d646c50fd91b3455a6c16f5dbccbc35d90415929e6c07bf3e3d49cef99a78046,9272e600f9b0722cfb60cea1aaa386d80abda68c6a5b769364c609f4a39cce35,outputs\qdiffcl_data_regime_v1\DATA_REGIME_GENERALIZATION_V1\3w\f100\outer_31002\model_seed_45\JITTER_SCALING\result.json,False
3W,1.0,31002,formal_locked_test,JITTER_SCALING,46,N/A,COMPLETE_VALID,0.3627901220565537,0.10160817172485115,0.547601268357088,0.487305992393874,4169.636363636364,True,True,True,True,True,False,72.75139979999949,419d7c30a695d345857976ca34576ecf7a28294bc3f1965e450809e74f831843,c316728151b3729ca8c9d6067c96af4e4ec31c2887711ce9d4f746b6734fb8b9,e6a861892f7e095deba42523873e1490820b051078bbd0e6b98d9b51577835c6,outputs\qdiffcl_data_regime_v1\DATA_REGIME_GENERALIZATION_V1\3w\f100\outer_31002\model_seed_46\JITTER_SCALING\result.json,False
3W,1.0,31002,formal_locked_test,FINAL_QDIFFCL_FIXED,42,N/A,COMPLETE_VALID,0.1739958909932635,0.680779912746837,0.9831282534116857,0.7940178846746839,4102.363636363636,True,True,True,True,True,False,70.21807059999992,ded5642f2bc8d9bb0e21d875fbd9afdc8c55215a7eb1a2cb987169bed2529be5,ff4f5c1e55d86e452db0784f2b4bdabb76cf734467fc18cec74451e5e2f3e7d3,ee491f9fa7352fdffbe22c08f5fd976cacac6de8e74dbc822143deddaf055666,outputs\qdiffcl_data_regime_v1\DATA_REGIME_GENERALIZATION_V1\3w\f100\outer_31002\model_seed_42\FINAL_QDIFFCL_FIXED\result.json,False
3W,1.0,31002,formal_locked_test,FINAL_QDIFFCL_FIXED,43,N/A,COMPLETE_VALID,0.08179390750985593,0.6218031029923137,0.9257816304665433,0.6997635933806147,19.0,True,True,True,True,True,False,71.6816816999999,c584dbd4af4201f54c65ed5b4f45720ed653134f1315fc93c77cada363ddfab6,e45e2b337df2b56254eb83f31c7b0b022327d092891eefdef49ffc65f34bd102,f13623e03fe528194262c2dccb4062c77d8e4d2b62eedd3ba1ab1a36968e6a49,outputs\qdiffcl_data_regime_v1\DATA_REGIME_GENERALIZATION_V1\3w\f100\outer_31002\model_seed_43\FINAL_QDIFFCL_FIXED\result.json,False
3W,1.0,31002,formal_locked_test,FINAL_QDIFFCL_FIXED,44,N/A,COMPLETE_VALID,0.1362808535250473,0.6478958875476619,0.986732032509767,0.8815911193339501,2051.090909090909,True,True,True,True,True,False,71.11515990000044,7caff620dfdebe51a828b20b66d1c4542723223a9b33e480542ce56b79d45977,1bf233b9e5e5ee80dacfa148afc90384dac4ac373cd4f1980de6ee829ddc4666,5c079ac42e9812848f70fb94951c5d77755b0f45409241a57f2928452238ae81,outputs\qdiffcl_data_regime_v1\DATA_REGIME_GENERALIZATION_V1\3w\f100\outer_31002\model_seed_44\FINAL_QDIFFCL_FIXED\result.json,False
3W,1.0,31002,formal_locked_test,FINAL_QDIFFCL_FIXED,45,N/A,COMPLETE_VALID,0.1659965400453725,0.4787185569374995,0.9772409986688744,0.7169287696577243,4862.875,True,True,True,True,True,False,72.97914429999946,b0306305e12f04e3b5b47afd2487f6ed33555d63459bd103f14aaa4602339723,b247648cba90e4d6825a9f3118408551182951924280be32a48cd70d745dd883,a3be30ae10abd286931bd11d57861d2ec9eee037909ab4569f2720b1653a491d,outputs\qdiffcl_data_regime_v1\DATA_REGIME_GENERALIZATION_V1\3w\f100\outer_31002\model_seed_45\FINAL_QDIFFCL_FIXED\result.json,False
3W,1.0,31002,formal_locked_test,FINAL_QDIFFCL_FIXED,46,N/A,COMPLETE_VALID,0.4512292891449927,0.09967750145916739,0.3277166325768644,0.7297769554938842,4757.714285714285,True,True,True,True,True,False,72.22556970000005,b93b21e02bf3da732ae51af6aa49074d82080ce7254c95435b350ea00be0163d,39f5f6b970fae9548dd776a7bb2f3eb455e2a2d8839304bf7cce1953f2cc40d3,39a334f424cc4371da2ef35d1ece4f211fa26c4ae4358b518790e06d442b74a3,outputs\qdiffcl_data_regime_v1\DATA_REGIME_GENERALIZATION_V1\3w\f100\outer_31002\model_seed_46\FINAL_QDIFFCL_FIXED\result.json,False
3W,1.0,31002,formal_locked_test,CALIBRATED_RHO,42,0.75,COMPLETE_VALID,0.19458403131464658,0.7215869723732652,0.948107745419521,0.7556788981395827,4499.6,True,True,True,True,True,False,69.6105177999998,70c3e56903b9f4cbea1a0faf05eae39c7a3af0181ecfc44c42d475ad3946977a,a8bba85ea49ed2f531ca3d4fe2bddbbc3d12066d700a36de4c55756d4b46200c,ea0c7c40431713e7a50304623358bd8c47e9dd07f07e33f1e13002f83f6f0e63,outputs\qdiffcl_data_regime_v1\DATA_REGIME_GENERALIZATION_V1\3w\f100\outer_31002\model_seed_42\CALIBRATED_RHO\result.json,False
3W,1.0,31002,formal_locked_test,CALIBRATED_RHO,43,0.75,COMPLETE_VALID,0.3560003483373618,0.6597670960171311,0.5667456684306786,0.7602014595539109,4780.181818181818,True,True,True,True,True,False,71.09463219999998,26d6d6989022a3af78c7727825ceb2439c54e3508068e33c1fb326982ef6c2bc,ad5b8543316aabc186c9d861ab232bb450a4cf502b1ea6c0af8f6461cecf9a86,e52b2d61dd0c18a887d3709397c09c914cb79603cf595808ff3f5a56f2350c7d,outputs\qdiffcl_data_regime_v1\DATA_REGIME_GENERALIZATION_V1\3w\f100\outer_31002\model_seed_43\CALIBRATED_RHO\result.json,False
3W,1.0,31002,formal_locked_test,CALIBRATED_RHO,44,0.75,COMPLETE_VALID,0.22146974400043343,0.6590688163243155,0.9770461997987079,0.7852811183060951,3194.0,True,True,True,True,True,False,69.02352690000043,de9d2f5eeca2845b75924647d0544a301e56d687c9fb8ee8c48379ef63e53ab6,264afdb2d5bde2788948a0f132cac646745e69325b21b9c931a36467a9e5c8ad,2fcc3261a0da3d8028920e08c23dfb956e83ec9d55b61777aa4e45c2ee727a3b,outputs\qdiffcl_data_regime_v1\DATA_REGIME_GENERALIZATION_V1\3w\f100\outer_31002\model_seed_44\CALIBRATED_RHO\result.json,False
3W,1.0,31002,formal_locked_test,CALIBRATED_RHO,45,0.75,COMPLETE_VALID,0.4458377834983584,0.6557191418494928,0.30300964254407325,0.752492548052215,4695.818181818182,True,True,True,True,True,False,71.07066909999958,c1d67cfa6527bff9263a031e721cf1accff68b1e5ce57cf2722e77814844a07f,83a440911640bcf02bc52323c9c6b7b453d44799a46749c624c976633e4fc6ea,1d401d89e94c32d4021439c835738e2f3dbb1c2d76b4d7838bb2971d48726dba,outputs\qdiffcl_data_regime_v1\DATA_REGIME_GENERALIZATION_V1\3w\f100\outer_31002\model_seed_45\CALIBRATED_RHO\result.json,False
3W,1.0,31002,formal_locked_test,CALIBRATED_RHO,46,0.75,COMPLETE_VALID,0.24962643355654607,0.625298559739894,0.9988636732573618,1.0,13.666666666666666,True,True,True,True,True,False,70.87439160000031,e0e445e46ba0ad1bcd5b0d00fa44cb07c2850c43e8d87ae3890cf992bd778f18,30a4fda143c6c941bb6878d82d286a9bf195115b84cffc6a2907b64f49ae0b6a,76ed428bbb69d2472d36a4da91fcc7534e57c9f8bb4ceed3d861e6d142b974ec,outputs\qdiffcl_data_regime_v1\DATA_REGIME_GENERALIZATION_V1\3w\f100\outer_31002\model_seed_46\CALIBRATED_RHO\result.json,False
3W,1.0,31003,formal_locked_test,NO_AUG,42,N/A,COMPLETE_VALID,0.3192272232731608,0.8619778196492237,0.8914405695351202,0.9686979781739539,84.07142857142857,True,True,True,True,True,False,63.825015900001745,8eb768bbdb83f24674716a38050dd37979fa105a57511e93205c5e83d997f95e,0b7d8c869db7e8dc6e418ca211802e9706e398c27257462b7d1d6f0ce8fd53a6,87dbf7794b7cd59a0536f2d69fb345bb0eecfff08a635d5828587630f9e3ea13,outputs\qdiffcl_data_regime_v1\DATA_REGIME_GENERALIZATION_V1\3w\f100\outer_31003\model_seed_42\NO_AUG\result.json,False
3W,1.0,31003,formal_locked_test,NO_AUG,43,N/A,COMPLETE_VALID,0.33187274415575535,0.9060604763091985,0.7582100324792493,0.9361296472831268,72.6923076923077,True,True,True,True,True,False,63.692374900001596,f7e373f0870a5a629382f1c400e2250296fcb6682562d2953daf2455025d2dc1,b5f2942400f887a854e78677acccd3bd57c87f55e11f75b058fa47e2b791e860,65094cdfb5ba926820f6c65e3139e31572f1e8b23546b6aa98f65a5dd8806aee,outputs\qdiffcl_data_regime_v1\DATA_REGIME_GENERALIZATION_V1\3w\f100\outer_31003\model_seed_43\NO_AUG\result.json,False
3W,1.0,31003,formal_locked_test,NO_AUG,44,N/A,COMPLETE_VALID,0.236081911191598,0.8564441226966327,0.8213641284734753,0.8692002333423445,184.45454545454547,True,True,True,True,True,False,63.96646060000057,7b357bed182ece90aa24aec5a6c8cf704babc094a82775de17df1cf5e246562c,d54c288eb0e477afb72819a692c5beae49c928de265f25798bb587fd9a199595,5c575e35cb98d22fda87f42ac1aa7ce0aaa912badfb628de6d6d045c0bf09e1c,outputs\qdiffcl_data_regime_v1\DATA_REGIME_GENERALIZATION_V1\3w\f100\outer_31003\model_seed_44\NO_AUG\result.json,False
3W,1.0,31003,formal_locked_test,NO_AUG,45,N/A,COMPLETE_VALID,0.2774115953882204,0.8372762973616504,0.5505724877792724,0.6526471550730618,11368.90909090909,True,True,True,True,True,False,64.33546999999817,b4d187b9157fb9ddc8275ce9db04995ca46da3d7469860b72b7c459cd49939de,4546738ce6649cf3ac0a28ad0f1e86169f511d283e2434d186517ef703f6a955,f19c2dbf9f7988233818a523dbfdf1a0f6fead38b98224ade0bc43fde1e2671e,outputs\qdiffcl_data_regime_v1\DATA_REGIME_GENERALIZATION_V1\3w\f100\outer_31003\model_seed_45\NO_AUG\result.json,False
3W,1.0,31003,formal_locked_test,NO_AUG,46,N/A,COMPLETE_VALID,0.22218304096608574,0.903146925043898,0.9848430169613858,0.9812756996713288,67.8,True,True,True,True,True,False,63.94052030000239,df73e5609f7933c78a70684416f3eace25f876e9f3fcaeefbc568a54205ee5e5,66985fd39d8ae1eb922d31e2130fa54c44b47da06d529d65b983c07722f46c5f,8db0cd74b3e458bb7111404e84d13b0576f6e2111464227bd84565859804c530,outputs\qdiffcl_data_regime_v1\DATA_REGIME_GENERALIZATION_V1\3w\f100\outer_31003\model_seed_46\NO_AUG\result.json,False
3W,1.0,31003,formal_locked_test,UNIFORM_DIFFUSION,42,N/A,COMPLETE_VALID,0.3693502624473571,0.8598936808288735,0.7410518027623766,0.7248836845325327,10337.785714285714,True,True,True,True,True,False,64.02381859999878,9476aa622b2a1796237b35b663e0621595775cf7495220c3df8639526b12dd0e,d943eecd3c8f946226c21e3fb37091530f40322f529a8f2dcf4d410541f2519b,85148fbb0d962f53738db191d9e9de4726da0310a92d708178e13011bd77a9a0,outputs\qdiffcl_data_regime_v1\DATA_REGIME_GENERALIZATION_V1\3w\f100\outer_31003\model_seed_42\UNIFORM_DIFFUSION\result.json,False
3W,1.0,31003,formal_locked_test,UNIFORM_DIFFUSION,43,N/A,COMPLETE_VALID,0.4042152787119051,0.8650521649322956,0.6720908106689413,0.9187143405944539,133.33333333333334,True,True,True,True,True,False,63.86171049999757,1e463fd393f6d9fc036522cf22574b7a9de11ff909f57cfed134dc773ff531ea,14bf9534899d670e05a4840b0768bcf64cb0f90ebd1eb82b4368fe3f2a890ab6,e53c1f5ea1fc6c3cde5769caee9f0f2aa49de19300e01e896eb289dfb3f5e35d,outputs\qdiffcl_data_regime_v1\DATA_REGIME_GENERALIZATION_V1\3w\f100\outer_31003\model_seed_43\UNIFORM_DIFFUSION\result.json,False
3W,1.0,31003,formal_locked_test,UNIFORM_DIFFUSION,44,N/A,COMPLETE_VALID,0.3818391090857896,0.8631417900180752,0.6029985892851284,0.8220337777271887,167.27272727272728,True,True,True,True,True,False,63.68644789999962,20e65dc40c83b5405067b2f3774fbb38be1c01f16f472a685e741488daa219c4,cfa14f681af387c11024dd2b8f6fff146660588d1363fa53c5132354c4be4f67,6bdd01e1e711559d657d58c2bcc4467c43a31f0d6ff877095089789d3115d394,outputs\qdiffcl_data_regime_v1\DATA_REGIME_GENERALIZATION_V1\3w\f100\outer_31003\model_seed_44\UNIFORM_DIFFUSION\result.json,False
3W,1.0,31003,formal_locked_test,UNIFORM_DIFFUSION,45,N/A,COMPLETE_VALID,0.30146608024289334,0.8419911832520942,0.39473770545585773,0.6415207091330762,11412.545454545454,True,True,True,True,True,False,64.73682149999877,bff5537ffc0876257bf7185b830c2d2f6c5e0ff9885c8e40aeb1009988a74fd9,3ce0cdcb4e712cc0d374867c2003d9d7db7f412d2dbed25d9af94940e45e4ac8,9dbb783cc5b772be1866aa189d52d49775701bb7fd02834cdda0810c7c3dfac4,outputs\qdiffcl_data_regime_v1\DATA_REGIME_GENERALIZATION_V1\3w\f100\outer_31003\model_seed_45\UNIFORM_DIFFUSION\result.json,False
3W,1.0,31003,formal_locked_test,UNIFORM_DIFFUSION,46,N/A,COMPLETE_VALID,0.26572994495330804,0.919575524638821,0.8637839965880385,0.9444389112587681,92.38461538461539,True,True,True,True,True,False,63.63588719999825,c265def93428f1a01f9c545d33baa278502a130ddc2ef4997972fc06c3c8b7be,378c2d2b4ebdca2adea05169d533c63cec5b45eb8a353140bc155c53129dcb2d,3c1bf1169d886d7163f55cb2b23661b4a2b01a6b273beace82b0703b11978461,outputs\qdiffcl_data_regime_v1\DATA_REGIME_GENERALIZATION_V1\3w\f100\outer_31003\model_seed_46\UNIFORM_DIFFUSION\result.json,False
3W,1.0,31003,formal_locked_test,JITTER_SCALING,42,N/A,COMPLETE_VALID,0.36398730314535055,0.8339328977225295,0.7846199271677439,0.9571731428652732,81.78571428571429,True,True,True,True,True,False,63.84255949999715,ffee0b67ed7d6bdeb2cc78099e7740206c3d434400dbf83b1fff4888966e7ed6,05aa695e926092eb1ab9fb3b6ad9de19b498e037168828eff9d8076b2bd954bf,a6db8340e0bd32cd5f9acaef22ec39d30db4dd8283fe4170f172a927138b0022,outputs\qdiffcl_data_regime_v1\DATA_REGIME_GENERALIZATION_V1\3w\f100\outer_31003\model_seed_42\JITTER_SCALING\result.json,False
3W,1.0,31003,formal_locked_test,JITTER_SCALING,43,N/A,COMPLETE_VALID,0.40988018372112456,0.8624526708591704,0.4891243725599554,0.8050880013659064,155.63636363636363,True,True,True,True,True,False,64.2183961999981,b26056d5787850833b99a3320f201d0195694d2a3dbc53462fb73bdcc7f41115,34e47084fe6347ddca045b93c47ff6e78a095df159b980230ada43aa36efffce,dd819589d152c360e88733a0639c3f7c45f9432026867bf366100e2fb0d5850a,outputs\qdiffcl_data_regime_v1\DATA_REGIME_GENERALIZATION_V1\3w\f100\outer_31003\model_seed_43\JITTER_SCALING\result.json,False
3W,1.0,31003,formal_locked_test,JITTER_SCALING,44,N/A,COMPLETE_VALID,0.370304742416425,0.8658311828455058,0.6053607165119255,0.8079478679054679,82.0,True,True,True,True,True,False,64.39454280000064,e316cdedcfcf530fb7dbc2822d81cdf96aae7bd59b22d94974434386a43230c3,98b8c6d8f584abf919f1d4a3062ec3382f9cd387073acf5ac345cf912c3b301c,802653427884f9e583e48d90f1e0bebc1bfa8b7a2cfa3289bdf51db5958dd755,outputs\qdiffcl_data_regime_v1\DATA_REGIME_GENERALIZATION_V1\3w\f100\outer_31003\model_seed_44\JITTER_SCALING\result.json,False
3W,1.0,31003,formal_locked_test,JITTER_SCALING,45,N/A,COMPLETE_VALID,0.4145743926310401,0.8260791833435693,0.14297431186640858,0.52194698575758,119.33333333333333,True,True,True,True,True,False,64.12489379999897,5b3a77df1384a269958e1b48ec06f2b2a040184756a98451f06006c4faa8cafe,4ca23f85e64806c3c842490992163f2d0a45d04e9907303d419e313130b6c591,e70e2376c6a0b577f570322f68cbf161f2260ad068e1b536723670e27bd01615,outputs\qdiffcl_data_regime_v1\DATA_REGIME_GENERALIZATION_V1\3w\f100\outer_31003\model_seed_45\JITTER_SCALING\result.json,False
3W,1.0,31003,formal_locked_test,JITTER_SCALING,46,N/A,COMPLETE_VALID,0.2980641805110975,0.8845947269293867,0.833141957284866,0.9488069661226755,85.0,True,True,True,True,True,False,63.97802049999882,f631055702bbcca8a4c99b6f108def06816b31a833604258dbc53d0f8fb9b5bf,6a4ec353d0396c9191298cc63af22b91cc9b2317ff0559c381b7877f7d2da095,2005afd9c59464de1578436e8408aae7557ac0a337b1ea85a13f0fa4d1fde682,outputs\qdiffcl_data_regime_v1\DATA_REGIME_GENERALIZATION_V1\3w\f100\outer_31003\model_seed_46\JITTER_SCALING\result.json,False
3W,1.0,31003,formal_locked_test,FINAL_QDIFFCL_FIXED,42,N/A,COMPLETE_VALID,0.37940360778574417,0.8739624071696956,0.7076539483612743,0.9440974346570294,3361.6666666666665,True,True,True,True,True,False,64.87835669999913,24c1f0fda5e29fdc898aa433c2d6516a5eb92fffd993802faef5b3d4deeca590,336be393ded8534efe3f68f6f7f6734795b863f264026963673a245802a6085e,c4fc20d411e148615a29733cfd1d4a643ad2131eba02a1921f17c6395170d3dc,outputs\qdiffcl_data_regime_v1\DATA_REGIME_GENERALIZATION_V1\3w\f100\outer_31003\model_seed_42\FINAL_QDIFFCL_FIXED\result.json,False
3W,1.0,31003,formal_locked_test,FINAL_QDIFFCL_FIXED,43,N/A,COMPLETE_VALID,0.33226644152235046,0.8912214492550891,0.7583084544470325,0.9350198483274761,75.15384615384616,True,True,True,True,True,False,63.90520370000013,0441ddbfb578e87c82bab315dc0220b4d99b72d9ced200c6d18f4aaeb07c2b40,ca04544d84a9e0875a164bc7fbcbd10c89a31666deb2e7f4fb5a0012de4aaca9,07ca0d3e9f67aec081952792c8659d440ce4ee2404c7a66425dfc0e282f119cd,outputs\qdiffcl_data_regime_v1\DATA_REGIME_GENERALIZATION_V1\3w\f100\outer_31003\model_seed_43\FINAL_QDIFFCL_FIXED\result.json,False
3W,1.0,31003,formal_locked_test,FINAL_QDIFFCL_FIXED,44,N/A,COMPLETE_VALID,0.23670536244496093,0.8573019487242108,0.8451166300318231,0.9473130059900687,87.63636363636364,True,True,True,True,True,False,63.52307149999979,a09a9160987b5056be52e5df9d233cc211d38bdb59bc2de4339a57e4d3dbd777,76fdc65568f1cb3382921f145ba42de86d362b0e691337ba67a69f2efb21e499,de63fa79c0fe542f952205e58bb08aaafa9af1615fb80ed3addacb2de57f73cf,outputs\qdiffcl_data_regime_v1\DATA_REGIME_GENERALIZATION_V1\3w\f100\outer_31003\model_seed_44\FINAL_QDIFFCL_FIXED\result.json,False
3W,1.0,31003,formal_locked_test,FINAL_QDIFFCL_FIXED,45,N/A,COMPLETE_VALID,0.27611033857407735,0.8360498233341331,0.5513926708441325,0.6489051406456754,102.6,True,True,True,True,True,False,63.80710049999834,53e165abd93cf927e0defd0cd43448de28aaa3bfab8bf67ed6d1ba4da702397d,ccc38b83afa13125467b7789b3be0a3be4ab14f047ad9e93d6d20e2d2276ec05,d7eaae019e8fe8017862fe956887a19ca5fe101d386abb965a8c484789f6101f,outputs\qdiffcl_data_regime_v1\DATA_REGIME_GENERALIZATION_V1\3w\f100\outer_31003\model_seed_45\FINAL_QDIFFCL_FIXED\result.json,False
3W,1.0,31003,formal_locked_test,FINAL_QDIFFCL_FIXED,46,N/A,COMPLETE_VALID,0.2675783809132398,0.917041205045605,0.8637839965880385,0.9455060256392015,92.38461538461539,True,True,True,True,True,False,64.08688110000003,1c16a211f6dbd0050f9464862f985bbb6c5c6aa31fe570cad22ce702b7695c9d,39846d116c6a44ff9d6687c17fc8b4ded9d7a72fbd1cca2fc097e00b340b4893,e279c1f31bb43a1478bf1b88087be82bcbdd653786b1c97d2cdcafeb49e3bafa,outputs\qdiffcl_data_regime_v1\DATA_REGIME_GENERALIZATION_V1\3w\f100\outer_31003\model_seed_46\FINAL_QDIFFCL_FIXED\result.json,False
3W,1.0,31003,formal_locked_test,CALIBRATED_RHO,42,1.0,COMPLETE_VALID,0.37940360778574417,0.8739624071696956,0.7076539483612743,0.9440974346570294,3361.6666666666665,True,True,True,True,True,False,64.87835669999913,24c1f0fda5e29fdc898aa433c2d6516a5eb92fffd993802faef5b3d4deeca590,336be393ded8534efe3f68f6f7f6734795b863f264026963673a245802a6085e,bcddce98a1fd693ab31b29c0efa4590a6c5524a3ce81930f762e3ce758619530,outputs\qdiffcl_data_regime_v1\DATA_REGIME_GENERALIZATION_V1\3w\f100\outer_31003\model_seed_42\CALIBRATED_RHO\result.json,False
3W,1.0,31003,formal_locked_test,CALIBRATED_RHO,43,1.0,COMPLETE_VALID,0.33226644152235046,0.8912214492550891,0.7583084544470325,0.9350198483274761,75.15384615384616,True,True,True,True,True,False,63.90520370000013,0441ddbfb578e87c82bab315dc0220b4d99b72d9ced200c6d18f4aaeb07c2b40,ca04544d84a9e0875a164bc7fbcbd10c89a31666deb2e7f4fb5a0012de4aaca9,d79e4046b3caae250b9dff353c6382211d7ec2bd614d5511e2a5a43f5b8f11b4,outputs\qdiffcl_data_regime_v1\DATA_REGIME_GENERALIZATION_V1\3w\f100\outer_31003\model_seed_43\CALIBRATED_RHO\result.json,False
3W,1.0,31003,formal_locked_test,CALIBRATED_RHO,44,1.0,COMPLETE_VALID,0.23670536244496093,0.8573019487242108,0.8451166300318231,0.9473130059900687,87.63636363636364,True,True,True,True,True,False,63.52307149999979,a09a9160987b5056be52e5df9d233cc211d38bdb59bc2de4339a57e4d3dbd777,76fdc65568f1cb3382921f145ba42de86d362b0e691337ba67a69f2efb21e499,eeb2551452fd3b229d13e6840a7991fca59db9ed69fb48a3c83f5ab96595d1a9,outputs\qdiffcl_data_regime_v1\DATA_REGIME_GENERALIZATION_V1\3w\f100\outer_31003\model_seed_44\CALIBRATED_RHO\result.json,False
3W,1.0,31003,formal_locked_test,CALIBRATED_RHO,45,1.0,COMPLETE_VALID,0.27611033857407735,0.8360498233341331,0.5513926708441325,0.6489051406456754,102.6,True,True,True,True,True,False,63.80710049999834,53e165abd93cf927e0defd0cd43448de28aaa3bfab8bf67ed6d1ba4da702397d,ccc38b83afa13125467b7789b3be0a3be4ab14f047ad9e93d6d20e2d2276ec05,198784462d35271cdef19b63aa648f659e05f1168bbda3f1e4c118c71a566c03,outputs\qdiffcl_data_regime_v1\DATA_REGIME_GENERALIZATION_V1\3w\f100\outer_31003\model_seed_45\CALIBRATED_RHO\result.json,False
3W,1.0,31003,formal_locked_test,CALIBRATED_RHO,46,1.0,COMPLETE_VALID,0.2675783809132398,0.917041205045605,0.8637839965880385,0.9455060256392015,92.38461538461539,True,True,True,True,True,False,64.08688110000003,1c16a211f6dbd0050f9464862f985bbb6c5c6aa31fe570cad22ce702b7695c9d,39846d116c6a44ff9d6687c17fc8b4ded9d7a72fbd1cca2fc097e00b340b4893,e8cfd5aa04ed2bca07fae6636b5c813dbfcbc6f941b6e206d122687c009c74c7,outputs\qdiffcl_data_regime_v1\DATA_REGIME_GENERALIZATION_V1\3w\f100\outer_31003\model_seed_46\CALIBRATED_RHO\result.json,False
3W,0.25,31001,formal_locked_test,NO_AUG,42,N/A,COMPLETE_VALID,0.5903262898616473,0.8730487951181664,0.10725196977005949,0.8776115950967543,691.6315789473684,True,True,True,True,True,False,59.17451639999854,5d867946f1555e41c2260a02ab6b3cf751f5a344e420ff6bdc0e312d2aa885e2,ff8a767d2dc98a86aedb367b71032e234652cf884889a19c4d8c7597264af42f,035cc4f78c41be44b71c7e0a441c7519f190403021769d593d2e360cc514059f,outputs\qdiffcl_data_regime_v1\DATA_REGIME_GENERALIZATION_V1\3w\f025\outer_31001\model_seed_42\NO_AUG\result.json,False
3W,0.25,31001,formal_locked_test,NO_AUG,43,N/A,COMPLETE_VALID,0.4198747488926484,0.8433868721582721,0.1240999803469654,0.9178937630097911,728.6842105263158,True,True,True,True,True,False,58.95855300000039,34b9a4d3ff280feb898541714efad828014c3eae9b1f3457acb2b9c7c91e325c,9698d24d93bf60a0e530f3c590b91b92a51dfc2cfb3a25fdae65bd16ee8efd9e,b10016cc0101c549923e015372e9f60703ffd5fa65569bdd777cbfa4b07b2a0a,outputs\qdiffcl_data_regime_v1\DATA_REGIME_GENERALIZATION_V1\3w\f025\outer_31001\model_seed_43\NO_AUG\result.json,False
3W,0.25,31001,formal_locked_test,NO_AUG,44,N/A,COMPLETE_VALID,0.4198257521263538,0.8050364199243558,0.14064426220721446,0.9690848816590857,1123.65,True,True,True,True,True,False,58.914254499999515,75ddaa626f8df8ea3e3cfcec6828d3bc5b8520c3ee6aa11291457310482d1ace,2dcdc2989bb424d7610999886673919bcd2aff6a1618ef6b75938e8d754fa44c,0f5f24b5b419dc44726a47d3612265c47c3c2bc263e4a45cff833644468ca17a,outputs\qdiffcl_data_regime_v1\DATA_REGIME_GENERALIZATION_V1\3w\f025\outer_31001\model_seed_44\NO_AUG\result.json,False
3W,0.25,31001,formal_locked_test,NO_AUG,45,N/A,COMPLETE_VALID,0.5612950502632744,0.7521953777998509,0.09629986957531579,0.8427646287872947,1039.6,True,True,True,True,True,False,59.0834935999992,e7cf58a30390e952b87dddbfc40225117cd7641b0454e205ae25c714c1c6497a,e243ef6b2a94c1b71d09a59f9c12dae039263b110106dc354d46e65f2a87852b,45ca730d67dcbf0ce5df4ade5d8a0b63643584803d9152df0d9f2f1b92a0effc,outputs\qdiffcl_data_regime_v1\DATA_REGIME_GENERALIZATION_V1\3w\f025\outer_31001\model_seed_45\NO_AUG\result.json,False
3W,0.25,31001,formal_locked_test,NO_AUG,46,N/A,COMPLETE_VALID,0.4118533429859269,0.8572545958581101,0.14128745243072305,0.885205458330121,14.578947368421053,True,True,True,True,True,False,58.605519699998695,f4e25fc7b44730d177479f88b28e0758e11c1d89d0b4750903ede16b446aa5c3,a67ef1c3cf747fc967255d4fc1ec59b13c398bbcbc845e1723d9dc56b81c3cc8,ca201c618623aad8f195506b23f8b2f8418eabec293a3b140e94182d69249cc0,outputs\qdiffcl_data_regime_v1\DATA_REGIME_GENERALIZATION_V1\3w\f025\outer_31001\model_seed_46\NO_AUG\result.json,False
3W,0.25,31001,formal_locked_test,UNIFORM_DIFFUSION,42,N/A,COMPLETE_VALID,0.5583715764521449,0.8450140063279239,0.0893230422897572,0.8152416930074782,698.3684210526316,True,True,True,True,True,False,58.415181099997426,83a707c35a371d14876ee31a71e6577f8a0669e26ed388fb5d289e74c273af92,41bd95447310d15612d5e490de2c80616c5d6a4edb43fa52f7571b2da8f71fd4,2404a2667ce6b48a61275ab9866d1eb966e7fdc890cf0cdd00ccfe12e6e76b70,outputs\qdiffcl_data_regime_v1\DATA_REGIME_GENERALIZATION_V1\3w\f025\outer_31001\model_seed_42\UNIFORM_DIFFUSION\result.json,False
3W,0.25,31001,formal_locked_test,UNIFORM_DIFFUSION,43,N/A,COMPLETE_VALID,0.41963999706108834,0.8405154443554127,0.12410891354451413,0.9125742039935241,834.0,True,True,True,True,True,False,58.79893209999864,6517eb546b200d1d742296de01fc6c44430b1ec9ccecd84f8381c35973135a7a,32cc1a062abc83ee2d443ee2f9ce3a99d9baa43bc47825ccdcf736413e484bcf,f75b9e231d8eabe59d4afa5e0dad40fafedaa586127a3782f00202c613284373,outputs\qdiffcl_data_regime_v1\DATA_REGIME_GENERALIZATION_V1\3w\f025\outer_31001\model_seed_43\UNIFORM_DIFFUSION\result.json,False
3W,0.25,31001,formal_locked_test,UNIFORM_DIFFUSION,44,N/A,COMPLETE_VALID,0.4194854809068981,0.8040139699095172,0.14064426220721446,0.9750597486701102,861.25,True,True,True,True,True,False,58.97351619999972,bfd3d16553063d745d0aab47a7d71ddaa47031cda2061d8bb293516c6768a8f5,34cc7086807e58207246c38a954fbbb06560f40f83d1bd60f94058c421706178,388dd74fc98b61d865a90291c5908f411d821f4f1ee99208bde7ee91091694fd,outputs\qdiffcl_data_regime_v1\DATA_REGIME_GENERALIZATION_V1\3w\f025\outer_31001\model_seed_44\UNIFORM_DIFFUSION\result.json,False
3W,0.25,31001,formal_locked_test,UNIFORM_DIFFUSION,45,N/A,COMPLETE_VALID,0.5080782580023864,0.8064530585000026,0.09711279055225028,0.8200986816745046,870.8461538461538,True,True,True,True,True,False,58.67891470000177,9fe415a1afc6fb33089f757b17eb3fb7f401827f50ac2ec35abb16a57dd880da,8b42a16affbdd2c5bec9d3cbf074f3d553d293168035d19d239084804a7993a9,62f0ef07181273a0c5447c5d2dea1d215b2c3da173b0e75ed054b4ae82561a44,outputs\qdiffcl_data_regime_v1\DATA_REGIME_GENERALIZATION_V1\3w\f025\outer_31001\model_seed_45\UNIFORM_DIFFUSION\result.json,False
3W,0.25,31001,formal_locked_test,UNIFORM_DIFFUSION,46,N/A,COMPLETE_VALID,0.42184805329437985,0.8522160883930684,0.12098229440245842,0.8760311464035155,14.578947368421053,True,True,True,True,True,False,58.792547599998215,380b839c66155ca2b825e84bb636c6d5689e4f0d5180a91267869fb7dc0fcdf7,2f0ce32dcb154de25356808447f7d8cafb4f9239bdbaef6d446c1e59e7b59d46,ecc8175e9b59bff928a3e860f62998190de5abb6f98a1f27646e56f815bf8dfe,outputs\qdiffcl_data_regime_v1\DATA_REGIME_GENERALIZATION_V1\3w\f025\outer_31001\model_seed_46\UNIFORM_DIFFUSION\result.json,False
3W,0.25,31001,formal_locked_test,JITTER_SCALING,42,N/A,COMPLETE_VALID,0.5723260167594564,0.8693636818522924,0.10961033392292437,0.9113021355331123,629.3157894736842,True,True,True,True,True,False,58.88240959999894,678dc5979fddf80a5f42e954ed9a7b6bb3e350938017762984d94510f5805202,fc80eb8620ff46d6d531bf46b49181ccc21d229773032bdd65b1406e82a6f015,02044fb703e99673fc4f0db4a9d028d6e89954da344105ce93ed75fe8d949963,outputs\qdiffcl_data_regime_v1\DATA_REGIME_GENERALIZATION_V1\3w\f025\outer_31001\model_seed_42\JITTER_SCALING\result.json,False
3W,0.25,31001,formal_locked_test,JITTER_SCALING,43,N/A,COMPLETE_VALID,0.4281793099869122,0.8442401827364594,0.12358185488913902,0.9069848122735332,1340.0,True,True,True,True,True,False,59.23376569999891,5d0b93eb822cb6dd402e6b87873b15ed417758dbb9e4711e01b63b4bd016bb3d,cd6b4c7d3feac2c0c7446fb59e7cfa47fb3716302af021d218de2a6ae3ef2b42,97b5945227f1c8a63180e03119c9c8052b8fc57c5cca1fbca635f6381a22abee,outputs\qdiffcl_data_regime_v1\DATA_REGIME_GENERALIZATION_V1\3w\f025\outer_31001\model_seed_43\JITTER_SCALING\result.json,False
3W,0.25,31001,formal_locked_test,JITTER_SCALING,44,N/A,COMPLETE_VALID,0.5389918533032827,0.8244119327377252,0.13037108502617428,0.8906792074628016,804.7272727272727,True,True,True,True,True,False,58.94421990000046,816fd7dffa01c6d5d6569ca51c7f77a1d20fb3773a3fec81dc3d87f3be0d9097,6c8a41d2b3b177e96a78d0c93a3235fcbfd4931dfc041959fb73eb518a654df0,ea893eac22f85128fa3fd241f9b91404ce6d6d2ef03932685a32dcdfad970b14,outputs\qdiffcl_data_regime_v1\DATA_REGIME_GENERALIZATION_V1\3w\f025\outer_31001\model_seed_44\JITTER_SCALING\result.json,False
3W,0.25,31001,formal_locked_test,JITTER_SCALING,45,N/A,COMPLETE_VALID,0.4911549723874987,0.7665068820962498,0.09812224187525682,0.8124277233829311,1036.8,True,True,True,True,True,False,58.886914500002604,b0672e82fd5f74a03bebece6356e0e5d276f76b24151443d8ebe15732e95187c,fe555c859a4cee6fd0967be7e4ffb444f67aeaddca1b8dc98f013828326a28ac,275a2282818bcf5da6aff42e10d507c2172adc89ab1fc01a11574cba113fbb35,outputs\qdiffcl_data_regime_v1\DATA_REGIME_GENERALIZATION_V1\3w\f025\outer_31001\model_seed_45\JITTER_SCALING\result.json,False
3W,0.25,31001,formal_locked_test,JITTER_SCALING,46,N/A,COMPLETE_VALID,0.4215175788277584,0.8546511638804016,0.11979417912847724,0.8783439981497186,15.166666666666666,True,True,True,True,True,False,58.66407519999848,d97864cf596582799f4cd60325b7d4ea9bae97d569d6100d6844826ad1161cc6,c85c92c37981835df03ab3776000e539b05eb458285f9805036b7e16fbb9f86f,a008bea411f790138ef3ee3143f770329c0fd06c8c04e31709bfe9b05dba6507,outputs\qdiffcl_data_regime_v1\DATA_REGIME_GENERALIZATION_V1\3w\f025\outer_31001\model_seed_46\JITTER_SCALING\result.json,False
3W,0.25,31001,formal_locked_test,FINAL_QDIFFCL_FIXED,42,N/A,COMPLETE_VALID,0.5902859136367947,0.838552824274077,0.08539243536831574,0.8322026058129673,639.421052631579,True,True,True,True,True,False,58.741546299999754,1e7d48cb48a609cadfe717b3ed7b20179628163483d8c86d4b3bf55248fba7c6,1b05dddf51e0cd30bb5223ebaff0bed14a9fa8d5593c1829a7bac7f8dbc2a6ed,62d4353ebd8b14a3c87bbb01371bcb73b41280b61484ef5b23b36e72bc4f4d25,outputs\qdiffcl_data_regime_v1\DATA_REGIME_GENERALIZATION_V1\3w\f025\outer_31001\model_seed_42\FINAL_QDIFFCL_FIXED\result.json,False
3W,0.25,31001,formal_locked_test,FINAL_QDIFFCL_FIXED,43,N/A,COMPLETE_VALID,0.4196239388979714,0.8392966431580332,0.12414464633470905,0.9328116567728009,757.3157894736842,True,True,True,True,True,False,58.927392199999304,94daa088031662d20058cf3bfbee4101bbf7e2b1441d354dd2450e186f0d383b,98024d33caa6142b9974416a70ea23128c2956768541b8b0fc669da2392d7827,662c5b176f1d6e9e661afa1ad9e94f6859e0b4a3f930decc81e7199a123b2b6d,outputs\qdiffcl_data_regime_v1\DATA_REGIME_GENERALIZATION_V1\3w\f025\outer_31001\model_seed_43\FINAL_QDIFFCL_FIXED\result.json,False
3W,0.25,31001,formal_locked_test,FINAL_QDIFFCL_FIXED,44,N/A,COMPLETE_VALID,0.5461667811299624,0.8334891153365692,0.1302906862482357,0.908064143088428,796.0,True,True,True,True,True,False,58.7756664999979,139b2616865597e068f8c44855e8a8dddbbe3fa8df5de9ed3ab57d88f159a556,4970de1b7cdaef5fec07c82c97b43d377c2f9ee94eda8b097c666042093ea2d1,a6c2e2a16f587377303e00b5fc83fe4e0e382a05517dbe7ba2b92321541e7020,outputs\qdiffcl_data_regime_v1\DATA_REGIME_GENERALIZATION_V1\3w\f025\outer_31001\model_seed_44\FINAL_QDIFFCL_FIXED\result.json,False
3W,0.25,31001,formal_locked_test,FINAL_QDIFFCL_FIXED,45,N/A,COMPLETE_VALID,0.5079470809854019,0.8020368042630415,0.09529041825230923,0.8229511988281552,975.9230769230769,True,True,True,True,True,False,58.89513950000037,828fa327387a927f52093d473fab8f818dfd07920621641bf95589aac410f774,034d7e769cc421511df35f7817680d9d0fd09c456b4234d6cbb38a7a1776008e,5f30c27b687d24e87c1f79f3a1dd55c8200530591c817ba81ca9acf5cafbfe21,outputs\qdiffcl_data_regime_v1\DATA_REGIME_GENERALIZATION_V1\3w\f025\outer_31001\model_seed_45\FINAL_QDIFFCL_FIXED\result.json,False
3W,0.25,31001,formal_locked_test,FINAL_QDIFFCL_FIXED,46,N/A,COMPLETE_VALID,0.4111071512502207,0.8553934163803848,0.14106412249200478,0.8819289183563334,14.578947368421053,True,True,True,True,True,False,58.79147379999995,3719191fa3c03b88d624a64a3dfed0b1f6314f412cae1df494831348aa1aac10,c69f0e7ee7461192519d5a765e31b851c1a4344c50d54cd3d2c1880977628612,80000fbe89224df1c15bdc2b663d1fbc96dd071fdc5af1c3711490b1625089b9,outputs\qdiffcl_data_regime_v1\DATA_REGIME_GENERALIZATION_V1\3w\f025\outer_31001\model_seed_46\FINAL_QDIFFCL_FIXED\result.json,False
3W,0.25,31001,formal_locked_test,CALIBRATED_RHO,42,0.0,COMPLETE_VALID,0.5414543129402829,0.8534858216078975,0.10862768219256401,0.8741808650065531,1132.090909090909,True,True,True,True,True,False,58.81859959999929,d87be7f5c345040ef574736daadcc90df3815be5e69643ca6da98b5664e30df6,40e31b90369c1d983fec5e6d83613213c539c2e27f1f12b6db0ad2df15418335,f5125ee1b2aabd150cfbcbb799479e38c21e1bd24cdf7d80ad7298c54f45aa6c,outputs\qdiffcl_data_regime_v1\DATA_REGIME_GENERALIZATION_V1\3w\f025\outer_31001\model_seed_42\CALIBRATED_RHO\result.json,False
3W,0.25,31001,formal_locked_test,CALIBRATED_RHO,43,0.0,COMPLETE_VALID,0.4250890165540543,0.8329177313696811,0.12267960193671723,0.8741808650065531,23.142857142857142,True,True,True,True,True,False,58.979381099998136,45570efddb9f9403de38ebe816534c0854bbc9bdfcc2586e2aa7868e9fa6903a,da7a0611f948224d1f70259dcf2d2c6111e852dfc50a61871ea651a7c9885147,d11a61d98a78d705e275709a7466ad131ace35818d8d49e4edffbdc29ee10903,outputs\qdiffcl_data_regime_v1\DATA_REGIME_GENERALIZATION_V1\3w\f025\outer_31001\model_seed_43\CALIBRATED_RHO\result.json,False
3W,0.25,31001,formal_locked_test,CALIBRATED_RHO,44,0.0,COMPLETE_VALID,0.41950152789045336,0.8098900908931497,0.14064426220721446,0.9800323799244468,745.5714285714286,True,True,True,True,True,False,58.76559690000067,d4a9681517df226ec991a1cf6e85f90f6c5babdd903b6dd6df20eeeb87715733,d97b7ee1359bc426fc46b1e260686c1c2381d8fce5570c7e8cff6c584cac887f,0b65680c03d2e8be04ea6727b85a10c04b88cd0d315184a8f85cd6735600b8b6,outputs\qdiffcl_data_regime_v1\DATA_REGIME_GENERALIZATION_V1\3w\f025\outer_31001\model_seed_44\CALIBRATED_RHO\result.json,False
3W,0.25,31001,formal_locked_test,CALIBRATED_RHO,45,0.0,COMPLETE_VALID,0.49641821809134556,0.7947821376917666,0.10016794411391614,0.8146634800709275,1014.1818181818181,True,True,True,True,True,False,58.65151100000003,6244484ff4f3dd3476e4627fd0bc6e0ff98b4dc2673770b01edea41bfd8d2db8,43e027dae1e37ee723986ecad579b1fe01c683004712ffcb0a0f1e5f0afd8100,91f9e65080aeb0bf75e1eabc8bea27af5a8cedf794fdaecbe1ffb181f683536f,outputs\qdiffcl_data_regime_v1\DATA_REGIME_GENERALIZATION_V1\3w\f025\outer_31001\model_seed_45\CALIBRATED_RHO\result.json,False
3W,0.25,31001,formal_locked_test,CALIBRATED_RHO,46,0.0,COMPLETE_VALID,0.4093760971071838,0.8489226079862849,0.14736202676385984,0.8820445609436435,14.578947368421053,True,True,True,True,True,False,58.69571249999717,74b8ff1d614518c12fae05a7d662081a940449b05cff9157419693e093f531c9,edcef8a1760ef00f41382b249b8d0c05a8b562a0498d56aef9c59ad802e0f1ae,6469411dd898b39c4182a670e4a2cf7cafc589a658d6875030fadb158d5a0917,outputs\qdiffcl_data_regime_v1\DATA_REGIME_GENERALIZATION_V1\3w\f025\outer_31001\model_seed_46\CALIBRATED_RHO\result.json,False
3W,0.25,31002,formal_locked_test,NO_AUG,42,N/A,COMPLETE_VALID,0.10583418771375686,0.6061546010034051,0.9782366373386145,0.81169698838524,1424.4,True,True,True,True,True,False,61.135511000000406,7dfaaca47c227e788d8ab6d18ae4839e4ef561783e11ad4ae952fbc3dd2644ec,826d5a2445f418c318112bf092612161606fbf09ed7781cdbd76ad0fa3dca6f3,9a9479e559385820a91e06a5c3b5008757cbfd83851b26921e9e3db9d1f66400,outputs\qdiffcl_data_regime_v1\DATA_REGIME_GENERALIZATION_V1\3w\f025\outer_31002\model_seed_42\NO_AUG\result.json,False
3W,0.25,31002,formal_locked_test,NO_AUG,43,N/A,COMPLETE_VALID,0.4363489742835519,0.6159431537647556,0.6976396870231486,0.7001747353273717,5410.875,True,True,True,True,True,False,62.71120119999978,251d266b7af6c0f6dbfaaeae6b5d9fa695e49676fea3f56b709b40e193b6ee2e,dde063672faa521db77f99914acebf648f94518ef95be2a3bc6d936411c97b33,8578f8bc26371fca147b06be78dd17a8747fc3d9abf45bfac03770ee34b91968,outputs\qdiffcl_data_regime_v1\DATA_REGIME_GENERALIZATION_V1\3w\f025\outer_31002\model_seed_43\NO_AUG\result.json,False
3W,0.25,31002,formal_locked_test,NO_AUG,44,N/A,COMPLETE_VALID,0.14486100448638178,0.6191023413491195,0.9251431230587751,0.9618665844382773,40.333333333333336,True,True,True,True,True,False,62.99759090000225,c0de76d2988c85e38ddc1f3357a377d8b916cabecf667a8dcfd9b88237881b2a,f3f872540a92882a66d992feda491b4660d7ce85a162c561f4671b0d0a3e1cda,5ca65e9102367275adcabbd34ca4c6d3338818943f9b8421ecd34aac5c687b92,outputs\qdiffcl_data_regime_v1\DATA_REGIME_GENERALIZATION_V1\3w\f025\outer_31002\model_seed_44\NO_AUG\result.json,False
3W,0.25,31002,formal_locked_test,NO_AUG,45,N/A,COMPLETE_VALID,0.2753856055131303,0.24029343050699245,0.890674545198749,0.9769760509816015,21.666666666666668,True,True,True,True,True,False,63.10904140000275,013180fd5ff68d4678c8ba5aa75513694069a85f7d7ac6035b05d9ad1420527d,f55f27023255b98f15b00cc2bd9ea1f45d16f6d9d5b21a775e6d8eae87a61a9c,5494aa3e63d553136f53c49ee047acaa86dcbff2d31723a4c88a13963b4c4137,outputs\qdiffcl_data_regime_v1\DATA_REGIME_GENERALIZATION_V1\3w\f025\outer_31002\model_seed_45\NO_AUG\result.json,False
3W,0.25,31002,formal_locked_test,NO_AUG,46,N/A,COMPLETE_VALID,0.19491716543036253,0.5504173730894065,0.9998701340865557,0.9978415047795252,13.666666666666666,True,True,True,True,True,False,63.72069610000108,9930ef1b7e7acb58e13bd05f12434e19cdfa35cf0d105eca82a810b6ab452646,7112dcd80b573c15ba4bb9b8a184003526c0728fb2f4310cfe99a6c2652d4e39,aaec0550126d5dc6f80622831740c7847824ed49d5d9a0a4fc078541162f3cfa,outputs\qdiffcl_data_regime_v1\DATA_REGIME_GENERALIZATION_V1\3w\f025\outer_31002\model_seed_46\NO_AUG\result.json,False
3W,0.25,31002,formal_locked_test,UNIFORM_DIFFUSION,42,N/A,COMPLETE_VALID,0.12126572718995582,0.6046146345837079,0.9938313691113925,0.9565217391304348,14.727272727272727,True,True,True,True,True,False,61.02662579999742,dd4c6820f33dacb4409146be8ffdf10b115d81c483367968ac24a44d08d9c9fc,65da9f021ea3dbe987d011f531f3dc2be5d0a2e833d35892357083e0a048b0ff,4ea6a5e1bf111b7711bcd3fb29542746388ebd0b9950d3038f21aa0d2b3394e3,outputs\qdiffcl_data_regime_v1\DATA_REGIME_GENERALIZATION_V1\3w\f025\outer_31002\model_seed_42\UNIFORM_DIFFUSION\result.json,False
3W,0.25,31002,formal_locked_test,UNIFORM_DIFFUSION,43,N/A,COMPLETE_VALID,0.4496792589155804,0.6203448252651635,0.6957025204809367,0.7171343406311029,5069.444444444444,True,True,True,True,True,False,63.61870270000145,ef7e3c81635be776130479c5a7f12b9daa496fdd05d484b66207337873139d05,c98fb589d113aab362fff2f8e8811ee6201ee65d38dfdd6015b608dd966017d1,2385745fdc45c287d7ed8381ded32edf42b37541b6d7e105215eb3dbf8b3d138,outputs\qdiffcl_data_regime_v1\DATA_REGIME_GENERALIZATION_V1\3w\f025\outer_31002\model_seed_43\UNIFORM_DIFFUSION\result.json,False
3W,0.25,31002,formal_locked_test,UNIFORM_DIFFUSION,44,N/A,COMPLETE_VALID,0.14442692944531035,0.6193933327020934,0.9256084759152842,0.9645390070921985,40.333333333333336,True,True,True,True,True,False,63.376783100000466,4ef74561c908a2aaeaa61e945bd0843da2d775e04cccd88ba1124688513e855f,f1c9b688471331a3c72826ed267aa1fe40f3819cf2c7d5904b765bedcbfb758f,5e9c565d8b92a52d9cc755668da48123eb4ff86517904f0df5949435af38e8eb,outputs\qdiffcl_data_regime_v1\DATA_REGIME_GENERALIZATION_V1\3w\f025\outer_31002\model_seed_44\UNIFORM_DIFFUSION\result.json,False
3W,0.25,31002,formal_locked_test,UNIFORM_DIFFUSION,45,N/A,COMPLETE_VALID,0.4289963116937164,0.5636828305357134,0.73335281322035,0.9495323260355638,45.666666666666664,True,True,True,True,True,False,61.153517299997475,735b152f9bf4c052f08afe90f47c3e107c93ef02e48907fa1c86cebd019bfc9b,a30bc7ae937d4d3d6f3db0107a0e8cf59e675380532ed05ff7d0f4173ea5f84a,b3219c9957eb4a12fbcbfa4afb4b09cdd35a0bd17c1bb8a38301fd69a6332a51,outputs\qdiffcl_data_regime_v1\DATA_REGIME_GENERALIZATION_V1\3w\f025\outer_31002\model_seed_45\UNIFORM_DIFFUSION\result.json,False
3W,0.25,31002,formal_locked_test,UNIFORM_DIFFUSION,46,N/A,COMPLETE_VALID,0.3178612408532743,0.59402236250385,0.79300455612913,0.9980470757529037,64.33333333333333,True,True,True,True,True,False,62.71822739999698,f46b217070557cea662f50ce1c0acbea77840405b6ea71d890670430c5806f8f,89d67a72c085ce8a8ceb2d4f678cd12be58d80bbde441726452cf43e6418bc89,56d6288aeacbb0dfc22c32ca2416c51ad4c6d3892f492baa5a41dacd11390443,outputs\qdiffcl_data_regime_v1\DATA_REGIME_GENERALIZATION_V1\3w\f025\outer_31002\model_seed_46\UNIFORM_DIFFUSION\result.json,False
3W,0.25,31002,formal_locked_test,JITTER_SCALING,42,N/A,COMPLETE_VALID,0.11997446585787683,0.6306506995457978,0.9477397919980953,0.7566039675197862,4371.6,True,True,True,True,True,False,61.20696510000198,fcc070783f5d47a99e9ed66fa44dc7d4d3872eb70cdd2fa2fdefb0698859d045,166ee97d17553d10d8beeb12b9faab951be1afe1cf5f10e2d522652d04e98ea7,aefed941e1afa559b315be1e559f32536360e393a3a0ab7580635c66f4c32c73,outputs\qdiffcl_data_regime_v1\DATA_REGIME_GENERALIZATION_V1\3w\f025\outer_31002\model_seed_42\JITTER_SCALING\result.json,False
3W,0.25,31002,formal_locked_test,JITTER_SCALING,43,N/A,COMPLETE_VALID,0.4204058287898415,0.605291360415559,0.6977154421393245,0.6976050981601398,5706.875,True,True,True,True,True,False,63.6775662,fad13e4513042e64237130c69a09d6f7fec17590c128d5d02b423f84428788da,c05008938cc35164db9b108aaef38f28dfc584cd00f1c71129d3d949e964665f,aa02af6a91873969f54bbd55e32cb7148c000390deef2cf6d8f45462a836cd64,outputs\qdiffcl_data_regime_v1\DATA_REGIME_GENERALIZATION_V1\3w\f025\outer_31002\model_seed_43\JITTER_SCALING\result.json,False
3W,0.25,31002,formal_locked_test,JITTER_SCALING,44,N/A,COMPLETE_VALID,0.17944341333511682,0.6017041233438972,0.8856963518500481,0.7180594100113064,4878.875,True,True,True,True,True,False,62.7066679999989,1a6a3043c75360817a464b5134849429b2aefb5de79dcc246db8b0873f9a3544,dec519c83bbd1ebca5041da01941dbf0e94182d511e49f1fe1e75d4bdb54ab9e,7beb376ce88ae46ab00823ad5eb726e3d4e76621047f4a30e7f719816e16d4e1,outputs\qdiffcl_data_regime_v1\DATA_REGIME_GENERALIZATION_V1\3w\f025\outer_31002\model_seed_44\JITTER_SCALING\result.json,False
3W,0.25,31002,formal_locked_test,JITTER_SCALING,45,N/A,COMPLETE_VALID,0.15502895489728552,0.4845480473743645,0.9577611116522191,0.7344023023949018,4514.777777777777,True,True,True,True,True,False,63.36182109999936,f1d23cd85978dc7d11dabe96458c97a20a930ed5f0f1cad24b8a0db6ae08023b,334ed9586f53bdfaabbeb944c726af1b8d6cc6aca9863b9890070c7dc12966f1,dd3ba13ad37945e92c50a8c0f5f9feac22b621a7fa52d9fbe50a4053dce0e48f,outputs\qdiffcl_data_regime_v1\DATA_REGIME_GENERALIZATION_V1\3w\f025\outer_31002\model_seed_45\JITTER_SCALING\result.json,False
3W,0.25,31002,formal_locked_test,JITTER_SCALING,46,N/A,COMPLETE_VALID,0.20097232670517576,0.5395589410518948,0.9892752399813859,0.9542604584232707,24.333333333333332,True,True,True,True,True,False,63.446359399997164,21c394ea3dfbe3fed0b0062fc07fba5967f472e04493c781904d997ed8f30970,5615b631f1ddc468bdd8199684151bbfab3b4bb7dae01f5e89780fe24af8c514,5bc4547bcdc9ebd3b0e77df3a8d2c50d5f1a230bb45c7aac74c1b97f04c691fc,outputs\qdiffcl_data_regime_v1\DATA_REGIME_GENERALIZATION_V1\3w\f025\outer_31002\model_seed_46\JITTER_SCALING\result.json,False
3W,0.25,31002,formal_locked_test,FINAL_QDIFFCL_FIXED,42,N/A,COMPLETE_VALID,0.11076338359528758,0.6039704685993116,0.9873921842364426,0.8677150786308974,2321.6363636363635,True,True,True,True,True,False,61.898523800002295,add5b3a2f04b9a79f0ea10e1021f9daf8a0f7df4392a0f1c0e0d06f1881ee18d,96f6a9131400a46714376ad5cadcbb8d6d81d74c4508e13d0bd538f3e0f7e2d0,8600250ba98bd60c1898dad9db0e36381c9bcc584a79fe702029a12405830ed6,outputs\qdiffcl_data_regime_v1\DATA_REGIME_GENERALIZATION_V1\3w\f025\outer_31002\model_seed_42\FINAL_QDIFFCL_FIXED\result.json,False
3W,0.25,31002,formal_locked_test,FINAL_QDIFFCL_FIXED,43,N/A,COMPLETE_VALID,0.32265688403528586,0.5628217625319282,0.8664437301819204,0.6801315654229623,5204.555555555556,True,True,True,True,True,False,63.17981389999841,bdca65d52b674cefdc8953beee4812bf418b429f960a7378581c66e55cd64d76,1f2ec863f4f5ee336ce97a5b5d539f6c10d94fecbe88e1cfde9c9693ea91bc53,ab9d60ced5ad37d532bc03c3a082a01f0d64d95b430ff88d654915bc97bbedc2,outputs\qdiffcl_data_regime_v1\DATA_REGIME_GENERALIZATION_V1\3w\f025\outer_31002\model_seed_43\FINAL_QDIFFCL_FIXED\result.json,False
3W,0.25,31002,formal_locked_test,FINAL_QDIFFCL_FIXED,44,N/A,COMPLETE_VALID,0.16896196358098256,0.6182323350649583,0.9050030843154443,0.7206290471785384,4914.875,True,True,True,True,True,False,60.76185400000031,397dc44eeaa326f966824a708fd1e64219020c4c3bc25264e19651a21758ca69,d5ee6df35f7a001517004e663dbe7008a35200b89df2a4e533d47b37c80e0d14,028591eee6c97b65192b359e32de5f8672ec57ca6086af3f4ff6dd86a0e14574,outputs\qdiffcl_data_regime_v1\DATA_REGIME_GENERALIZATION_V1\3w\f025\outer_31002\model_seed_44\FINAL_QDIFFCL_FIXED\result.json,False
3W,0.25,31002,formal_locked_test,FINAL_QDIFFCL_FIXED,45,N/A,COMPLETE_VALID,0.4044228011629819,0.2368863204314845,0.7326493728558596,0.9544660293966492,48.333333333333336,True,True,True,True,True,False,63.328726700001425,b17e68e6fa32450f1cb467b11e5af7d5a90be5aae28302d0dcedf8dc5e037cf2,86273c0751e229ae2aca0d5109bb2bd34a6f3dabc04f796b2f0d2c5bdb0e8759,5fcae3b02e1e0d09da45991ab8e8e3a1fff7b77c872a811ef8032c248bab739f,outputs\qdiffcl_data_regime_v1\DATA_REGIME_GENERALIZATION_V1\3w\f025\outer_31002\model_seed_45\FINAL_QDIFFCL_FIXED\result.json,False
3W,0.25,31002,formal_locked_test,FINAL_QDIFFCL_FIXED,46,N/A,COMPLETE_VALID,0.14991543404280247,0.5423904366871124,0.9998701340865557,0.999280501593175,13.666666666666666,True,True,True,True,True,False,63.11963520000063,eebeab1251881be9944312027bf066e724f04601895dd10cde9019f11e3eee8c,f136e3ce076001215574bf1dfbff494006bdbf01755284535a3cfe86629e75fc,2bceba4fe436c6144a320572d24a83d1b92cc11a9d7e6444d98107d3b1b3182e,outputs\qdiffcl_data_regime_v1\DATA_REGIME_GENERALIZATION_V1\3w\f025\outer_31002\model_seed_46\FINAL_QDIFFCL_FIXED\result.json,False
3W,0.25,31002,formal_locked_test,CALIBRATED_RHO,42,0.75,COMPLETE_VALID,0.11080384699009536,0.6135717157203807,0.9869484756988409,0.8681262205776544,1040.4,True,True,True,True,True,False,62.14923169999747,f295b6e56f067e9a525694ce4c37ab8dafbe115f9d2bd942f9b30e8f4acab52c,552477259a4f81d04aed15b56639d9868c5cfa8ba064c1abd962bb0e23190b32,9b4295b51e59f5da1e30a53c6606494aeedec53c57fa8b64ebdf1373ed4be1aa,outputs\qdiffcl_data_regime_v1\DATA_REGIME_GENERALIZATION_V1\3w\f025\outer_31002\model_seed_42\CALIBRATED_RHO\result.json,False
3W,0.25,31002,formal_locked_test,CALIBRATED_RHO,43,0.75,COMPLETE_VALID,0.41091537302551356,0.6051933852726292,0.6976937978204171,0.6976050981601398,6022.875,True,True,True,True,True,False,61.81616600000052,69b44fc8e42715621b9828fe5006536576e6276d8ac1b74f57dc7dddc6be95d5,2de25fbc4e81534359d39c95f2f719569f9d51a399fde07363f042e25a9f0ad7,7efb06ad13f341dffc014baf0bc9c2ca5bdbd75eb8fe32604fc2e9271c24f4ec,outputs\qdiffcl_data_regime_v1\DATA_REGIME_GENERALIZATION_V1\3w\f025\outer_31002\model_seed_43\CALIBRATED_RHO\result.json,False
3W,0.25,31002,formal_locked_test,CALIBRATED_RHO,44,0.75,COMPLETE_VALID,0.1851625333614277,0.5775045970598257,0.8856963518500481,0.7249460376194882,4734.875,True,True,True,True,True,False,62.62993149999966,db6c0f1511c05599843d4b6e68c67b089d6844ccec76ef9dda3a3273478197d5,944342200b3f3eaba962691d5dfd1c9755115d4f1f8bc472cfb811b1bbdf1439,931d06b7716bfdc0c724844f508714ff7f9e274e49ec5c107acbaecf0cadd168,outputs\qdiffcl_data_regime_v1\DATA_REGIME_GENERALIZATION_V1\3w\f025\outer_31002\model_seed_44\CALIBRATED_RHO\result.json,False
3W,0.25,31002,formal_locked_test,CALIBRATED_RHO,45,0.75,COMPLETE_VALID,0.2099526016793436,0.22989749436529128,0.9976083027607329,1.0,13.666666666666666,True,True,True,True,True,False,64.10556409999845,637f0f0802ab5a0b26d3633d8f1554e9e760a11757361c4593ab6b997ea10fd5,d9b4437b0e71985d8c4abe40af30650bd9436f2401854713ff2800cc0ac1a378,148b7676a2f44829ec9bfdbfa6d75c969808e1203133efb141fdc7a01ce9a081,outputs\qdiffcl_data_regime_v1\DATA_REGIME_GENERALIZATION_V1\3w\f025\outer_31002\model_seed_45\CALIBRATED_RHO\result.json,False
3W,0.25,31002,formal_locked_test,CALIBRATED_RHO,46,0.75,COMPLETE_VALID,0.3167521545787904,0.5939677208592821,0.7929720896507689,0.9977387192928359,72.33333333333333,True,True,True,True,True,False,62.40373059999911,ff497fe3521b5c63a8563987783855b200f7dfd0cc0d0fcbf8b2763effb40e26,b985ecf9c5ff9e0fcc0ae2b7fbe20cbcffe79d58084256c8e5de9473acccf54b,dadaf7e30859b973ffee12b0b9a3b96b4657b076c15b0bfbfd781317cc7b0644,outputs\qdiffcl_data_regime_v1\DATA_REGIME_GENERALIZATION_V1\3w\f025\outer_31002\model_seed_46\CALIBRATED_RHO\result.json,False
3W,0.25,31003,formal_locked_test,NO_AUG,42,N/A,COMPLETE_VALID,0.39395073958206794,0.8590948979699514,0.9848758242839802,0.9907801317530555,61.4,True,True,True,True,True,False,56.54645900000105,e79791343129632b417b4d03e27b18eaab5bc0d5d80d3f99666dbde072651755,bf50f43358c3a6b0e6dafc004339323f3c4a55b2f1b13b8223f7f6692cc36676,986f0b53047593c1ae097f3edeb8f70c58b1b13478f8714bd1d6938d7d1e8de0,outputs\qdiffcl_data_regime_v1\DATA_REGIME_GENERALIZATION_V1\3w\f025\outer_31003\model_seed_42\NO_AUG\result.json,False
3W,0.25,31003,formal_locked_test,NO_AUG,43,N/A,COMPLETE_VALID,0.395038693761906,0.8620267870240701,0.8972474656343296,0.9924732865700098,67.8,True,True,True,True,True,False,55.95975140000155,4aad91599072b5bbd22cbbb958e77441645a5f3e9fc5fcb30f7c7dbca5577578,0a0d8962b1e5b724865a522e6e23e38f1d1a5ea3b9a42ff4507f831639d0659c,d8d75b47b54ca2a4f5437e014b2f6db1661480a3f12c4518bce9eb9abdfb3552,outputs\qdiffcl_data_regime_v1\DATA_REGIME_GENERALIZATION_V1\3w\f025\outer_31003\model_seed_43\NO_AUG\result.json,False
3W,0.25,31003,formal_locked_test,NO_AUG,44,N/A,COMPLETE_VALID,0.31046062596132723,0.7649225607832272,0.9283160001312293,0.9578987806439679,1052.642857142857,True,True,True,True,True,False,55.53191190000143,b138ad7b1913440b7d79affdb5ffa9a317148b210a5dfcea43f833ab4d0b7cb1,d41ec89349909dd1ec1a0f92bda4ba2559fb079a2571f1954a29f45793f92719,f976282befc9a50d6f9969be7abddd12b74bd45b1590ca63dc66577d42c3e334,outputs\qdiffcl_data_regime_v1\DATA_REGIME_GENERALIZATION_V1\3w\f025\outer_31003\model_seed_44\NO_AUG\result.json,False
3W,0.25,31003,formal_locked_test,NO_AUG,45,N/A,COMPLETE_VALID,0.43259338976584405,0.7638398641820748,0.6764213772514025,0.9214888379835807,168.69230769230768,True,True,True,True,True,False,55.46903039999961,43ed146413ba8d38607b7c03ee6be835b614f55005fd85cba2879df64ee1d700,2f99cea9523637c941f16afd5838efaa95a21a2eca8cba39739b7b8472ffcad5,8ea6578960b0f330a17f067a4a4d5c5cc3d3a3493a668a36c77142a7c84a6fab,outputs\qdiffcl_data_regime_v1\DATA_REGIME_GENERALIZATION_V1\3w\f025\outer_31003\model_seed_45\NO_AUG\result.json,False
3W,0.25,31003,formal_locked_test,NO_AUG,46,N/A,COMPLETE_VALID,0.37297543323676036,0.8871896700908161,0.7962993340113513,0.9643726078852639,153.75,True,True,True,True,True,False,56.12929460000305,2f266920c113d9e69085cb2726d48fba88a6048f5c9ea6019f2c1bcbb88866f2,4cef01ca896e99f4286740da84f0688c8dcb1c885d30bb5b71222e687c7bef21,cd91e2cbdaa1c018d3b0fb40e02d9b6c65c7a7224718252a7515d0a5839ff8e0,outputs\qdiffcl_data_regime_v1\DATA_REGIME_GENERALIZATION_V1\3w\f025\outer_31003\model_seed_46\NO_AUG\result.json,False
3W,0.25,31003,formal_locked_test,UNIFORM_DIFFUSION,42,N/A,COMPLETE_VALID,0.39248106117936793,0.8593227202201861,0.9849086316065746,0.9911927493134898,61.4,True,True,True,True,True,False,55.75793649999832,7ee2aeef0fdc629ff5aa6635a6f91827705ffdea388b275c844acfb3a7c3bcc7,11ed5183ba7f58eec737e8feb2e7aac8111a1711dfeead49b2c924cc6111977f,5e6aa6a7af8bbd21c37df98b24e04a5ee8e5fbb159a0dbfa331c376599554839,outputs\qdiffcl_data_regime_v1\DATA_REGIME_GENERALIZATION_V1\3w\f025\outer_31003\model_seed_42\UNIFORM_DIFFUSION\result.json,False
3W,0.25,31003,formal_locked_test,UNIFORM_DIFFUSION,43,N/A,COMPLETE_VALID,0.39317651440449675,0.8624178284896106,0.897280272956924,0.9909224136704466,67.8,True,True,True,True,True,False,55.827759299998434,06ce017b6104f757b10e0f4904e8db28001d2f240ce453d5ac55a1a8dec921e6,1f4138ffdf29807fc9e5ffb157bbb1621859b9b44a2e974062e14162a8c3ab29,4a162cfb0d419e5c8495b6b481d3513048fe38c2e5e28addb7ca7590d0f40e9e,outputs\qdiffcl_data_regime_v1\DATA_REGIME_GENERALIZATION_V1\3w\f025\outer_31003\model_seed_43\UNIFORM_DIFFUSION\result.json,False
3W,0.25,31003,formal_locked_test,UNIFORM_DIFFUSION,44,N/A,COMPLETE_VALID,0.35186222174728243,0.7266582799034992,0.8461008497096552,0.9641876413926554,124.41666666666667,True,True,True,True,True,False,56.474235300000146,ea5b1bb9ed989bdc5490f2ba21f3ce445fd57e812ed362199c42297d44ff4ee2,7e11bf4aeb1a308f4cd84c27b282969d6b1b756ebc5d3caf047aa0b04b3d5a9b,3d27b96135f41117cb28c11a7f829599ecfb8d8f45ba7e7354c66f63c7e20b68,outputs\qdiffcl_data_regime_v1\DATA_REGIME_GENERALIZATION_V1\3w\f025\outer_31003\model_seed_44\UNIFORM_DIFFUSION\result.json,False
3W,0.25,31003,formal_locked_test,UNIFORM_DIFFUSION,45,N/A,COMPLETE_VALID,0.340285283819883,0.7883044856334582,0.6894130769987862,0.9231535364170568,156.3846153846154,True,True,True,True,True,False,55.37596680000206,41b744726ef533dff49d3469051903c40c7f4b2b0b1a7e6c1f5c7f3718082207,ff98243381db390167a51c0717d8d1bdad015b45621039bb48dbe1aefc5d5f83,782815c2c25466d9122dcc327178b6dc804cd02f5589a5b23b8e19d43d33a98b,outputs\qdiffcl_data_regime_v1\DATA_REGIME_GENERALIZATION_V1\3w\f025\outer_31003\model_seed_45\UNIFORM_DIFFUSION\result.json,False
3W,0.25,31003,formal_locked_test,UNIFORM_DIFFUSION,46,N/A,COMPLETE_VALID,0.3751749704291579,0.851220779179424,0.7949214264623864,0.9638888493661341,180.41666666666666,True,True,True,True,True,False,56.495317399996566,298cd1b48c993a05ef16446a16c75af1bd4a2f930ea1c8b56b9ef22505f50442,558eccbd99ee57de21ea19b4bdef74c9e4a6647d46ef7d8962f1c24c7e41566b,cbed234012d350b15053165dd2468debb09e0c4a14e8c7732039c1f9dff3ce4f,outputs\qdiffcl_data_regime_v1\DATA_REGIME_GENERALIZATION_V1\3w\f025\outer_31003\model_seed_46\UNIFORM_DIFFUSION\result.json,False
3W,0.25,31003,formal_locked_test,JITTER_SCALING,42,N/A,COMPLETE_VALID,0.39075244115528673,0.8603222528197204,0.9849086316065746,0.9893573125791443,63.53333333333333,True,True,True,True,True,False,55.585888599998725,56801d6569ceebe38411bacc15f6b2694ead24d957cb432fc1c431289c1aa9ba,2af16e987ad37154e9652079193d9826f6a35cf47d02145653517522ead3a646,35ca83b8a283efed850bd8fc1fd027a99f402eedfacb5db92dccfcc6717dc76f,outputs\qdiffcl_data_regime_v1\DATA_REGIME_GENERALIZATION_V1\3w\f025\outer_31003\model_seed_42\JITTER_SCALING\result.json,False
3W,0.25,31003,formal_locked_test,JITTER_SCALING,43,N/A,COMPLETE_VALID,0.39581244507442187,0.8511242025935825,0.8972474656343296,0.9957599988617447,76.33333333333333,True,True,True,True,True,False,56.11396480000258,ede592401e0820895337b71c68736a57b47b5f02b2cd16c444afdf5121475dd4,237465c9838b3dec85d1087d5948bc31774662ea4d0fa61d92eb5edea5699b7f,13167243bf9049d73497921a363c89da34a0f9dd33dd75e0cee7193bde9ac128,outputs\qdiffcl_data_regime_v1\DATA_REGIME_GENERALIZATION_V1\3w\f025\outer_31003\model_seed_43\JITTER_SCALING\result.json,False
3W,0.25,31003,formal_locked_test,JITTER_SCALING,44,N/A,COMPLETE_VALID,0.3851992851695242,0.8383603997614288,0.8969850070535743,0.9954896632187016,264.06666666666666,True,True,True,True,True,False,55.565208700001676,ac7092ca4088880501896fdbf7d1ef842e19cdd0ec4b2403832e6333524de5f2,438a432a64eaa1cf68805807fe05ff35a53bc1c614ce6e048cc9d1a3111fce03,09a7e1898062ccbfed198c8e7e27a00146f57cd118473592fd67737f749bc7ca,outputs\qdiffcl_data_regime_v1\DATA_REGIME_GENERALIZATION_V1\3w\f025\outer_31003\model_seed_44\JITTER_SCALING\result.json,False
3W,0.25,31003,formal_locked_test,JITTER_SCALING,45,N/A,COMPLETE_VALID,0.4069207291500032,0.7402714958753712,0.783012368360618,0.9321030690209581,149.0,True,True,True,True,True,False,55.40089420000004,77fc47526de1e582b4a517468fd89c284d77c223dbb0e955d789bd6635ac7e80,0b8a3c32d3b35be852b0fc1ea81eba12367c133166cd3894768d34159128de5a,3f9e711aba52c8b437314ac3f582c99b745c60bf093f524816c0c1e048fb412b,outputs\qdiffcl_data_regime_v1\DATA_REGIME_GENERALIZATION_V1\3w\f025\outer_31003\model_seed_45\JITTER_SCALING\result.json,False
3W,0.25,31003,formal_locked_test,JITTER_SCALING,46,N/A,COMPLETE_VALID,0.4003833922556031,0.8915567102470668,0.7951838850431416,0.9636754264900473,148.41666666666666,True,True,True,True,True,False,55.90928030000214,c9f7bbcd7648ada204478ba68e44d972a15515ea6835b0a2e9b7acb762fbf6ea,c7ccd3c4007fb29f84015d637e5bc78a87574d9534ce870cc401a720ad8b061a,fac3e9719b3a39401c6e4b0ec9845633ce7543760ba0f7341f64197000b3131c,outputs\qdiffcl_data_regime_v1\DATA_REGIME_GENERALIZATION_V1\3w\f025\outer_31003\model_seed_46\JITTER_SCALING\result.json,False
3W,0.25,31003,formal_locked_test,FINAL_QDIFFCL_FIXED,42,N/A,COMPLETE_VALID,0.39256921622496244,0.8587268496056327,0.9849086316065746,0.9912212056969679,61.4,True,True,True,True,True,False,55.95573230000082,c14c93e90a2a49cc8474f44215129b9101212b848b3a1c984052df5ce9bf1919,ffbb24709829dc7cbbd09343cfc97733ea189cc8344dd0d656dfcf1df1ee092b,b7864f2dfcd5705632566a9f73866244ac201503564163019203f034812ad03a,outputs\qdiffcl_data_regime_v1\DATA_REGIME_GENERALIZATION_V1\3w\f025\outer_31003\model_seed_42\FINAL_QDIFFCL_FIXED\result.json,False
3W,0.25,31003,formal_locked_test,FINAL_QDIFFCL_FIXED,43,N/A,COMPLETE_VALID,0.3936267988114222,0.862519700040872,0.897280272956924,0.99134925942262,67.8,True,True,True,True,True,False,56.57328849999976,146a66965482f8851311dddbabb71e213cf17854e60495d66afe343940c99540,779c77ee7362c458c63acd71ecdef6f9f8a383e69f5c82e16caaf3e63dd71477,40a0ea562213abdd393212ac03dc3576d402c7013f1eda224ee588d250741b40,outputs\qdiffcl_data_regime_v1\DATA_REGIME_GENERALIZATION_V1\3w\f025\outer_31003\model_seed_43\FINAL_QDIFFCL_FIXED\result.json,False
3W,0.25,31003,formal_locked_test,FINAL_QDIFFCL_FIXED,44,N/A,COMPLETE_VALID,0.32022772629548135,0.7746262462532398,0.9076473868967554,0.9399285744774697,1454.9285714285713,True,True,True,True,True,False,56.28913919999832,212ae0e4f55c4b2cb44e03c95fed97d4b0f10f6b709afb4e8b1d3558f0f2c322,cf7f7bbe953957d0944409cbe3407fe18fec6346fbf8d5cdae22c6d1784c8515,9f2cfba555c9820b7c5891c8f3b1f872185ae7199f77754efc66b4620a98f649,outputs\qdiffcl_data_regime_v1\DATA_REGIME_GENERALIZATION_V1\3w\f025\outer_31003\model_seed_44\FINAL_QDIFFCL_FIXED\result.json,False
3W,0.25,31003,formal_locked_test,FINAL_QDIFFCL_FIXED,45,N/A,COMPLETE_VALID,0.4402797338504496,0.7587032999878084,0.6757980381221088,0.9235092412105346,166.23076923076923,True,True,True,True,True,False,56.22220609999931,e7cd597479c72b0a71a00d620173945858463f54db9fb06beb8d83a9aea6e639,2525082bedcf6c4084e68cd4ef1e7793fbb773ccd6ca2a905c9b8af0cd6e5906,4f4310c8bd92b499c827d38bbd03f5c721c8eeef7b5bf1882c01fd25114a04b1,outputs\qdiffcl_data_regime_v1\DATA_REGIME_GENERALIZATION_V1\3w\f025\outer_31003\model_seed_45\FINAL_QDIFFCL_FIXED\result.json,False
3W,0.25,31003,formal_locked_test,FINAL_QDIFFCL_FIXED,46,N/A,COMPLETE_VALID,0.37325799785505026,0.89123025241181,0.7949870411075752,0.9642160977761336,191.08333333333334,True,True,True,True,True,False,55.35366200000135,09e00bf2c3b33fed295b24e50adf262e39945ee1be1e19081cb70d6622bf26bc,524bfae0cde55b350006fdc8de8f10a155b0dff088d1f75f63bffcc8875f7ac3,992f8c0dd113c976db825e3639f6497a97c711a5c03b3d0ed293276d9752d714,outputs\qdiffcl_data_regime_v1\DATA_REGIME_GENERALIZATION_V1\3w\f025\outer_31003\model_seed_46\FINAL_QDIFFCL_FIXED\result.json,False
3W,0.25,31003,formal_locked_test,CALIBRATED_RHO,42,0.75,COMPLETE_VALID,0.43526797988012916,0.8465403500432326,0.8795971260785407,0.9601610631304868,58.92857142857143,True,True,True,True,True,False,55.216755999997986,5551dc29ba208193f2276e8019a8d8dfd537ac3df99a35c1293f91ccb62d8ddf,5b2d0bed0c603f673529af16ce7d5da79e6440b0b798bd95945cef8c86037b47,b8629d87a3731747ece3f3b030b45bb3ac19f54a854a3283d6ab59e79011f971,outputs\qdiffcl_data_regime_v1\DATA_REGIME_GENERALIZATION_V1\3w\f025\outer_31003\model_seed_42\CALIBRATED_RHO\result.json,False
3W,0.25,31003,formal_locked_test,CALIBRATED_RHO,43,0.75,COMPLETE_VALID,0.38826488013189653,0.8602822513018709,0.897280272956924,0.9956319451360927,67.8,True,True,True,True,True,False,56.38358209999933,6a564038ecc0624fdfe8c8797b038c67725f2bcbd2696b14c0911242a21b2477,ed970c74e74382618835cfa33aa2e1e33856e67837f3ddf6117d3e7f23c66c3f,821a69259bb35623e3ec97a09b132030ab5b192b6648fc3b958f02b25f632f42,outputs\qdiffcl_data_regime_v1\DATA_REGIME_GENERALIZATION_V1\3w\f025\outer_31003\model_seed_43\CALIBRATED_RHO\result.json,False
3W,0.25,31003,formal_locked_test,CALIBRATED_RHO,44,0.75,COMPLETE_VALID,0.37145355152880544,0.8400470441033165,0.8959351727305535,0.9883755673491456,270.46666666666664,True,True,True,True,True,False,55.94641799999954,36752f47a57024fc0c754e3307414f5ffb7d93c4b83d5b9bd528cad060c0e1aa,4874f8cf015192b215e63fe179916e1f13e4d301f58b8c87b6435a644743ff8b,b2fa3fcc349344d154323842b781138e68dda73383c5c2ac1f7f0ebf3a522a47,outputs\qdiffcl_data_regime_v1\DATA_REGIME_GENERALIZATION_V1\3w\f025\outer_31003\model_seed_44\CALIBRATED_RHO\result.json,False
3W,0.25,31003,formal_locked_test,CALIBRATED_RHO,45,0.75,COMPLETE_VALID,0.4224021915939761,0.7957207356778278,0.6847216298677865,0.9230681672666221,166.23076923076923,True,True,True,True,True,False,55.847442400001455,24f226edaf1a6425755a65009453d0389e47a3498fa983ee8fbefb9ce4ea2dd5,6051140fbf971efcef47ffb19822cae5062a0fdce4fb7f53e060e8d85d6e2598,feb097b1ec38410785d5de3af8401648e083da52cb27e43b86ba48f5c061d6b9,outputs\qdiffcl_data_regime_v1\DATA_REGIME_GENERALIZATION_V1\3w\f025\outer_31003\model_seed_45\CALIBRATED_RHO\result.json,False
3W,0.25,31003,formal_locked_test,CALIBRATED_RHO,46,0.75,COMPLETE_VALID,0.40334340944155284,0.9011750990502788,0.7953479216561137,0.9651836148143932,119.63636363636364,True,True,True,True,True,False,56.19394789999933,575adcc8dd55f8585d284dd0261dcd79470d78809de1e806cdca747558397dc2,913cba77870845451b90861e9ca64689f71c1fc17380af7abbdeba59f708e01f,45453e42969a47e033a604c799326605bb58a0fdc968a97bc12582faee4c50ee,outputs\qdiffcl_data_regime_v1\DATA_REGIME_GENERALIZATION_V1\3w\f025\outer_31003\model_seed_46\CALIBRATED_RHO\result.json,False
3W,0.1,31001,formal_locked_test,NO_AUG,42,N/A,COMPLETE_VALID,0.44044302971027055,0.9140587523446493,0.07687909810437547,0.9089892837869092,902.7777777777778,True,True,True,True,True,False,49.05431409999801,d149ae7b26ca6ca48fea298ebdd1072d8767260d90085fd30a25e4e6eb321904,9fb14e157d9f10b8b11418b37d344278ce3a90151f0165b39c3276580096008c,9cc253dea7cc02d28bb747506ae650477cedd11b4c657fb942dfa70176e0c774,outputs\qdiffcl_data_regime_v1\DATA_REGIME_GENERALIZATION_V1\3w\f010\outer_31001\model_seed_42\NO_AUG\result.json,False
3W,0.1,31001,formal_locked_test,NO_AUG,43,N/A,COMPLETE_VALID,0.41819764567327966,0.8362560087805155,0.12141108788479749,0.920399352401511,768.7368421052631,True,True,True,True,True,False,48.354997800001,689fae04dc9c98af10aa25ab784203dba91ebcbe9a35d4fa75ed798cc0ea25cf,1e2e185bcee4b0158e525206ea8d35444fd1804dce9be953d818c84023b246f5,2a6966073eec517d9a04aa331c51176d0d0345a24b0a3a6e8847823cb1e50d7c,outputs\qdiffcl_data_regime_v1\DATA_REGIME_GENERALIZATION_V1\3w\f010\outer_31001\model_seed_43\NO_AUG\result.json,False
3W,0.1,31001,formal_locked_test,NO_AUG,44,N/A,COMPLETE_VALID,0.40722523590932785,0.8410919764775262,0.13791070375730288,0.9051345308765708,762.3,True,True,True,True,True,False,48.22998229999939,4f7db7e2793d6f32eee7b1de6aab23b3966b55a5441b1ffeb4767e2e4d3a46b5,e3af5626a7959c3d60ec68e6086cc25145b141ebedbcadf061e1a243a2973517,4a3a982c7ec8c32dba79cc0afabfcf9698cebcfa0551a0f22e2d67a8301558ca,outputs\qdiffcl_data_regime_v1\DATA_REGIME_GENERALIZATION_V1\3w\f010\outer_31001\model_seed_44\NO_AUG\result.json,False
3W,0.1,31001,formal_locked_test,NO_AUG,45,N/A,COMPLETE_VALID,0.42263963491760626,0.8035110574545092,0.08198888710224939,0.8558322411533421,719.1,True,True,True,True,True,False,48.93150429999878,c44cb2197813f4a70d5f57c0ccfadae91f687add1a354ca30130c9442fed375a,252fe9752f5bf40804538d57106d46795f379527b98d104aac316bfa853e2cf5,38968d0a40d402df977ede9679334b183154c9e34514c90f7da2ba9a5a2f6c2a,outputs\qdiffcl_data_regime_v1\DATA_REGIME_GENERALIZATION_V1\3w\f010\outer_31001\model_seed_45\NO_AUG\result.json,False
3W,0.1,31001,formal_locked_test,NO_AUG,46,N/A,COMPLETE_VALID,0.5010498764001057,0.8037386473468835,0.09822050704829287,0.8271914270295274,932.7272727272727,True,True,True,True,True,False,48.800021499999275,30a44feb58bc88d703ec17493bad18db2414440443e354628232e2ebef48cdf4,d999d5bef819250b567e15553458f45e146271b5b5c6c41af45bd1c0884c1f79,ad1fa9539b551adcdadec83b478db566682be666bf44c2c6eda94b73d13177cd,outputs\qdiffcl_data_regime_v1\DATA_REGIME_GENERALIZATION_V1\3w\f010\outer_31001\model_seed_46\NO_AUG\result.json,False
3W,0.1,31001,formal_locked_test,UNIFORM_DIFFUSION,42,N/A,COMPLETE_VALID,0.44050998743710545,0.9114507384233194,0.07402940808633042,0.890717754991905,1212.111111111111,True,True,True,True,True,False,48.96328939999876,2549f750c89ed657acc499694941ec8de30b205a7841205094865c5eb41c2e7c,f4476045b804567809aaee2a8a8d78d46b521dac443271b1cd82b99205b4fbb1,783e66906b9e7f7c1c63174e2aefbe2e039fbd94432c28b3994c8416a65b5ebb,outputs\qdiffcl_data_regime_v1\DATA_REGIME_GENERALIZATION_V1\3w\f010\outer_31001\model_seed_42\UNIFORM_DIFFUSION\result.json,False
3W,0.1,31001,formal_locked_test,UNIFORM_DIFFUSION,43,N/A,COMPLETE_VALID,0.4182461488172239,0.836615820529077,0.12125922352646906,0.9208233752216483,760.3157894736842,True,True,True,True,True,False,48.22466069999791,e986955f891e4964dc6cb1c80a66cb90bb63068f611ce82fa7b6608af13ac0f8,ee0af5daeac643f94fc4a3504d271408fa5a2864ff34fbd7232c363caa99dcf7,61b2be21dc90909ebc90887a4524483c7119e6b0a62454edca9e09a858b920c8,outputs\qdiffcl_data_regime_v1\DATA_REGIME_GENERALIZATION_V1\3w\f010\outer_31001\model_seed_43\UNIFORM_DIFFUSION\result.json,False
3W,0.1,31001,formal_locked_test,UNIFORM_DIFFUSION,44,N/A,COMPLETE_VALID,0.4090291543273988,0.8414975047805379,0.13724964713869683,0.9199753295813738,887.2857142857143,True,True,True,True,True,False,48.635199600001215,a67dd2d3b6d2812448ad5a49d059f3b44434fcd572ab3916b4d41b08fdedd39c,da3cd3bd53653c8278f14739d9f9b2c1ccfd86c0fa677515f7a8c29cdc8585bb,0e9a2b66eb8d09a5356f182c6e2ae35bad35d8e99f2f94a34c43ba75f86a41d9,outputs\qdiffcl_data_regime_v1\DATA_REGIME_GENERALIZATION_V1\3w\f010\outer_31001\model_seed_44\UNIFORM_DIFFUSION\result.json,False
3W,0.1,31001,formal_locked_test,UNIFORM_DIFFUSION,45,N/A,COMPLETE_VALID,0.4229930819591426,0.8045244825624309,0.08490110950313555,0.8597640891218873,733.5,True,True,True,True,True,False,48.14163859999826,9b53a1f2e5117bba12fa7ed96101a54cb4e8163bde7476e25c071a8b17d7e992,505fbea0d3b04ce0002552e264721ce6ff7a95e7146ac4adfecaab3e679aa73a,84deba43c12d6bf571008d9e69ebd16bb49ceb4403b0f0cbb3260147e57b0c43,outputs\qdiffcl_data_regime_v1\DATA_REGIME_GENERALIZATION_V1\3w\f010\outer_31001\model_seed_45\UNIFORM_DIFFUSION\result.json,False
3W,0.1,31001,formal_locked_test,UNIFORM_DIFFUSION,46,N/A,COMPLETE_VALID,0.423433233553009,0.8237144658660641,0.10417894981329617,0.803291958985429,18.571428571428573,True,True,True,True,True,False,48.817575599998236,97f0ba8a3985845da53a0cf401971f816d12f773f2c24e3ddc52ac940bf4d0b7,f324ca4af5bd02a8aa5792c1ae9cb1d8bc7f11ec1df9504f1d00a7cd5063a9a6,6085d5c89a1f14daac83dcda39a39cf7e62d9b5d245509d77150399304b99a9b,outputs\qdiffcl_data_regime_v1\DATA_REGIME_GENERALIZATION_V1\3w\f010\outer_31001\model_seed_46\UNIFORM_DIFFUSION\result.json,False
3W,0.1,31001,formal_locked_test,JITTER_SCALING,42,N/A,COMPLETE_VALID,0.43093371983015827,0.8967536757143726,0.08735773882903647,0.8885976408912188,896.7368421052631,True,True,True,True,True,False,48.95824150000044,539a78f4f662d91bc9195651813fea3cf04ae72a12bf3967b682c54fe2f288c9,c4ed7ec45b75f77818a1714a7f8f0f4004b7bf30365f931175bd7b00cfd819ed,6984d9ece824b343202701ce7d6c33a08641dc7d3283ce4550c1a9905001e1cc,outputs\qdiffcl_data_regime_v1\DATA_REGIME_GENERALIZATION_V1\3w\f010\outer_31001\model_seed_42\JITTER_SCALING\result.json,False
3W,0.1,31001,formal_locked_test,JITTER_SCALING,43,N/A,COMPLETE_VALID,0.4328763168921157,0.8342184369810594,0.09328938200139358,0.8711356102073857,1452.9,True,True,True,True,True,False,48.319245099999534,bf1da33d0ee2604a1a58d056456b447ffaceffc882c41353015ad77fb3d20eca,74b57c953aa95eaca48ef7660c6fdbe51a3cef4c609d997fe521badaa9ef4cf7,1898d41c8837ac728148bb12ce16018f48790408bf1ccd7f9fc358a5ba6b3fef,outputs\qdiffcl_data_regime_v1\DATA_REGIME_GENERALIZATION_V1\3w\f010\outer_31001\model_seed_43\JITTER_SCALING\result.json,False
3W,0.1,31001,formal_locked_test,JITTER_SCALING,44,N/A,COMPLETE_VALID,0.40800585050198956,0.8454107743084903,0.13878615711707848,0.9098373294271838,794.3,True,True,True,True,True,False,48.49357809999856,41bf68041a2941820516346261799fb2974cf01e0210449b2afa500a05905acb,46f7fa8c51eed4b57de23a2634d8c818e2a5f4c6a67b1c921d63f856c4832df3,4e469831e1ae0df0d474f00813e3ce0dec05cff128a30041ef16249251d04263,outputs\qdiffcl_data_regime_v1\DATA_REGIME_GENERALIZATION_V1\3w\f010\outer_31001\model_seed_44\JITTER_SCALING\result.json,False
3W,0.1,31001,formal_locked_test,JITTER_SCALING,45,N/A,COMPLETE_VALID,0.42866206944003205,0.8152619436112158,0.0664897893552018,0.8644283401433968,581.0,True,True,True,True,True,False,48.29871690000073,ede0f85c13cff25d5becdf3bcb9fae357c73c4fd28561cf01114ee0b54c44ada,6ba76d40f517c9e84543cb5b31dfbf9520f86b0ae0c8648a075c52f6d69cf300,ef349014a1c493eeb7b615fb9206229680b3dc2267cd91df6ef25cc2f67116da,outputs\qdiffcl_data_regime_v1\DATA_REGIME_GENERALIZATION_V1\3w\f010\outer_31001\model_seed_45\JITTER_SCALING\result.json,False
3W,0.1,31001,formal_locked_test,JITTER_SCALING,46,N/A,COMPLETE_VALID,0.5046629624525077,0.8169561132900881,0.09809544228261063,0.8286947806645594,804.7272727272727,True,True,True,True,True,False,49.01129620000211,aac0255ce57bb8fda40e79579a539e10aefdf4f6afe5b6c16fc9b5f5148be3e1,1986dd16380a8b064ee32023fc96759b27652db5588da00ea8696c053449a1a6,4e84e02cc965bc01ce6a0b0412b1876d18bc963cf7fa7c4f6109a956e566b040,outputs\qdiffcl_data_regime_v1\DATA_REGIME_GENERALIZATION_V1\3w\f010\outer_31001\model_seed_46\JITTER_SCALING\result.json,False
3W,0.1,31001,formal_locked_test,FINAL_QDIFFCL_FIXED,42,N/A,COMPLETE_VALID,0.44085566232731205,0.9119834490865913,0.0731450215290061,0.8911032302829389,1173.0,True,True,True,True,True,False,48.44832490000044,767e5c3c2c0e5bb4184fe700eb812fb22dab01e0583303ccfcee8795e1ee7c72,3039ae1d36ac1d4dc209fbc2625648056198ffdfcdd0f833121d8c48a9d66514,f022a3c6aec7caa480436f6abbfbf6e5dcdf6595e2aacdf343a79130fb4992c7,outputs\qdiffcl_data_regime_v1\DATA_REGIME_GENERALIZATION_V1\3w\f010\outer_31001\model_seed_42\FINAL_QDIFFCL_FIXED\result.json,False
3W,0.1,31001,formal_locked_test,FINAL_QDIFFCL_FIXED,43,N/A,COMPLETE_VALID,0.41822614070746833,0.8367291775660883,0.1213306891068589,0.9208619227507516,756.9473684210526,True,True,True,True,True,False,49.77387500000259,4ea1b10f7076672a1b71b4e10eb75ffb69a056294d2bdd22888cb02474880bd2,943d7b0bdc269e85fd650086f16f0569a9019b5ee446795cbad13fe97c20e908,4bbb27e0a90080551534d5caeb547c33eed17401c4a85626b28f4ed818514562,outputs\qdiffcl_data_regime_v1\DATA_REGIME_GENERALIZATION_V1\3w\f010\outer_31001\model_seed_43\FINAL_QDIFFCL_FIXED\result.json,False
3W,0.1,31001,formal_locked_test,FINAL_QDIFFCL_FIXED,44,N/A,COMPLETE_VALID,0.40908021854357485,0.8413907463030752,0.13632952779117757,0.91958985429034,884.2380952380952,True,True,True,True,True,False,49.33967219999977,cfdedaf21e0c697ac4bccb043686c8897db599168397adfda595e2aa48e7d614,1611f12a1f9875050eae2068285e7ac340b8d9d12b9a8d55172cbc47b7708e3e,1132a26ea6c1f51f00bb0919279f2c19f6288e1aaa1ef1b3c1bf59ed5de18ba1,outputs\qdiffcl_data_regime_v1\DATA_REGIME_GENERALIZATION_V1\3w\f010\outer_31001\model_seed_44\FINAL_QDIFFCL_FIXED\result.json,False
3W,0.1,31001,formal_locked_test,FINAL_QDIFFCL_FIXED,45,N/A,COMPLETE_VALID,0.4230541305465756,0.8023848828066008,0.08514230583695127,0.8611903476987125,680.7,True,True,True,True,True,False,49.09161810000296,8fbdd3c3098546626191fc3cce1b9ba743dce1f5ab35be85f93dee58c81dd4a8,030897fbe14f06477184de0b565533f98075f7f00836f0aa4afe4886650c3bfd,15215a3116ada140bb11c3d588c352b3a5e9a1438ad6cfb4425da9b34e1a42b8,outputs\qdiffcl_data_regime_v1\DATA_REGIME_GENERALIZATION_V1\3w\f010\outer_31001\model_seed_45\FINAL_QDIFFCL_FIXED\result.json,False
3W,0.1,31001,formal_locked_test,FINAL_QDIFFCL_FIXED,46,N/A,COMPLETE_VALID,0.4234476982640122,0.823806806913469,0.1040717514427114,0.8033305065145324,18.571428571428573,True,True,True,True,True,False,49.00911980000092,b0f3b2300de75d8f8ecfa699b9e5af55054eee96020389e0742f461c53ad760d,b5014686a87e23420150c654d7dcb6e8f16803ac8e2ef89ca51b4875e1c5499a,e1fd5277d8da99becc416508edc40ea5a134a24d2e989c50b68e4cfecefbdaa0,outputs\qdiffcl_data_regime_v1\DATA_REGIME_GENERALIZATION_V1\3w\f010\outer_31001\model_seed_46\FINAL_QDIFFCL_FIXED\result.json,False
3W,0.1,31001,formal_locked_test,CALIBRATED_RHO,42,1.0,COMPLETE_VALID,0.44085566232731205,0.9119834490865913,0.0731450215290061,0.8911032302829389,1173.0,True,True,True,True,True,False,48.44832490000044,767e5c3c2c0e5bb4184fe700eb812fb22dab01e0583303ccfcee8795e1ee7c72,3039ae1d36ac1d4dc209fbc2625648056198ffdfcdd0f833121d8c48a9d66514,4b0f57b825a2dcca00002642e14fadb4557fddfe657f6c9ad7ee6e50cff8f162,outputs\qdiffcl_data_regime_v1\DATA_REGIME_GENERALIZATION_V1\3w\f010\outer_31001\model_seed_42\CALIBRATED_RHO\result.json,False
3W,0.1,31001,formal_locked_test,CALIBRATED_RHO,43,1.0,COMPLETE_VALID,0.41822614070746833,0.8367291775660883,0.1213306891068589,0.9208619227507516,756.9473684210526,True,True,True,True,True,False,49.77387500000259,4ea1b10f7076672a1b71b4e10eb75ffb69a056294d2bdd22888cb02474880bd2,943d7b0bdc269e85fd650086f16f0569a9019b5ee446795cbad13fe97c20e908,3caadb0733313e1f61655359867f068b78ab59ef5e179766893151262e65ab2b,outputs\qdiffcl_data_regime_v1\DATA_REGIME_GENERALIZATION_V1\3w\f010\outer_31001\model_seed_43\CALIBRATED_RHO\result.json,False
3W,0.1,31001,formal_locked_test,CALIBRATED_RHO,44,1.0,COMPLETE_VALID,0.40908021854357485,0.8413907463030752,0.13632952779117757,0.91958985429034,884.2380952380952,True,True,True,True,True,False,49.33967219999977,cfdedaf21e0c697ac4bccb043686c8897db599168397adfda595e2aa48e7d614,1611f12a1f9875050eae2068285e7ac340b8d9d12b9a8d55172cbc47b7708e3e,94702910f93b5af9c2f570210964ac6016a4b2506ce244c10e4574605fb3bd72,outputs\qdiffcl_data_regime_v1\DATA_REGIME_GENERALIZATION_V1\3w\f010\outer_31001\model_seed_44\CALIBRATED_RHO\result.json,False
3W,0.1,31001,formal_locked_test,CALIBRATED_RHO,45,1.0,COMPLETE_VALID,0.4230541305465756,0.8023848828066008,0.08514230583695127,0.8611903476987125,680.7,True,True,True,True,True,False,49.09161810000296,8fbdd3c3098546626191fc3cce1b9ba743dce1f5ab35be85f93dee58c81dd4a8,030897fbe14f06477184de0b565533f98075f7f00836f0aa4afe4886650c3bfd,0abf07af652a4b73778dc8bc8902476cde96c4ed23a5cb1df5959cbe03acfc20,outputs\qdiffcl_data_regime_v1\DATA_REGIME_GENERALIZATION_V1\3w\f010\outer_31001\model_seed_45\CALIBRATED_RHO\result.json,False
3W,0.1,31001,formal_locked_test,CALIBRATED_RHO,46,1.0,COMPLETE_VALID,0.4234476982640122,0.823806806913469,0.1040717514427114,0.8033305065145324,18.571428571428573,True,True,True,True,True,False,49.00911980000092,b0f3b2300de75d8f8ecfa699b9e5af55054eee96020389e0742f461c53ad760d,b5014686a87e23420150c654d7dcb6e8f16803ac8e2ef89ca51b4875e1c5499a,dd694a7c68d72e2535cf39c74798847e71dad6966d2b5cabb83e35f1af289d45,outputs\qdiffcl_data_regime_v1\DATA_REGIME_GENERALIZATION_V1\3w\f010\outer_31001\model_seed_46\CALIBRATED_RHO\result.json,False
3W,0.1,31002,formal_locked_test,NO_AUG,42,N/A,COMPLETE_VALID,0.44632184914289086,0.6500028733861565,0.7625509994264256,0.9564189536437455,64.18181818181819,True,True,True,True,True,False,57.318639500001154,47e5b4e746ce38b6aa502af8d7e4f8a73cb0c25e6483a1e5d55613090d44b487,a0ca23c5dedd002cb3ecb04de3593a82f625df07c3fdb7fd24f8019cc28c883a,9ebaff4d38e1b4d2630f21cd0d498ad6af6f5d7c17f776dc60ab4c23c638137f,outputs\qdiffcl_data_regime_v1\DATA_REGIME_GENERALIZATION_V1\3w\f010\outer_31002\model_seed_42\NO_AUG\result.json,False
3W,0.1,31002,formal_locked_test,NO_AUG,43,N/A,COMPLETE_VALID,0.25127236647024104,0.6030294574125253,0.7169572416479985,0.6944187480727722,5570.875,True,True,True,True,True,False,56.64738729999954,99e054d0ade5a5808b04dec401a1970febec5f417d467f69b2e9f8ef2ca10635,5402583bf89cd82e65b5ded0d5905e66feb50d0a42c57dd332f6f31de53f6561,b62487821e88cc9a67aeea1b7ca2b32bcb8c9d35c89cdf949e85f7c68d69fdb7,outputs\qdiffcl_data_regime_v1\DATA_REGIME_GENERALIZATION_V1\3w\f010\outer_31002\model_seed_43\NO_AUG\result.json,False
3W,0.1,31002,formal_locked_test,NO_AUG,44,N/A,COMPLETE_VALID,0.35951868659554576,0.6554240841961216,0.7262534766187245,0.961763798951588,371.0,True,True,True,True,True,False,56.238556700001936,8df62d7cc35bf9b95eb35a7a8738f3bafe47e6086cb25c347995a6e3a0c05cbc,ac53849c421ac0c2cc73dfd20cdeb2050275dfb8416ac943d1ec4ec09364756d,2de10c4e1bca88ecdb6e4ad3caca1da20f8885ef94130cbf8fb75e0d648e606c,outputs\qdiffcl_data_regime_v1\DATA_REGIME_GENERALIZATION_V1\3w\f010\outer_31002\model_seed_44\NO_AUG\result.json,False
3W,0.1,31002,formal_locked_test,NO_AUG,45,N/A,COMPLETE_VALID,0.14407865690129187,0.46897438179329276,0.8857071740095018,0.7040805838215644,6104.111111111111,True,True,True,True,True,False,57.01617129999795,bac64118cfbe49bcad04dd0f88e4f19df70cf56906905334a118f78c98d9bf22,8369be7d6ed211ba21e2e51791e28eee7b319fe25db4ec8a4ad52e2a0a79f55f,6d458075d30be93fddaf5fa955e82ef4d56133db1a3e9ccc8e105e6e0e467cab,outputs\qdiffcl_data_regime_v1\DATA_REGIME_GENERALIZATION_V1\3w\f010\outer_31002\model_seed_45\NO_AUG\result.json,False
3W,0.1,31002,formal_locked_test,NO_AUG,46,N/A,COMPLETE_VALID,0.3793001900373524,0.6239510508946502,0.7393699338766058,0.9810874704491725,504.3333333333333,True,True,True,True,True,False,57.21699219999937,d44822b8050ee4f9ea9c6dcff1867426c14cf7b5701201d8df8ad8f3fec79ea4,5f4cdf4719cca581e29bc7c496a1485d4b01b977e9ce37e60d3db7b850f22f87,1e512e753ccbdb94fd7f516ef36cc95478ca22c2fb9fbef79b83f82a799bec1b,outputs\qdiffcl_data_regime_v1\DATA_REGIME_GENERALIZATION_V1\3w\f010\outer_31002\model_seed_46\NO_AUG\result.json,False
3W,0.1,31002,formal_locked_test,UNIFORM_DIFFUSION,42,N/A,COMPLETE_VALID,0.446706379939405,0.6487594305032858,0.7626375767020551,0.9564189536437455,64.18181818181819,True,True,True,True,True,False,56.36317259999851,ee08a3c8751726e549dc30a0122b2bc22f7a9abf9ce5bd2e1c36025a99255df3,c2bb32af76f7aadbf823750646faca684767a7fff41f03389e77e6c2b8534aa3,fda83b1a55f92961af169fd58ece197a4a4cc56644ab33749c5251ffc14647fd,outputs\qdiffcl_data_regime_v1\DATA_REGIME_GENERALIZATION_V1\3w\f010\outer_31002\model_seed_42\UNIFORM_DIFFUSION\result.json,False
3W,0.1,31002,formal_locked_test,UNIFORM_DIFFUSION,43,N/A,COMPLETE_VALID,0.26162644889209197,0.6055151620400622,0.7169572416479985,0.7041833693082536,6111.222222222223,True,True,True,True,True,False,56.92117169999983,8237b152e991d4a8a5649223d33cc021395fa761ac96e6f010c71c9f5d6d2547,b844e56807eaac832554b074f26bd44656fc7d00335cc04c0ae7789cf5a59b44,804f82a44896b85eaa5d81e417451280784c9238687de86ce2815555fb7e8859,outputs\qdiffcl_data_regime_v1\DATA_REGIME_GENERALIZATION_V1\3w\f010\outer_31002\model_seed_43\UNIFORM_DIFFUSION\result.json,False
3W,0.1,31002,formal_locked_test,UNIFORM_DIFFUSION,44,N/A,COMPLETE_VALID,0.14003126968591295,0.6797549536449068,0.7916842526757789,0.999280501593175,29.666666666666668,True,True,True,True,True,False,56.48934790000203,772075de4acd6b74fd63ac4d3e7cf09f3b778d0aacf820271426ca414fc4c89e,ea95bfdd49d5adcb7c90f22f67bc6094a329cfebcdeffe37db46560a95462563,431a6ad025877dd6f92354a2d0694f890a3f7bfefcaae6d983f35b3e6f4159bc,outputs\qdiffcl_data_regime_v1\DATA_REGIME_GENERALIZATION_V1\3w\f010\outer_31002\model_seed_44\UNIFORM_DIFFUSION\result.json,False
3W,0.1,31002,formal_locked_test,UNIFORM_DIFFUSION,45,N/A,COMPLETE_VALID,0.4004618332000205,0.5328611512270582,0.7410473685919289,0.9892075238976257,283.0,True,True,True,True,True,False,56.57821530000001,584604846a8d3eafdbeb46248bc5eb46e0c16ac8235522b315ae338bf24ae8d7,7b42b3313f4bce8a2bd279cda4b6fa8db96036092004dd650b33ad70c79d2864,83a1895d7fb374bd7010a48cb0d74e920ca1408ff78264d5a52330b9c12c1733,outputs\qdiffcl_data_regime_v1\DATA_REGIME_GENERALIZATION_V1\3w\f010\outer_31002\model_seed_45\UNIFORM_DIFFUSION\result.json,False
3W,0.1,31002,formal_locked_test,UNIFORM_DIFFUSION,46,N/A,COMPLETE_VALID,0.3737948391272051,0.6240853322918116,0.7550620650844669,0.9811902559358618,501.6666666666667,True,True,True,True,True,False,56.532702900000004,248c6ee2b8d42da46001cf70677ecbcac43dc3d1b40fad51dd6b70ec11538c14,a34f1ae2475143de1b623c5864c7d66982e86d108a6feb395513f686cda64eae,a1a8546419bbdd68d29487a69a1b1f648faa486b36bf7cd5ae6df6744782bf4f,outputs\qdiffcl_data_regime_v1\DATA_REGIME_GENERALIZATION_V1\3w\f010\outer_31002\model_seed_46\UNIFORM_DIFFUSION\result.json,False
3W,0.1,31002,formal_locked_test,JITTER_SCALING,42,N/A,COMPLETE_VALID,0.444991065810979,0.6377382121489408,0.7616202937134076,0.9562133826703669,64.18181818181819,True,True,True,True,True,False,57.47107870000036,5cc6eb2abf257ddfbc613b63eeb378fcb766cb2923e62f67ea0e53d28e2dbc8b,87d0b569c3c07e73ea9fa19eabb155adf21e0a6aa4c64c6455ef28bce9284b56,27576c32ff6b76783ab26438ceb2f3af544abd03419b519a24a8f7c9efea0dee,outputs\qdiffcl_data_regime_v1\DATA_REGIME_GENERALIZATION_V1\3w\f010\outer_31002\model_seed_42\JITTER_SCALING\result.json,False
3W,0.1,31002,formal_locked_test,JITTER_SCALING,43,N/A,COMPLETE_VALID,0.2500411490783748,0.6010175061949774,0.7169572416479985,0.6942131770993936,5578.875,True,True,True,True,True,False,57.0646854000006,5b2d2bd56b4276888d82bfdacd48c87cbd5b0ca704f6b4a451bbe44fed6a436e,b5eaa0decfef22b291cd61268a4de1377af2a2dcd115f703d4c9795e53a89f20,62297d468c3cd74359b4f73458581d4380f72782c8f1d0fccc6120f1a3dab24a,outputs\qdiffcl_data_regime_v1\DATA_REGIME_GENERALIZATION_V1\3w\f010\outer_31002\model_seed_43\JITTER_SCALING\result.json,False
3W,0.1,31002,formal_locked_test,JITTER_SCALING,44,N/A,COMPLETE_VALID,0.13919139717246698,0.7007833299324454,0.791576031081242,0.9995888580532429,21.666666666666668,True,True,True,True,True,False,56.194259500000044,a8fe6bad30d8b78247d186385a4c1e5bdd928f731e480f42f480ad26a1cdc1af,2789b6593c984e532150ca58ad48033023e31a9e6e680ddba0882b21efdf848b,b23a8feae7ab9f5ca95fd86193e63906d78ac83a12e4b0399c72f0e03e6172ac,outputs\qdiffcl_data_regime_v1\DATA_REGIME_GENERALIZATION_V1\3w\f010\outer_31002\model_seed_44\JITTER_SCALING\result.json,False
3W,0.1,31002,formal_locked_test,JITTER_SCALING,45,N/A,COMPLETE_VALID,0.09197911194167935,0.4816982722354345,0.8857071740095018,0.6922602528522973,6298.875,True,True,True,True,True,False,56.57081090000065,7a47d81b52795d9c903aa2686cf5da0c1362d0048bc51df894c40f6828896674,bfc215fa68ad71f3f335956f140b7c308f286fc9d04cc1ff127649c1ba4f821a,fd2ac82fdde00287a5c5aaeee5dfa963f4b9751935e691524a50c842f032a266,outputs\qdiffcl_data_regime_v1\DATA_REGIME_GENERALIZATION_V1\3w\f010\outer_31002\model_seed_45\JITTER_SCALING\result.json,False
3W,0.1,31002,formal_locked_test,JITTER_SCALING,46,N/A,COMPLETE_VALID,0.38035247442435716,0.6323677936606797,0.739326645238791,0.9817041833693082,488.3333333333333,True,True,True,True,True,False,57.47266089999903,8274b0aef69514ccba3b94fdc11bb186f34d0c0bfa1aac729f59ab5a8a5faf7c,e4b357e7bac7b04ee3f6b6180be11b155090ed749e740062c2594c3c873e5123,544dacd420c25c3404ceb1122ebc0c96c2c471790d7a89952511be9d2bb0f3fe,outputs\qdiffcl_data_regime_v1\DATA_REGIME_GENERALIZATION_V1\3w\f010\outer_31002\model_seed_46\JITTER_SCALING\result.json,False
3W,0.1,31002,formal_locked_test,FINAL_QDIFFCL_FIXED,42,N/A,COMPLETE_VALID,0.4462388851044021,0.6508992448667681,0.762572643745333,0.9564189536437455,64.18181818181819,True,True,True,True,True,False,56.43811730000016,f8a7291232717539071324b6efb5503d1bc512e98cdeb9eb6c09f1add0adb54d,b342f12665a5bf2bd49b9dd429f1718d5029ed55e950b9a775eedbfc42ff16dc,02985e052d963778715f61fd7c40e4804aceeed59f0ec94bef5c78b082510a00,outputs\qdiffcl_data_regime_v1\DATA_REGIME_GENERALIZATION_V1\3w\f010\outer_31002\model_seed_42\FINAL_QDIFFCL_FIXED\result.json,False
3W,0.1,31002,formal_locked_test,FINAL_QDIFFCL_FIXED,43,N/A,COMPLETE_VALID,0.22831377889079427,0.5656480707367311,0.7174550609828685,0.6950354609929078,5968.571428571428,True,True,True,True,True,False,56.423316200001864,863a9b2743607e7914fd269aee30275adec21287dd1461b61bcb9e37bf8defdc,2e22f16509a2e646d2f3a10eafcf5dee2f4ed2a4944dcacbe417b930d47bac01,4f9dc46f18de0475fa5d28962fd05cb3ef7b6df7e17a4e3a826ba24766fef4ed,outputs\qdiffcl_data_regime_v1\DATA_REGIME_GENERALIZATION_V1\3w\f010\outer_31002\model_seed_43\FINAL_QDIFFCL_FIXED\result.json,False
3W,0.1,31002,formal_locked_test,FINAL_QDIFFCL_FIXED,44,N/A,COMPLETE_VALID,0.1376512795313028,0.6855825598427585,0.7943465039013885,0.9993832870798643,29.666666666666668,True,True,True,True,True,False,56.21925380000175,bdb45018eb12e651c9fa781af827284e691b20baf9e7b04ba4f9f366ed6d42d1,8095a67babe341ef00c4df518109b6d263241de7ff4fab3ad53e16d2b38368e3,512d897759b7e3fb406d200a8b36b8d5a2cb2c5037fc896947e0f2e2990598a9,outputs\qdiffcl_data_regime_v1\DATA_REGIME_GENERALIZATION_V1\3w\f010\outer_31002\model_seed_44\FINAL_QDIFFCL_FIXED\result.json,False
3W,0.1,31002,formal_locked_test,FINAL_QDIFFCL_FIXED,45,N/A,COMPLETE_VALID,0.4000298004916831,0.5328863583779766,0.7410473685919289,0.9891047384109364,283.0,True,True,True,True,True,False,56.3594946000012,45b42d3fcae590b84fde2c0e5b5cdaa2370f4071f3e2812e757f12bca28a59a4,a1e4cd0a7a985f576b17aab5b1ac9776b9589eef2318792a797989ba76d96612,44d1d6ddaaa57cf20ea219c479eec8aca8786a8da325637b49c71fe5108305ec,outputs\qdiffcl_data_regime_v1\DATA_REGIME_GENERALIZATION_V1\3w\f010\outer_31002\model_seed_45\FINAL_QDIFFCL_FIXED\result.json,False
3W,0.1,31002,formal_locked_test,FINAL_QDIFFCL_FIXED,46,N/A,COMPLETE_VALID,0.3747943417741598,0.6240032630364956,0.7517829507699967,0.9811902559358618,501.6666666666667,True,True,True,True,True,False,56.72991320000074,2707227adb39ea141bca8b6c678ef3b02605eed371d66427e20617df147e9f42,45948cac16356b9166fa36743ef0c008856e84a98e263445e0b0fa56d73d4138,cc594c79b1437df65b9fc97dc0883b7be9c7c5e0b569f4b5f96b02f9bff7caea,outputs\qdiffcl_data_regime_v1\DATA_REGIME_GENERALIZATION_V1\3w\f010\outer_31002\model_seed_46\FINAL_QDIFFCL_FIXED\result.json,False
3W,0.1,31002,formal_locked_test,CALIBRATED_RHO,42,1.0,COMPLETE_VALID,0.4462388851044021,0.6508992448667681,0.762572643745333,0.9564189536437455,64.18181818181819,True,True,True,True,True,False,56.43811730000016,f8a7291232717539071324b6efb5503d1bc512e98cdeb9eb6c09f1add0adb54d,b342f12665a5bf2bd49b9dd429f1718d5029ed55e950b9a775eedbfc42ff16dc,4b6ee672f5873c5392718dfb289ae8af8a374fa2872bf98fe907f984a201dc80,outputs\qdiffcl_data_regime_v1\DATA_REGIME_GENERALIZATION_V1\3w\f010\outer_31002\model_seed_42\CALIBRATED_RHO\result.json,False
3W,0.1,31002,formal_locked_test,CALIBRATED_RHO,43,1.0,COMPLETE_VALID,0.22831377889079427,0.5656480707367311,0.7174550609828685,0.6950354609929078,5968.571428571428,True,True,True,True,True,False,56.423316200001864,863a9b2743607e7914fd269aee30275adec21287dd1461b61bcb9e37bf8defdc,2e22f16509a2e646d2f3a10eafcf5dee2f4ed2a4944dcacbe417b930d47bac01,b399124dd222d0bf60cb2212fdee16a21580427cc7083be56428f0ed42c0d372,outputs\qdiffcl_data_regime_v1\DATA_REGIME_GENERALIZATION_V1\3w\f010\outer_31002\model_seed_43\CALIBRATED_RHO\result.json,False
3W,0.1,31002,formal_locked_test,CALIBRATED_RHO,44,1.0,COMPLETE_VALID,0.1376512795313028,0.6855825598427585,0.7943465039013885,0.9993832870798643,29.666666666666668,True,True,True,True,True,False,56.21925380000175,bdb45018eb12e651c9fa781af827284e691b20baf9e7b04ba4f9f366ed6d42d1,8095a67babe341ef00c4df518109b6d263241de7ff4fab3ad53e16d2b38368e3,a88fb93153d5b3977cfdc2fa34222abf9c15e53f9f0d808b4874e8d69cc5224c,outputs\qdiffcl_data_regime_v1\DATA_REGIME_GENERALIZATION_V1\3w\f010\outer_31002\model_seed_44\CALIBRATED_RHO\result.json,False
3W,0.1,31002,formal_locked_test,CALIBRATED_RHO,45,1.0,COMPLETE_VALID,0.4000298004916831,0.5328863583779766,0.7410473685919289,0.9891047384109364,283.0,True,True,True,True,True,False,56.3594946000012,45b42d3fcae590b84fde2c0e5b5cdaa2370f4071f3e2812e757f12bca28a59a4,a1e4cd0a7a985f576b17aab5b1ac9776b9589eef2318792a797989ba76d96612,66d48c997e25de14dd0403fdec5eed442e8e4d995f38999d09a651e1d631d1a7,outputs\qdiffcl_data_regime_v1\DATA_REGIME_GENERALIZATION_V1\3w\f010\outer_31002\model_seed_45\CALIBRATED_RHO\result.json,False
3W,0.1,31002,formal_locked_test,CALIBRATED_RHO,46,1.0,COMPLETE_VALID,0.3747943417741598,0.6240032630364956,0.7517829507699967,0.9811902559358618,501.6666666666667,True,True,True,True,True,False,56.72991320000074,2707227adb39ea141bca8b6c678ef3b02605eed371d66427e20617df147e9f42,45948cac16356b9166fa36743ef0c008856e84a98e263445e0b0fa56d73d4138,2f4cf9936f7b37467b0d26dd285610ffc1c4226630c6d84ebe6b25b334fd4b46,outputs\qdiffcl_data_regime_v1\DATA_REGIME_GENERALIZATION_V1\3w\f010\outer_31002\model_seed_46\CALIBRATED_RHO\result.json,False
3W,0.1,31003,formal_locked_test,NO_AUG,42,N/A,COMPLETE_VALID,0.3413370363270599,0.8427170606193369,0.8971818509891408,0.9959734217378313,138.2,True,True,True,True,True,False,51.05710049999834,97d348f28c5887208b8d6d8222a9ebe81300e72fd2e3b3b5a3eac78b45cd4c51,91d96e778d89a9bcc388d2b0ecc07f9a36b7aa0098a7321c06a23d0ac8727b6b,b22bfef2c231dd16acc8de431947677c18fd2654072bed38b714e2306c64dadd,outputs\qdiffcl_data_regime_v1\DATA_REGIME_GENERALIZATION_V1\3w\f010\outer_31003\model_seed_42\NO_AUG\result.json,False
3W,0.1,31003,formal_locked_test,NO_AUG,43,N/A,COMPLETE_VALID,0.3489808084032197,0.7639865797510247,0.8897017814376169,0.9947071126730503,111.78571428571429,True,True,True,True,True,False,50.20564379999996,5ed42ab47d0c771364b59395006ea0d33565ad59a630908552a875b7c8b1177f,642271f1194ee6cf0f71bb83f2b7227c26df1eaa60eaf6ccc0f93d9eec9e5744,3a9ce52b7801736bb164905b1bff81ed0b96c2a296ed69a8f71532a8ae887f85,outputs\qdiffcl_data_regime_v1\DATA_REGIME_GENERALIZATION_V1\3w\f010\outer_31003\model_seed_43\NO_AUG\result.json,False
3W,0.1,31003,formal_locked_test,NO_AUG,44,N/A,COMPLETE_VALID,0.4505979991901946,0.8893831370462085,0.6300318231029166,0.9198241395501046,3860.866666666667,True,True,True,True,True,False,55.14476590000049,41e1cf5b98aa847f865112811003edc44fbea021b989dffdd1e1a8735580466a,1df7a622d2e837796e06184e93d6ff98b2a2f9fbb70825ef098aec1996fad6ab,aefb524fd4319bcbc987b6e8b5c1093aa2fbdabf16b42bbc922017c8905454c8,outputs\qdiffcl_data_regime_v1\DATA_REGIME_GENERALIZATION_V1\3w\f010\outer_31003\model_seed_44\NO_AUG\result.json,False
3W,0.1,31003,formal_locked_test,NO_AUG,45,N/A,COMPLETE_VALID,0.42437112125665166,0.8663049623017246,0.5129096814408977,0.9159256150135879,188.3846153846154,True,True,True,True,True,False,54.06142370000089,aa8aa95c96cfb4db9e171b73f98aa85b7ba5acfba0248487c6e382e143f5076b,16c59e934fdc43bfca39f1f2197f139652cfde2c0b549c7c937d41578fb5a776,5553bba6a7b6fa42f3f7f2cf0c435b13f0bf4dc1add70164e9ddeee4fb424b6f,outputs\qdiffcl_data_regime_v1\DATA_REGIME_GENERALIZATION_V1\3w\f010\outer_31003\model_seed_45\NO_AUG\result.json,False
3W,0.1,31003,formal_locked_test,NO_AUG,46,N/A,COMPLETE_VALID,0.38586054330260705,0.8887724374457697,0.49519372723991995,0.8081186062063372,1912.090909090909,True,True,True,True,True,False,53.65455259999726,1a058aa6a2ec7277b936419557ff74af265a8ac15fc8c12f1879d7375c776bcf,628451311f5460ed6a660ef4db46e17695b4e61d6bba66e6f2d4d4d94bb6bc59,ebe89b5df1bd68e6c1afb81528189d0a2405296b036450210c5a820d5b2926d8,outputs\qdiffcl_data_regime_v1\DATA_REGIME_GENERALIZATION_V1\3w\f010\outer_31003\model_seed_46\NO_AUG\result.json,False
3W,0.1,31003,formal_locked_test,UNIFORM_DIFFUSION,42,N/A,COMPLETE_VALID,0.3421417332492239,0.8558328723595082,0.8971818509891408,0.9959591935460922,136.06666666666666,True,True,True,True,True,False,50.989437799998996,5f4112a877f3d154dcf1b06bea15fa36f09d923fb58191836cb8f5e7d8efc698,c9f4133d312da76140e7e0b354ade6af6c21ca42933aee5e4dd505f5934017a2,7d9f1c3c2c5a586cd4d7680591cc4203a741b3c9595fbcad0ff851b1f129e098,outputs\qdiffcl_data_regime_v1\DATA_REGIME_GENERALIZATION_V1\3w\f010\outer_31003\model_seed_42\UNIFORM_DIFFUSION\result.json,False
3W,0.1,31003,formal_locked_test,UNIFORM_DIFFUSION,43,N/A,COMPLETE_VALID,0.3477918102795012,0.7928039590210357,0.8895377448246449,0.9946359717143548,46.84615384615385,True,True,True,True,True,False,51.033676600000035,92222f5d12ecad40d904a74b7fbc76246d8732ecbc0d612eb4044451e1dd4693,2695976418140f188c64617308b29dd9036048c0f39b479be303b4fbc78a822d,d13280da0b2f965bec5db2776da6204d6f1177c11a51b758a52d6df461cff29e,outputs\qdiffcl_data_regime_v1\DATA_REGIME_GENERALIZATION_V1\3w\f010\outer_31003\model_seed_43\UNIFORM_DIFFUSION\result.json,False
3W,0.1,31003,formal_locked_test,UNIFORM_DIFFUSION,44,N/A,COMPLETE_VALID,0.3855857846010955,0.8689175184517841,0.8946556871493717,0.9976950329382639,102.64285714285714,True,True,True,True,True,False,57.573477800000546,d42935fcb996dd6c42477f1bddc1e6bba4ad7ce41946575d56ee2f4bcbc461d9,37e1e0882d57294938bfad7b1722ea75c0929def1a8da1fee4be26364bbd11af,c654f3142a3403d0e6b0741bc779289610cb3497b341bed00cff0ef92f839472,outputs\qdiffcl_data_regime_v1\DATA_REGIME_GENERALIZATION_V1\3w\f010\outer_31003\model_seed_44\UNIFORM_DIFFUSION\result.json,False
3W,0.1,31003,formal_locked_test,UNIFORM_DIFFUSION,45,N/A,COMPLETE_VALID,0.38578210379186945,0.8598968372716084,0.7423312883435583,0.9453922001052886,163.76923076923077,True,True,True,True,True,False,54.161795100000745,255c45d17cffcea7246d80701e48069f5316e8b8f4bdfadb8892e86029310a6b,fd49930d0e0276d6647a125bd9f421c216b5b7b9d77cc0292bf1b5f44107c2a5,e88580f3893c541f9ee7622b96be759a247e463db549672806d1bd4128d0270e,outputs\qdiffcl_data_regime_v1\DATA_REGIME_GENERALIZATION_V1\3w\f010\outer_31003\model_seed_45\UNIFORM_DIFFUSION\result.json,False
3W,0.1,31003,formal_locked_test,UNIFORM_DIFFUSION,46,N/A,COMPLETE_VALID,0.3862742992772142,0.8852018313082837,0.49601391030478004,0.8061408875546007,1909.1818181818182,True,True,True,True,True,False,54.081611099998554,ddb2470435a6d8b503396fdf027057c91a05f99a4ad82741b11ae35f063d4cc8,85cb21915ce8adcbedf85993cfedfea54bdb40c5bd136befc4230570a9943288,58ffcf19b7afd75f366f70361e6aa1feed1eb3270e043cf300ad4a84e5fb5438,outputs\qdiffcl_data_regime_v1\DATA_REGIME_GENERALIZATION_V1\3w\f010\outer_31003\model_seed_46\UNIFORM_DIFFUSION\result.json,False
3W,0.1,31003,formal_locked_test,JITTER_SCALING,42,N/A,COMPLETE_VALID,0.33897415624916394,0.8426257124275806,0.8971818509891408,0.9959734217378313,138.2,True,True,True,True,True,False,49.59380819999933,0768a8f9c54c2a093e851bbf5ee5b78099227282aad3bc7b307119c7357a3517,ba91656b9eeaaacaa9032e6dc46e21b391ffd1049b2a6043dee8b65427766bc9,132efa38e86365a9fc3a9c7738f41d3249575e79ee764aa8fe61a64300b49a02,outputs\qdiffcl_data_regime_v1\DATA_REGIME_GENERALIZATION_V1\3w\f010\outer_31003\model_seed_42\JITTER_SCALING\result.json,False
3W,0.1,31003,formal_locked_test,JITTER_SCALING,43,N/A,COMPLETE_VALID,0.41290016332911866,0.8201711171222253,0.6708113250877595,0.8704949987906037,569.1333333333333,True,True,True,True,True,False,53.536265200000344,de02a0f135d1f296a72224dffb0a9285a7e99216ac528f1398dbb66cfd50a133,4fcf00b6aa9d958e6ff1fd77b678295f5bae17d7d37f8902687281a0f20176c5,23ed2e23f8894cf767445e6e7bf375eddba7267b31a9803ef40b956808036638,outputs\qdiffcl_data_regime_v1\DATA_REGIME_GENERALIZATION_V1\3w\f010\outer_31003\model_seed_43\JITTER_SCALING\result.json,False
3W,0.1,31003,formal_locked_test,JITTER_SCALING,44,N/A,COMPLETE_VALID,0.4057541947027226,0.9086654484891016,0.8966897411502247,0.9975242946373946,129.66666666666666,True,True,True,True,True,False,54.572049599999445,3908912472152d3f8d137b2f56978bc92116a71c020b6f4468c98a73ac3c79d4,08ae81a594348a353b7654530b33778959f9a30a2d129a518116a7578a10ed92,71505bfed9102b307a757cda43710120f60202f534b8afd238bd5d8462306933,outputs\qdiffcl_data_regime_v1\DATA_REGIME_GENERALIZATION_V1\3w\f010\outer_31003\model_seed_44\JITTER_SCALING\result.json,False
3W,0.1,31003,formal_locked_test,JITTER_SCALING,45,N/A,COMPLETE_VALID,0.3055248704262279,0.8854515799859622,0.7419376004724254,0.941237568117468,137.75,True,True,True,True,True,False,54.18537579999975,ed9bd6a65fbed8ed0455d6eafc66a2729f5176a4b6aca29281495428cd76d06a,437044829dce085abb6f158fa357ae69dcc36462eab5b4b0d21727b094feba99,f5bec31b531646aacaf8eb57b0a8c39934a2f3d30d90a4955d2364b9fd534760,outputs\qdiffcl_data_regime_v1\DATA_REGIME_GENERALIZATION_V1\3w\f010\outer_31003\model_seed_45\JITTER_SCALING\result.json,False
3W,0.1,31003,formal_locked_test,JITTER_SCALING,46,N/A,COMPLETE_VALID,0.3855604109504651,0.8855998996806171,0.5017223844362062,0.8237127043524038,3970.0833333333335,True,True,True,True,True,False,52.37895650000064,8cb277dbfe1d199902f766162f20b011d746ea12b72c09c8affaeece2925326d,472f821a9638c79a4266ded7bc0b8e5cea8a63ebd780b03ee7ae6006e547b66e,3f44e516d1c11039f90ccfce99ac73647f553075a631924cd07f32417281fb69,outputs\qdiffcl_data_regime_v1\DATA_REGIME_GENERALIZATION_V1\3w\f010\outer_31003\model_seed_46\JITTER_SCALING\result.json,False
3W,0.1,31003,formal_locked_test,FINAL_QDIFFCL_FIXED,42,N/A,COMPLETE_VALID,0.34273269102114184,0.8423940126956967,0.8971818509891408,0.9959734217378313,136.06666666666666,True,True,True,True,True,False,51.19790769999963,197d9f9890c379d5727004540ffe2ae90c1c4050fe8c1729aebb718209630b62,ff5c62083934db37d49b526db4f4e7038f4f213150b23ba192d89ffe26348c90,f74e9c2a90d39553bcba939a3f1239fff4e99b672b673fd6737be5836a8b1962,outputs\qdiffcl_data_regime_v1\DATA_REGIME_GENERALIZATION_V1\3w\f010\outer_31003\model_seed_42\FINAL_QDIFFCL_FIXED\result.json,False
3W,0.1,31003,formal_locked_test,FINAL_QDIFFCL_FIXED,43,N/A,COMPLETE_VALID,0.34792388297933863,0.7938439239912465,0.8895049375020505,0.9946359717143548,46.84615384615385,True,True,True,True,True,False,51.513599599999,2ef792b6ad57dc1b077126ff8e03fad4da1c1ec024a1998c50b9f8fb46c7d262,a3c8b53667b1a80f41379c3f414793dfe0695c4fb2234894b48f1b6bd6ca6c71,af308dafe0849cd021ae97a15b3f45156514e204a3083420fc9c2c232f23dcf2,outputs\qdiffcl_data_regime_v1\DATA_REGIME_GENERALIZATION_V1\3w\f010\outer_31003\model_seed_43\FINAL_QDIFFCL_FIXED\result.json,False
3W,0.1,31003,formal_locked_test,FINAL_QDIFFCL_FIXED,44,N/A,COMPLETE_VALID,0.44300430597448487,0.8208440095214345,0.6331157114267905,0.9174338033379338,780.75,True,True,True,True,True,False,51.253990400000475,58a4717150eb87a86b890627ed377b44ca89b7854957d876f2f517a9214b809e,b0dca2255e2e6120a817be3b92d012cf7410f6868eda8d9657d21bb12d02b9a1,e939ab3688ab21955be1d2c4a5c256f2aa63fa698f2653dc4d9f60ad5a8030ff,outputs\qdiffcl_data_regime_v1\DATA_REGIME_GENERALIZATION_V1\3w\f010\outer_31003\model_seed_44\FINAL_QDIFFCL_FIXED\result.json,False
3W,0.1,31003,formal_locked_test,FINAL_QDIFFCL_FIXED,45,N/A,COMPLETE_VALID,0.3204602311169373,0.8259237585251964,0.7419376004724254,0.9407111250231208,137.75,True,True,True,True,True,False,54.17995879999944,6dbbab27b7aa1f28c3351e03294e95b5b85df2b360d755f49c8330bed04527c8,bbb3d0198dd6756916de5a799d1b8b4555535ab694544c5609d010d45f6ee6e1,026d0210ece4d02fdc61fe25271e5ac0382d409b4fce2f13aa2d361268702880,outputs\qdiffcl_data_regime_v1\DATA_REGIME_GENERALIZATION_V1\3w\f010\outer_31003\model_seed_45\FINAL_QDIFFCL_FIXED\result.json,False
3W,0.1,31003,formal_locked_test,FINAL_QDIFFCL_FIXED,46,N/A,COMPLETE_VALID,0.3872869350633989,0.883273648494053,0.49955710114497553,0.8105373988019863,1906.2727272727273,True,True,True,True,True,False,52.63660700000037,ef2cbef9454f60bbeb9e5551f24a1093f76d303a0c55080049d4c0378d948aaa,cd56ee50e7ad8151f8dc38535821ecca767e694f590886919730ad6499106196,a0c51bdbd1503cc18b648d6b3ff8cee18d9281c2e34d5a598e0325afa5b43725,outputs\qdiffcl_data_regime_v1\DATA_REGIME_GENERALIZATION_V1\3w\f010\outer_31003\model_seed_46\FINAL_QDIFFCL_FIXED\result.json,False
3W,0.1,31003,formal_locked_test,CALIBRATED_RHO,42,0.0,COMPLETE_VALID,0.33999437143168215,0.8424005248514129,0.8971818509891408,0.9959734217378313,136.06666666666666,True,True,True,True,True,False,53.93777409999893,a9c1708036c0bd48f782c4e94fddba37136c5d1572c8d0e550f17b694e34fd34,fde833ea4f46779bcc488c90ac89484b9142a1785a9deb308891f37635af60eb,87421b71d428325309493203384ddf5986ac6208624555fd47c15c9ecde00f34,outputs\qdiffcl_data_regime_v1\DATA_REGIME_GENERALIZATION_V1\3w\f010\outer_31003\model_seed_42\CALIBRATED_RHO\result.json,False
3W,0.1,31003,formal_locked_test,CALIBRATED_RHO,43,0.0,COMPLETE_VALID,0.36639551372134865,0.8361083100784588,0.8885863324694072,0.9937538238265299,293.0,True,True,True,True,True,False,50.82937749999837,68059473c199bd895759c1243ea6105012e8c2f4b1ae93c7bcf0b923d0e54f00,b2d58504334f7c49a7e4d417fd4b409447c30fc7c9c8cdd3b7448343d75b2f99,3dc4377c219155146d1da5ba62999e69f48ea84bd735167a255c03bd1e289f68,outputs\qdiffcl_data_regime_v1\DATA_REGIME_GENERALIZATION_V1\3w\f010\outer_31003\model_seed_43\CALIBRATED_RHO\result.json,False
3W,0.1,31003,formal_locked_test,CALIBRATED_RHO,44,0.0,COMPLETE_VALID,0.3848099098102667,0.8619503179724045,0.8956727141497982,0.9979084558143505,102.64285714285714,True,True,True,True,True,False,50.96174169999722,797b48754137b4bf8d236ca9e5813f9821e693b13a88e4972b9759b982742f93,bfc3cc3b79deac9e72913886376cc035a78524aef017d30b3115495d9b0b1fcf,cdc1df132412255c93e93184350276ecea57b6a405ee11986160afe0e562dfc1,outputs\qdiffcl_data_regime_v1\DATA_REGIME_GENERALIZATION_V1\3w\f010\outer_31003\model_seed_44\CALIBRATED_RHO\result.json,False
3W,0.1,31003,formal_locked_test,CALIBRATED_RHO,45,0.0,COMPLETE_VALID,0.3360751957812606,0.8607453370288162,0.742396902988747,0.9508842821165858,161.30769230769232,True,True,True,True,True,False,52.99188190000132,53d1588d9fb848c0de321c9d493cb6a27d725df3c879bb1ee3bb0e1821ef87e1,efe41103fa0eb8ddc809f9b2828e29a11faea88f68039c1d3a9241f5b9bec1d2,b4ab68ae9203431b4c3ef06c2751d967ce076d20866c8dab955b0c827af5a829,outputs\qdiffcl_data_regime_v1\DATA_REGIME_GENERALIZATION_V1\3w\f010\outer_31003\model_seed_45\CALIBRATED_RHO\result.json,False
3W,0.1,31003,formal_locked_test,CALIBRATED_RHO,46,0.0,COMPLETE_VALID,0.38701076183000377,0.8807805422243942,0.5018208064039894,0.8262310942902267,1891.7272727272727,True,True,True,True,True,False,52.77081690000341,80c28841bdbc5d9d7d58f742f77b74cc23de28649292636f95dbb3be1565958b,5d72d29ae888d64f40be3c47f5d3ddf861cf2169ac0f1de5426dbf940ac48df0,728bd6f1423d421cdd83be33330f65dd58b09cdc1fa610a83a381e2d2ac58b99,outputs\qdiffcl_data_regime_v1\DATA_REGIME_GENERALIZATION_V1\3w\f010\outer_31003\model_seed_46\CALIBRATED_RHO\result.json,False
TEP,1.0,32001,formal_locked_test,NO_AUG,7,N/A,COMPLETE_VALID,0.9515815058303305,0.9874942536676893,0.019876627827278958,0.875,82.1,True,True,True,True,True,False,331.507480100001,2443bd4566be932e28393d2f97f0f3fbb988f084a1d49b68322d9d8199333619,3487cc1380151a5778234ff23b0643a43af4ecfa0973a6aa6972a5525fa619cb,49454d12003c52b60efd8fb16c627148ad89e8db0c4f5eed7047d154ab29c112,outputs\qdiffcl_data_regime_v1\DATA_REGIME_GENERALIZATION_V1\tep\f100\outer_32001\model_seed_7\NO_AUG\result.json,False
TEP,1.0,32001,formal_locked_test,NO_AUG,42,N/A,COMPLETE_VALID,0.9568554715365958,0.989059350873498,0.006854009595613434,0.8875,74.47368421052632,True,True,True,True,True,False,349.02291030000197,b2a99fdd9ac8b038d7ae7a465e1c2c16a68c1402d0cbe1a29c866c5f6954cab2,cf1308b8671a3c189f7328a9bbd30cb5ec09d1d3972e72aaaf91f2a02056f748,fa015607fdbe3c13d05f499a5c8cf25147c38ab99b2830ea29362aaf0d2886dc,outputs\qdiffcl_data_regime_v1\DATA_REGIME_GENERALIZATION_V1\tep\f100\outer_32001\model_seed_42\NO_AUG\result.json,False
TEP,1.0,32001,formal_locked_test,NO_AUG,43,N/A,COMPLETE_VALID,0.9467474882294022,0.9853441225447473,0.01028101439342015,0.8375,91.7,True,True,True,True,True,False,322.99833339999896,c1943526ff4a94b1ee69420a4fe4015bb49020732745c6e85182a07611a7998a,a0dc284316d741a7e662382c7c7de36baa346215fe54bef932da989fb83f663a,119128404d880f48cc2f498a665506f7a5c54206978c58fe57c9e64b495d0c29,outputs\qdiffcl_data_regime_v1\DATA_REGIME_GENERALIZATION_V1\tep\f100\outer_32001\model_seed_43\NO_AUG\result.json,False
TEP,1.0,32001,formal_locked_test,NO_AUG,44,N/A,COMPLETE_VALID,0.9569355963729365,0.9874424711203224,0.013022618231665525,0.90625,81.46153846153847,True,True,True,True,True,False,355.942323700001,c5340531c57bd0cb670f9f18ed2a0b691eba55a848a132fe47ee5883ea3e43d6,0409d88c61f7fba3411494c42cd89de69fc63b550d2fbab82c03489a87cda65b,3c411c26510f6fe9336678bda970d42457d02b74adb9bf5d2037821370b78507,outputs\qdiffcl_data_regime_v1\DATA_REGIME_GENERALIZATION_V1\tep\f100\outer_32001\model_seed_44\NO_AUG\result.json,False
TEP,1.0,32001,formal_locked_test,NO_AUG,2026,N/A,COMPLETE_VALID,0.9027129238122751,0.960476759954722,0.047978067169294036,0.75,100.57894736842105,True,True,True,True,True,False,370.8796919000015,b27d7bca3103a4c7a2edf794d276a604d62148c175bce8e0d90716aaf56eb64f,08f19034db2725dfea2206192b7cc2476605d53125075e468d46717de8da464d,d4c91dd67291c66a46befb0f87f3e918c5e62a5fed29205e810265d00dc3d794,outputs\qdiffcl_data_regime_v1\DATA_REGIME_GENERALIZATION_V1\tep\f100\outer_32001\model_seed_2026\NO_AUG\result.json,False
TEP,1.0,32001,formal_locked_test,UNIFORM_DIFFUSION,7,N/A,COMPLETE_VALID,0.9546194216108457,0.9878668921680986,0.01439342015078821,0.875,82.1,True,True,True,True,True,False,326.7633477000054,fcce9c8004001bc2c13789a8c4e550708f09e35da14ffd88ac6f8bce69153269,de0a931b09c254e67b74d99a8ff6cc1167a55e39e19c7141bbfd6a8ca60030a5,77a72a026623f6ce355d3a67cfbd81d4c4174710572556a62aeed7ae49342cdb,outputs\qdiffcl_data_regime_v1\DATA_REGIME_GENERALIZATION_V1\tep\f100\outer_32001\model_seed_7\UNIFORM_DIFFUSION\result.json,False
TEP,1.0,32001,formal_locked_test,UNIFORM_DIFFUSION,42,N/A,COMPLETE_VALID,0.9389184881500439,0.9813695906837295,0.03221384509938314,0.85,85.7,True,True,True,True,True,False,310.91075219999766,77e042b900f7ba8ae7da08aa5e6aece16af8af6abc381712540f869eee937a74,fdf7123f3e994918ebb305bd0664ee64e44f6da011eaf67b852dc5d28ee898d7,015fd190ef411070d73e3a83323fcd7edf77304ec7e1dc35c39c41e3ac33f5fa,outputs\qdiffcl_data_regime_v1\DATA_REGIME_GENERALIZATION_V1\tep\f100\outer_32001\model_seed_42\UNIFORM_DIFFUSION\result.json,False
TEP,1.0,32001,formal_locked_test,UNIFORM_DIFFUSION,43,N/A,COMPLETE_VALID,0.9451671842529246,0.9857429701114865,0.009595613433858808,0.825,92.5,True,True,True,True,True,False,324.48159830000077,f264a43b11b439e55ad4eff345ca143ad81bfa774417acbe8c2a765d2b7583b2,498392d37d17977d9f658d557bccdd8fe01d597f58de14521828c41b9a0fbfc4,acd8eecbf41fbffd43962920b3825feaa44dcf5859ef4a65846c3338e2dca0a9,outputs\qdiffcl_data_regime_v1\DATA_REGIME_GENERALIZATION_V1\tep\f100\outer_32001\model_seed_43\UNIFORM_DIFFUSION\result.json,False
TEP,1.0,32001,formal_locked_test,UNIFORM_DIFFUSION,44,N/A,COMPLETE_VALID,0.9569528112449799,0.9872398683699546,0.01439342015078821,0.90625,81.46153846153847,True,True,True,True,True,False,328.33311870000034,fc9fad83140e021e51cea5f7947ff9d817c74b0e53eca39a40d9b61bc24d7d69,133ee6aa5a2acc7e027ac1dbd50bdadb2790133c15d1627616e012493a0a05df,ed36b9eb686e403a340ebf52f2989b5570a8e0efdf63cc0aef3a62c210474845,outputs\qdiffcl_data_regime_v1\DATA_REGIME_GENERALIZATION_V1\tep\f100\outer_32001\model_seed_44\UNIFORM_DIFFUSION\result.json,False
TEP,1.0,32001,formal_locked_test,UNIFORM_DIFFUSION,2026,N/A,COMPLETE_VALID,0.9023595586739215,0.9602737853736187,0.04934886908841672,0.75,100.57894736842105,True,True,True,True,True,False,383.96760899999936,1e39e9e91969cb3d168fd3c6e03c225ef66cb25194d1cef4a0ad10ca3351eb92,c4e624dd5a673a3bb7e6329b1f60a86edf7af0c80bb39949fac38cafe0cf7cf7,021e81d1ccf887901ec191da73ced61cf86a9a2273ba64076c857cb7de1187e8,outputs\qdiffcl_data_regime_v1\DATA_REGIME_GENERALIZATION_V1\tep\f100\outer_32001\model_seed_2026\UNIFORM_DIFFUSION\result.json,False
TEP,1.0,32001,formal_locked_test,JITTER_SCALING,7,N/A,COMPLETE_VALID,0.9538688184478235,0.9881343184699207,0.01644962302947224,0.88125,85.3,True,True,True,True,True,False,313.9932310000004,e244322e0f7fc59cb902ab21311af6136c870c82f3746a0d0a2f3fa343451cea,8ee775e0e0086ef1bc10bd12aa2b1c6810daf3a76f904a14ac4a47d9cf074069,4ae8dbab11657f4b8560946f5c491b375a44795113a8708603dd19795ee25a6c,outputs\qdiffcl_data_regime_v1\DATA_REGIME_GENERALIZATION_V1\tep\f100\outer_32001\model_seed_7\JITTER_SCALING\result.json,False
TEP,1.0,32001,formal_locked_test,JITTER_SCALING,42,N/A,COMPLETE_VALID,0.9588372686411902,0.9892904866176142,0.009595613433858808,0.8875,75.3076923076923,True,True,True,True,True,False,326.0295337999996,ff03cdb612b853d6fdedab8980e985adbfe52295d25e8be57b38673286a1e5f8,37d78f43c1e05d50f4c6acf9e1c0734ff7f5206de141963a5ff4c036e51dd6ce,fca40b88a083c4cf91db7cb407c762e5d6173d2f95426c1e2c0166f88e4feee7,outputs\qdiffcl_data_regime_v1\DATA_REGIME_GENERALIZATION_V1\tep\f100\outer_32001\model_seed_42\JITTER_SCALING\result.json,False
TEP,1.0,32001,formal_locked_test,JITTER_SCALING,43,N/A,COMPLETE_VALID,0.9444073850355857,0.9859024886872174,0.010966415352981495,0.83125,89.3,True,True,True,True,True,False,304.44256500000483,e2ac96cab48632cc132643768ddb35ef913090f84eb2cfc47498697eac262f22,bd04a5c214425ce9b40455400c02c24f0e15e6b533b66368099bebfea0e5b6d7,4c5a1a5b75f734f00a4fff9f6a5b116a10840191a85e6f580354f74aed2fe5f6,outputs\qdiffcl_data_regime_v1\DATA_REGIME_GENERALIZATION_V1\tep\f100\outer_32001\model_seed_43\JITTER_SCALING\result.json,False
TEP,1.0,32001,formal_locked_test,JITTER_SCALING,44,N/A,COMPLETE_VALID,0.9573071648219388,0.9871510396142082,0.011651816312542838,0.9,81.46153846153847,True,True,True,True,True,False,381.2351972000033,35e9aeb1337c5ea186d33f492e871afb2444fa1abf20a9ed054f145ff429ab57,abddd1cf9863ab8a33a5014940eed1afd501f8e1edbab8c4c63b93398aad322e,597398ff88ee61600d4b81a1cf681e4bcf8f7e1848ab0ae0cc5acff85eeb4e7d,outputs\qdiffcl_data_regime_v1\DATA_REGIME_GENERALIZATION_V1\tep\f100\outer_32001\model_seed_44\JITTER_SCALING\result.json,False
TEP,1.0,32001,formal_locked_test,JITTER_SCALING,2026,N/A,COMPLETE_VALID,0.9070208728652751,0.9607099593374212,0.033584647018505824,0.7375,101.84210526315789,True,True,True,True,True,False,347.20720629999414,fbd59999d19e59d72e7b71d3d7f902de124ab2d24cf54aac9b86475e549b4cbb,f1cda66a4cab787f273a7522e6a4a57b765cb28cbb5c796a321f706a3f731ee3,8cb0519d5003a808283695d3eb2c03710f26843251a4126028462d7483ba893a,outputs\qdiffcl_data_regime_v1\DATA_REGIME_GENERALIZATION_V1\tep\f100\outer_32001\model_seed_2026\JITTER_SCALING\result.json,False
TEP,1.0,32001,formal_locked_test,FINAL_QDIFFCL_FIXED,7,N/A,COMPLETE_VALID,0.9538962275986079,0.9876922393990657,0.018505825908156272,0.875,82.1,True,True,True,True,True,False,238.88562819999788,8ee3c1d6204a8cdf0e196e1413657ef085f266cbd7f928c5a90eddb547d8d3b0,b5c308ca94dc7fa42e6c285571b51bca324dd44edae203f0429ed61a8cfc3d4a,eb2ae2f9d7e8a303e363dacb71e01aec8d48bb261e132b2e51b54ffbc1929cfb,outputs\qdiffcl_data_regime_v1\DATA_REGIME_GENERALIZATION_V1\tep\f100\outer_32001\model_seed_7\FINAL_QDIFFCL_FIXED\result.json,False
TEP,1.0,32001,formal_locked_test,FINAL_QDIFFCL_FIXED,42,N/A,COMPLETE_VALID,0.9584819366030412,0.9894381026619724,0.01233721727210418,0.89375,75.3076923076923,True,True,True,True,True,False,409.032217400003,7f511f33568576aa59351219cb6d4e9870074b4af9a223761691630a3e1f2d99,adef5e89094bb3394bde9b04a84d24b4aa6f67911dda43598060a1bb8533df1d,54f951d49948ddea150245f8913519c32326f3e841a9a89f1dea8800d3011af5,outputs\qdiffcl_data_regime_v1\DATA_REGIME_GENERALIZATION_V1\tep\f100\outer_32001\model_seed_42\FINAL_QDIFFCL_FIXED\result.json,False
TEP,1.0,32001,formal_locked_test,FINAL_QDIFFCL_FIXED,43,N/A,COMPLETE_VALID,0.9451671842529246,0.9857532670444048,0.009595613433858808,0.81875,92.5,True,True,True,True,True,False,361.73601330000383,c657db049537285c812cb270f4cb7fb383f2fd710690f9c7caf6ba2f1cb093ef,3272e0ddb1234ef8dbb44424eba544be147d164a09575cf4a4df64a30c8d9c1c,a8e7eaeef9caf192528e5105f3226f083099c94b9f0219e50f84fc6ff35458a1,outputs\qdiffcl_data_regime_v1\DATA_REGIME_GENERALIZATION_V1\tep\f100\outer_32001\model_seed_43\FINAL_QDIFFCL_FIXED\result.json,False
TEP,1.0,32001,formal_locked_test,FINAL_QDIFFCL_FIXED,44,N/A,COMPLETE_VALID,0.95663167733404,0.9873588043229493,0.019876627827278958,0.91875,81.05128205128206,True,True,True,True,True,False,396.11168180000095,f89a60d1a6c0d9763e40d650fadb78293760f260c8f953d664f6a7afecb325cc,370c5d63eed8bf1047cae5235725f25b0afa6895bd35e1b2854339356ea87a92,bbc39bbe0e133087fed165c1f880dbba6c69da4c190f9f7eac9a97c2e684a252,outputs\qdiffcl_data_regime_v1\DATA_REGIME_GENERALIZATION_V1\tep\f100\outer_32001\model_seed_44\FINAL_QDIFFCL_FIXED\result.json,False
TEP,1.0,32001,formal_locked_test,FINAL_QDIFFCL_FIXED,2026,N/A,COMPLETE_VALID,0.901168684507708,0.9598990555215327,0.04934886908841672,0.75,100.57894736842105,True,True,True,True,True,False,426.4829428000012,223e40f958be92df2a4e328c73f193986b437195672ec63d14ba142fc3d94d9c,ab10563a655de03fd800ed313574cc3163fb42e8463c5eeaee822f5a3ae7c83e,22597dfdb7a9aa1a9a9d367816045fae989576e8506ad201725668c2c3aee70c,outputs\qdiffcl_data_regime_v1\DATA_REGIME_GENERALIZATION_V1\tep\f100\outer_32001\model_seed_2026\FINAL_QDIFFCL_FIXED\result.json,False
TEP,1.0,32001,formal_locked_test,CALIBRATED_RHO,7,0.5,COMPLETE_VALID,0.9534703782510068,0.9881025707235215,0.015764222069910898,0.88125,82.1,True,True,True,True,True,False,292.67330530000254,53a3ee405d5963a5576fdbf2f10e37501b376ce04ea7f864c19ac1936aec6ecb,872f52c2bfcde8929d816a8393dd578516e1ff74f3dbcea6db0562c585208921,a67249e8a9308a24580cc0f16eb6f00d6df170f38e32c31a4626c73186cb2e41,outputs\qdiffcl_data_regime_v1\DATA_REGIME_GENERALIZATION_V1\tep\f100\outer_32001\model_seed_7\CALIBRATED_RHO\result.json,False
TEP,1.0,32001,formal_locked_test,CALIBRATED_RHO,42,0.5,COMPLETE_VALID,0.9581100168699215,0.9897038567355383,0.013708019191226868,0.9,75.71794871794872,True,True,True,True,True,False,238.75963620000402,0bc6ffc018d0073a3efe8211125da9b36641718ae7b5de63fc31e8908d6a2ab6,4e9471ecd491b4b21fc2bd13d2ad0c4109457eeef96062b05467493f9a47e363,02584f9bccaf6ab1fb6b00428655794dfb639db3043a72aa56c0f5d87a85a283,outputs\qdiffcl_data_regime_v1\DATA_REGIME_GENERALIZATION_V1\tep\f100\outer_32001\model_seed_42\CALIBRATED_RHO\result.json,False
TEP,1.0,32001,formal_locked_test,CALIBRATED_RHO,43,0.5,COMPLETE_VALID,0.9584984335688547,0.9888961147958053,0.013708019191226868,0.86875,86.9,True,True,True,True,True,False,347.2488588999986,e9bd913922fc56d352b667bcf1264a389fcd36627aa33711d8a32c80ce1c9e92,a12cf5249f9cb728eee991365920b01b15241b48d086aa17e47724f87d78b892,627cb51a4003dc315bbe06d5bfc0fcf0b6c14ac28665995d1ed558d0f4720814,outputs\qdiffcl_data_regime_v1\DATA_REGIME_GENERALIZATION_V1\tep\f100\outer_32001\model_seed_43\CALIBRATED_RHO\result.json,False
TEP,1.0,32001,formal_locked_test,CALIBRATED_RHO,44,0.5,COMPLETE_VALID,0.9525619212408779,0.9862126765050505,0.006854009595613434,0.875,82.28205128205128,True,True,True,True,True,False,366.34370990000025,15bcc9535dfe6c843776684462909ccf712d4902d68d3f456e6dea58a40f98df,b42f954bebfd3307aa4975248b5a45a6d66aa1e51e5a1bd636336b70a38eb3e5,2da74a0eb8f06fa77424d4d502cc259f32d2075e26e94a76af6af82366bd8620,outputs\qdiffcl_data_regime_v1\DATA_REGIME_GENERALIZATION_V1\tep\f100\outer_32001\model_seed_44\CALIBRATED_RHO\result.json,False
TEP,1.0,32001,formal_locked_test,CALIBRATED_RHO,2026,0.5,COMPLETE_VALID,0.9036541792384734,0.9602668434961471,0.05277587388622344,0.7625,104.84615384615384,True,True,True,True,True,False,430.44128320000164,289d1e013ee40cb59e22a27bde2fd0a94ba8a0eee36d0086fbc6ae2312f0d5b5,6b18825e0ca424559b71ff97aa6edd6f4cabf4d62336841647fae7206b63043c,2cf0058be0b0082956ff9421ebaa7cf14451c362c1026cd9d8bb6274cce40e70,outputs\qdiffcl_data_regime_v1\DATA_REGIME_GENERALIZATION_V1\tep\f100\outer_32001\model_seed_2026\CALIBRATED_RHO\result.json,False
TEP,1.0,32002,formal_locked_test,NO_AUG,7,N/A,COMPLETE_VALID,0.9386118139353834,0.9867142804893537,0.007851534618129907,0.8125,85.15384615384616,True,True,True,True,True,False,329.0041327000072,3eb1e4c342f47b5076337e78fb8755070135abd19552fdea11a0cff61a282ec8,36adc458bc3ccfed043eb00f032c1c8c2f7f09db5ee39dcb14987132afada588,68cf6e37ce0f2e6c3239941240fd946bf27441f9277fad8d638f6c5596404ac5,outputs\qdiffcl_data_regime_v1\DATA_REGIME_GENERALIZATION_V1\tep\f100\outer_32002\model_seed_7\NO_AUG\result.json,False
TEP,1.0,32002,formal_locked_test,NO_AUG,42,N/A,COMPLETE_VALID,0.9082062973327332,0.9667508758170481,0.017844396859386154,0.7875,102.7948717948718,True,True,True,True,True,False,328.13243749999674,897c0d13d9600504feccbcd03f43eb0eed53c58616d13b643ddeb00134d90738,7d21a6fdcc5afae661d0fae7d82398951f5d7b58ca2725a3f41205a08a7aaf96,4d88fc305521a93f2c1abec732e780d280a3caac367f2f501f6e1ecda95626a0,outputs\qdiffcl_data_regime_v1\DATA_REGIME_GENERALIZATION_V1\tep\f100\outer_32002\model_seed_42\NO_AUG\result.json,False
TEP,1.0,32002,formal_locked_test,NO_AUG,43,N/A,COMPLETE_VALID,0.9375408970880135,0.9872446999201372,0.014989293361884369,0.84375,88.5,True,True,True,True,True,False,347.8121017000085,c944d55d05f45dfee439ed1df706ad0c4dedb78fe731b0843a7ff80053ff184a,bdedcba9a8d8b41420736703188019aa4c56772bfed763d4fdd3b1274ebd96e1,2d850ac183a144d0fed6ad7f810028fc8bb81457432846cd7f6197ee28c1cce3,outputs\qdiffcl_data_regime_v1\DATA_REGIME_GENERALIZATION_V1\tep\f100\outer_32002\model_seed_43\NO_AUG\result.json,False
TEP,1.0,32002,formal_locked_test,NO_AUG,44,N/A,COMPLETE_VALID,0.9241413507314488,0.9804094144470733,0.007851534618129907,0.79375,96.64102564102564,True,True,True,True,True,False,348.3109167000075,4e1fc068e403c8fd12d0ce68dfe39261d613327fed8417db1d91012478548ade,3ce03298d8b1839ef71b68212632e2436781a1149a61f9811bca0885a0313307,f6fdae13a10e69d337f0734e3dd2d10fa5024f22b1028e191ec593104ef31bb8,outputs\qdiffcl_data_regime_v1\DATA_REGIME_GENERALIZATION_V1\tep\f100\outer_32002\model_seed_44\NO_AUG\result.json,False
TEP,1.0,32002,formal_locked_test,NO_AUG,2026,N/A,COMPLETE_VALID,0.9204073479509585,0.9707628133749563,0.01998572448251249,0.7875,103.2051282051282,True,True,True,True,True,False,281.9863355999987,b86178602361bd1931ef05ac86a1122cc9b5b555a182079c7e8d43b069a4799b,7c262687b9ab35135972c5ecc5243f3a0883634ae2a6be0364e390075c4c1827,82fd265be127f39f46ccb7c9c9d556bc34babc2fc3a1859a98076d7f694ba0a3,outputs\qdiffcl_data_regime_v1\DATA_REGIME_GENERALIZATION_V1\tep\f100\outer_32002\model_seed_2026\NO_AUG\result.json,False
TEP,1.0,32002,formal_locked_test,UNIFORM_DIFFUSION,7,N/A,COMPLETE_VALID,0.9378895724158882,0.9863030611352579,0.012134189864382585,0.825,83.92307692307692,True,True,True,True,True,False,347.49278060000506,43f29c484c84c081ed38b28e0ad5c5588c09054d5d9d6e073ee451f829ceb605,3e4aa682a5dd9c58f1d02c4a2ca3acad37d886e335044cfc6da1fb25356e8dd9,6e9d28f41dc37e558acf598ea40cefc60ed69dcb8d5de48ce6d65efc247017bc,outputs\qdiffcl_data_regime_v1\DATA_REGIME_GENERALIZATION_V1\tep\f100\outer_32002\model_seed_7\UNIFORM_DIFFUSION\result.json,False
TEP,1.0,32002,formal_locked_test,UNIFORM_DIFFUSION,42,N/A,COMPLETE_VALID,0.9091276597303812,0.9665500260765251,0.021413276231263382,0.8,97.46153846153847,True,True,True,True,True,False,350.0720547000092,f15f6ceb9afd47d467d15895671016acd54929fb1fd59ef30f803789d7e0d2b9,927771018e5293c873220a89a33b72732265bbd61070ae42ee911679aba7efe1,d601997ad9ce5b5ea11afd0000afaad446a68a4ed36b743fa76fdf05a3427653,outputs\qdiffcl_data_regime_v1\DATA_REGIME_GENERALIZATION_V1\tep\f100\outer_32002\model_seed_42\UNIFORM_DIFFUSION\result.json,False
TEP,1.0,32002,formal_locked_test,UNIFORM_DIFFUSION,43,N/A,COMPLETE_VALID,0.9371290342759726,0.9881159082592961,0.014275517487508922,0.8375,89.7,True,True,True,True,True,False,350.2532005999965,0bff87f75e685c2facb6667fb2709316234e797df49e2922ed1c5b47e7df1a3a,73e68f06553f4fd264e267ba1e2d4ec79286a30226d70565da894f6f9ad9d42f,e402f50ac71c5a9e54d82e96714c09dac8d04badb0fc1b1472a6414d267b6721,outputs\qdiffcl_data_regime_v1\DATA_REGIME_GENERALIZATION_V1\tep\f100\outer_32002\model_seed_43\UNIFORM_DIFFUSION\result.json,False
TEP,1.0,32002,formal_locked_test,UNIFORM_DIFFUSION,44,N/A,COMPLETE_VALID,0.922910572689849,0.9802750555935138,0.007137758743754461,0.79375,97.05128205128206,True,True,True,True,True,False,313.8153414999979,c9c767b923157413e4a5d172a6ce0e33e46909a77801000e4879f8747d6746bc,1ca69591d504bc3e5b4ce5601ba07be4935831521f2b399c6b89915b9f37a40b,c0004201ee9afd7c357d536c1b9a38a4cf58892861dc8eb8ce5d1c23e570f2e6,outputs\qdiffcl_data_regime_v1\DATA_REGIME_GENERALIZATION_V1\tep\f100\outer_32002\model_seed_44\UNIFORM_DIFFUSION\result.json,False
TEP,1.0,32002,formal_locked_test,UNIFORM_DIFFUSION,2026,N/A,COMPLETE_VALID,0.9220510386623344,0.9708829846004806,0.021413276231263382,0.79375,98.6923076923077,True,True,True,True,True,False,247.30933379998896,035232699899eefcb3241506988eec10c7b262db59472f82b124ab893468f0d9,77cc97f9e0de3581726effdb348bc26382d45dd9b181a656642f64975e6c2fdd,2d6e9a0cc722a63e0c6b036ec2a15833e99777e9845ecd5cc05966acc88f3ebd,outputs\qdiffcl_data_regime_v1\DATA_REGIME_GENERALIZATION_V1\tep\f100\outer_32002\model_seed_2026\UNIFORM_DIFFUSION\result.json,False
TEP,1.0,32002,formal_locked_test,JITTER_SCALING,7,N/A,COMPLETE_VALID,0.9310983267497168,0.980949387762142,0.01284796573875803,0.8,87.2051282051282,True,True,True,True,True,False,341.25447390000045,f176714b767954b0d840cad44c22536abfeaff96474f8bc12f933e37b665783f,7f5a65abb0c3377274ac058b3ce51de72144b637c07103db8c09778242568d98,9b68bf0d2850622fd12fe3c0427b93f48152864493d1c6ec7ddfc5555387dec1,outputs\qdiffcl_data_regime_v1\DATA_REGIME_GENERALIZATION_V1\tep\f100\outer_32002\model_seed_7\JITTER_SCALING\result.json,False
TEP,1.0,32002,formal_locked_test,JITTER_SCALING,42,N/A,COMPLETE_VALID,0.9279330111345296,0.9805414902915814,0.014989293361884369,0.85,98.5,True,True,True,True,True,False,349.1555017000064,3ecb92d9299c226bf61dac795bafb27e64bf8e11cdc76649bb00b543b1c86828,313ceb9b10b91c98c78b87c761224eae445d8ca86676dd0bd0dc271801a89177,494d52047b36c4ec3bafb471f1160b59455b79ea65451a7a23ebe8c52a26d6fa,outputs\qdiffcl_data_regime_v1\DATA_REGIME_GENERALIZATION_V1\tep\f100\outer_32002\model_seed_42\JITTER_SCALING\result.json,False
TEP,1.0,32002,formal_locked_test,JITTER_SCALING,43,N/A,COMPLETE_VALID,0.9359824253817017,0.9871999173556036,0.017130620985010708,0.8375,88.9,True,True,True,True,True,False,349.10382550000213,4b2d9bf3cca472872cf6aae90bd4d308b24d134afec0c5eee9f719a67147f468,d56e302c06be2866a0b56c0d791363864906a0d14ee65b14873f7fc5341642c7,1609403632da9b6b8c0e51d9b2908d3f8ec949ccda4d0ca73cd48c75d1ed3ad5,outputs\qdiffcl_data_regime_v1\DATA_REGIME_GENERALIZATION_V1\tep\f100\outer_32002\model_seed_43\JITTER_SCALING\result.json,False
TEP,1.0,32002,formal_locked_test,JITTER_SCALING,44,N/A,COMPLETE_VALID,0.9244557978816483,0.9807730931476923,0.004282655246252677,0.79375,90.47368421052632,True,True,True,True,True,False,333.26476180000464,d0b2525e37b670d0c5b691ffc939131c0ba9815857f1efc762455be56f50f946,7904ed897bd1838d0efed2a905a7b5c81bf854fd5cc3a76fac228c0b899e8795,d48e728f0aca7ba6fe62c38aa2ed11f965728b349a49d3d91f8d58d937fdb4cf,outputs\qdiffcl_data_regime_v1\DATA_REGIME_GENERALIZATION_V1\tep\f100\outer_32002\model_seed_44\JITTER_SCALING\result.json,False
TEP,1.0,32002,formal_locked_test,JITTER_SCALING,2026,N/A,COMPLETE_VALID,0.9208444548526801,0.9708922885070842,0.021413276231263382,0.7875,99.92307692307692,True,True,True,True,True,False,256.3260198000062,439227411ec296a449713b57a8830164d31a02eef8d0670997a02e142b2c45b7,d7314caca3e15ebe96a52a33ad7ee4ed97c8cae8d3a9f88bb05a351131a52ff3,7d4a63e7ca2011b163298b123ddc39b36a06f6ad9b9533c121f2b56d02f6b56a,outputs\qdiffcl_data_regime_v1\DATA_REGIME_GENERALIZATION_V1\tep\f100\outer_32002\model_seed_2026\JITTER_SCALING\result.json,False
TEP,1.0,32002,formal_locked_test,FINAL_QDIFFCL_FIXED,7,N/A,COMPLETE_VALID,0.9383015977935831,0.9864673517251993,0.01284796573875803,0.825,83.92307692307692,True,True,True,True,True,False,249.749917299996,8e341cf7db63a1632109812519348c75d9bf89edd8d07dd7db99805eae5cdc45,afab05afd8f531c2afd00be77d5a9d61bb691961d369855f94ab78e083492dbd,0bbb8f3884784eeead1409591df36f35ec8241b72e8497b051201c12be22ff37,outputs\qdiffcl_data_regime_v1\DATA_REGIME_GENERALIZATION_V1\tep\f100\outer_32002\model_seed_7\FINAL_QDIFFCL_FIXED\result.json,False
TEP,1.0,32002,formal_locked_test,FINAL_QDIFFCL_FIXED,42,N/A,COMPLETE_VALID,0.9099598617133482,0.9664669110398755,0.02212705210563883,0.8,97.46153846153847,True,True,True,True,True,False,249.01716950000264,e5749c9af2bc2c749bc58e49181a3a11c6f55ed6b4e538fea48a9a67d5b819c7,38778e1e070bafef4e94e60bf5d473fd42c686b83ddb767bbb6f6c0f89b2529d,fc500d2b026717613bf83a30768cabdb14f049f2c35207bec204deb727e0ecb0,outputs\qdiffcl_data_regime_v1\DATA_REGIME_GENERALIZATION_V1\tep\f100\outer_32002\model_seed_42\FINAL_QDIFFCL_FIXED\result.json,False
TEP,1.0,32002,formal_locked_test,FINAL_QDIFFCL_FIXED,43,N/A,COMPLETE_VALID,0.9375408970880135,0.9881715124940325,0.014989293361884369,0.8375,89.7,True,True,True,True,True,False,328.07787970000936,4c11aa275e49a6e4a146c64605f94b9990c8b67cf26cc573773fd4224a4993bf,feece6e993f433e690ae77278522c3fcb38bc68009e0a5cf83cd656f275d5a4a,6de5d727cf09715c7cc4ab8fe40e319734362d279cc7f7dc68171cbcd38afb65,outputs\qdiffcl_data_regime_v1\DATA_REGIME_GENERALIZATION_V1\tep\f100\outer_32002\model_seed_43\FINAL_QDIFFCL_FIXED\result.json,False
TEP,1.0,32002,formal_locked_test,FINAL_QDIFFCL_FIXED,44,N/A,COMPLETE_VALID,0.9229288444137309,0.9803990432052525,0.007851534618129907,0.79375,97.05128205128206,True,True,True,True,True,False,260.2049307999987,742c1a2dd697c9c0663916874d82fed53789a7c37ba07692f12f70af937133f7,cc1ce815e0f5633a6d6cd142815b4bda87ec54adbdd07bbc7044c2bf15f189fd,ab96db7c08032cda7845c12545f7aa91ec8ae6f71a324f97769c23cbc942e824,outputs\qdiffcl_data_regime_v1\DATA_REGIME_GENERALIZATION_V1\tep\f100\outer_32002\model_seed_44\FINAL_QDIFFCL_FIXED\result.json,False
TEP,1.0,32002,formal_locked_test,FINAL_QDIFFCL_FIXED,2026,N/A,COMPLETE_VALID,0.9208615067239605,0.9709825737442896,0.02212705210563883,0.79375,98.6923076923077,True,True,True,True,True,False,347.2171900999965,799d3ecbf5716698b549c1891c0cade6ffc75d379e80dc5a39830c0a0cb11bd6,2f8e03f7500abc2cb0eaac73b5ac99e7f9fb241d6474c3eb534673d0ed9c6e7a,3b18ec82626f563cbab192bc542821c51616bb78f8c282121d8b32336c081045,outputs\qdiffcl_data_regime_v1\DATA_REGIME_GENERALIZATION_V1\tep\f100\outer_32002\model_seed_2026\FINAL_QDIFFCL_FIXED\result.json,False
TEP,1.0,32002,formal_locked_test,CALIBRATED_RHO,7,0.25,COMPLETE_VALID,0.937837905220227,0.9862848404217661,0.009279086366880799,0.8125,85.15384615384616,True,True,True,True,True,False,353.5896907999995,b8fbf49d427b9568b1ceaba1f48c8c26b2e362f6424d0d4fe7949f089aa0f1a4,8d338af4752ec28fdabf7449a4174ac00b2311ea8a0355b9ca5b979379554d32,7488e97b76a747121760bc0762b1e8f65621cde440d306190d3ab2f3b20c7bb6,outputs\qdiffcl_data_regime_v1\DATA_REGIME_GENERALIZATION_V1\tep\f100\outer_32002\model_seed_7\CALIBRATED_RHO\result.json,False
TEP,1.0,32002,formal_locked_test,CALIBRATED_RHO,42,0.25,COMPLETE_VALID,0.909382298683437,0.9671870858759539,0.01641684511063526,0.7875,98.05263157894737,True,True,True,True,True,False,249.88676380000834,ea6e906dea67474cde3efa7904cfb4314b3ccb713271d717e313612068a9aa18,451b9aba97399ef86cb221d932546083f467ce96723967104c6bbee5afff6fe2,03133de457b7b8e6e74681a8f7cd5e7a1c9ccb7b993b338b7e2fddd7fd27b4a3,outputs\qdiffcl_data_regime_v1\DATA_REGIME_GENERALIZATION_V1\tep\f100\outer_32002\model_seed_42\CALIBRATED_RHO\result.json,False
TEP,1.0,32002,formal_locked_test,CALIBRATED_RHO,43,0.25,COMPLETE_VALID,0.9375283044791483,0.9878376468487862,0.014275517487508922,0.8375,89.7,True,True,True,True,True,False,289.5664600000018,327cc6a96a4af7720cda0f1f1f8a0c23f3060673121c3f15173347367faf5236,2db8233666f941fa6ea82b96ff1c70d0911ca7dfdaec9603bc9847100ede46ab,bf2ed57e6ec52d26827de032292397c9605cb44399ad6fa0dfcea8a5fefd7ce0,outputs\qdiffcl_data_regime_v1\DATA_REGIME_GENERALIZATION_V1\tep\f100\outer_32002\model_seed_43\CALIBRATED_RHO\result.json,False
TEP,1.0,32002,formal_locked_test,CALIBRATED_RHO,44,0.25,COMPLETE_VALID,0.9216206691482567,0.9803257231725542,0.004282655246252677,0.7875,91.73684210526316,True,True,True,True,True,False,313.571512399998,088779112f49a953b4c413df6d2d4e3f05723def4741557083094fd419d16cfa,b4822a2cd624fe82a2b0dba7ba099027db9af38a89d573cb9ecc832d847d939b,bf218880e9b4b5d28436a7a369cab416c7f770442598ced22414487c34a8e373,outputs\qdiffcl_data_regime_v1\DATA_REGIME_GENERALIZATION_V1\tep\f100\outer_32002\model_seed_44\CALIBRATED_RHO\result.json,False
TEP,1.0,32002,formal_locked_test,CALIBRATED_RHO,2026,0.25,COMPLETE_VALID,0.9212126193759722,0.9706213333330975,0.01998572448251249,0.7875,102.38461538461539,True,True,True,True,True,False,305.59581360001175,8dd45cfc7b15c52db9271e53e9fc811317c071e24ce6f4d0f0967f3f1a5a78b8,dbeab6374ee37c44f355e3a8577738927c5c9fa0c6e9ef76644affc13f3d6acb,959f4bca0023175b08924d59255931bd4fcf973830381ec35d988b13f0776094,outputs\qdiffcl_data_regime_v1\DATA_REGIME_GENERALIZATION_V1\tep\f100\outer_32002\model_seed_2026\CALIBRATED_RHO\result.json,False
TEP,1.0,32003,formal_locked_test,NO_AUG,7,N/A,PENDING,N/A,N/A,N/A,N/A,N/A,False,False,True,False,False,False,N/A,N/A,N/A,N/A,outputs\qdiffcl_data_regime_v1\DATA_REGIME_GENERALIZATION_V1\tep\f100\outer_32003\model_seed_7\NO_AUG\result.json,False
TEP,1.0,32003,formal_locked_test,NO_AUG,42,N/A,PENDING,N/A,N/A,N/A,N/A,N/A,False,False,True,False,False,False,N/A,N/A,N/A,N/A,outputs\qdiffcl_data_regime_v1\DATA_REGIME_GENERALIZATION_V1\tep\f100\outer_32003\model_seed_42\NO_AUG\result.json,False
TEP,1.0,32003,formal_locked_test,NO_AUG,43,N/A,PENDING,N/A,N/A,N/A,N/A,N/A,False,False,True,False,False,False,N/A,N/A,N/A,N/A,outputs\qdiffcl_data_regime_v1\DATA_REGIME_GENERALIZATION_V1\tep\f100\outer_32003\model_seed_43\NO_AUG\result.json,False
TEP,1.0,32003,formal_locked_test,NO_AUG,44,N/A,PENDING,N/A,N/A,N/A,N/A,N/A,False,False,True,False,False,False,N/A,N/A,N/A,N/A,outputs\qdiffcl_data_regime_v1\DATA_REGIME_GENERALIZATION_V1\tep\f100\outer_32003\model_seed_44\NO_AUG\result.json,False
TEP,1.0,32003,formal_locked_test,NO_AUG,2026,N/A,PENDING,N/A,N/A,N/A,N/A,N/A,False,False,True,False,False,False,N/A,N/A,N/A,N/A,outputs\qdiffcl_data_regime_v1\DATA_REGIME_GENERALIZATION_V1\tep\f100\outer_32003\model_seed_2026\NO_AUG\result.json,False
TEP,1.0,32003,formal_locked_test,UNIFORM_DIFFUSION,7,N/A,PENDING,N/A,N/A,N/A,N/A,N/A,False,False,True,False,False,False,N/A,N/A,N/A,N/A,outputs\qdiffcl_data_regime_v1\DATA_REGIME_GENERALIZATION_V1\tep\f100\outer_32003\model_seed_7\UNIFORM_DIFFUSION\result.json,False
TEP,1.0,32003,formal_locked_test,UNIFORM_DIFFUSION,42,N/A,PENDING,N/A,N/A,N/A,N/A,N/A,False,False,True,False,False,False,N/A,N/A,N/A,N/A,outputs\qdiffcl_data_regime_v1\DATA_REGIME_GENERALIZATION_V1\tep\f100\outer_32003\model_seed_42\UNIFORM_DIFFUSION\result.json,False
TEP,1.0,32003,formal_locked_test,UNIFORM_DIFFUSION,43,N/A,PENDING,N/A,N/A,N/A,N/A,N/A,False,False,True,False,False,False,N/A,N/A,N/A,N/A,outputs\qdiffcl_data_regime_v1\DATA_REGIME_GENERALIZATION_V1\tep\f100\outer_32003\model_seed_43\UNIFORM_DIFFUSION\result.json,False
TEP,1.0,32003,formal_locked_test,UNIFORM_DIFFUSION,44,N/A,PENDING,N/A,N/A,N/A,N/A,N/A,False,False,True,False,False,False,N/A,N/A,N/A,N/A,outputs\qdiffcl_data_regime_v1\DATA_REGIME_GENERALIZATION_V1\tep\f100\outer_32003\model_seed_44\UNIFORM_DIFFUSION\result.json,False
TEP,1.0,32003,formal_locked_test,UNIFORM_DIFFUSION,2026,N/A,PENDING,N/A,N/A,N/A,N/A,N/A,False,False,True,False,False,False,N/A,N/A,N/A,N/A,outputs\qdiffcl_data_regime_v1\DATA_REGIME_GENERALIZATION_V1\tep\f100\outer_32003\model_seed_2026\UNIFORM_DIFFUSION\result.json,False
TEP,1.0,32003,formal_locked_test,JITTER_SCALING,7,N/A,PENDING,N/A,N/A,N/A,N/A,N/A,False,False,True,False,False,False,N/A,N/A,N/A,N/A,outputs\qdiffcl_data_regime_v1\DATA_REGIME_GENERALIZATION_V1\tep\f100\outer_32003\model_seed_7\JITTER_SCALING\result.json,False
TEP,1.0,32003,formal_locked_test,JITTER_SCALING,42,N/A,PENDING,N/A,N/A,N/A,N/A,N/A,False,False,True,False,False,False,N/A,N/A,N/A,N/A,outputs\qdiffcl_data_regime_v1\DATA_REGIME_GENERALIZATION_V1\tep\f100\outer_32003\model_seed_42\JITTER_SCALING\result.json,False
TEP,1.0,32003,formal_locked_test,JITTER_SCALING,43,N/A,PENDING,N/A,N/A,N/A,N/A,N/A,False,False,True,False,False,False,N/A,N/A,N/A,N/A,outputs\qdiffcl_data_regime_v1\DATA_REGIME_GENERALIZATION_V1\tep\f100\outer_32003\model_seed_43\JITTER_SCALING\result.json,False
TEP,1.0,32003,formal_locked_test,JITTER_SCALING,44,N/A,PENDING,N/A,N/A,N/A,N/A,N/A,False,False,True,False,False,False,N/A,N/A,N/A,N/A,outputs\qdiffcl_data_regime_v1\DATA_REGIME_GENERALIZATION_V1\tep\f100\outer_32003\model_seed_44\JITTER_SCALING\result.json,False
TEP,1.0,32003,formal_locked_test,JITTER_SCALING,2026,N/A,PENDING,N/A,N/A,N/A,N/A,N/A,False,False,True,False,False,False,N/A,N/A,N/A,N/A,outputs\qdiffcl_data_regime_v1\DATA_REGIME_GENERALIZATION_V1\tep\f100\outer_32003\model_seed_2026\JITTER_SCALING\result.json,False
TEP,1.0,32003,formal_locked_test,FINAL_QDIFFCL_FIXED,7,N/A,PENDING,N/A,N/A,N/A,N/A,N/A,False,False,True,False,False,False,N/A,N/A,N/A,N/A,outputs\qdiffcl_data_regime_v1\DATA_REGIME_GENERALIZATION_V1\tep\f100\outer_32003\model_seed_7\FINAL_QDIFFCL_FIXED\result.json,False
TEP,1.0,32003,formal_locked_test,FINAL_QDIFFCL_FIXED,42,N/A,PENDING,N/A,N/A,N/A,N/A,N/A,False,False,True,False,False,False,N/A,N/A,N/A,N/A,outputs\qdiffcl_data_regime_v1\DATA_REGIME_GENERALIZATION_V1\tep\f100\outer_32003\model_seed_42\FINAL_QDIFFCL_FIXED\result.json,False
TEP,1.0,32003,formal_locked_test,FINAL_QDIFFCL_FIXED,43,N/A,PENDING,N/A,N/A,N/A,N/A,N/A,False,False,True,False,False,False,N/A,N/A,N/A,N/A,outputs\qdiffcl_data_regime_v1\DATA_REGIME_GENERALIZATION_V1\tep\f100\outer_32003\model_seed_43\FINAL_QDIFFCL_FIXED\result.json,False
TEP,1.0,32003,formal_locked_test,FINAL_QDIFFCL_FIXED,44,N/A,PENDING,N/A,N/A,N/A,N/A,N/A,False,False,True,False,False,False,N/A,N/A,N/A,N/A,outputs\qdiffcl_data_regime_v1\DATA_REGIME_GENERALIZATION_V1\tep\f100\outer_32003\model_seed_44\FINAL_QDIFFCL_FIXED\result.json,False
TEP,1.0,32003,formal_locked_test,FINAL_QDIFFCL_FIXED,2026,N/A,PENDING,N/A,N/A,N/A,N/A,N/A,False,False,True,False,False,False,N/A,N/A,N/A,N/A,outputs\qdiffcl_data_regime_v1\DATA_REGIME_GENERALIZATION_V1\tep\f100\outer_32003\model_seed_2026\FINAL_QDIFFCL_FIXED\result.json,False
TEP,1.0,32003,formal_locked_test,CALIBRATED_RHO,7,N/A,PENDING,N/A,N/A,N/A,N/A,N/A,False,False,True,False,False,False,N/A,N/A,N/A,N/A,outputs\qdiffcl_data_regime_v1\DATA_REGIME_GENERALIZATION_V1\tep\f100\outer_32003\model_seed_7\CALIBRATED_RHO\result.json,False
TEP,1.0,32003,formal_locked_test,CALIBRATED_RHO,42,N/A,PENDING,N/A,N/A,N/A,N/A,N/A,False,False,True,False,False,False,N/A,N/A,N/A,N/A,outputs\qdiffcl_data_regime_v1\DATA_REGIME_GENERALIZATION_V1\tep\f100\outer_32003\model_seed_42\CALIBRATED_RHO\result.json,False
TEP,1.0,32003,formal_locked_test,CALIBRATED_RHO,43,N/A,PENDING,N/A,N/A,N/A,N/A,N/A,False,False,True,False,False,False,N/A,N/A,N/A,N/A,outputs\qdiffcl_data_regime_v1\DATA_REGIME_GENERALIZATION_V1\tep\f100\outer_32003\model_seed_43\CALIBRATED_RHO\result.json,False
TEP,1.0,32003,formal_locked_test,CALIBRATED_RHO,44,N/A,PENDING,N/A,N/A,N/A,N/A,N/A,False,False,True,False,False,False,N/A,N/A,N/A,N/A,outputs\qdiffcl_data_regime_v1\DATA_REGIME_GENERALIZATION_V1\tep\f100\outer_32003\model_seed_44\CALIBRATED_RHO\result.json,False
TEP,1.0,32003,formal_locked_test,CALIBRATED_RHO,2026,N/A,PENDING,N/A,N/A,N/A,N/A,N/A,False,False,True,False,False,False,N/A,N/A,N/A,N/A,outputs\qdiffcl_data_regime_v1\DATA_REGIME_GENERALIZATION_V1\tep\f100\outer_32003\model_seed_2026\CALIBRATED_RHO\result.json,False
TEP,0.25,32001,formal_locked_test,NO_AUG,7,N/A,PENDING,N/A,N/A,N/A,N/A,N/A,False,False,True,False,False,False,N/A,N/A,N/A,N/A,outputs\qdiffcl_data_regime_v1\DATA_REGIME_GENERALIZATION_V1\tep\f025\outer_32001\model_seed_7\NO_AUG\result.json,False
TEP,0.25,32001,formal_locked_test,NO_AUG,42,N/A,PENDING,N/A,N/A,N/A,N/A,N/A,False,False,True,False,False,False,N/A,N/A,N/A,N/A,outputs\qdiffcl_data_regime_v1\DATA_REGIME_GENERALIZATION_V1\tep\f025\outer_32001\model_seed_42\NO_AUG\result.json,False
TEP,0.25,32001,formal_locked_test,NO_AUG,43,N/A,PENDING,N/A,N/A,N/A,N/A,N/A,False,False,True,False,False,False,N/A,N/A,N/A,N/A,outputs\qdiffcl_data_regime_v1\DATA_REGIME_GENERALIZATION_V1\tep\f025\outer_32001\model_seed_43\NO_AUG\result.json,False
TEP,0.25,32001,formal_locked_test,NO_AUG,44,N/A,PENDING,N/A,N/A,N/A,N/A,N/A,False,False,True,False,False,False,N/A,N/A,N/A,N/A,outputs\qdiffcl_data_regime_v1\DATA_REGIME_GENERALIZATION_V1\tep\f025\outer_32001\model_seed_44\NO_AUG\result.json,False
TEP,0.25,32001,formal_locked_test,NO_AUG,2026,N/A,PENDING,N/A,N/A,N/A,N/A,N/A,False,False,True,False,False,False,N/A,N/A,N/A,N/A,outputs\qdiffcl_data_regime_v1\DATA_REGIME_GENERALIZATION_V1\tep\f025\outer_32001\model_seed_2026\NO_AUG\result.json,False
TEP,0.25,32001,formal_locked_test,UNIFORM_DIFFUSION,7,N/A,PENDING,N/A,N/A,N/A,N/A,N/A,False,False,True,False,False,False,N/A,N/A,N/A,N/A,outputs\qdiffcl_data_regime_v1\DATA_REGIME_GENERALIZATION_V1\tep\f025\outer_32001\model_seed_7\UNIFORM_DIFFUSION\result.json,False
TEP,0.25,32001,formal_locked_test,UNIFORM_DIFFUSION,42,N/A,PENDING,N/A,N/A,N/A,N/A,N/A,False,False,True,False,False,False,N/A,N/A,N/A,N/A,outputs\qdiffcl_data_regime_v1\DATA_REGIME_GENERALIZATION_V1\tep\f025\outer_32001\model_seed_42\UNIFORM_DIFFUSION\result.json,False
TEP,0.25,32001,formal_locked_test,UNIFORM_DIFFUSION,43,N/A,PENDING,N/A,N/A,N/A,N/A,N/A,False,False,True,False,False,False,N/A,N/A,N/A,N/A,outputs\qdiffcl_data_regime_v1\DATA_REGIME_GENERALIZATION_V1\tep\f025\outer_32001\model_seed_43\UNIFORM_DIFFUSION\result.json,False
TEP,0.25,32001,formal_locked_test,UNIFORM_DIFFUSION,44,N/A,PENDING,N/A,N/A,N/A,N/A,N/A,False,False,True,False,False,False,N/A,N/A,N/A,N/A,outputs\qdiffcl_data_regime_v1\DATA_REGIME_GENERALIZATION_V1\tep\f025\outer_32001\model_seed_44\UNIFORM_DIFFUSION\result.json,False
TEP,0.25,32001,formal_locked_test,UNIFORM_DIFFUSION,2026,N/A,PENDING,N/A,N/A,N/A,N/A,N/A,False,False,True,False,False,False,N/A,N/A,N/A,N/A,outputs\qdiffcl_data_regime_v1\DATA_REGIME_GENERALIZATION_V1\tep\f025\outer_32001\model_seed_2026\UNIFORM_DIFFUSION\result.json,False
TEP,0.25,32001,formal_locked_test,JITTER_SCALING,7,N/A,PENDING,N/A,N/A,N/A,N/A,N/A,False,False,True,False,False,False,N/A,N/A,N/A,N/A,outputs\qdiffcl_data_regime_v1\DATA_REGIME_GENERALIZATION_V1\tep\f025\outer_32001\model_seed_7\JITTER_SCALING\result.json,False
TEP,0.25,32001,formal_locked_test,JITTER_SCALING,42,N/A,PENDING,N/A,N/A,N/A,N/A,N/A,False,False,True,False,False,False,N/A,N/A,N/A,N/A,outputs\qdiffcl_data_regime_v1\DATA_REGIME_GENERALIZATION_V1\tep\f025\outer_32001\model_seed_42\JITTER_SCALING\result.json,False
TEP,0.25,32001,formal_locked_test,JITTER_SCALING,43,N/A,PENDING,N/A,N/A,N/A,N/A,N/A,False,False,True,False,False,False,N/A,N/A,N/A,N/A,outputs\qdiffcl_data_regime_v1\DATA_REGIME_GENERALIZATION_V1\tep\f025\outer_32001\model_seed_43\JITTER_SCALING\result.json,False
TEP,0.25,32001,formal_locked_test,JITTER_SCALING,44,N/A,PENDING,N/A,N/A,N/A,N/A,N/A,False,False,True,False,False,False,N/A,N/A,N/A,N/A,outputs\qdiffcl_data_regime_v1\DATA_REGIME_GENERALIZATION_V1\tep\f025\outer_32001\model_seed_44\JITTER_SCALING\result.json,False
TEP,0.25,32001,formal_locked_test,JITTER_SCALING,2026,N/A,PENDING,N/A,N/A,N/A,N/A,N/A,False,False,True,False,False,False,N/A,N/A,N/A,N/A,outputs\qdiffcl_data_regime_v1\DATA_REGIME_GENERALIZATION_V1\tep\f025\outer_32001\model_seed_2026\JITTER_SCALING\result.json,False
TEP,0.25,32001,formal_locked_test,FINAL_QDIFFCL_FIXED,7,N/A,PENDING,N/A,N/A,N/A,N/A,N/A,False,False,True,False,False,False,N/A,N/A,N/A,N/A,outputs\qdiffcl_data_regime_v1\DATA_REGIME_GENERALIZATION_V1\tep\f025\outer_32001\model_seed_7\FINAL_QDIFFCL_FIXED\result.json,False
TEP,0.25,32001,formal_locked_test,FINAL_QDIFFCL_FIXED,42,N/A,PENDING,N/A,N/A,N/A,N/A,N/A,False,False,True,False,False,False,N/A,N/A,N/A,N/A,outputs\qdiffcl_data_regime_v1\DATA_REGIME_GENERALIZATION_V1\tep\f025\outer_32001\model_seed_42\FINAL_QDIFFCL_FIXED\result.json,False
TEP,0.25,32001,formal_locked_test,FINAL_QDIFFCL_FIXED,43,N/A,PENDING,N/A,N/A,N/A,N/A,N/A,False,False,True,False,False,False,N/A,N/A,N/A,N/A,outputs\qdiffcl_data_regime_v1\DATA_REGIME_GENERALIZATION_V1\tep\f025\outer_32001\model_seed_43\FINAL_QDIFFCL_FIXED\result.json,False
TEP,0.25,32001,formal_locked_test,FINAL_QDIFFCL_FIXED,44,N/A,PENDING,N/A,N/A,N/A,N/A,N/A,False,False,True,False,False,False,N/A,N/A,N/A,N/A,outputs\qdiffcl_data_regime_v1\DATA_REGIME_GENERALIZATION_V1\tep\f025\outer_32001\model_seed_44\FINAL_QDIFFCL_FIXED\result.json,False
TEP,0.25,32001,formal_locked_test,FINAL_QDIFFCL_FIXED,2026,N/A,PENDING,N/A,N/A,N/A,N/A,N/A,False,False,True,False,False,False,N/A,N/A,N/A,N/A,outputs\qdiffcl_data_regime_v1\DATA_REGIME_GENERALIZATION_V1\tep\f025\outer_32001\model_seed_2026\FINAL_QDIFFCL_FIXED\result.json,False
TEP,0.25,32001,formal_locked_test,CALIBRATED_RHO,7,N/A,PENDING,N/A,N/A,N/A,N/A,N/A,False,False,True,False,False,False,N/A,N/A,N/A,N/A,outputs\qdiffcl_data_regime_v1\DATA_REGIME_GENERALIZATION_V1\tep\f025\outer_32001\model_seed_7\CALIBRATED_RHO\result.json,False
TEP,0.25,32001,formal_locked_test,CALIBRATED_RHO,42,N/A,PENDING,N/A,N/A,N/A,N/A,N/A,False,False,True,False,False,False,N/A,N/A,N/A,N/A,outputs\qdiffcl_data_regime_v1\DATA_REGIME_GENERALIZATION_V1\tep\f025\outer_32001\model_seed_42\CALIBRATED_RHO\result.json,False
TEP,0.25,32001,formal_locked_test,CALIBRATED_RHO,43,N/A,PENDING,N/A,N/A,N/A,N/A,N/A,False,False,True,False,False,False,N/A,N/A,N/A,N/A,outputs\qdiffcl_data_regime_v1\DATA_REGIME_GENERALIZATION_V1\tep\f025\outer_32001\model_seed_43\CALIBRATED_RHO\result.json,False
TEP,0.25,32001,formal_locked_test,CALIBRATED_RHO,44,N/A,PENDING,N/A,N/A,N/A,N/A,N/A,False,False,True,False,False,False,N/A,N/A,N/A,N/A,outputs\qdiffcl_data_regime_v1\DATA_REGIME_GENERALIZATION_V1\tep\f025\outer_32001\model_seed_44\CALIBRATED_RHO\result.json,False
TEP,0.25,32001,formal_locked_test,CALIBRATED_RHO,2026,N/A,PENDING,N/A,N/A,N/A,N/A,N/A,False,False,True,False,False,False,N/A,N/A,N/A,N/A,outputs\qdiffcl_data_regime_v1\DATA_REGIME_GENERALIZATION_V1\tep\f025\outer_32001\model_seed_2026\CALIBRATED_RHO\result.json,False
TEP,0.25,32002,formal_locked_test,NO_AUG,7,N/A,PENDING,N/A,N/A,N/A,N/A,N/A,False,False,True,False,False,False,N/A,N/A,N/A,N/A,outputs\qdiffcl_data_regime_v1\DATA_REGIME_GENERALIZATION_V1\tep\f025\outer_32002\model_seed_7\NO_AUG\result.json,False
TEP,0.25,32002,formal_locked_test,NO_AUG,42,N/A,PENDING,N/A,N/A,N/A,N/A,N/A,False,False,True,False,False,False,N/A,N/A,N/A,N/A,outputs\qdiffcl_data_regime_v1\DATA_REGIME_GENERALIZATION_V1\tep\f025\outer_32002\model_seed_42\NO_AUG\result.json,False
TEP,0.25,32002,formal_locked_test,NO_AUG,43,N/A,PENDING,N/A,N/A,N/A,N/A,N/A,False,False,True,False,False,False,N/A,N/A,N/A,N/A,outputs\qdiffcl_data_regime_v1\DATA_REGIME_GENERALIZATION_V1\tep\f025\outer_32002\model_seed_43\NO_AUG\result.json,False
TEP,0.25,32002,formal_locked_test,NO_AUG,44,N/A,PENDING,N/A,N/A,N/A,N/A,N/A,False,False,True,False,False,False,N/A,N/A,N/A,N/A,outputs\qdiffcl_data_regime_v1\DATA_REGIME_GENERALIZATION_V1\tep\f025\outer_32002\model_seed_44\NO_AUG\result.json,False
TEP,0.25,32002,formal_locked_test,NO_AUG,2026,N/A,PENDING,N/A,N/A,N/A,N/A,N/A,False,False,True,False,False,False,N/A,N/A,N/A,N/A,outputs\qdiffcl_data_regime_v1\DATA_REGIME_GENERALIZATION_V1\tep\f025\outer_32002\model_seed_2026\NO_AUG\result.json,False
TEP,0.25,32002,formal_locked_test,UNIFORM_DIFFUSION,7,N/A,PENDING,N/A,N/A,N/A,N/A,N/A,False,False,True,False,False,False,N/A,N/A,N/A,N/A,outputs\qdiffcl_data_regime_v1\DATA_REGIME_GENERALIZATION_V1\tep\f025\outer_32002\model_seed_7\UNIFORM_DIFFUSION\result.json,False
TEP,0.25,32002,formal_locked_test,UNIFORM_DIFFUSION,42,N/A,PENDING,N/A,N/A,N/A,N/A,N/A,False,False,True,False,False,False,N/A,N/A,N/A,N/A,outputs\qdiffcl_data_regime_v1\DATA_REGIME_GENERALIZATION_V1\tep\f025\outer_32002\model_seed_42\UNIFORM_DIFFUSION\result.json,False
TEP,0.25,32002,formal_locked_test,UNIFORM_DIFFUSION,43,N/A,PENDING,N/A,N/A,N/A,N/A,N/A,False,False,True,False,False,False,N/A,N/A,N/A,N/A,outputs\qdiffcl_data_regime_v1\DATA_REGIME_GENERALIZATION_V1\tep\f025\outer_32002\model_seed_43\UNIFORM_DIFFUSION\result.json,False
TEP,0.25,32002,formal_locked_test,UNIFORM_DIFFUSION,44,N/A,PENDING,N/A,N/A,N/A,N/A,N/A,False,False,True,False,False,False,N/A,N/A,N/A,N/A,outputs\qdiffcl_data_regime_v1\DATA_REGIME_GENERALIZATION_V1\tep\f025\outer_32002\model_seed_44\UNIFORM_DIFFUSION\result.json,False
TEP,0.25,32002,formal_locked_test,UNIFORM_DIFFUSION,2026,N/A,PENDING,N/A,N/A,N/A,N/A,N/A,False,False,True,False,False,False,N/A,N/A,N/A,N/A,outputs\qdiffcl_data_regime_v1\DATA_REGIME_GENERALIZATION_V1\tep\f025\outer_32002\model_seed_2026\UNIFORM_DIFFUSION\result.json,False
TEP,0.25,32002,formal_locked_test,JITTER_SCALING,7,N/A,PENDING,N/A,N/A,N/A,N/A,N/A,False,False,True,False,False,False,N/A,N/A,N/A,N/A,outputs\qdiffcl_data_regime_v1\DATA_REGIME_GENERALIZATION_V1\tep\f025\outer_32002\model_seed_7\JITTER_SCALING\result.json,False
TEP,0.25,32002,formal_locked_test,JITTER_SCALING,42,N/A,PENDING,N/A,N/A,N/A,N/A,N/A,False,False,True,False,False,False,N/A,N/A,N/A,N/A,outputs\qdiffcl_data_regime_v1\DATA_REGIME_GENERALIZATION_V1\tep\f025\outer_32002\model_seed_42\JITTER_SCALING\result.json,False
TEP,0.25,32002,formal_locked_test,JITTER_SCALING,43,N/A,PENDING,N/A,N/A,N/A,N/A,N/A,False,False,True,False,False,False,N/A,N/A,N/A,N/A,outputs\qdiffcl_data_regime_v1\DATA_REGIME_GENERALIZATION_V1\tep\f025\outer_32002\model_seed_43\JITTER_SCALING\result.json,False
TEP,0.25,32002,formal_locked_test,JITTER_SCALING,44,N/A,PENDING,N/A,N/A,N/A,N/A,N/A,False,False,True,False,False,False,N/A,N/A,N/A,N/A,outputs\qdiffcl_data_regime_v1\DATA_REGIME_GENERALIZATION_V1\tep\f025\outer_32002\model_seed_44\JITTER_SCALING\result.json,False
TEP,0.25,32002,formal_locked_test,JITTER_SCALING,2026,N/A,PENDING,N/A,N/A,N/A,N/A,N/A,False,False,True,False,False,False,N/A,N/A,N/A,N/A,outputs\qdiffcl_data_regime_v1\DATA_REGIME_GENERALIZATION_V1\tep\f025\outer_32002\model_seed_2026\JITTER_SCALING\result.json,False
TEP,0.25,32002,formal_locked_test,FINAL_QDIFFCL_FIXED,7,N/A,PENDING,N/A,N/A,N/A,N/A,N/A,False,False,True,False,False,False,N/A,N/A,N/A,N/A,outputs\qdiffcl_data_regime_v1\DATA_REGIME_GENERALIZATION_V1\tep\f025\outer_32002\model_seed_7\FINAL_QDIFFCL_FIXED\result.json,False
TEP,0.25,32002,formal_locked_test,FINAL_QDIFFCL_FIXED,42,N/A,PENDING,N/A,N/A,N/A,N/A,N/A,False,False,True,False,False,False,N/A,N/A,N/A,N/A,outputs\qdiffcl_data_regime_v1\DATA_REGIME_GENERALIZATION_V1\tep\f025\outer_32002\model_seed_42\FINAL_QDIFFCL_FIXED\result.json,False
TEP,0.25,32002,formal_locked_test,FINAL_QDIFFCL_FIXED,43,N/A,PENDING,N/A,N/A,N/A,N/A,N/A,False,False,True,False,False,False,N/A,N/A,N/A,N/A,outputs\qdiffcl_data_regime_v1\DATA_REGIME_GENERALIZATION_V1\tep\f025\outer_32002\model_seed_43\FINAL_QDIFFCL_FIXED\result.json,False
TEP,0.25,32002,formal_locked_test,FINAL_QDIFFCL_FIXED,44,N/A,PENDING,N/A,N/A,N/A,N/A,N/A,False,False,True,False,False,False,N/A,N/A,N/A,N/A,outputs\qdiffcl_data_regime_v1\DATA_REGIME_GENERALIZATION_V1\tep\f025\outer_32002\model_seed_44\FINAL_QDIFFCL_FIXED\result.json,False
TEP,0.25,32002,formal_locked_test,FINAL_QDIFFCL_FIXED,2026,N/A,PENDING,N/A,N/A,N/A,N/A,N/A,False,False,True,False,False,False,N/A,N/A,N/A,N/A,outputs\qdiffcl_data_regime_v1\DATA_REGIME_GENERALIZATION_V1\tep\f025\outer_32002\model_seed_2026\FINAL_QDIFFCL_FIXED\result.json,False
TEP,0.25,32002,formal_locked_test,CALIBRATED_RHO,7,N/A,PENDING,N/A,N/A,N/A,N/A,N/A,False,False,True,False,False,False,N/A,N/A,N/A,N/A,outputs\qdiffcl_data_regime_v1\DATA_REGIME_GENERALIZATION_V1\tep\f025\outer_32002\model_seed_7\CALIBRATED_RHO\result.json,False
TEP,0.25,32002,formal_locked_test,CALIBRATED_RHO,42,N/A,PENDING,N/A,N/A,N/A,N/A,N/A,False,False,True,False,False,False,N/A,N/A,N/A,N/A,outputs\qdiffcl_data_regime_v1\DATA_REGIME_GENERALIZATION_V1\tep\f025\outer_32002\model_seed_42\CALIBRATED_RHO\result.json,False
TEP,0.25,32002,formal_locked_test,CALIBRATED_RHO,43,N/A,PENDING,N/A,N/A,N/A,N/A,N/A,False,False,True,False,False,False,N/A,N/A,N/A,N/A,outputs\qdiffcl_data_regime_v1\DATA_REGIME_GENERALIZATION_V1\tep\f025\outer_32002\model_seed_43\CALIBRATED_RHO\result.json,False
TEP,0.25,32002,formal_locked_test,CALIBRATED_RHO,44,N/A,PENDING,N/A,N/A,N/A,N/A,N/A,False,False,True,False,False,False,N/A,N/A,N/A,N/A,outputs\qdiffcl_data_regime_v1\DATA_REGIME_GENERALIZATION_V1\tep\f025\outer_32002\model_seed_44\CALIBRATED_RHO\result.json,False
TEP,0.25,32002,formal_locked_test,CALIBRATED_RHO,2026,N/A,PENDING,N/A,N/A,N/A,N/A,N/A,False,False,True,False,False,False,N/A,N/A,N/A,N/A,outputs\qdiffcl_data_regime_v1\DATA_REGIME_GENERALIZATION_V1\tep\f025\outer_32002\model_seed_2026\CALIBRATED_RHO\result.json,False
TEP,0.25,32003,formal_locked_test,NO_AUG,7,N/A,PENDING,N/A,N/A,N/A,N/A,N/A,False,False,True,False,False,False,N/A,N/A,N/A,N/A,outputs\qdiffcl_data_regime_v1\DATA_REGIME_GENERALIZATION_V1\tep\f025\outer_32003\model_seed_7\NO_AUG\result.json,False
TEP,0.25,32003,formal_locked_test,NO_AUG,42,N/A,PENDING,N/A,N/A,N/A,N/A,N/A,False,False,True,False,False,False,N/A,N/A,N/A,N/A,outputs\qdiffcl_data_regime_v1\DATA_REGIME_GENERALIZATION_V1\tep\f025\outer_32003\model_seed_42\NO_AUG\result.json,False
TEP,0.25,32003,formal_locked_test,NO_AUG,43,N/A,PENDING,N/A,N/A,N/A,N/A,N/A,False,False,True,False,False,False,N/A,N/A,N/A,N/A,outputs\qdiffcl_data_regime_v1\DATA_REGIME_GENERALIZATION_V1\tep\f025\outer_32003\model_seed_43\NO_AUG\result.json,False
TEP,0.25,32003,formal_locked_test,NO_AUG,44,N/A,PENDING,N/A,N/A,N/A,N/A,N/A,False,False,True,False,False,False,N/A,N/A,N/A,N/A,outputs\qdiffcl_data_regime_v1\DATA_REGIME_GENERALIZATION_V1\tep\f025\outer_32003\model_seed_44\NO_AUG\result.json,False
TEP,0.25,32003,formal_locked_test,NO_AUG,2026,N/A,PENDING,N/A,N/A,N/A,N/A,N/A,False,False,True,False,False,False,N/A,N/A,N/A,N/A,outputs\qdiffcl_data_regime_v1\DATA_REGIME_GENERALIZATION_V1\tep\f025\outer_32003\model_seed_2026\NO_AUG\result.json,False
TEP,0.25,32003,formal_locked_test,UNIFORM_DIFFUSION,7,N/A,PENDING,N/A,N/A,N/A,N/A,N/A,False,False,True,False,False,False,N/A,N/A,N/A,N/A,outputs\qdiffcl_data_regime_v1\DATA_REGIME_GENERALIZATION_V1\tep\f025\outer_32003\model_seed_7\UNIFORM_DIFFUSION\result.json,False
TEP,0.25,32003,formal_locked_test,UNIFORM_DIFFUSION,42,N/A,PENDING,N/A,N/A,N/A,N/A,N/A,False,False,True,False,False,False,N/A,N/A,N/A,N/A,outputs\qdiffcl_data_regime_v1\DATA_REGIME_GENERALIZATION_V1\tep\f025\outer_32003\model_seed_42\UNIFORM_DIFFUSION\result.json,False
TEP,0.25,32003,formal_locked_test,UNIFORM_DIFFUSION,43,N/A,PENDING,N/A,N/A,N/A,N/A,N/A,False,False,True,False,False,False,N/A,N/A,N/A,N/A,outputs\qdiffcl_data_regime_v1\DATA_REGIME_GENERALIZATION_V1\tep\f025\outer_32003\model_seed_43\UNIFORM_DIFFUSION\result.json,False
TEP,0.25,32003,formal_locked_test,UNIFORM_DIFFUSION,44,N/A,PENDING,N/A,N/A,N/A,N/A,N/A,False,False,True,False,False,False,N/A,N/A,N/A,N/A,outputs\qdiffcl_data_regime_v1\DATA_REGIME_GENERALIZATION_V1\tep\f025\outer_32003\model_seed_44\UNIFORM_DIFFUSION\result.json,False
TEP,0.25,32003,formal_locked_test,UNIFORM_DIFFUSION,2026,N/A,PENDING,N/A,N/A,N/A,N/A,N/A,False,False,True,False,False,False,N/A,N/A,N/A,N/A,outputs\qdiffcl_data_regime_v1\DATA_REGIME_GENERALIZATION_V1\tep\f025\outer_32003\model_seed_2026\UNIFORM_DIFFUSION\result.json,False
TEP,0.25,32003,formal_locked_test,JITTER_SCALING,7,N/A,PENDING,N/A,N/A,N/A,N/A,N/A,False,False,True,False,False,False,N/A,N/A,N/A,N/A,outputs\qdiffcl_data_regime_v1\DATA_REGIME_GENERALIZATION_V1\tep\f025\outer_32003\model_seed_7\JITTER_SCALING\result.json,False
TEP,0.25,32003,formal_locked_test,JITTER_SCALING,42,N/A,PENDING,N/A,N/A,N/A,N/A,N/A,False,False,True,False,False,False,N/A,N/A,N/A,N/A,outputs\qdiffcl_data_regime_v1\DATA_REGIME_GENERALIZATION_V1\tep\f025\outer_32003\model_seed_42\JITTER_SCALING\result.json,False
TEP,0.25,32003,formal_locked_test,JITTER_SCALING,43,N/A,PENDING,N/A,N/A,N/A,N/A,N/A,False,False,True,False,False,False,N/A,N/A,N/A,N/A,outputs\qdiffcl_data_regime_v1\DATA_REGIME_GENERALIZATION_V1\tep\f025\outer_32003\model_seed_43\JITTER_SCALING\result.json,False
TEP,0.25,32003,formal_locked_test,JITTER_SCALING,44,N/A,PENDING,N/A,N/A,N/A,N/A,N/A,False,False,True,False,False,False,N/A,N/A,N/A,N/A,outputs\qdiffcl_data_regime_v1\DATA_REGIME_GENERALIZATION_V1\tep\f025\outer_32003\model_seed_44\JITTER_SCALING\result.json,False
TEP,0.25,32003,formal_locked_test,JITTER_SCALING,2026,N/A,PENDING,N/A,N/A,N/A,N/A,N/A,False,False,True,False,False,False,N/A,N/A,N/A,N/A,outputs\qdiffcl_data_regime_v1\DATA_REGIME_GENERALIZATION_V1\tep\f025\outer_32003\model_seed_2026\JITTER_SCALING\result.json,False
TEP,0.25,32003,formal_locked_test,FINAL_QDIFFCL_FIXED,7,N/A,PENDING,N/A,N/A,N/A,N/A,N/A,False,False,True,False,False,False,N/A,N/A,N/A,N/A,outputs\qdiffcl_data_regime_v1\DATA_REGIME_GENERALIZATION_V1\tep\f025\outer_32003\model_seed_7\FINAL_QDIFFCL_FIXED\result.json,False
TEP,0.25,32003,formal_locked_test,FINAL_QDIFFCL_FIXED,42,N/A,PENDING,N/A,N/A,N/A,N/A,N/A,False,False,True,False,False,False,N/A,N/A,N/A,N/A,outputs\qdiffcl_data_regime_v1\DATA_REGIME_GENERALIZATION_V1\tep\f025\outer_32003\model_seed_42\FINAL_QDIFFCL_FIXED\result.json,False
TEP,0.25,32003,formal_locked_test,FINAL_QDIFFCL_FIXED,43,N/A,PENDING,N/A,N/A,N/A,N/A,N/A,False,False,True,False,False,False,N/A,N/A,N/A,N/A,outputs\qdiffcl_data_regime_v1\DATA_REGIME_GENERALIZATION_V1\tep\f025\outer_32003\model_seed_43\FINAL_QDIFFCL_FIXED\result.json,False
TEP,0.25,32003,formal_locked_test,FINAL_QDIFFCL_FIXED,44,N/A,PENDING,N/A,N/A,N/A,N/A,N/A,False,False,True,False,False,False,N/A,N/A,N/A,N/A,outputs\qdiffcl_data_regime_v1\DATA_REGIME_GENERALIZATION_V1\tep\f025\outer_32003\model_seed_44\FINAL_QDIFFCL_FIXED\result.json,False
TEP,0.25,32003,formal_locked_test,FINAL_QDIFFCL_FIXED,2026,N/A,PENDING,N/A,N/A,N/A,N/A,N/A,False,False,True,False,False,False,N/A,N/A,N/A,N/A,outputs\qdiffcl_data_regime_v1\DATA_REGIME_GENERALIZATION_V1\tep\f025\outer_32003\model_seed_2026\FINAL_QDIFFCL_FIXED\result.json,False
TEP,0.25,32003,formal_locked_test,CALIBRATED_RHO,7,N/A,PENDING,N/A,N/A,N/A,N/A,N/A,False,False,True,False,False,False,N/A,N/A,N/A,N/A,outputs\qdiffcl_data_regime_v1\DATA_REGIME_GENERALIZATION_V1\tep\f025\outer_32003\model_seed_7\CALIBRATED_RHO\result.json,False
TEP,0.25,32003,formal_locked_test,CALIBRATED_RHO,42,N/A,PENDING,N/A,N/A,N/A,N/A,N/A,False,False,True,False,False,False,N/A,N/A,N/A,N/A,outputs\qdiffcl_data_regime_v1\DATA_REGIME_GENERALIZATION_V1\tep\f025\outer_32003\model_seed_42\CALIBRATED_RHO\result.json,False
TEP,0.25,32003,formal_locked_test,CALIBRATED_RHO,43,N/A,PENDING,N/A,N/A,N/A,N/A,N/A,False,False,True,False,False,False,N/A,N/A,N/A,N/A,outputs\qdiffcl_data_regime_v1\DATA_REGIME_GENERALIZATION_V1\tep\f025\outer_32003\model_seed_43\CALIBRATED_RHO\result.json,False
TEP,0.25,32003,formal_locked_test,CALIBRATED_RHO,44,N/A,PENDING,N/A,N/A,N/A,N/A,N/A,False,False,True,False,False,False,N/A,N/A,N/A,N/A,outputs\qdiffcl_data_regime_v1\DATA_REGIME_GENERALIZATION_V1\tep\f025\outer_32003\model_seed_44\CALIBRATED_RHO\result.json,False
TEP,0.25,32003,formal_locked_test,CALIBRATED_RHO,2026,N/A,PENDING,N/A,N/A,N/A,N/A,N/A,False,False,True,False,False,False,N/A,N/A,N/A,N/A,outputs\qdiffcl_data_regime_v1\DATA_REGIME_GENERALIZATION_V1\tep\f025\outer_32003\model_seed_2026\CALIBRATED_RHO\result.json,False
3W,1.0,31001,rho_validation_candidate,CALIBRATED_RHO,42,0.0,COMPLETE_VALID,0.8026272340204754,0.9337564596023724,0.253,N/A,N/A,True,False,True,True,False,False,63.735631000001376,05e0ac1e25c388d6bb48c9d16b84cd8822285e162662c56c6f098e683f512e76,N/A,N/A,outputs\qdiffcl_data_regime_v1\DATA_REGIME_GENERALIZATION_V1\3w\f100\outer_31001\model_seed_42\CALIBRATED_RHO\_candidates\rho_000,True
3W,1.0,31001,rho_validation_candidate,CALIBRATED_RHO,42,0.25,COMPLETE_VALID,0.5613458297485916,0.9228190904014033,0.2485,N/A,N/A,True,False,True,True,False,False,59.696650699999736,4e1003582d3077357a04342811875f26ecd3066492222c46479d7b84bdec3538,N/A,N/A,outputs\qdiffcl_data_regime_v1\DATA_REGIME_GENERALIZATION_V1\3w\f100\outer_31001\model_seed_42\CALIBRATED_RHO\_candidates\rho_025,True
3W,1.0,31001,rho_validation_candidate,CALIBRATED_RHO,42,0.5,COMPLETE_VALID,0.5728105704889952,0.923511597997325,0.248,N/A,N/A,True,False,True,True,False,False,59.99979960000019,4ca23b34b58177388370553fbf40bbbf8eed2d267b06137c8821d547ac480cf8,N/A,N/A,outputs\qdiffcl_data_regime_v1\DATA_REGIME_GENERALIZATION_V1\3w\f100\outer_31001\model_seed_42\CALIBRATED_RHO\_candidates\rho_050,True
3W,1.0,31001,rho_validation_candidate,CALIBRATED_RHO,42,0.75,COMPLETE_VALID,0.683782714187739,0.9281834028539385,0.25,N/A,N/A,True,False,True,True,False,False,59.1227867000016,9fe612517e77a0ee1503d6d2833a48c26e03f5b4643c8febfa9efd12253755cc,N/A,N/A,outputs\qdiffcl_data_regime_v1\DATA_REGIME_GENERALIZATION_V1\3w\f100\outer_31001\model_seed_42\CALIBRATED_RHO\_candidates\rho_075,True
3W,1.0,31001,rho_validation_candidate,CALIBRATED_RHO,42,1.0,COMPLETE_VALID,0.7042554293738625,0.9226360779935963,0.264,N/A,N/A,True,False,True,True,False,False,59.53298509999877,9fedd95c03342f1f204e200e9d3c6a8575d4a3aa2774741ded577d11573f17a6,N/A,N/A,outputs\qdiffcl_data_regime_v1\DATA_REGIME_GENERALIZATION_V1\3w\f100\outer_31001\model_seed_42\FINAL_QDIFFCL_FIXED\_training,True
3W,1.0,31001,rho_validation_candidate,CALIBRATED_RHO,43,0.0,COMPLETE_VALID,0.6263017390588255,0.924834570584714,0.256,N/A,N/A,True,False,True,True,False,False,60.1984838999997,196c6511d72f0835728c543a5ab6b200c22e855813b01ed9e2bc49ca237f070d,N/A,N/A,outputs\qdiffcl_data_regime_v1\DATA_REGIME_GENERALIZATION_V1\3w\f100\outer_31001\model_seed_43\CALIBRATED_RHO\_candidates\rho_000,True
3W,1.0,31001,rho_validation_candidate,CALIBRATED_RHO,43,0.25,COMPLETE_VALID,0.648131178677766,0.92887600279654,0.241,N/A,N/A,True,False,True,True,False,False,59.10829669999839,85aaf8e45babd37df582814e9a31068c9825fbd10e845054747eb1d496beb26a,N/A,N/A,outputs\qdiffcl_data_regime_v1\DATA_REGIME_GENERALIZATION_V1\3w\f100\outer_31001\model_seed_43\CALIBRATED_RHO\_candidates\rho_025,True
3W,1.0,31001,rho_validation_candidate,CALIBRATED_RHO,43,0.5,COMPLETE_VALID,0.6154751992229623,0.92584586613668,0.256,N/A,N/A,True,False,True,True,False,False,58.688425299998926,474d154e78387d753db85089adf6b79d9d8bd5c9a9f4c227ffdb5e8c3c549982,N/A,N/A,outputs\qdiffcl_data_regime_v1\DATA_REGIME_GENERALIZATION_V1\3w\f100\outer_31001\model_seed_43\CALIBRATED_RHO\_candidates\rho_050,True
3W,1.0,31001,rho_validation_candidate,CALIBRATED_RHO,43,0.75,COMPLETE_VALID,0.6113880160541936,0.9258847109896261,0.256,N/A,N/A,True,False,True,True,False,False,58.90220100000079,ddb5bfa246878274fed2007aaa6df76923ea79b1ff235a200e89dd9b5768dc63,N/A,N/A,outputs\qdiffcl_data_regime_v1\DATA_REGIME_GENERALIZATION_V1\3w\f100\outer_31001\model_seed_43\CALIBRATED_RHO\_candidates\rho_075,True
3W,1.0,31001,rho_validation_candidate,CALIBRATED_RHO,43,1.0,COMPLETE_VALID,0.5886424437988066,0.925977714713035,0.2555,N/A,N/A,True,False,True,True,False,False,59.37202369999977,e54bbd2e794260fcb5735e0ff37de871779b1cb8312cd8bb76a2f61e4495e3fc,N/A,N/A,outputs\qdiffcl_data_regime_v1\DATA_REGIME_GENERALIZATION_V1\3w\f100\outer_31001\model_seed_43\FINAL_QDIFFCL_FIXED\_training,True
3W,1.0,31001,rho_validation_candidate,CALIBRATED_RHO,44,0.0,COMPLETE_VALID,0.7004076660946574,0.8976917607395497,0.2335,N/A,N/A,True,False,True,True,False,False,58.723578900000575,fc36c941877753338426888943d46513e742074712ae2a13b362e2d9b25b9f80,N/A,N/A,outputs\qdiffcl_data_regime_v1\DATA_REGIME_GENERALIZATION_V1\3w\f100\outer_31001\model_seed_44\CALIBRATED_RHO\_candidates\rho_000,True
3W,1.0,31001,rho_validation_candidate,CALIBRATED_RHO,44,0.25,COMPLETE_VALID,0.7199890070159891,0.8971290704577627,0.2335,N/A,N/A,True,False,True,True,False,False,59.31073699999979,7baa07fb979550e776d3d024d9c988556a834ca5716fea52ce8da8eabaec185a,N/A,N/A,outputs\qdiffcl_data_regime_v1\DATA_REGIME_GENERALIZATION_V1\3w\f100\outer_31001\model_seed_44\CALIBRATED_RHO\_candidates\rho_025,True
3W,1.0,31001,rho_validation_candidate,CALIBRATED_RHO,44,0.5,COMPLETE_VALID,0.7248607413024688,0.8985076079011607,0.237,N/A,N/A,True,False,True,True,False,False,62.96010109999952,97dddc1627beda574daad64023d92a81e7f8496bcd2240a60e7e7c8bd70faa89,N/A,N/A,outputs\qdiffcl_data_regime_v1\DATA_REGIME_GENERALIZATION_V1\3w\f100\outer_31001\model_seed_44\CALIBRATED_RHO\_candidates\rho_050,True
3W,1.0,31001,rho_validation_candidate,CALIBRATED_RHO,44,0.75,COMPLETE_VALID,0.7292337678315199,0.8968111600926921,0.2415,N/A,N/A,True,False,True,True,False,False,61.27699940000093,f443d9514f5f9f9952d8cddbe9f03beda5c137463d3b72356e2413852070982f,N/A,N/A,outputs\qdiffcl_data_regime_v1\DATA_REGIME_GENERALIZATION_V1\3w\f100\outer_31001\model_seed_44\CALIBRATED_RHO\_candidates\rho_075,True
3W,1.0,31001,rho_validation_candidate,CALIBRATED_RHO,44,1.0,COMPLETE_VALID,0.800930712330656,0.8998905276712641,0.2355,N/A,N/A,True,False,True,True,False,False,60.39165150000008,a316f2e6885e4548928daea78469a581ffc4db96fe7d66021a8484116b2e0889,N/A,N/A,outputs\qdiffcl_data_regime_v1\DATA_REGIME_GENERALIZATION_V1\3w\f100\outer_31001\model_seed_44\FINAL_QDIFFCL_FIXED\_training,True
3W,1.0,31002,rho_validation_candidate,CALIBRATED_RHO,42,0.0,COMPLETE_VALID,0.23010463583692087,0.8729161174100384,0.8855,N/A,N/A,True,False,True,True,False,False,69.15066200000001,9d48ef9ddf1990abafa4073ba1e51f8efe28b5f83189fc855a71e37da148a1b3,N/A,N/A,outputs\qdiffcl_data_regime_v1\DATA_REGIME_GENERALIZATION_V1\3w\f100\outer_31002\model_seed_42\CALIBRATED_RHO\_candidates\rho_000,True
3W,1.0,31002,rho_validation_candidate,CALIBRATED_RHO,42,0.25,COMPLETE_VALID,0.23021414325524514,0.9135879794584569,0.8855,N/A,N/A,True,False,True,True,False,False,68.40783740000006,b251072b50ae04c0113e46f168ced7b636c48e5d9c3b6734f27e2ceb1dd0323b,N/A,N/A,outputs\qdiffcl_data_regime_v1\DATA_REGIME_GENERALIZATION_V1\3w\f100\outer_31002\model_seed_42\CALIBRATED_RHO\_candidates\rho_025,True
3W,1.0,31002,rho_validation_candidate,CALIBRATED_RHO,42,0.5,COMPLETE_VALID,0.23001732155275462,0.9188756763589649,0.886,N/A,N/A,True,False,True,True,False,False,67.99785610000072,6038bf8bfaea7571a316a9db7a6ffaf323962b1340b98301a7d25da5526a51ae,N/A,N/A,outputs\qdiffcl_data_regime_v1\DATA_REGIME_GENERALIZATION_V1\3w\f100\outer_31002\model_seed_42\CALIBRATED_RHO\_candidates\rho_050,True
3W,1.0,31002,rho_validation_candidate,CALIBRATED_RHO,42,0.75,COMPLETE_VALID,0.22955817521699048,0.919751501790791,0.886,N/A,N/A,True,False,True,True,False,False,69.6105177999998,70c3e56903b9f4cbea1a0faf05eae39c7a3af0181ecfc44c42d475ad3946977a,N/A,N/A,outputs\qdiffcl_data_regime_v1\DATA_REGIME_GENERALIZATION_V1\3w\f100\outer_31002\model_seed_42\CALIBRATED_RHO\_candidates\rho_075,True
3W,1.0,31002,rho_validation_candidate,CALIBRATED_RHO,42,1.0,COMPLETE_VALID,0.23371740517706918,0.7884942967607356,0.898,N/A,N/A,True,False,True,True,False,False,70.21807059999992,ded5642f2bc8d9bb0e21d875fbd9afdc8c55215a7eb1a2cb987169bed2529be5,N/A,N/A,outputs\qdiffcl_data_regime_v1\DATA_REGIME_GENERALIZATION_V1\3w\f100\outer_31002\model_seed_42\FINAL_QDIFFCL_FIXED\_training,True
3W,1.0,31002,rho_validation_candidate,CALIBRATED_RHO,43,0.0,COMPLETE_VALID,0.2947009652877391,0.7396544309443376,0.889,N/A,N/A,True,False,True,True,False,False,70.75970999999845,7c47657c7cf8b73747a9fda7e257e6c018a189085a9d80334c89e946a33b5990,N/A,N/A,outputs\qdiffcl_data_regime_v1\DATA_REGIME_GENERALIZATION_V1\3w\f100\outer_31002\model_seed_43\CALIBRATED_RHO\_candidates\rho_000,True
3W,1.0,31002,rho_validation_candidate,CALIBRATED_RHO,43,0.25,COMPLETE_VALID,0.2974330542178427,0.7271714246610025,0.883,N/A,N/A,True,False,True,True,False,False,70.75056939999922,55d4b6c2c43cf7bd41af5ea6d83c78317783a934b2725a44730629bbbbdcb5e2,N/A,N/A,outputs\qdiffcl_data_regime_v1\DATA_REGIME_GENERALIZATION_V1\3w\f100\outer_31002\model_seed_43\CALIBRATED_RHO\_candidates\rho_025,True
3W,1.0,31002,rho_validation_candidate,CALIBRATED_RHO,43,0.5,COMPLETE_VALID,0.29460130736625656,0.7333084141628946,0.881,N/A,N/A,True,False,True,True,False,False,70.92180929999995,1780340c327d798e3a395067172cebce56cc4d38ad07323f0852ff0c7669f70b,N/A,N/A,outputs\qdiffcl_data_regime_v1\DATA_REGIME_GENERALIZATION_V1\3w\f100\outer_31002\model_seed_43\CALIBRATED_RHO\_candidates\rho_050,True
3W,1.0,31002,rho_validation_candidate,CALIBRATED_RHO,43,0.75,COMPLETE_VALID,0.3150120768003939,0.6505063068858025,0.717,N/A,N/A,True,False,True,True,False,False,71.09463219999998,26d6d6989022a3af78c7727825ceb2439c54e3508068e33c1fb326982ef6c2bc,N/A,N/A,outputs\qdiffcl_data_regime_v1\DATA_REGIME_GENERALIZATION_V1\3w\f100\outer_31002\model_seed_43\CALIBRATED_RHO\_candidates\rho_075,True
3W,1.0,31002,rho_validation_candidate,CALIBRATED_RHO,43,1.0,COMPLETE_VALID,0.29238815340770574,0.7435447455251056,0.894,N/A,N/A,True,False,True,True,False,False,71.6816816999999,c584dbd4af4201f54c65ed5b4f45720ed653134f1315fc93c77cada363ddfab6,N/A,N/A,outputs\qdiffcl_data_regime_v1\DATA_REGIME_GENERALIZATION_V1\3w\f100\outer_31002\model_seed_43\FINAL_QDIFFCL_FIXED\_training,True
3W,1.0,31002,rho_validation_candidate,CALIBRATED_RHO,44,0.0,COMPLETE_VALID,0.20219607111311316,0.4228191901820638,0.922,N/A,N/A,True,False,True,True,False,False,70.77670349999971,20c0910d5171e7937d255d5338a64ceacfe84b11e42543dd898f07cff9aa9716,N/A,N/A,outputs\qdiffcl_data_regime_v1\DATA_REGIME_GENERALIZATION_V1\3w\f100\outer_31002\model_seed_44\CALIBRATED_RHO\_candidates\rho_000,True
3W,1.0,31002,rho_validation_candidate,CALIBRATED_RHO,44,0.25,COMPLETE_VALID,0.2794642551205231,0.6503871806967525,0.8955,N/A,N/A,True,False,True,True,False,False,70.30910939999922,2bd0b0b6a7e8705000243ed9766a452a0f174914fe5fbfc23154de56ee624f0d,N/A,N/A,outputs\qdiffcl_data_regime_v1\DATA_REGIME_GENERALIZATION_V1\3w\f100\outer_31002\model_seed_44\CALIBRATED_RHO\_candidates\rho_025,True
3W,1.0,31002,rho_validation_candidate,CALIBRATED_RHO,44,0.5,COMPLETE_VALID,0.2516849509776199,0.4224113474317971,0.7255,N/A,N/A,True,False,True,True,False,False,70.75126520000049,3c811c4d7bf294f01b4f1164f388c4d2debd3158b815344fc4f25d16b6dcb336,N/A,N/A,outputs\qdiffcl_data_regime_v1\DATA_REGIME_GENERALIZATION_V1\3w\f100\outer_31002\model_seed_44\CALIBRATED_RHO\_candidates\rho_050,True
3W,1.0,31002,rho_validation_candidate,CALIBRATED_RHO,44,0.75,COMPLETE_VALID,0.2915913600920646,0.4244840681741998,0.875,N/A,N/A,True,False,True,True,False,False,69.02352690000043,de9d2f5eeca2845b75924647d0544a301e56d687c9fb8ee8c48379ef63e53ab6,N/A,N/A,outputs\qdiffcl_data_regime_v1\DATA_REGIME_GENERALIZATION_V1\3w\f100\outer_31002\model_seed_44\CALIBRATED_RHO\_candidates\rho_075,True
3W,1.0,31002,rho_validation_candidate,CALIBRATED_RHO,44,1.0,COMPLETE_VALID,0.2697162256961647,0.5246828548998929,0.898,N/A,N/A,True,False,True,True,False,False,71.11515990000044,7caff620dfdebe51a828b20b66d1c4542723223a9b33e480542ce56b79d45977,N/A,N/A,outputs\qdiffcl_data_regime_v1\DATA_REGIME_GENERALIZATION_V1\3w\f100\outer_31002\model_seed_44\FINAL_QDIFFCL_FIXED\_training,True
3W,1.0,31003,rho_validation_candidate,CALIBRATED_RHO,42,0.0,COMPLETE_VALID,0.8627215204541406,0.987829614212987,0.107,N/A,N/A,True,False,True,True,False,False,65.72628540000005,561d876bc85574cc765ee0f6bbf95b09acdb561f893320d7ed2c69660c056401,N/A,N/A,outputs\qdiffcl_data_regime_v1\DATA_REGIME_GENERALIZATION_V1\3w\f100\outer_31003\model_seed_42\CALIBRATED_RHO\_candidates\rho_000,True
3W,1.0,31003,rho_validation_candidate,CALIBRATED_RHO,42,0.25,COMPLETE_VALID,0.866265181754737,0.9864587262401063,0.1095,N/A,N/A,True,False,True,True,False,False,64.8651389000006,d20c3e9a9b2ff034397da6322d45e1b1bd187f344cf9a27c3848746d18c4515f,N/A,N/A,outputs\qdiffcl_data_regime_v1\DATA_REGIME_GENERALIZATION_V1\3w\f100\outer_31003\model_seed_42\CALIBRATED_RHO\_candidates\rho_025,True
3W,1.0,31003,rho_validation_candidate,CALIBRATED_RHO,42,0.5,COMPLETE_VALID,0.8673089931889136,0.9862185038472729,0.1105,N/A,N/A,True,False,True,True,False,False,64.60192739999911,73e82c022aaf85ab54ea54db6b63d20e7510adc2a6770d99bc62cf503d57cfcb,N/A,N/A,outputs\qdiffcl_data_regime_v1\DATA_REGIME_GENERALIZATION_V1\3w\f100\outer_31003\model_seed_42\CALIBRATED_RHO\_candidates\rho_050,True
3W,1.0,31003,rho_validation_candidate,CALIBRATED_RHO,42,0.75,COMPLETE_VALID,0.8667158189769851,0.9860983666390154,0.112,N/A,N/A,True,False,True,True,False,False,65.72971869999856,581f86da651a95edc98f1e9e85451ebc2405abb32763249f4a79d23e75efef78,N/A,N/A,outputs\qdiffcl_data_regime_v1\DATA_REGIME_GENERALIZATION_V1\3w\f100\outer_31003\model_seed_42\CALIBRATED_RHO\_candidates\rho_075,True
3W,1.0,31003,rho_validation_candidate,CALIBRATED_RHO,42,1.0,COMPLETE_VALID,0.9101703649993802,0.9460605563389701,0.0965,N/A,N/A,True,False,True,True,False,False,64.87835669999913,24c1f0fda5e29fdc898aa433c2d6516a5eb92fffd993802faef5b3d4deeca590,N/A,N/A,outputs\qdiffcl_data_regime_v1\DATA_REGIME_GENERALIZATION_V1\3w\f100\outer_31003\model_seed_42\FINAL_QDIFFCL_FIXED\_training,True
3W,1.0,31003,rho_validation_candidate,CALIBRATED_RHO,43,0.0,COMPLETE_VALID,0.7905357032824851,0.9390788805335893,0.2155,N/A,N/A,True,False,True,True,False,False,64.65809450000052,d4cf217ff37dbe698ab0c05ca420e85f11b15b70c62db51c3182a334fa90c320,N/A,N/A,outputs\qdiffcl_data_regime_v1\DATA_REGIME_GENERALIZATION_V1\3w\f100\outer_31003\model_seed_43\CALIBRATED_RHO\_candidates\rho_000,True
3W,1.0,31003,rho_validation_candidate,CALIBRATED_RHO,43,0.25,COMPLETE_VALID,0.7316889417113147,0.9571876547969992,0.1895,N/A,N/A,True,False,True,True,False,False,64.78485990000081,846de610e8eee7feda3f8f8d0c43619730643e3103b176caac2bfe86095079c1,N/A,N/A,outputs\qdiffcl_data_regime_v1\DATA_REGIME_GENERALIZATION_V1\3w\f100\outer_31003\model_seed_43\CALIBRATED_RHO\_candidates\rho_025,True
3W,1.0,31003,rho_validation_candidate,CALIBRATED_RHO,43,0.5,COMPLETE_VALID,0.7193985861866228,0.9593849724633907,0.189,N/A,N/A,True,False,True,True,False,False,64.77825529999791,04c31843e7b3e5893b753890099e51ee3b40b0f607758a7e9809be152af1df3e,N/A,N/A,outputs\qdiffcl_data_regime_v1\DATA_REGIME_GENERALIZATION_V1\3w\f100\outer_31003\model_seed_43\CALIBRATED_RHO\_candidates\rho_050,True
3W,1.0,31003,rho_validation_candidate,CALIBRATED_RHO,43,0.75,COMPLETE_VALID,0.7933805518648003,0.941166018791879,0.2145,N/A,N/A,True,False,True,True,False,False,64.73448909999934,e55a07c05722c3c9ec224e829d91bc793682286eda298546eb95f1261b7d0aca,N/A,N/A,outputs\qdiffcl_data_regime_v1\DATA_REGIME_GENERALIZATION_V1\3w\f100\outer_31003\model_seed_43\CALIBRATED_RHO\_candidates\rho_075,True
3W,1.0,31003,rho_validation_candidate,CALIBRATED_RHO,43,1.0,COMPLETE_VALID,0.7926116878513805,0.935935312525546,0.215,N/A,N/A,True,False,True,True,False,False,63.90520370000013,0441ddbfb578e87c82bab315dc0220b4d99b72d9ced200c6d18f4aaeb07c2b40,N/A,N/A,outputs\qdiffcl_data_regime_v1\DATA_REGIME_GENERALIZATION_V1\3w\f100\outer_31003\model_seed_43\FINAL_QDIFFCL_FIXED\_training,True
3W,1.0,31003,rho_validation_candidate,CALIBRATED_RHO,44,0.0,COMPLETE_VALID,0.8724428749399245,0.9084396227112803,0.0295,N/A,N/A,True,False,True,True,False,False,64.34132880000107,707cb65352412269df51b056ea5cc8165d82b08a758d9b32ad46f065ca004535,N/A,N/A,outputs\qdiffcl_data_regime_v1\DATA_REGIME_GENERALIZATION_V1\3w\f100\outer_31003\model_seed_44\CALIBRATED_RHO\_candidates\rho_000,True
3W,1.0,31003,rho_validation_candidate,CALIBRATED_RHO,44,0.25,COMPLETE_VALID,0.8627471224689826,0.9437073337415556,0.0325,N/A,N/A,True,False,True,True,False,False,64.02462970000124,274b31bc144c122e59861db7ca65dcdf676104dafce380484638e289e4f4642e,N/A,N/A,outputs\qdiffcl_data_regime_v1\DATA_REGIME_GENERALIZATION_V1\3w\f100\outer_31003\model_seed_44\CALIBRATED_RHO\_candidates\rho_025,True
3W,1.0,31003,rho_validation_candidate,CALIBRATED_RHO,44,0.5,COMPLETE_VALID,0.8775103820641332,0.9078293482271804,0.032,N/A,N/A,True,False,True,True,False,False,64.28122019999864,db571c2ab239202a062cf5bd1635fb109463345c2cad33ff8f367849f6eac7c2,N/A,N/A,outputs\qdiffcl_data_regime_v1\DATA_REGIME_GENERALIZATION_V1\3w\f100\outer_31003\model_seed_44\CALIBRATED_RHO\_candidates\rho_050,True
3W,1.0,31003,rho_validation_candidate,CALIBRATED_RHO,44,0.75,COMPLETE_VALID,0.8132130694677873,0.8947769554635542,0.1295,N/A,N/A,True,False,True,True,False,False,64.13199990000066,96a76a0292b7a0d8c708a3304f0145ec40447f8fb66c30a6fc761b112b815326,N/A,N/A,outputs\qdiffcl_data_regime_v1\DATA_REGIME_GENERALIZATION_V1\3w\f100\outer_31003\model_seed_44\CALIBRATED_RHO\_candidates\rho_075,True
3W,1.0,31003,rho_validation_candidate,CALIBRATED_RHO,44,1.0,COMPLETE_VALID,0.8512679821962403,0.8979103739163896,0.033,N/A,N/A,True,False,True,True,False,False,63.52307149999979,a09a9160987b5056be52e5df9d233cc211d38bdb59bc2de4339a57e4d3dbd777,N/A,N/A,outputs\qdiffcl_data_regime_v1\DATA_REGIME_GENERALIZATION_V1\3w\f100\outer_31003\model_seed_44\FINAL_QDIFFCL_FIXED\_training,True
3W,0.25,31001,rho_validation_candidate,CALIBRATED_RHO,42,0.0,COMPLETE_VALID,0.7221354254371632,0.8960278535819355,0.2585,N/A,N/A,True,False,True,True,False,False,58.81859959999929,d87be7f5c345040ef574736daadcc90df3815be5e69643ca6da98b5664e30df6,N/A,N/A,outputs\qdiffcl_data_regime_v1\DATA_REGIME_GENERALIZATION_V1\3w\f025\outer_31001\model_seed_42\CALIBRATED_RHO\_candidates\rho_000,True
3W,0.25,31001,rho_validation_candidate,CALIBRATED_RHO,42,0.25,COMPLETE_VALID,0.5623324390498621,0.9009892359091225,0.2565,N/A,N/A,True,False,True,True,False,False,58.78541590000168,785e37c13b6be03bdd05ab31f9bf1c1fb9539aae338267d0262669dcf5210dcd,N/A,N/A,outputs\qdiffcl_data_regime_v1\DATA_REGIME_GENERALIZATION_V1\3w\f025\outer_31001\model_seed_42\CALIBRATED_RHO\_candidates\rho_025,True
3W,0.25,31001,rho_validation_candidate,CALIBRATED_RHO,42,0.5,COMPLETE_VALID,0.6920866846666339,0.8989195637409424,0.2585,N/A,N/A,True,False,True,True,False,False,58.6882829999995,fbe98fed215bef774b3fa3ff7a9226f9ccc943203b40eae272438865de2223f2,N/A,N/A,outputs\qdiffcl_data_regime_v1\DATA_REGIME_GENERALIZATION_V1\3w\f025\outer_31001\model_seed_42\CALIBRATED_RHO\_candidates\rho_050,True
3W,0.25,31001,rho_validation_candidate,CALIBRATED_RHO,42,0.75,COMPLETE_VALID,0.6672195492801104,0.9154747709092066,0.257,N/A,N/A,True,False,True,True,False,False,58.558762199998455,4f57539ca1fc813774d1b3828d3ddeef232f75fae116c87d1f4e46d911020fea,N/A,N/A,outputs\qdiffcl_data_regime_v1\DATA_REGIME_GENERALIZATION_V1\3w\f025\outer_31001\model_seed_42\CALIBRATED_RHO\_candidates\rho_075,True
3W,0.25,31001,rho_validation_candidate,CALIBRATED_RHO,42,1.0,COMPLETE_VALID,0.5933378449518824,0.9316005368555618,0.251,N/A,N/A,True,False,True,True,False,False,58.741546299999754,1e7d48cb48a609cadfe717b3ed7b20179628163483d8c86d4b3bf55248fba7c6,N/A,N/A,outputs\qdiffcl_data_regime_v1\DATA_REGIME_GENERALIZATION_V1\3w\f025\outer_31001\model_seed_42\FINAL_QDIFFCL_FIXED\_training,True
3W,0.25,31001,rho_validation_candidate,CALIBRATED_RHO,43,0.0,COMPLETE_VALID,0.639485856839134,0.9316255109149597,0.2635,N/A,N/A,True,False,True,True,False,False,58.979381099998136,45570efddb9f9403de38ebe816534c0854bbc9bdfcc2586e2aa7868e9fa6903a,N/A,N/A,outputs\qdiffcl_data_regime_v1\DATA_REGIME_GENERALIZATION_V1\3w\f025\outer_31001\model_seed_43\CALIBRATED_RHO\_candidates\rho_000,True
3W,0.25,31001,rho_validation_candidate,CALIBRATED_RHO,43,0.25,COMPLETE_VALID,0.6401544759079646,0.9238939500431638,0.264,N/A,N/A,True,False,True,True,False,False,58.66122270000051,d984ec25751e303ea8cb8a52e98604fef697c76e723ad52066f14caec6f7068b,N/A,N/A,outputs\qdiffcl_data_regime_v1\DATA_REGIME_GENERALIZATION_V1\3w\f025\outer_31001\model_seed_43\CALIBRATED_RHO\_candidates\rho_025,True
3W,0.25,31001,rho_validation_candidate,CALIBRATED_RHO,43,0.5,COMPLETE_VALID,0.6402047379128128,0.9266916760621238,0.264,N/A,N/A,True,False,True,True,False,False,58.39670439999827,94a345752b634368c130d589c1e82b68fda2dbe4b0b54324b590da0bedad8c90,N/A,N/A,outputs\qdiffcl_data_regime_v1\DATA_REGIME_GENERALIZATION_V1\3w\f025\outer_31001\model_seed_43\CALIBRATED_RHO\_candidates\rho_050,True
3W,0.25,31001,rho_validation_candidate,CALIBRATED_RHO,43,0.75,COMPLETE_VALID,0.6402951244465644,0.9250763031509345,0.264,N/A,N/A,True,False,True,True,False,False,59.04760739999983,f9e4b9c6ebf2f3f92081e52f86b3071a521aeba428fa5cce671cdec4279240a0,N/A,N/A,outputs\qdiffcl_data_regime_v1\DATA_REGIME_GENERALIZATION_V1\3w\f025\outer_31001\model_seed_43\CALIBRATED_RHO\_candidates\rho_075,True
3W,0.25,31001,rho_validation_candidate,CALIBRATED_RHO,43,1.0,COMPLETE_VALID,0.6405204396945363,0.926641032668546,0.264,N/A,N/A,True,False,True,True,False,False,58.927392199999304,94daa088031662d20058cf3bfbee4101bbf7e2b1441d354dd2450e186f0d383b,N/A,N/A,outputs\qdiffcl_data_regime_v1\DATA_REGIME_GENERALIZATION_V1\3w\f025\outer_31001\model_seed_43\FINAL_QDIFFCL_FIXED\_training,True
3W,0.25,31001,rho_validation_candidate,CALIBRATED_RHO,44,0.0,COMPLETE_VALID,0.6391140923713856,0.9114868440637127,0.2715,N/A,N/A,True,False,True,True,False,False,58.76559690000067,d4a9681517df226ec991a1cf6e85f90f6c5babdd903b6dd6df20eeeb87715733,N/A,N/A,outputs\qdiffcl_data_regime_v1\DATA_REGIME_GENERALIZATION_V1\3w\f025\outer_31001\model_seed_44\CALIBRATED_RHO\_candidates\rho_000,True
3W,0.25,31001,rho_validation_candidate,CALIBRATED_RHO,44,0.25,COMPLETE_VALID,0.6385538200487325,0.9218138494402197,0.2715,N/A,N/A,True,False,True,True,False,False,59.09053010000207,0d908dc501a1d24ab6f65e54e8761802962dbea3e444f3da61a5d45f380cc9cf,N/A,N/A,outputs\qdiffcl_data_regime_v1\DATA_REGIME_GENERALIZATION_V1\3w\f025\outer_31001\model_seed_44\CALIBRATED_RHO\_candidates\rho_025,True
3W,0.25,31001,rho_validation_candidate,CALIBRATED_RHO,44,0.5,COMPLETE_VALID,0.612658690789028,0.8780676060148255,0.077,N/A,N/A,True,False,True,True,False,False,58.7725145000004,49d45876b8ccd8661d3e06baf9bc34aeb3bcae7a120a3f9b384faea9c2765593,N/A,N/A,outputs\qdiffcl_data_regime_v1\DATA_REGIME_GENERALIZATION_V1\3w\f025\outer_31001\model_seed_44\CALIBRATED_RHO\_candidates\rho_050,True
3W,0.25,31001,rho_validation_candidate,CALIBRATED_RHO,44,0.75,COMPLETE_VALID,0.6391528055205722,0.9124870267790554,0.2715,N/A,N/A,True,False,True,True,False,False,58.95155270000032,08b517a7a34e5fe4042639b6d9a71fed20871384ef8d4bfda214ebaef8040bf4,N/A,N/A,outputs\qdiffcl_data_regime_v1\DATA_REGIME_GENERALIZATION_V1\3w\f025\outer_31001\model_seed_44\CALIBRATED_RHO\_candidates\rho_075,True
3W,0.25,31001,rho_validation_candidate,CALIBRATED_RHO,44,1.0,COMPLETE_VALID,0.5864995604338303,0.9369004660133015,0.0865,N/A,N/A,True,False,True,True,False,False,58.7756664999979,139b2616865597e068f8c44855e8a8dddbbe3fa8df5de9ed3ab57d88f159a556,N/A,N/A,outputs\qdiffcl_data_regime_v1\DATA_REGIME_GENERALIZATION_V1\3w\f025\outer_31001\model_seed_44\FINAL_QDIFFCL_FIXED\_training,True
3W,0.25,31002,rho_validation_candidate,CALIBRATED_RHO,42,0.0,COMPLETE_VALID,0.307357745967226,0.6365710311605146,0.8625,N/A,N/A,True,False,True,True,False,False,62.17891579999923,190455b816992dd5a1f7825083db78ea58d47027049e58d22176d97b681a870f,N/A,N/A,outputs\qdiffcl_data_regime_v1\DATA_REGIME_GENERALIZATION_V1\3w\f025\outer_31002\model_seed_42\CALIBRATED_RHO\_candidates\rho_000,True
3W,0.25,31002,rho_validation_candidate,CALIBRATED_RHO,42,0.25,COMPLETE_VALID,0.3051732355623501,0.644574674361432,0.8635,N/A,N/A,True,False,True,True,False,False,61.965590700001485,4e79684f6a1358125c7edf0ad2f48901fd37c0c9266cf6a393e267b607cc58b6,N/A,N/A,outputs\qdiffcl_data_regime_v1\DATA_REGIME_GENERALIZATION_V1\3w\f025\outer_31002\model_seed_42\CALIBRATED_RHO\_candidates\rho_025,True
3W,0.25,31002,rho_validation_candidate,CALIBRATED_RHO,42,0.5,COMPLETE_VALID,0.29495698686294886,0.6322848146314459,0.8765,N/A,N/A,True,False,True,True,False,False,61.6698991000012,5baf39c38103345e02fd4c2b56c91dfe140ed6300cec0337849cfab86dadd543,N/A,N/A,outputs\qdiffcl_data_regime_v1\DATA_REGIME_GENERALIZATION_V1\3w\f025\outer_31002\model_seed_42\CALIBRATED_RHO\_candidates\rho_050,True
3W,0.25,31002,rho_validation_candidate,CALIBRATED_RHO,42,0.75,COMPLETE_VALID,0.28640230237644604,0.6383472697225485,0.864,N/A,N/A,True,False,True,True,False,False,62.14923169999747,f295b6e56f067e9a525694ce4c37ab8dafbe115f9d2bd942f9b30e8f4acab52c,N/A,N/A,outputs\qdiffcl_data_regime_v1\DATA_REGIME_GENERALIZATION_V1\3w\f025\outer_31002\model_seed_42\CALIBRATED_RHO\_candidates\rho_075,True
3W,0.25,31002,rho_validation_candidate,CALIBRATED_RHO,42,1.0,COMPLETE_VALID,0.3018307868772,0.6329689265269418,0.859,N/A,N/A,True,False,True,True,False,False,61.898523800002295,add5b3a2f04b9a79f0ea10e1021f9daf8a0f7df4392a0f1c0e0d06f1881ee18d,N/A,N/A,outputs\qdiffcl_data_regime_v1\DATA_REGIME_GENERALIZATION_V1\3w\f025\outer_31002\model_seed_42\FINAL_QDIFFCL_FIXED\_training,True
3W,0.25,31002,rho_validation_candidate,CALIBRATED_RHO,43,0.0,COMPLETE_VALID,0.3159953337281115,0.721657122320207,0.7495,N/A,N/A,True,False,True,True,False,False,62.516163200001756,1b4306fd430e306e209a6c01d9f7529e3e18b9986e6dfdd54cec6ee0f4aed4be,N/A,N/A,outputs\qdiffcl_data_regime_v1\DATA_REGIME_GENERALIZATION_V1\3w\f025\outer_31002\model_seed_43\CALIBRATED_RHO\_candidates\rho_000,True
3W,0.25,31002,rho_validation_candidate,CALIBRATED_RHO,43,0.25,COMPLETE_VALID,0.3099348224405669,0.7207332039563541,0.809,N/A,N/A,True,False,True,True,False,False,62.387874300002295,dbacf8220a87ce485e37fac2ff6ffc736ab34cbb2e71fa2dc552409c49377a5a,N/A,N/A,outputs\qdiffcl_data_regime_v1\DATA_REGIME_GENERALIZATION_V1\3w\f025\outer_31002\model_seed_43\CALIBRATED_RHO\_candidates\rho_025,True
3W,0.25,31002,rho_validation_candidate,CALIBRATED_RHO,43,0.5,COMPLETE_VALID,0.31656085743105905,0.7204255900617658,0.7795,N/A,N/A,True,False,True,True,False,False,62.67071890000079,92e610758573cc50c54ca8cbbac5acfdba3a253c495e4a079e1977294bd8c8d6,N/A,N/A,outputs\qdiffcl_data_regime_v1\DATA_REGIME_GENERALIZATION_V1\3w\f025\outer_31002\model_seed_43\CALIBRATED_RHO\_candidates\rho_050,True
3W,0.25,31002,rho_validation_candidate,CALIBRATED_RHO,43,0.75,COMPLETE_VALID,0.3168559368599788,0.7190414362132828,0.764,N/A,N/A,True,False,True,True,False,False,61.81616600000052,69b44fc8e42715621b9828fe5006536576e6276d8ac1b74f57dc7dddc6be95d5,N/A,N/A,outputs\qdiffcl_data_regime_v1\DATA_REGIME_GENERALIZATION_V1\3w\f025\outer_31002\model_seed_43\CALIBRATED_RHO\_candidates\rho_075,True
3W,0.25,31002,rho_validation_candidate,CALIBRATED_RHO,43,1.0,COMPLETE_VALID,0.3020560257451094,0.7172072437374019,0.81,N/A,N/A,True,False,True,True,False,False,63.17981389999841,bdca65d52b674cefdc8953beee4812bf418b429f960a7378581c66e55cd64d76,N/A,N/A,outputs\qdiffcl_data_regime_v1\DATA_REGIME_GENERALIZATION_V1\3w\f025\outer_31002\model_seed_43\FINAL_QDIFFCL_FIXED\_training,True
3W,0.25,31002,rho_validation_candidate,CALIBRATED_RHO,44,0.0,COMPLETE_VALID,0.22315831350808246,0.7665588589742185,0.9815,N/A,N/A,True,False,True,True,False,False,63.106310800001665,75fb70cfce1b93126c9de6e1336fbb25ea38a4a5cd310160c71da2aee779a516,N/A,N/A,outputs\qdiffcl_data_regime_v1\DATA_REGIME_GENERALIZATION_V1\3w\f025\outer_31002\model_seed_44\CALIBRATED_RHO\_candidates\rho_000,True
3W,0.25,31002,rho_validation_candidate,CALIBRATED_RHO,44,0.25,COMPLETE_VALID,0.2244527334472079,0.7446911798979067,0.978,N/A,N/A,True,False,True,True,False,False,63.6833564999979,98a5d6796feba40a81bb9df8e132a4ac04f1fd2283f4bc21006c3ec9ab7e74a9,N/A,N/A,outputs\qdiffcl_data_regime_v1\DATA_REGIME_GENERALIZATION_V1\3w\f025\outer_31002\model_seed_44\CALIBRATED_RHO\_candidates\rho_025,True
3W,0.25,31002,rho_validation_candidate,CALIBRATED_RHO,44,0.5,COMPLETE_VALID,0.22455466773448673,0.7441957307373949,0.977,N/A,N/A,True,False,True,True,False,False,62.773140900000726,62f171c2248f4110aeed07a880c913b6dfb2585e6af938a57c250b894d52afee,N/A,N/A,outputs\qdiffcl_data_regime_v1\DATA_REGIME_GENERALIZATION_V1\3w\f025\outer_31002\model_seed_44\CALIBRATED_RHO\_candidates\rho_050,True
3W,0.25,31002,rho_validation_candidate,CALIBRATED_RHO,44,0.75,COMPLETE_VALID,0.2675121860591466,0.5843268418579844,0.8925,N/A,N/A,True,False,True,True,False,False,62.62993149999966,db6c0f1511c05599843d4b6e68c67b089d6844ccec76ef9dda3a3273478197d5,N/A,N/A,outputs\qdiffcl_data_regime_v1\DATA_REGIME_GENERALIZATION_V1\3w\f025\outer_31002\model_seed_44\CALIBRATED_RHO\_candidates\rho_075,True
3W,0.25,31002,rho_validation_candidate,CALIBRATED_RHO,44,1.0,COMPLETE_VALID,0.2507949840120286,0.6659371398170242,0.9295,N/A,N/A,True,False,True,True,False,False,60.76185400000031,397dc44eeaa326f966824a708fd1e64219020c4c3bc25264e19651a21758ca69,N/A,N/A,outputs\qdiffcl_data_regime_v1\DATA_REGIME_GENERALIZATION_V1\3w\f025\outer_31002\model_seed_44\FINAL_QDIFFCL_FIXED\_training,True
3W,0.25,31003,rho_validation_candidate,CALIBRATED_RHO,42,0.0,COMPLETE_VALID,0.7736523141023323,0.9092359322062702,0.1915,N/A,N/A,True,False,True,True,False,False,55.82376689999728,8037567b2804dbb0aa92ac22f0fe11ba1eb70e906677ae5193b7e3edcfa57296,N/A,N/A,outputs\qdiffcl_data_regime_v1\DATA_REGIME_GENERALIZATION_V1\3w\f025\outer_31003\model_seed_42\CALIBRATED_RHO\_candidates\rho_000,True
3W,0.25,31003,rho_validation_candidate,CALIBRATED_RHO,42,0.25,COMPLETE_VALID,0.8736163337531195,0.9268633093607992,0.1925,N/A,N/A,True,False,True,True,False,False,56.24572199999966,686602205c4faf2ca958e3d30e113667ab6f09be0b557fd41372cc74c02cb118,N/A,N/A,outputs\qdiffcl_data_regime_v1\DATA_REGIME_GENERALIZATION_V1\3w\f025\outer_31003\model_seed_42\CALIBRATED_RHO\_candidates\rho_025,True
3W,0.25,31003,rho_validation_candidate,CALIBRATED_RHO,42,0.5,COMPLETE_VALID,0.8580678114004905,0.9399963424386728,0.217,N/A,N/A,True,False,True,True,False,False,55.91696619999857,bc2cff8c396b75f8e85eddf96b32da848a506cce90c58e63904d1142dbf37b46,N/A,N/A,outputs\qdiffcl_data_regime_v1\DATA_REGIME_GENERALIZATION_V1\3w\f025\outer_31003\model_seed_42\CALIBRATED_RHO\_candidates\rho_050,True
3W,0.25,31003,rho_validation_candidate,CALIBRATED_RHO,42,0.75,COMPLETE_VALID,0.8638274001905886,0.9311008405815084,0.2135,N/A,N/A,True,False,True,True,False,False,55.216755999997986,5551dc29ba208193f2276e8019a8d8dfd537ac3df99a35c1293f91ccb62d8ddf,N/A,N/A,outputs\qdiffcl_data_regime_v1\DATA_REGIME_GENERALIZATION_V1\3w\f025\outer_31003\model_seed_42\CALIBRATED_RHO\_candidates\rho_075,True
3W,0.25,31003,rho_validation_candidate,CALIBRATED_RHO,42,1.0,COMPLETE_VALID,0.8605633459662976,0.9402843666786366,0.215,N/A,N/A,True,False,True,True,False,False,55.95573230000082,c14c93e90a2a49cc8474f44215129b9101212b848b3a1c984052df5ce9bf1919,N/A,N/A,outputs\qdiffcl_data_regime_v1\DATA_REGIME_GENERALIZATION_V1\3w\f025\outer_31003\model_seed_42\FINAL_QDIFFCL_FIXED\_training,True
3W,0.25,31003,rho_validation_candidate,CALIBRATED_RHO,43,0.0,COMPLETE_VALID,0.8579081390996646,0.9871288406717249,0.0775,N/A,N/A,True,False,True,True,False,False,55.760720300000685,3018af65b1fef05ef5d0cbcb758b765a302f9aa26b76a92b536710f282dcb816,N/A,N/A,outputs\qdiffcl_data_regime_v1\DATA_REGIME_GENERALIZATION_V1\3w\f025\outer_31003\model_seed_43\CALIBRATED_RHO\_candidates\rho_000,True
3W,0.25,31003,rho_validation_candidate,CALIBRATED_RHO,43,0.25,COMPLETE_VALID,0.8577309112276689,0.9872851090633021,0.078,N/A,N/A,True,False,True,True,False,False,55.50692179999896,c83f1a98d5cf047629f084fe4938725f7182a7d77f2e0379db602ad78ae0e833,N/A,N/A,outputs\qdiffcl_data_regime_v1\DATA_REGIME_GENERALIZATION_V1\3w\f025\outer_31003\model_seed_43\CALIBRATED_RHO\_candidates\rho_025,True
3W,0.25,31003,rho_validation_candidate,CALIBRATED_RHO,43,0.5,COMPLETE_VALID,0.8696368026329335,0.988020850791387,0.0785,N/A,N/A,True,False,True,True,False,False,56.08062920000157,5c629412eda4277bef98de37dfd0d19d52ad9aa535b7a694b5e20f7e1979cd72,N/A,N/A,outputs\qdiffcl_data_regime_v1\DATA_REGIME_GENERALIZATION_V1\3w\f025\outer_31003\model_seed_43\CALIBRATED_RHO\_candidates\rho_050,True
3W,0.25,31003,rho_validation_candidate,CALIBRATED_RHO,43,0.75,COMPLETE_VALID,0.8792960897780939,0.9890730575884361,0.078,N/A,N/A,True,False,True,True,False,False,56.38358209999933,6a564038ecc0624fdfe8c8797b038c67725f2bcbd2696b14c0911242a21b2477,N/A,N/A,outputs\qdiffcl_data_regime_v1\DATA_REGIME_GENERALIZATION_V1\3w\f025\outer_31003\model_seed_43\CALIBRATED_RHO\_candidates\rho_075,True
3W,0.25,31003,rho_validation_candidate,CALIBRATED_RHO,43,1.0,COMPLETE_VALID,0.8803114591542189,0.9877290823721439,0.077,N/A,N/A,True,False,True,True,False,False,56.57328849999976,146a66965482f8851311dddbabb71e213cf17854e60495d66afe343940c99540,N/A,N/A,outputs\qdiffcl_data_regime_v1\DATA_REGIME_GENERALIZATION_V1\3w\f025\outer_31003\model_seed_43\FINAL_QDIFFCL_FIXED\_training,True
3W,0.25,31003,rho_validation_candidate,CALIBRATED_RHO,44,0.0,COMPLETE_VALID,0.7937420945917693,0.9917374851593797,0.2535,N/A,N/A,True,False,True,True,False,False,55.674739600002795,1a7034690d1ada2d5a585cbedd98a7ba9a97dacdd0c922debf8eb92734dfb9b4,N/A,N/A,outputs\qdiffcl_data_regime_v1\DATA_REGIME_GENERALIZATION_V1\3w\f025\outer_31003\model_seed_44\CALIBRATED_RHO\_candidates\rho_000,True
3W,0.25,31003,rho_validation_candidate,CALIBRATED_RHO,44,0.25,COMPLETE_VALID,0.7946132877604369,0.990733916659848,0.2535,N/A,N/A,True,False,True,True,False,False,55.615505500001746,a6f4d240b3ce79ac4fdf2625ab8b7b8a1e279e4e43ac9f9ba45ac91e3c9a3a43,N/A,N/A,outputs\qdiffcl_data_regime_v1\DATA_REGIME_GENERALIZATION_V1\3w\f025\outer_31003\model_seed_44\CALIBRATED_RHO\_candidates\rho_025,True
3W,0.25,31003,rho_validation_candidate,CALIBRATED_RHO,44,0.5,COMPLETE_VALID,0.7931185354081194,0.9902537592366019,0.2535,N/A,N/A,True,False,True,True,False,False,56.48184349999792,d8d1f0a59bd697c686239c0487e08c1c5891ecc1dc68f6e0bf3429f1471742f1,N/A,N/A,outputs\qdiffcl_data_regime_v1\DATA_REGIME_GENERALIZATION_V1\3w\f025\outer_31003\model_seed_44\CALIBRATED_RHO\_candidates\rho_050,True
3W,0.25,31003,rho_validation_candidate,CALIBRATED_RHO,44,0.75,COMPLETE_VALID,0.8000777095874931,0.9920465263301291,0.237,N/A,N/A,True,False,True,True,False,False,55.94641799999954,36752f47a57024fc0c754e3307414f5ffb7d93c4b83d5b9bd528cad060c0e1aa,N/A,N/A,outputs\qdiffcl_data_regime_v1\DATA_REGIME_GENERALIZATION_V1\3w\f025\outer_31003\model_seed_44\CALIBRATED_RHO\_candidates\rho_075,True
3W,0.25,31003,rho_validation_candidate,CALIBRATED_RHO,44,1.0,COMPLETE_VALID,0.7237222327415938,0.9465757578459041,0.2025,N/A,N/A,True,False,True,True,False,False,56.28913919999832,212ae0e4f55c4b2cb44e03c95fed97d4b0f10f6b709afb4e8b1d3558f0f2c322,N/A,N/A,outputs\qdiffcl_data_regime_v1\DATA_REGIME_GENERALIZATION_V1\3w\f025\outer_31003\model_seed_44\FINAL_QDIFFCL_FIXED\_training,True
3W,0.1,31001,rho_validation_candidate,CALIBRATED_RHO,42,0.0,COMPLETE_VALID,0.45699610291576054,0.9069793124301915,0.2565,N/A,N/A,True,False,True,True,False,False,48.854952499998035,bfa7bf7eba2a08ecf0e1d2907e4f2bf73863c05ba2544364bcd7a44dd3a31271,N/A,N/A,outputs\qdiffcl_data_regime_v1\DATA_REGIME_GENERALIZATION_V1\3w\f010\outer_31001\model_seed_42\CALIBRATED_RHO\_candidates\rho_000,True
3W,0.1,31001,rho_validation_candidate,CALIBRATED_RHO,42,0.25,COMPLETE_VALID,0.44599243851879466,0.8813613940515543,0.2565,N/A,N/A,True,False,True,True,False,False,47.775958599999285,45d6d1268934237405f2005081e2934f4b53fda202b58988f37c3ba8d6a8c178,N/A,N/A,outputs\qdiffcl_data_regime_v1\DATA_REGIME_GENERALIZATION_V1\3w\f010\outer_31001\model_seed_42\CALIBRATED_RHO\_candidates\rho_025,True
3W,0.1,31001,rho_validation_candidate,CALIBRATED_RHO,42,0.5,COMPLETE_VALID,0.6422456385544559,0.934738825905195,0.2635,N/A,N/A,True,False,True,True,False,False,48.57991259999835,f1895405b858ba7360609c48db3b6706ad3832fd5f74db8731074ae5235d5c59,N/A,N/A,outputs\qdiffcl_data_regime_v1\DATA_REGIME_GENERALIZATION_V1\3w\f010\outer_31001\model_seed_42\CALIBRATED_RHO\_candidates\rho_050,True
3W,0.1,31001,rho_validation_candidate,CALIBRATED_RHO,42,0.75,COMPLETE_VALID,0.6308015238202578,0.9330019293178915,0.2585,N/A,N/A,True,False,True,True,False,False,47.92032520000066,544113c72ca8d09171353adb3641dad2de79da2e0f6d9e44aa86ea7e81619b18,N/A,N/A,outputs\qdiffcl_data_regime_v1\DATA_REGIME_GENERALIZATION_V1\3w\f010\outer_31001\model_seed_42\CALIBRATED_RHO\_candidates\rho_075,True
3W,0.1,31001,rho_validation_candidate,CALIBRATED_RHO,42,1.0,COMPLETE_VALID,0.6408955440223878,0.9354511823304184,0.2635,N/A,N/A,True,False,True,True,False,False,48.44832490000044,767e5c3c2c0e5bb4184fe700eb812fb22dab01e0583303ccfcee8795e1ee7c72,N/A,N/A,outputs\qdiffcl_data_regime_v1\DATA_REGIME_GENERALIZATION_V1\3w\f010\outer_31001\model_seed_42\FINAL_QDIFFCL_FIXED\_training,True
3W,0.1,31001,rho_validation_candidate,CALIBRATED_RHO,43,0.0,COMPLETE_VALID,0.649187536542932,0.9559901121909825,0.145,N/A,N/A,True,False,True,True,False,False,48.17595689999871,aebac7cb820ec0349df4baf6ccf7c0995510941bd9b51eb62c850c9ff87ce686,N/A,N/A,outputs\qdiffcl_data_regime_v1\DATA_REGIME_GENERALIZATION_V1\3w\f010\outer_31001\model_seed_43\CALIBRATED_RHO\_candidates\rho_000,True
3W,0.1,31001,rho_validation_candidate,CALIBRATED_RHO,43,0.25,COMPLETE_VALID,0.64775226706606,0.9600221251163948,0.197,N/A,N/A,True,False,True,True,False,False,49.62146500000017,7392b245adb196aa777c621fac74be0359d677d6c85c736c233fd919a9a3206d,N/A,N/A,outputs\qdiffcl_data_regime_v1\DATA_REGIME_GENERALIZATION_V1\3w\f010\outer_31001\model_seed_43\CALIBRATED_RHO\_candidates\rho_025,True
3W,0.1,31001,rho_validation_candidate,CALIBRATED_RHO,43,0.5,COMPLETE_VALID,0.6418119507925021,0.9524801805790093,0.231,N/A,N/A,True,False,True,True,False,False,49.13040790000014,8e8a9175a43e76abeb60d98ec2c4ce1ff3203ae2e6723d0ce23adfcb01c48584,N/A,N/A,outputs\qdiffcl_data_regime_v1\DATA_REGIME_GENERALIZATION_V1\3w\f010\outer_31001\model_seed_43\CALIBRATED_RHO\_candidates\rho_050,True
3W,0.1,31001,rho_validation_candidate,CALIBRATED_RHO,43,0.75,COMPLETE_VALID,0.6482635563515668,0.9577421998174585,0.2055,N/A,N/A,True,False,True,True,False,False,48.75824999999895,011f0609cc6f92c524ab87d3ffe8c242503ff135fac2e1564126e2aa424c4515,N/A,N/A,outputs\qdiffcl_data_regime_v1\DATA_REGIME_GENERALIZATION_V1\3w\f010\outer_31001\model_seed_43\CALIBRATED_RHO\_candidates\rho_075,True
3W,0.1,31001,rho_validation_candidate,CALIBRATED_RHO,43,1.0,COMPLETE_VALID,0.6602116240770326,0.9659225899611276,0.104,N/A,N/A,True,False,True,True,False,False,49.77387500000259,4ea1b10f7076672a1b71b4e10eb75ffb69a056294d2bdd22888cb02474880bd2,N/A,N/A,outputs\qdiffcl_data_regime_v1\DATA_REGIME_GENERALIZATION_V1\3w\f010\outer_31001\model_seed_43\FINAL_QDIFFCL_FIXED\_training,True
3W,0.1,31001,rho_validation_candidate,CALIBRATED_RHO,44,0.0,COMPLETE_VALID,0.639050711554007,0.93546357364097,0.2545,N/A,N/A,True,False,True,True,False,False,49.12369300000137,c8ee3827439735f61f52282bb4b83fb7208a9d3bb13b302c109d09811b43c1cb,N/A,N/A,outputs\qdiffcl_data_regime_v1\DATA_REGIME_GENERALIZATION_V1\3w\f010\outer_31001\model_seed_44\CALIBRATED_RHO\_candidates\rho_000,True
3W,0.1,31001,rho_validation_candidate,CALIBRATED_RHO,44,0.25,COMPLETE_VALID,0.639050711554007,0.9369677938078145,0.2545,N/A,N/A,True,False,True,True,False,False,49.204497900002025,6979be7fd5cb4f149ff23b5593da41c4a558acb5be45727d0ab882e3f9e30ee7,N/A,N/A,outputs\qdiffcl_data_regime_v1\DATA_REGIME_GENERALIZATION_V1\3w\f010\outer_31001\model_seed_44\CALIBRATED_RHO\_candidates\rho_025,True
3W,0.1,31001,rho_validation_candidate,CALIBRATED_RHO,44,0.5,COMPLETE_VALID,0.639050711554007,0.936506797119798,0.2545,N/A,N/A,True,False,True,True,False,False,49.37380049999774,304b65e5135e5f0ec72be44e3c9718ec0eefad4adc4ac92df30fc2a45ac6c0a9,N/A,N/A,outputs\qdiffcl_data_regime_v1\DATA_REGIME_GENERALIZATION_V1\3w\f010\outer_31001\model_seed_44\CALIBRATED_RHO\_candidates\rho_050,True
3W,0.1,31001,rho_validation_candidate,CALIBRATED_RHO,44,0.75,COMPLETE_VALID,0.6393402538607741,0.9377866755051671,0.2545,N/A,N/A,True,False,True,True,False,False,49.12206140000126,a750b450df493d7af76b4a25fc9465d6b6ede02d821823d68cfd009a4a7f480e,N/A,N/A,outputs\qdiffcl_data_regime_v1\DATA_REGIME_GENERALIZATION_V1\3w\f010\outer_31001\model_seed_44\CALIBRATED_RHO\_candidates\rho_075,True
3W,0.1,31001,rho_validation_candidate,CALIBRATED_RHO,44,1.0,COMPLETE_VALID,0.6392199354936583,0.9366721988582514,0.2545,N/A,N/A,True,False,True,True,False,False,49.33967219999977,cfdedaf21e0c697ac4bccb043686c8897db599168397adfda595e2aa48e7d614,N/A,N/A,outputs\qdiffcl_data_regime_v1\DATA_REGIME_GENERALIZATION_V1\3w\f010\outer_31001\model_seed_44\FINAL_QDIFFCL_FIXED\_training,True
3W,0.1,31002,rho_validation_candidate,CALIBRATED_RHO,42,0.0,COMPLETE_VALID,0.24518947311696354,0.6364305266114992,0.8925,N/A,N/A,True,False,True,True,False,False,56.851535499998135,3d78a198c2ffcc1b8f0b2eaf12aedbf697c3f6119ad9a68a2904b0ec9657d479,N/A,N/A,outputs\qdiffcl_data_regime_v1\DATA_REGIME_GENERALIZATION_V1\3w\f010\outer_31002\model_seed_42\CALIBRATED_RHO\_candidates\rho_000,True
3W,0.1,31002,rho_validation_candidate,CALIBRATED_RHO,42,0.25,COMPLETE_VALID,0.2477926324641609,0.637329973576491,0.893,N/A,N/A,True,False,True,True,False,False,56.56311260000075,5fa7e5bae6f8d3fddb5caa2a7d0cf80d5519a99ddb2f58207433c2816436de68,N/A,N/A,outputs\qdiffcl_data_regime_v1\DATA_REGIME_GENERALIZATION_V1\3w\f010\outer_31002\model_seed_42\CALIBRATED_RHO\_candidates\rho_025,True
3W,0.1,31002,rho_validation_candidate,CALIBRATED_RHO,42,0.5,COMPLETE_VALID,0.24383693355282937,0.6367077373370754,0.8925,N/A,N/A,True,False,True,True,False,False,56.510216700000456,61b09e2eea3dad0391ba19d28b458c31c03fe4097bb0594707e054100332fee1,N/A,N/A,outputs\qdiffcl_data_regime_v1\DATA_REGIME_GENERALIZATION_V1\3w\f010\outer_31002\model_seed_42\CALIBRATED_RHO\_candidates\rho_050,True
3W,0.1,31002,rho_validation_candidate,CALIBRATED_RHO,42,0.75,COMPLETE_VALID,0.23608489342087421,0.6361258413309663,0.893,N/A,N/A,True,False,True,True,False,False,56.280318199998874,86f37014373438aaa43256b5ba7a446d5537a8d3521f9a6d92458abeef35122f,N/A,N/A,outputs\qdiffcl_data_regime_v1\DATA_REGIME_GENERALIZATION_V1\3w\f010\outer_31002\model_seed_42\CALIBRATED_RHO\_candidates\rho_075,True
3W,0.1,31002,rho_validation_candidate,CALIBRATED_RHO,42,1.0,COMPLETE_VALID,0.24383693355282937,0.6357392538854367,0.8925,N/A,N/A,True,False,True,True,False,False,56.43811730000016,f8a7291232717539071324b6efb5503d1bc512e98cdeb9eb6c09f1add0adb54d,N/A,N/A,outputs\qdiffcl_data_regime_v1\DATA_REGIME_GENERALIZATION_V1\3w\f010\outer_31002\model_seed_42\FINAL_QDIFFCL_FIXED\_training,True
3W,0.1,31002,rho_validation_candidate,CALIBRATED_RHO,43,0.0,COMPLETE_VALID,0.22430398607350704,0.8306841611873046,0.906,N/A,N/A,True,False,True,True,False,False,57.01899529999719,09b0b21b347fe0d1f81f75586aa5f30f0fee784602e06c9c363cfe953921b843,N/A,N/A,outputs\qdiffcl_data_regime_v1\DATA_REGIME_GENERALIZATION_V1\3w\f010\outer_31002\model_seed_43\CALIBRATED_RHO\_candidates\rho_000,True
3W,0.1,31002,rho_validation_candidate,CALIBRATED_RHO,43,0.25,COMPLETE_VALID,0.22686480191779368,0.8405924386737587,0.906,N/A,N/A,True,False,True,True,False,False,57.26395769999726,c89f5704e950d2fd6471a863262dfa021b39ed911bfac713f9723870db6650b7,N/A,N/A,outputs\qdiffcl_data_regime_v1\DATA_REGIME_GENERALIZATION_V1\3w\f010\outer_31002\model_seed_43\CALIBRATED_RHO\_candidates\rho_025,True
3W,0.1,31002,rho_validation_candidate,CALIBRATED_RHO,43,0.5,COMPLETE_VALID,0.2070452163492196,0.7942593553494768,0.8995,N/A,N/A,True,False,True,True,False,False,56.88575569999739,f6cd4bb0edf51f548aff040027d41582472f75e6850e9d9d9076d2803ae4498f,N/A,N/A,outputs\qdiffcl_data_regime_v1\DATA_REGIME_GENERALIZATION_V1\3w\f010\outer_31002\model_seed_43\CALIBRATED_RHO\_candidates\rho_050,True
3W,0.1,31002,rho_validation_candidate,CALIBRATED_RHO,43,0.75,COMPLETE_VALID,0.23168017101550117,0.8548844648690026,0.906,N/A,N/A,True,False,True,True,False,False,56.239296799998556,e06d170ec58b42cfc04552b8efb6ea98d86222d2c755e7fd4fb086b4359a2e97,N/A,N/A,outputs\qdiffcl_data_regime_v1\DATA_REGIME_GENERALIZATION_V1\3w\f010\outer_31002\model_seed_43\CALIBRATED_RHO\_candidates\rho_075,True
3W,0.1,31002,rho_validation_candidate,CALIBRATED_RHO,43,1.0,COMPLETE_VALID,0.26609854844278646,0.7203407934377586,0.9045,N/A,N/A,True,False,True,True,False,False,56.423316200001864,863a9b2743607e7914fd269aee30275adec21287dd1461b61bcb9e37bf8defdc,N/A,N/A,outputs\qdiffcl_data_regime_v1\DATA_REGIME_GENERALIZATION_V1\3w\f010\outer_31002\model_seed_43\FINAL_QDIFFCL_FIXED\_training,True
3W,0.1,31002,rho_validation_candidate,CALIBRATED_RHO,44,0.0,COMPLETE_VALID,0.5544763696828594,0.9306032254691012,0.3305,N/A,N/A,True,False,True,True,False,False,56.289179899999,fdf56d48798551aeba61aa4f35507e854636c9df18449c1fa29bbb4f4e954a94,N/A,N/A,outputs\qdiffcl_data_regime_v1\DATA_REGIME_GENERALIZATION_V1\3w\f010\outer_31002\model_seed_44\CALIBRATED_RHO\_candidates\rho_000,True
3W,0.1,31002,rho_validation_candidate,CALIBRATED_RHO,44,0.25,COMPLETE_VALID,0.5418379081984915,0.9269419964692351,0.438,N/A,N/A,True,False,True,True,False,False,56.32374290000007,6e090f7d4c7673b9389e1aa82aaf2614fed2aa986d82ba9e5706b0516f649421,N/A,N/A,outputs\qdiffcl_data_regime_v1\DATA_REGIME_GENERALIZATION_V1\3w\f010\outer_31002\model_seed_44\CALIBRATED_RHO\_candidates\rho_025,True
3W,0.1,31002,rho_validation_candidate,CALIBRATED_RHO,44,0.5,COMPLETE_VALID,0.5455290160466912,0.9277776556493713,0.438,N/A,N/A,True,False,True,True,False,False,57.01862749999782,e94fe28f29682923e099d9134ad9a3ab7454ee16b06c45ffa7cc1c9d20c62a68,N/A,N/A,outputs\qdiffcl_data_regime_v1\DATA_REGIME_GENERALIZATION_V1\3w\f010\outer_31002\model_seed_44\CALIBRATED_RHO\_candidates\rho_050,True
3W,0.1,31002,rho_validation_candidate,CALIBRATED_RHO,44,0.75,COMPLETE_VALID,0.546622365641715,0.9273753207623125,0.438,N/A,N/A,True,False,True,True,False,False,56.71635190000234,0de815604a99234dec3b4b4eb9394c152df5c31cce11403402b2b20ebec4d3ee,N/A,N/A,outputs\qdiffcl_data_regime_v1\DATA_REGIME_GENERALIZATION_V1\3w\f010\outer_31002\model_seed_44\CALIBRATED_RHO\_candidates\rho_075,True
3W,0.1,31002,rho_validation_candidate,CALIBRATED_RHO,44,1.0,COMPLETE_VALID,0.5306284241996115,0.9274335721153157,0.487,N/A,N/A,True,False,True,True,False,False,56.21925380000175,bdb45018eb12e651c9fa781af827284e691b20baf9e7b04ba4f9f366ed6d42d1,N/A,N/A,outputs\qdiffcl_data_regime_v1\DATA_REGIME_GENERALIZATION_V1\3w\f010\outer_31002\model_seed_44\FINAL_QDIFFCL_FIXED\_training,True
3W,0.1,31003,rho_validation_candidate,CALIBRATED_RHO,42,0.0,COMPLETE_VALID,0.8593101058403624,0.9863161303079473,0.127,N/A,N/A,True,False,True,True,False,False,53.93777409999893,a9c1708036c0bd48f782c4e94fddba37136c5d1572c8d0e550f17b694e34fd34,N/A,N/A,outputs\qdiffcl_data_regime_v1\DATA_REGIME_GENERALIZATION_V1\3w\f010\outer_31003\model_seed_42\CALIBRATED_RHO\_candidates\rho_000,True
3W,0.1,31003,rho_validation_candidate,CALIBRATED_RHO,42,0.25,COMPLETE_VALID,0.8582634902865987,0.9881447678965689,0.127,N/A,N/A,True,False,True,True,False,False,52.03156300000046,25b9acb71ec91d459252f197035395300977d185a74e140e8dde4d9514a75a1d,N/A,N/A,outputs\qdiffcl_data_regime_v1\DATA_REGIME_GENERALIZATION_V1\3w\f010\outer_31003\model_seed_42\CALIBRATED_RHO\_candidates\rho_025,True
3W,0.1,31003,rho_validation_candidate,CALIBRATED_RHO,42,0.5,COMPLETE_VALID,0.8573945071702196,0.9868454075939481,0.127,N/A,N/A,True,False,True,True,False,False,51.56065809999927,b22d6bcf7e9e84006660d5c8fd5a4cd49c8196f07fd6850d828b2118c306ce6a,N/A,N/A,outputs\qdiffcl_data_regime_v1\DATA_REGIME_GENERALIZATION_V1\3w\f010\outer_31003\model_seed_42\CALIBRATED_RHO\_candidates\rho_050,True
3W,0.1,31003,rho_validation_candidate,CALIBRATED_RHO,42,0.75,COMPLETE_VALID,0.8569873503138628,0.9864719092312119,0.127,N/A,N/A,True,False,True,True,False,False,51.38288829999874,de49635b7eff223b2c2f148cf190b7a79fb1a7dcc550c226db3eadc6374260a1,N/A,N/A,outputs\qdiffcl_data_regime_v1\DATA_REGIME_GENERALIZATION_V1\3w\f010\outer_31003\model_seed_42\CALIBRATED_RHO\_candidates\rho_075,True
3W,0.1,31003,rho_validation_candidate,CALIBRATED_RHO,42,1.0,COMPLETE_VALID,0.8597938740115392,0.9854571874530922,0.127,N/A,N/A,True,False,True,True,False,False,51.19790769999963,197d9f9890c379d5727004540ffe2ae90c1c4050fe8c1729aebb718209630b62,N/A,N/A,outputs\qdiffcl_data_regime_v1\DATA_REGIME_GENERALIZATION_V1\3w\f010\outer_31003\model_seed_42\FINAL_QDIFFCL_FIXED\_training,True
3W,0.1,31003,rho_validation_candidate,CALIBRATED_RHO,43,0.0,COMPLETE_VALID,0.8424132758199048,0.9865553369030136,0.1005,N/A,N/A,True,False,True,True,False,False,50.82937749999837,68059473c199bd895759c1243ea6105012e8c2f4b1ae93c7bcf0b923d0e54f00,N/A,N/A,outputs\qdiffcl_data_regime_v1\DATA_REGIME_GENERALIZATION_V1\3w\f010\outer_31003\model_seed_43\CALIBRATED_RHO\_candidates\rho_000,True
3W,0.1,31003,rho_validation_candidate,CALIBRATED_RHO,43,0.25,COMPLETE_VALID,0.8383012250857592,0.9845655596850703,0.1035,N/A,N/A,True,False,True,True,False,False,50.66280430000188,21ba81cf61c564444a04ec415dc9bfbf43d85ef08897cc089474dc35bc8f3e1c,N/A,N/A,outputs\qdiffcl_data_regime_v1\DATA_REGIME_GENERALIZATION_V1\3w\f010\outer_31003\model_seed_43\CALIBRATED_RHO\_candidates\rho_025,True
3W,0.1,31003,rho_validation_candidate,CALIBRATED_RHO,43,0.5,COMPLETE_VALID,0.8407313032534494,0.9852390643450091,0.1215,N/A,N/A,True,False,True,True,False,False,51.263731000002736,90b1c00888260735034fdfdba67b3745959031e796cf8101fb66a178347e1ba3,N/A,N/A,outputs\qdiffcl_data_regime_v1\DATA_REGIME_GENERALIZATION_V1\3w\f010\outer_31003\model_seed_43\CALIBRATED_RHO\_candidates\rho_050,True
3W,0.1,31003,rho_validation_candidate,CALIBRATED_RHO,43,0.75,COMPLETE_VALID,0.8448830540844146,0.9860599278141939,0.109,N/A,N/A,True,False,True,True,False,False,50.777864599996974,2b200150d8e5510a0fdeeb2b544546360dce16380012173dd2d015f83f2327ea,N/A,N/A,outputs\qdiffcl_data_regime_v1\DATA_REGIME_GENERALIZATION_V1\3w\f010\outer_31003\model_seed_43\CALIBRATED_RHO\_candidates\rho_075,True
3W,0.1,31003,rho_validation_candidate,CALIBRATED_RHO,43,1.0,COMPLETE_VALID,0.8423547120238044,0.9860913615694826,0.118,N/A,N/A,True,False,True,True,False,False,51.513599599999,2ef792b6ad57dc1b077126ff8e03fad4da1c1ec024a1998c50b9f8fb46c7d262,N/A,N/A,outputs\qdiffcl_data_regime_v1\DATA_REGIME_GENERALIZATION_V1\3w\f010\outer_31003\model_seed_43\FINAL_QDIFFCL_FIXED\_training,True
3W,0.1,31003,rho_validation_candidate,CALIBRATED_RHO,44,0.0,COMPLETE_VALID,0.847409810110742,0.9825546251413639,0.094,N/A,N/A,True,False,True,True,False,False,50.96174169999722,797b48754137b4bf8d236ca9e5813f9821e693b13a88e4972b9759b982742f93,N/A,N/A,outputs\qdiffcl_data_regime_v1\DATA_REGIME_GENERALIZATION_V1\3w\f010\outer_31003\model_seed_44\CALIBRATED_RHO\_candidates\rho_000,True
3W,0.1,31003,rho_validation_candidate,CALIBRATED_RHO,44,0.25,COMPLETE_VALID,0.6369867161369462,0.9504944216680151,0.0695,N/A,N/A,True,False,True,True,False,False,50.622377899999265,5322579bc0047b57c167ab04812d784dff1d62392189ead59656c084790fcdde,N/A,N/A,outputs\qdiffcl_data_regime_v1\DATA_REGIME_GENERALIZATION_V1\3w\f010\outer_31003\model_seed_44\CALIBRATED_RHO\_candidates\rho_025,True
3W,0.1,31003,rho_validation_candidate,CALIBRATED_RHO,44,0.5,COMPLETE_VALID,0.844040924114038,0.9801123974934504,0.094,N/A,N/A,True,False,True,True,False,False,51.171883699997124,9c4fdf64887222558f083893e10d087fc3c7dc4722586a31b18812217bed308a,N/A,N/A,outputs\qdiffcl_data_regime_v1\DATA_REGIME_GENERALIZATION_V1\3w\f010\outer_31003\model_seed_44\CALIBRATED_RHO\_candidates\rho_050,True
3W,0.1,31003,rho_validation_candidate,CALIBRATED_RHO,44,0.75,COMPLETE_VALID,0.6000203898744775,0.946237594879946,0.1565,N/A,N/A,True,False,True,True,False,False,51.04578920000131,b9f4cd1ea233a1d15aae8985202b9d7c72092b7b3d629a352bb6f439a3bba1e7,N/A,N/A,outputs\qdiffcl_data_regime_v1\DATA_REGIME_GENERALIZATION_V1\3w\f010\outer_31003\model_seed_44\CALIBRATED_RHO\_candidates\rho_075,True
3W,0.1,31003,rho_validation_candidate,CALIBRATED_RHO,44,1.0,COMPLETE_VALID,0.5007327197417194,0.9328138595666281,0.2025,N/A,N/A,True,False,True,True,False,False,51.253990400000475,58a4717150eb87a86b890627ed377b44ca89b7854957d876f2f517a9214b809e,N/A,N/A,outputs\qdiffcl_data_regime_v1\DATA_REGIME_GENERALIZATION_V1\3w\f010\outer_31003\model_seed_44\FINAL_QDIFFCL_FIXED\_training,True
TEP,1.0,32001,rho_validation_candidate,CALIBRATED_RHO,7,0.0,COMPLETE_VALID,0.9393868073237146,0.9870763435212332,0.04368471035137702,N/A,N/A,True,False,True,True,False,False,326.1615884999992,574291f2e8bfe4d6966e76bf99556fd91d6aefe209f3ca31b80471d71816a538,N/A,N/A,outputs\qdiffcl_data_regime_v1\DATA_REGIME_GENERALIZATION_V1\tep\f100\outer_32001\model_seed_7\CALIBRATED_RHO\_candidates\rho_000,True
TEP,1.0,32001,rho_validation_candidate,CALIBRATED_RHO,7,0.25,COMPLETE_VALID,0.9393868073237146,0.9868735975144763,0.04368471035137702,N/A,N/A,True,False,True,True,False,False,324.43788920000225,829fb8e1aaabb558dee7aa143aa2a709849e44f532f25051db429cff03468133,N/A,N/A,outputs\qdiffcl_data_regime_v1\DATA_REGIME_GENERALIZATION_V1\tep\f100\outer_32001\model_seed_7\CALIBRATED_RHO\_candidates\rho_025,True
TEP,1.0,32001,rho_validation_candidate,CALIBRATED_RHO,7,0.5,COMPLETE_VALID,0.9393728481676364,0.9867410230074573,0.045584045584045586,N/A,N/A,True,False,True,True,False,False,292.67330530000254,53a3ee405d5963a5576fdbf2f10e37501b376ce04ea7f864c19ac1936aec6ecb,N/A,N/A,outputs\qdiffcl_data_regime_v1\DATA_REGIME_GENERALIZATION_V1\tep\f100\outer_32001\model_seed_7\CALIBRATED_RHO\_candidates\rho_050,True
TEP,1.0,32001,rho_validation_candidate,CALIBRATED_RHO,7,0.75,COMPLETE_VALID,0.9380607236962725,0.9867823628268971,0.04748338081671415,N/A,N/A,True,False,True,True,False,False,272.68390040000304,b7b192321fede90904c0d8bd413d727f453e7f2a60a8c55b0e83c2cd6f73c16e,N/A,N/A,outputs\qdiffcl_data_regime_v1\DATA_REGIME_GENERALIZATION_V1\tep\f100\outer_32001\model_seed_7\CALIBRATED_RHO\_candidates\rho_075,True
TEP,1.0,32001,rho_validation_candidate,CALIBRATED_RHO,7,1.0,COMPLETE_VALID,0.9384710562541627,0.9868212980518415,0.050332383665717,N/A,N/A,True,False,True,True,False,False,238.88562819999788,8ee3c1d6204a8cdf0e196e1413657ef085f266cbd7f928c5a90eddb547d8d3b0,N/A,N/A,outputs\qdiffcl_data_regime_v1\DATA_REGIME_GENERALIZATION_V1\tep\f100\outer_32001\model_seed_7\FINAL_QDIFFCL_FIXED\_training,True
TEP,1.0,32001,rho_validation_candidate,CALIBRATED_RHO,42,0.0,COMPLETE_VALID,0.9410520029009002,0.9894359988344184,0.052231718898385564,N/A,N/A,True,False,True,True,False,False,238.26387669999895,0cfeb3fc9ef7905cc28088c44e10a67214bab0d2fa0f57391aeb59ac4b7eea97,N/A,N/A,outputs\qdiffcl_data_regime_v1\DATA_REGIME_GENERALIZATION_V1\tep\f100\outer_32001\model_seed_42\CALIBRATED_RHO\_candidates\rho_000,True
TEP,1.0,32001,rho_validation_candidate,CALIBRATED_RHO,42,0.25,COMPLETE_VALID,0.9253797916273887,0.9846574970303112,0.06457739791073125,N/A,N/A,True,False,True,True,False,False,239.0473024999992,d1a14c297c46561be2722feb23c8370de46d95a3d6abc9c136d0322e203c88ac,N/A,N/A,outputs\qdiffcl_data_regime_v1\DATA_REGIME_GENERALIZATION_V1\tep\f100\outer_32001\model_seed_42\CALIBRATED_RHO\_candidates\rho_025,True
TEP,1.0,32001,rho_validation_candidate,CALIBRATED_RHO,42,0.5,COMPLETE_VALID,0.9405876738126564,0.9895098862184774,0.0560303893637227,N/A,N/A,True,False,True,True,False,False,238.75963620000402,0bc6ffc018d0073a3efe8211125da9b36641718ae7b5de63fc31e8908d6a2ab6,N/A,N/A,outputs\qdiffcl_data_regime_v1\DATA_REGIME_GENERALIZATION_V1\tep\f100\outer_32001\model_seed_42\CALIBRATED_RHO\_candidates\rho_050,True
TEP,1.0,32001,rho_validation_candidate,CALIBRATED_RHO,42,0.75,COMPLETE_VALID,0.9397911690531906,0.9895217666390034,0.04748338081671415,N/A,N/A,True,False,True,True,False,False,331.86049260000436,500cf56337203d8493e8532769168ebb49c7177af4ee5d9a2cc7af6ddf02c317,N/A,N/A,outputs\qdiffcl_data_regime_v1\DATA_REGIME_GENERALIZATION_V1\tep\f100\outer_32001\model_seed_42\CALIBRATED_RHO\_candidates\rho_075,True
TEP,1.0,32001,rho_validation_candidate,CALIBRATED_RHO,42,1.0,COMPLETE_VALID,0.9410442676664771,0.9895196177918004,0.05318138651471985,N/A,N/A,True,False,True,True,False,False,409.032217400003,7f511f33568576aa59351219cb6d4e9870074b4af9a223761691630a3e1f2d99,N/A,N/A,outputs\qdiffcl_data_regime_v1\DATA_REGIME_GENERALIZATION_V1\tep\f100\outer_32001\model_seed_42\FINAL_QDIFFCL_FIXED\_training,True
TEP,1.0,32001,rho_validation_candidate,CALIBRATED_RHO,2026,0.0,COMPLETE_VALID,0.8952210508232358,0.9705796872820509,0.05982905982905983,N/A,N/A,True,False,True,True,False,False,420.98885440000595,2f61ba3d9d136589ec816db4e909d789730ad150b31c3ee7f79654acaf217c21,N/A,N/A,outputs\qdiffcl_data_regime_v1\DATA_REGIME_GENERALIZATION_V1\tep\f100\outer_32001\model_seed_2026\CALIBRATED_RHO\_candidates\rho_000,True
TEP,1.0,32001,rho_validation_candidate,CALIBRATED_RHO,2026,0.25,COMPLETE_VALID,0.8951866214571478,0.9705064266643905,0.06457739791073125,N/A,N/A,True,False,True,True,False,False,426.48024660000374,1af1eea897d8c616f0d19712275481e530c5edbda66f5fa069e7dd2cda0f809a,N/A,N/A,outputs\qdiffcl_data_regime_v1\DATA_REGIME_GENERALIZATION_V1\tep\f100\outer_32001\model_seed_2026\CALIBRATED_RHO\_candidates\rho_025,True
TEP,1.0,32001,rho_validation_candidate,CALIBRATED_RHO,2026,0.5,COMPLETE_VALID,0.8964949293063883,0.9704755329870068,0.06267806267806268,N/A,N/A,True,False,True,True,False,False,430.44128320000164,289d1e013ee40cb59e22a27bde2fd0a94ba8a0eee36d0086fbc6ae2312f0d5b5,N/A,N/A,outputs\qdiffcl_data_regime_v1\DATA_REGIME_GENERALIZATION_V1\tep\f100\outer_32001\model_seed_2026\CALIBRATED_RHO\_candidates\rho_050,True
TEP,1.0,32001,rho_validation_candidate,CALIBRATED_RHO,2026,0.75,COMPLETE_VALID,0.895639170430343,0.9703898522762233,0.06172839506172839,N/A,N/A,True,False,True,True,False,False,388.9908718000006,446dce5869c526f4ff1da022e34aece331a3439c4a4d9df3395a5436434b022d,N/A,N/A,outputs\qdiffcl_data_regime_v1\DATA_REGIME_GENERALIZATION_V1\tep\f100\outer_32001\model_seed_2026\CALIBRATED_RHO\_candidates\rho_075,True
TEP,1.0,32001,rho_validation_candidate,CALIBRATED_RHO,2026,1.0,COMPLETE_VALID,0.8952008708352333,0.97043069396403,0.06267806267806268,N/A,N/A,True,False,True,True,False,False,426.4829428000012,223e40f958be92df2a4e328c73f193986b437195672ec63d14ba142fc3d94d9c,N/A,N/A,outputs\qdiffcl_data_regime_v1\DATA_REGIME_GENERALIZATION_V1\tep\f100\outer_32001\model_seed_2026\FINAL_QDIFFCL_FIXED\_training,True
TEP,1.0,32002,rho_validation_candidate,CALIBRATED_RHO,7,0.0,COMPLETE_VALID,0.9124556768341641,0.9698221969861013,0.03643724696356275,N/A,N/A,True,False,True,True,False,False,364.0845622999914,fab61454b4ecf0a7e71778bb813be34a5a7f92d0c21dba31ff08561afbbb11cb,N/A,N/A,outputs\qdiffcl_data_regime_v1\DATA_REGIME_GENERALIZATION_V1\tep\f100\outer_32002\model_seed_7\CALIBRATED_RHO\_candidates\rho_000,True
TEP,1.0,32002,rho_validation_candidate,CALIBRATED_RHO,7,0.25,COMPLETE_VALID,0.9200110611386298,0.9761505720899384,0.03724696356275304,N/A,N/A,True,False,True,True,False,False,353.5896907999995,b8fbf49d427b9568b1ceaba1f48c8c26b2e362f6424d0d4fe7949f089aa0f1a4,N/A,N/A,outputs\qdiffcl_data_regime_v1\DATA_REGIME_GENERALIZATION_V1\tep\f100\outer_32002\model_seed_7\CALIBRATED_RHO\_candidates\rho_025,True
TEP,1.0,32002,rho_validation_candidate,CALIBRATED_RHO,7,0.5,COMPLETE_VALID,0.9203525272123385,0.9762841359615004,0.029959514170040485,N/A,N/A,True,False,True,True,False,False,295.4143982999958,a2aaacbf1724a760793f951e05b80f964c75aceb75c4f203a635024052f50bda,N/A,N/A,outputs\qdiffcl_data_regime_v1\DATA_REGIME_GENERALIZATION_V1\tep\f100\outer_32002\model_seed_7\CALIBRATED_RHO\_candidates\rho_050,True
TEP,1.0,32002,rho_validation_candidate,CALIBRATED_RHO,7,0.75,COMPLETE_VALID,0.9208479803575171,0.9764906775374663,0.03724696356275304,N/A,N/A,True,False,True,True,False,False,250.05407279999054,f21d96e45791ac8e09c58e9355573438c5cf3ae72d2bad5f8a18ccb503b62a20,N/A,N/A,outputs\qdiffcl_data_regime_v1\DATA_REGIME_GENERALIZATION_V1\tep\f100\outer_32002\model_seed_7\CALIBRATED_RHO\_candidates\rho_075,True
TEP,1.0,32002,rho_validation_candidate,CALIBRATED_RHO,7,1.0,COMPLETE_VALID,0.9204684763572679,0.9764662067513635,0.04129554655870445,N/A,N/A,True,False,True,True,False,False,249.749917299996,8e341cf7db63a1632109812519348c75d9bf89edd8d07dd7db99805eae5cdc45,N/A,N/A,outputs\qdiffcl_data_regime_v1\DATA_REGIME_GENERALIZATION_V1\tep\f100\outer_32002\model_seed_7\FINAL_QDIFFCL_FIXED\_training,True
TEP,1.0,32002,rho_validation_candidate,CALIBRATED_RHO,42,0.0,COMPLETE_VALID,0.8927741674310841,0.9564723955716048,0.02348178137651822,N/A,N/A,True,False,True,True,False,False,249.61351860000286,228006337081e0817e4477133b62164514e7ddbb44b0e0ce17bc0a1e7e2e79ec,N/A,N/A,outputs\qdiffcl_data_regime_v1\DATA_REGIME_GENERALIZATION_V1\tep\f100\outer_32002\model_seed_42\CALIBRATED_RHO\_candidates\rho_000,True
TEP,1.0,32002,rho_validation_candidate,CALIBRATED_RHO,42,0.25,COMPLETE_VALID,0.8935904259122414,0.9563684244651535,0.02186234817813765,N/A,N/A,True,False,True,True,False,False,249.88676380000834,ea6e906dea67474cde3efa7904cfb4314b3ccb713271d717e313612068a9aa18,N/A,N/A,outputs\qdiffcl_data_regime_v1\DATA_REGIME_GENERALIZATION_V1\tep\f100\outer_32002\model_seed_42\CALIBRATED_RHO\_candidates\rho_025,True
TEP,1.0,32002,rho_validation_candidate,CALIBRATED_RHO,42,0.5,COMPLETE_VALID,0.8931822801994287,0.956442882998741,0.022672064777327937,N/A,N/A,True,False,True,True,False,False,249.28709870000603,0736338864b1086a888e287c9ad64d1bd203390c57120b5fbe7f364334d1489b,N/A,N/A,outputs\qdiffcl_data_regime_v1\DATA_REGIME_GENERALIZATION_V1\tep\f100\outer_32002\model_seed_42\CALIBRATED_RHO\_candidates\rho_050,True
TEP,1.0,32002,rho_validation_candidate,CALIBRATED_RHO,42,0.75,COMPLETE_VALID,0.8927923398642694,0.9561835103247339,0.024291497975708502,N/A,N/A,True,False,True,True,False,False,249.78050789999543,8a17d01bc69cb4d159a57f9e82651e2a282dea6edc9941c252c69790a1df89be,N/A,N/A,outputs\qdiffcl_data_regime_v1\DATA_REGIME_GENERALIZATION_V1\tep\f100\outer_32002\model_seed_42\CALIBRATED_RHO\_candidates\rho_075,True
TEP,1.0,32002,rho_validation_candidate,CALIBRATED_RHO,42,1.0,COMPLETE_VALID,0.8927923398642694,0.9559509779888559,0.024291497975708502,N/A,N/A,True,False,True,True,False,False,249.01716950000264,e5749c9af2bc2c749bc58e49181a3a11c6f55ed6b4e538fea48a9a67d5b819c7,N/A,N/A,outputs\qdiffcl_data_regime_v1\DATA_REGIME_GENERALIZATION_V1\tep\f100\outer_32002\model_seed_42\FINAL_QDIFFCL_FIXED\_training,True
TEP,1.0,32002,rho_validation_candidate,CALIBRATED_RHO,2026,0.0,COMPLETE_VALID,0.9018358802092457,0.9626655903085053,0.03076923076923077,N/A,N/A,True,False,True,True,False,False,250.38141860000906,3c2344e0cf8a790e4083ef3e3ed286595ea463038c7bce0271b42b6a8191135c,N/A,N/A,outputs\qdiffcl_data_regime_v1\DATA_REGIME_GENERALIZATION_V1\tep\f100\outer_32002\model_seed_2026\CALIBRATED_RHO\_candidates\rho_000,True
TEP,1.0,32002,rho_validation_candidate,CALIBRATED_RHO,2026,0.25,COMPLETE_VALID,0.9010319912479561,0.96245329659351,0.03319838056680162,N/A,N/A,True,False,True,True,False,False,305.59581360001175,8dd45cfc7b15c52db9271e53e9fc811317c071e24ce6f4d0f0967f3f1a5a78b8,N/A,N/A,outputs\qdiffcl_data_regime_v1\DATA_REGIME_GENERALIZATION_V1\tep\f100\outer_32002\model_seed_2026\CALIBRATED_RHO\_candidates\rho_025,True
TEP,1.0,32002,rho_validation_candidate,CALIBRATED_RHO,2026,0.5,COMPLETE_VALID,0.9009897656881227,0.9626061200854346,0.03076923076923077,N/A,N/A,True,False,True,True,False,False,336.02435000000696,742d27d5f4e881ea6d8f1eda9517ebbdfa53b4b351dc46ba7146654de52fa06a,N/A,N/A,outputs\qdiffcl_data_regime_v1\DATA_REGIME_GENERALIZATION_V1\tep\f100\outer_32002\model_seed_2026\CALIBRATED_RHO\_candidates\rho_050,True
TEP,1.0,32002,rho_validation_candidate,CALIBRATED_RHO,2026,0.75,COMPLETE_VALID,0.9009754103148181,0.9625382549620419,0.029959514170040485,N/A,N/A,True,False,True,True,False,False,304.29683540000406,4c06b5b46fb497e540c368e2753105a67d30d3c898c017666e3cb7e9172cd5e4,N/A,N/A,outputs\qdiffcl_data_regime_v1\DATA_REGIME_GENERALIZATION_V1\tep\f100\outer_32002\model_seed_2026\CALIBRATED_RHO\_candidates\rho_075,True
TEP,1.0,32002,rho_validation_candidate,CALIBRATED_RHO,2026,1.0,COMPLETE_VALID,0.9006368866963753,0.962765337622142,0.034817813765182185,N/A,N/A,True,False,True,True,False,False,347.2171900999965,799d3ecbf5716698b549c1891c0cade6ffc75d379e80dc5a39830c0a0cb11bd6,N/A,N/A,outputs\qdiffcl_data_regime_v1\DATA_REGIME_GENERALIZATION_V1\tep\f100\outer_32002\model_seed_2026\FINAL_QDIFFCL_FIXED\_training,True
TEP,1.0,32003,rho_validation_candidate,CALIBRATED_RHO,7,0.0,PENDING,N/A,N/A,N/A,N/A,N/A,False,False,False,False,False,False,N/A,N/A,N/A,N/A,outputs\qdiffcl_data_regime_v1\DATA_REGIME_GENERALIZATION_V1\tep\f100\outer_32003\model_seed_7\CALIBRATED_RHO\_candidates\rho_000,True
TEP,1.0,32003,rho_validation_candidate,CALIBRATED_RHO,7,0.25,PENDING,N/A,N/A,N/A,N/A,N/A,False,False,False,False,False,False,N/A,N/A,N/A,N/A,outputs\qdiffcl_data_regime_v1\DATA_REGIME_GENERALIZATION_V1\tep\f100\outer_32003\model_seed_7\CALIBRATED_RHO\_candidates\rho_025,True
TEP,1.0,32003,rho_validation_candidate,CALIBRATED_RHO,7,0.5,PENDING,N/A,N/A,N/A,N/A,N/A,False,False,False,False,False,False,N/A,N/A,N/A,N/A,outputs\qdiffcl_data_regime_v1\DATA_REGIME_GENERALIZATION_V1\tep\f100\outer_32003\model_seed_7\CALIBRATED_RHO\_candidates\rho_050,True
TEP,1.0,32003,rho_validation_candidate,CALIBRATED_RHO,7,0.75,PENDING,N/A,N/A,N/A,N/A,N/A,False,False,False,False,False,False,N/A,N/A,N/A,N/A,outputs\qdiffcl_data_regime_v1\DATA_REGIME_GENERALIZATION_V1\tep\f100\outer_32003\model_seed_7\CALIBRATED_RHO\_candidates\rho_075,True
TEP,1.0,32003,rho_validation_candidate,CALIBRATED_RHO,7,1.0,PENDING,N/A,N/A,N/A,N/A,N/A,False,False,False,False,False,False,N/A,N/A,N/A,N/A,outputs\qdiffcl_data_regime_v1\DATA_REGIME_GENERALIZATION_V1\tep\f100\outer_32003\model_seed_7\FINAL_QDIFFCL_FIXED\_training,True
TEP,1.0,32003,rho_validation_candidate,CALIBRATED_RHO,42,0.0,PENDING,N/A,N/A,N/A,N/A,N/A,False,False,False,False,False,False,N/A,N/A,N/A,N/A,outputs\qdiffcl_data_regime_v1\DATA_REGIME_GENERALIZATION_V1\tep\f100\outer_32003\model_seed_42\CALIBRATED_RHO\_candidates\rho_000,True
TEP,1.0,32003,rho_validation_candidate,CALIBRATED_RHO,42,0.25,PENDING,N/A,N/A,N/A,N/A,N/A,False,False,False,False,False,False,N/A,N/A,N/A,N/A,outputs\qdiffcl_data_regime_v1\DATA_REGIME_GENERALIZATION_V1\tep\f100\outer_32003\model_seed_42\CALIBRATED_RHO\_candidates\rho_025,True
TEP,1.0,32003,rho_validation_candidate,CALIBRATED_RHO,42,0.5,PENDING,N/A,N/A,N/A,N/A,N/A,False,False,False,False,False,False,N/A,N/A,N/A,N/A,outputs\qdiffcl_data_regime_v1\DATA_REGIME_GENERALIZATION_V1\tep\f100\outer_32003\model_seed_42\CALIBRATED_RHO\_candidates\rho_050,True
TEP,1.0,32003,rho_validation_candidate,CALIBRATED_RHO,42,0.75,PENDING,N/A,N/A,N/A,N/A,N/A,False,False,False,False,False,False,N/A,N/A,N/A,N/A,outputs\qdiffcl_data_regime_v1\DATA_REGIME_GENERALIZATION_V1\tep\f100\outer_32003\model_seed_42\CALIBRATED_RHO\_candidates\rho_075,True
TEP,1.0,32003,rho_validation_candidate,CALIBRATED_RHO,42,1.0,PENDING,N/A,N/A,N/A,N/A,N/A,False,False,False,False,False,False,N/A,N/A,N/A,N/A,outputs\qdiffcl_data_regime_v1\DATA_REGIME_GENERALIZATION_V1\tep\f100\outer_32003\model_seed_42\FINAL_QDIFFCL_FIXED\_training,True
TEP,1.0,32003,rho_validation_candidate,CALIBRATED_RHO,2026,0.0,PENDING,N/A,N/A,N/A,N/A,N/A,False,False,False,False,False,False,N/A,N/A,N/A,N/A,outputs\qdiffcl_data_regime_v1\DATA_REGIME_GENERALIZATION_V1\tep\f100\outer_32003\model_seed_2026\CALIBRATED_RHO\_candidates\rho_000,True
TEP,1.0,32003,rho_validation_candidate,CALIBRATED_RHO,2026,0.25,PENDING,N/A,N/A,N/A,N/A,N/A,False,False,False,False,False,False,N/A,N/A,N/A,N/A,outputs\qdiffcl_data_regime_v1\DATA_REGIME_GENERALIZATION_V1\tep\f100\outer_32003\model_seed_2026\CALIBRATED_RHO\_candidates\rho_025,True
TEP,1.0,32003,rho_validation_candidate,CALIBRATED_RHO,2026,0.5,PENDING,N/A,N/A,N/A,N/A,N/A,False,False,False,False,False,False,N/A,N/A,N/A,N/A,outputs\qdiffcl_data_regime_v1\DATA_REGIME_GENERALIZATION_V1\tep\f100\outer_32003\model_seed_2026\CALIBRATED_RHO\_candidates\rho_050,True
TEP,1.0,32003,rho_validation_candidate,CALIBRATED_RHO,2026,0.75,PENDING,N/A,N/A,N/A,N/A,N/A,False,False,False,False,False,False,N/A,N/A,N/A,N/A,outputs\qdiffcl_data_regime_v1\DATA_REGIME_GENERALIZATION_V1\tep\f100\outer_32003\model_seed_2026\CALIBRATED_RHO\_candidates\rho_075,True
TEP,1.0,32003,rho_validation_candidate,CALIBRATED_RHO,2026,1.0,PENDING,N/A,N/A,N/A,N/A,N/A,False,False,False,False,False,False,N/A,N/A,N/A,N/A,outputs\qdiffcl_data_regime_v1\DATA_REGIME_GENERALIZATION_V1\tep\f100\outer_32003\model_seed_2026\FINAL_QDIFFCL_FIXED\_training,True
TEP,0.25,32001,rho_validation_candidate,CALIBRATED_RHO,7,0.0,PENDING,N/A,N/A,N/A,N/A,N/A,False,False,False,False,False,False,N/A,N/A,N/A,N/A,outputs\qdiffcl_data_regime_v1\DATA_REGIME_GENERALIZATION_V1\tep\f025\outer_32001\model_seed_7\CALIBRATED_RHO\_candidates\rho_000,True
TEP,0.25,32001,rho_validation_candidate,CALIBRATED_RHO,7,0.25,PENDING,N/A,N/A,N/A,N/A,N/A,False,False,False,False,False,False,N/A,N/A,N/A,N/A,outputs\qdiffcl_data_regime_v1\DATA_REGIME_GENERALIZATION_V1\tep\f025\outer_32001\model_seed_7\CALIBRATED_RHO\_candidates\rho_025,True
TEP,0.25,32001,rho_validation_candidate,CALIBRATED_RHO,7,0.5,PENDING,N/A,N/A,N/A,N/A,N/A,False,False,False,False,False,False,N/A,N/A,N/A,N/A,outputs\qdiffcl_data_regime_v1\DATA_REGIME_GENERALIZATION_V1\tep\f025\outer_32001\model_seed_7\CALIBRATED_RHO\_candidates\rho_050,True
TEP,0.25,32001,rho_validation_candidate,CALIBRATED_RHO,7,0.75,PENDING,N/A,N/A,N/A,N/A,N/A,False,False,False,False,False,False,N/A,N/A,N/A,N/A,outputs\qdiffcl_data_regime_v1\DATA_REGIME_GENERALIZATION_V1\tep\f025\outer_32001\model_seed_7\CALIBRATED_RHO\_candidates\rho_075,True
TEP,0.25,32001,rho_validation_candidate,CALIBRATED_RHO,7,1.0,PENDING,N/A,N/A,N/A,N/A,N/A,False,False,False,False,False,False,N/A,N/A,N/A,N/A,outputs\qdiffcl_data_regime_v1\DATA_REGIME_GENERALIZATION_V1\tep\f025\outer_32001\model_seed_7\FINAL_QDIFFCL_FIXED\_training,True
TEP,0.25,32001,rho_validation_candidate,CALIBRATED_RHO,42,0.0,PENDING,N/A,N/A,N/A,N/A,N/A,False,False,False,False,False,False,N/A,N/A,N/A,N/A,outputs\qdiffcl_data_regime_v1\DATA_REGIME_GENERALIZATION_V1\tep\f025\outer_32001\model_seed_42\CALIBRATED_RHO\_candidates\rho_000,True
TEP,0.25,32001,rho_validation_candidate,CALIBRATED_RHO,42,0.25,PENDING,N/A,N/A,N/A,N/A,N/A,False,False,False,False,False,False,N/A,N/A,N/A,N/A,outputs\qdiffcl_data_regime_v1\DATA_REGIME_GENERALIZATION_V1\tep\f025\outer_32001\model_seed_42\CALIBRATED_RHO\_candidates\rho_025,True
TEP,0.25,32001,rho_validation_candidate,CALIBRATED_RHO,42,0.5,PENDING,N/A,N/A,N/A,N/A,N/A,False,False,False,False,False,False,N/A,N/A,N/A,N/A,outputs\qdiffcl_data_regime_v1\DATA_REGIME_GENERALIZATION_V1\tep\f025\outer_32001\model_seed_42\CALIBRATED_RHO\_candidates\rho_050,True
TEP,0.25,32001,rho_validation_candidate,CALIBRATED_RHO,42,0.75,PENDING,N/A,N/A,N/A,N/A,N/A,False,False,False,False,False,False,N/A,N/A,N/A,N/A,outputs\qdiffcl_data_regime_v1\DATA_REGIME_GENERALIZATION_V1\tep\f025\outer_32001\model_seed_42\CALIBRATED_RHO\_candidates\rho_075,True
TEP,0.25,32001,rho_validation_candidate,CALIBRATED_RHO,42,1.0,PENDING,N/A,N/A,N/A,N/A,N/A,False,False,False,False,False,False,N/A,N/A,N/A,N/A,outputs\qdiffcl_data_regime_v1\DATA_REGIME_GENERALIZATION_V1\tep\f025\outer_32001\model_seed_42\FINAL_QDIFFCL_FIXED\_training,True
TEP,0.25,32001,rho_validation_candidate,CALIBRATED_RHO,2026,0.0,PENDING,N/A,N/A,N/A,N/A,N/A,False,False,False,False,False,False,N/A,N/A,N/A,N/A,outputs\qdiffcl_data_regime_v1\DATA_REGIME_GENERALIZATION_V1\tep\f025\outer_32001\model_seed_2026\CALIBRATED_RHO\_candidates\rho_000,True
TEP,0.25,32001,rho_validation_candidate,CALIBRATED_RHO,2026,0.25,PENDING,N/A,N/A,N/A,N/A,N/A,False,False,False,False,False,False,N/A,N/A,N/A,N/A,outputs\qdiffcl_data_regime_v1\DATA_REGIME_GENERALIZATION_V1\tep\f025\outer_32001\model_seed_2026\CALIBRATED_RHO\_candidates\rho_025,True
TEP,0.25,32001,rho_validation_candidate,CALIBRATED_RHO,2026,0.5,PENDING,N/A,N/A,N/A,N/A,N/A,False,False,False,False,False,False,N/A,N/A,N/A,N/A,outputs\qdiffcl_data_regime_v1\DATA_REGIME_GENERALIZATION_V1\tep\f025\outer_32001\model_seed_2026\CALIBRATED_RHO\_candidates\rho_050,True
TEP,0.25,32001,rho_validation_candidate,CALIBRATED_RHO,2026,0.75,PENDING,N/A,N/A,N/A,N/A,N/A,False,False,False,False,False,False,N/A,N/A,N/A,N/A,outputs\qdiffcl_data_regime_v1\DATA_REGIME_GENERALIZATION_V1\tep\f025\outer_32001\model_seed_2026\CALIBRATED_RHO\_candidates\rho_075,True
TEP,0.25,32001,rho_validation_candidate,CALIBRATED_RHO,2026,1.0,PENDING,N/A,N/A,N/A,N/A,N/A,False,False,False,False,False,False,N/A,N/A,N/A,N/A,outputs\qdiffcl_data_regime_v1\DATA_REGIME_GENERALIZATION_V1\tep\f025\outer_32001\model_seed_2026\FINAL_QDIFFCL_FIXED\_training,True
TEP,0.25,32002,rho_validation_candidate,CALIBRATED_RHO,7,0.0,PENDING,N/A,N/A,N/A,N/A,N/A,False,False,False,False,False,False,N/A,N/A,N/A,N/A,outputs\qdiffcl_data_regime_v1\DATA_REGIME_GENERALIZATION_V1\tep\f025\outer_32002\model_seed_7\CALIBRATED_RHO\_candidates\rho_000,True
TEP,0.25,32002,rho_validation_candidate,CALIBRATED_RHO,7,0.25,PENDING,N/A,N/A,N/A,N/A,N/A,False,False,False,False,False,False,N/A,N/A,N/A,N/A,outputs\qdiffcl_data_regime_v1\DATA_REGIME_GENERALIZATION_V1\tep\f025\outer_32002\model_seed_7\CALIBRATED_RHO\_candidates\rho_025,True
TEP,0.25,32002,rho_validation_candidate,CALIBRATED_RHO,7,0.5,PENDING,N/A,N/A,N/A,N/A,N/A,False,False,False,False,False,False,N/A,N/A,N/A,N/A,outputs\qdiffcl_data_regime_v1\DATA_REGIME_GENERALIZATION_V1\tep\f025\outer_32002\model_seed_7\CALIBRATED_RHO\_candidates\rho_050,True
TEP,0.25,32002,rho_validation_candidate,CALIBRATED_RHO,7,0.75,PENDING,N/A,N/A,N/A,N/A,N/A,False,False,False,False,False,False,N/A,N/A,N/A,N/A,outputs\qdiffcl_data_regime_v1\DATA_REGIME_GENERALIZATION_V1\tep\f025\outer_32002\model_seed_7\CALIBRATED_RHO\_candidates\rho_075,True
TEP,0.25,32002,rho_validation_candidate,CALIBRATED_RHO,7,1.0,PENDING,N/A,N/A,N/A,N/A,N/A,False,False,False,False,False,False,N/A,N/A,N/A,N/A,outputs\qdiffcl_data_regime_v1\DATA_REGIME_GENERALIZATION_V1\tep\f025\outer_32002\model_seed_7\FINAL_QDIFFCL_FIXED\_training,True
TEP,0.25,32002,rho_validation_candidate,CALIBRATED_RHO,42,0.0,PENDING,N/A,N/A,N/A,N/A,N/A,False,False,False,False,False,False,N/A,N/A,N/A,N/A,outputs\qdiffcl_data_regime_v1\DATA_REGIME_GENERALIZATION_V1\tep\f025\outer_32002\model_seed_42\CALIBRATED_RHO\_candidates\rho_000,True
TEP,0.25,32002,rho_validation_candidate,CALIBRATED_RHO,42,0.25,PENDING,N/A,N/A,N/A,N/A,N/A,False,False,False,False,False,False,N/A,N/A,N/A,N/A,outputs\qdiffcl_data_regime_v1\DATA_REGIME_GENERALIZATION_V1\tep\f025\outer_32002\model_seed_42\CALIBRATED_RHO\_candidates\rho_025,True
TEP,0.25,32002,rho_validation_candidate,CALIBRATED_RHO,42,0.5,PENDING,N/A,N/A,N/A,N/A,N/A,False,False,False,False,False,False,N/A,N/A,N/A,N/A,outputs\qdiffcl_data_regime_v1\DATA_REGIME_GENERALIZATION_V1\tep\f025\outer_32002\model_seed_42\CALIBRATED_RHO\_candidates\rho_050,True
TEP,0.25,32002,rho_validation_candidate,CALIBRATED_RHO,42,0.75,PENDING,N/A,N/A,N/A,N/A,N/A,False,False,False,False,False,False,N/A,N/A,N/A,N/A,outputs\qdiffcl_data_regime_v1\DATA_REGIME_GENERALIZATION_V1\tep\f025\outer_32002\model_seed_42\CALIBRATED_RHO\_candidates\rho_075,True
TEP,0.25,32002,rho_validation_candidate,CALIBRATED_RHO,42,1.0,PENDING,N/A,N/A,N/A,N/A,N/A,False,False,False,False,False,False,N/A,N/A,N/A,N/A,outputs\qdiffcl_data_regime_v1\DATA_REGIME_GENERALIZATION_V1\tep\f025\outer_32002\model_seed_42\FINAL_QDIFFCL_FIXED\_training,True
TEP,0.25,32002,rho_validation_candidate,CALIBRATED_RHO,2026,0.0,PENDING,N/A,N/A,N/A,N/A,N/A,False,False,False,False,False,False,N/A,N/A,N/A,N/A,outputs\qdiffcl_data_regime_v1\DATA_REGIME_GENERALIZATION_V1\tep\f025\outer_32002\model_seed_2026\CALIBRATED_RHO\_candidates\rho_000,True
TEP,0.25,32002,rho_validation_candidate,CALIBRATED_RHO,2026,0.25,PENDING,N/A,N/A,N/A,N/A,N/A,False,False,False,False,False,False,N/A,N/A,N/A,N/A,outputs\qdiffcl_data_regime_v1\DATA_REGIME_GENERALIZATION_V1\tep\f025\outer_32002\model_seed_2026\CALIBRATED_RHO\_candidates\rho_025,True
TEP,0.25,32002,rho_validation_candidate,CALIBRATED_RHO,2026,0.5,PENDING,N/A,N/A,N/A,N/A,N/A,False,False,False,False,False,False,N/A,N/A,N/A,N/A,outputs\qdiffcl_data_regime_v1\DATA_REGIME_GENERALIZATION_V1\tep\f025\outer_32002\model_seed_2026\CALIBRATED_RHO\_candidates\rho_050,True
TEP,0.25,32002,rho_validation_candidate,CALIBRATED_RHO,2026,0.75,PENDING,N/A,N/A,N/A,N/A,N/A,False,False,False,False,False,False,N/A,N/A,N/A,N/A,outputs\qdiffcl_data_regime_v1\DATA_REGIME_GENERALIZATION_V1\tep\f025\outer_32002\model_seed_2026\CALIBRATED_RHO\_candidates\rho_075,True
TEP,0.25,32002,rho_validation_candidate,CALIBRATED_RHO,2026,1.0,PENDING,N/A,N/A,N/A,N/A,N/A,False,False,False,False,False,False,N/A,N/A,N/A,N/A,outputs\qdiffcl_data_regime_v1\DATA_REGIME_GENERALIZATION_V1\tep\f025\outer_32002\model_seed_2026\FINAL_QDIFFCL_FIXED\_training,True
TEP,0.25,32003,rho_validation_candidate,CALIBRATED_RHO,7,0.0,PENDING,N/A,N/A,N/A,N/A,N/A,False,False,False,False,False,False,N/A,N/A,N/A,N/A,outputs\qdiffcl_data_regime_v1\DATA_REGIME_GENERALIZATION_V1\tep\f025\outer_32003\model_seed_7\CALIBRATED_RHO\_candidates\rho_000,True
TEP,0.25,32003,rho_validation_candidate,CALIBRATED_RHO,7,0.25,PENDING,N/A,N/A,N/A,N/A,N/A,False,False,False,False,False,False,N/A,N/A,N/A,N/A,outputs\qdiffcl_data_regime_v1\DATA_REGIME_GENERALIZATION_V1\tep\f025\outer_32003\model_seed_7\CALIBRATED_RHO\_candidates\rho_025,True
TEP,0.25,32003,rho_validation_candidate,CALIBRATED_RHO,7,0.5,PENDING,N/A,N/A,N/A,N/A,N/A,False,False,False,False,False,False,N/A,N/A,N/A,N/A,outputs\qdiffcl_data_regime_v1\DATA_REGIME_GENERALIZATION_V1\tep\f025\outer_32003\model_seed_7\CALIBRATED_RHO\_candidates\rho_050,True
TEP,0.25,32003,rho_validation_candidate,CALIBRATED_RHO,7,0.75,PENDING,N/A,N/A,N/A,N/A,N/A,False,False,False,False,False,False,N/A,N/A,N/A,N/A,outputs\qdiffcl_data_regime_v1\DATA_REGIME_GENERALIZATION_V1\tep\f025\outer_32003\model_seed_7\CALIBRATED_RHO\_candidates\rho_075,True
TEP,0.25,32003,rho_validation_candidate,CALIBRATED_RHO,7,1.0,PENDING,N/A,N/A,N/A,N/A,N/A,False,False,False,False,False,False,N/A,N/A,N/A,N/A,outputs\qdiffcl_data_regime_v1\DATA_REGIME_GENERALIZATION_V1\tep\f025\outer_32003\model_seed_7\FINAL_QDIFFCL_FIXED\_training,True
TEP,0.25,32003,rho_validation_candidate,CALIBRATED_RHO,42,0.0,PENDING,N/A,N/A,N/A,N/A,N/A,False,False,False,False,False,False,N/A,N/A,N/A,N/A,outputs\qdiffcl_data_regime_v1\DATA_REGIME_GENERALIZATION_V1\tep\f025\outer_32003\model_seed_42\CALIBRATED_RHO\_candidates\rho_000,True
TEP,0.25,32003,rho_validation_candidate,CALIBRATED_RHO,42,0.25,PENDING,N/A,N/A,N/A,N/A,N/A,False,False,False,False,False,False,N/A,N/A,N/A,N/A,outputs\qdiffcl_data_regime_v1\DATA_REGIME_GENERALIZATION_V1\tep\f025\outer_32003\model_seed_42\CALIBRATED_RHO\_candidates\rho_025,True
TEP,0.25,32003,rho_validation_candidate,CALIBRATED_RHO,42,0.5,PENDING,N/A,N/A,N/A,N/A,N/A,False,False,False,False,False,False,N/A,N/A,N/A,N/A,outputs\qdiffcl_data_regime_v1\DATA_REGIME_GENERALIZATION_V1\tep\f025\outer_32003\model_seed_42\CALIBRATED_RHO\_candidates\rho_050,True
TEP,0.25,32003,rho_validation_candidate,CALIBRATED_RHO,42,0.75,PENDING,N/A,N/A,N/A,N/A,N/A,False,False,False,False,False,False,N/A,N/A,N/A,N/A,outputs\qdiffcl_data_regime_v1\DATA_REGIME_GENERALIZATION_V1\tep\f025\outer_32003\model_seed_42\CALIBRATED_RHO\_candidates\rho_075,True
TEP,0.25,32003,rho_validation_candidate,CALIBRATED_RHO,42,1.0,PENDING,N/A,N/A,N/A,N/A,N/A,False,False,False,False,False,False,N/A,N/A,N/A,N/A,outputs\qdiffcl_data_regime_v1\DATA_REGIME_GENERALIZATION_V1\tep\f025\outer_32003\model_seed_42\FINAL_QDIFFCL_FIXED\_training,True
TEP,0.25,32003,rho_validation_candidate,CALIBRATED_RHO,2026,0.0,PENDING,N/A,N/A,N/A,N/A,N/A,False,False,False,False,False,False,N/A,N/A,N/A,N/A,outputs\qdiffcl_data_regime_v1\DATA_REGIME_GENERALIZATION_V1\tep\f025\outer_32003\model_seed_2026\CALIBRATED_RHO\_candidates\rho_000,True
TEP,0.25,32003,rho_validation_candidate,CALIBRATED_RHO,2026,0.25,PENDING,N/A,N/A,N/A,N/A,N/A,False,False,False,False,False,False,N/A,N/A,N/A,N/A,outputs\qdiffcl_data_regime_v1\DATA_REGIME_GENERALIZATION_V1\tep\f025\outer_32003\model_seed_2026\CALIBRATED_RHO\_candidates\rho_025,True
TEP,0.25,32003,rho_validation_candidate,CALIBRATED_RHO,2026,0.5,PENDING,N/A,N/A,N/A,N/A,N/A,False,False,False,False,False,False,N/A,N/A,N/A,N/A,outputs\qdiffcl_data_regime_v1\DATA_REGIME_GENERALIZATION_V1\tep\f025\outer_32003\model_seed_2026\CALIBRATED_RHO\_candidates\rho_050,True
TEP,0.25,32003,rho_validation_candidate,CALIBRATED_RHO,2026,0.75,PENDING,N/A,N/A,N/A,N/A,N/A,False,False,False,False,False,False,N/A,N/A,N/A,N/A,outputs\qdiffcl_data_regime_v1\DATA_REGIME_GENERALIZATION_V1\tep\f025\outer_32003\model_seed_2026\CALIBRATED_RHO\_candidates\rho_075,True
TEP,0.25,32003,rho_validation_candidate,CALIBRATED_RHO,2026,1.0,PENDING,N/A,N/A,N/A,N/A,N/A,False,False,False,False,False,False,N/A,N/A,N/A,N/A,outputs\qdiffcl_data_regime_v1\DATA_REGIME_GENERALIZATION_V1\tep\f025\outer_32003\model_seed_2026\FINAL_QDIFFCL_FIXED\_training,True
