dataset,channel,frequency_bin,rank_median,rank_q25,rank_q75,rank_iqr,category
3W,0,0,0.5241379141807556,0.4772413671016693,0.5493103265762329,0.0720689594745636,reliable_noncritical
3W,0,1,0.4655172526836395,0.44655174016952515,0.49103447794914246,0.04448273777961731,reliable_noncritical
3W,0,2,0.5268965363502502,0.5186206698417664,0.5510344505310059,0.0324137806892395,reliable_noncritical
3W,0,3,0.5399999618530273,0.521379292011261,0.5558620691299438,0.03448277711868286,reliable_noncritical
3W,0,4,0.5413793325424194,0.5227586030960083,0.5600000023841858,0.03724139928817749,reliable_noncritical
3W,0,5,0.5262068510055542,0.5224137902259827,0.5565516948699951,0.03413790464401245,reliable_noncritical
3W,0,6,0.5620689392089844,0.5310344696044922,0.5851724147796631,0.0541379451751709,reliable_noncritical
3W,0,7,0.5531034469604492,0.5334482789039612,0.5689655542373657,0.03551727533340454,reliable_noncritical
3W,0,8,0.5820689797401428,0.5541379451751709,0.6193103194236755,0.06517237424850464,reliable_noncritical
3W,0,9,0.5393103361129761,0.5362069010734558,0.5710344910621643,0.034827589988708496,reliable_noncritical
3W,0,10,0.5337930917739868,0.5141379237174988,0.5462068915367126,0.03206896781921387,reliable_noncritical
3W,0,11,0.5441379547119141,0.5386207103729248,0.5737931132316589,0.03517240285873413,reliable_noncritical
3W,0,12,0.586896538734436,0.5600000023841858,0.6162068843841553,0.05620688199996948,reliable_noncritical
3W,0,13,0.5737931132316589,0.543448269367218,0.6037931442260742,0.0603448748588562,reliable_noncritical
3W,0,14,0.5510344505310059,0.5320689678192139,0.5734483003616333,0.041379332542419434,reliable_noncritical
3W,0,15,0.5662069320678711,0.5351724028587341,0.5910345315933228,0.05586212873458862,reliable_noncritical
3W,0,16,0.564827561378479,0.5541379451751709,0.5862069129943848,0.03206896781921387,reliable_noncritical
3W,0,17,0.5565516948699951,0.5362069010734558,0.5824137926101685,0.046206891536712646,reliable_noncritical
3W,0,18,0.5924137830734253,0.5658620595932007,0.6355172395706177,0.06965517997741699,reliable_noncritical
3W,0,19,0.565517246723175,0.5462068915367126,0.5931034684181213,0.04689657688140869,reliable_noncritical
3W,0,20,0.5248275995254517,0.5199999809265137,0.5517241358757019,0.03172415494918823,reliable_noncritical
3W,0,21,0.5668965578079224,0.5472413897514343,0.5924137830734253,0.04517239332199097,reliable_noncritical
3W,0,22,0.5813792943954468,0.5586206912994385,0.594137966632843,0.03551727533340454,reliable_noncritical
3W,0,23,0.5675861835479736,0.5486207008361816,0.5837931036949158,0.03517240285873413,reliable_noncritical
3W,0,24,0.5468965768814087,0.5279310345649719,0.567241370677948,0.039310336112976074,reliable_noncritical
3W,0,25,0.5593103170394897,0.5393103361129761,0.5748276114463806,0.03551727533340454,reliable_noncritical
3W,0,26,0.5779310464859009,0.5558620691299438,0.5896551609039307,0.033793091773986816,reliable_noncritical
3W,0,27,0.5489655137062073,0.5293103456497192,0.5710344910621643,0.04172414541244507,reliable_noncritical
3W,0,28,0.5882759094238281,0.5644827485084534,0.6189655065536499,0.05448275804519653,reliable_noncritical
3W,0,29,0.5641379356384277,0.5444827675819397,0.5913793444633484,0.04689657688140869,reliable_noncritical
3W,0,30,0.543448269367218,0.5255172252655029,0.5575861930847168,0.03206896781921387,reliable_noncritical
3W,0,31,0.5806896686553955,0.5527586340904236,0.6148276329040527,0.06206899881362915,reliable_noncritical
3W,0,32,0.5820689797401428,0.5572413802146912,0.5951724052429199,0.03793102502822876,reliable_noncritical
3W,1,0,0.5206896066665649,0.4882758557796478,0.5610345005989075,0.07275864481925964,reliable_noncritical
3W,1,1,0.2910344898700714,0.2862069010734558,0.295862078666687,0.009655177593231201,reliable_noncritical
3W,1,2,0.31310343742370605,0.3031034469604492,0.3158620595932007,0.012758612632751465,reliable_noncritical
3W,1,3,0.3020689785480499,0.29172414541244507,0.3075862228870392,0.015862077474594116,reliable_noncritical
3W,1,4,0.3593103587627411,0.3379310369491577,0.362758606672287,0.024827569723129272,reliable_noncritical
3W,1,5,0.30965515971183777,0.3003448247909546,0.3162068724632263,0.01586204767227173,reliable_noncritical
3W,1,6,0.2813793122768402,0.2513793110847473,0.28413793444633484,0.032758623361587524,reliable_noncritical
3W,1,7,0.23586207628250122,0.22758620977401733,0.25655171275138855,0.028965502977371216,reliable_noncritical
3W,1,8,0.2765517234802246,0.24344827234745026,0.3068965673446655,0.06344829499721527,reliable_noncritical
3W,1,9,0.3655172288417816,0.36241376399993896,0.4003448486328125,0.037931084632873535,reliable_noncritical
3W,1,10,0.3075861930847168,0.3062068819999695,0.3534482717514038,0.047241389751434326,reliable_noncritical
3W,1,11,0.23172414302825928,0.22896552085876465,0.23586207628250122,0.006896555423736572,reliable_noncritical
3W,1,12,0.2441379278898239,0.23379310965538025,0.2775862216949463,0.04379311203956604,reliable_noncritical
3W,1,13,0.23172414302825928,0.22896552085876465,0.2320689707994461,0.0031034499406814575,reliable_noncritical
3W,1,14,0.2427586168050766,0.23275862634181976,0.2779310345649719,0.04517240822315216,reliable_noncritical
3W,1,15,0.24689655005931854,0.23034483194351196,0.2800000011920929,0.04965516924858093,reliable_noncritical
3W,1,16,0.3186206817626953,0.30482760071754456,0.35758620500564575,0.052758604288101196,reliable_noncritical
3W,1,17,0.2848275899887085,0.25793102383613586,0.3113793134689331,0.05344828963279724,reliable_noncritical
3W,1,18,0.3027586340904236,0.29620689153671265,0.3341379165649414,0.03793102502822876,reliable_noncritical
3W,1,19,0.35862070322036743,0.3558620810508728,0.3920689821243286,0.03620690107345581,reliable_noncritical
3W,1,20,0.28068965673446655,0.2741379141807556,0.29862070083618164,0.024482786655426025,reliable_noncritical
3W,1,21,0.23724138736724854,0.22758620977401733,0.271724134683609,0.044137924909591675,reliable_noncritical
3W,1,22,0.24206896126270294,0.2344827651977539,0.2896551787853241,0.05517241358757019,reliable_noncritical
3W,1,23,0.25034481287002563,0.2331034541130066,0.29172414541244507,0.05862069129943848,reliable_noncritical
3W,1,24,0.2827586233615875,0.2524137794971466,0.295862078666687,0.043448299169540405,reliable_noncritical
3W,1,25,0.2944827675819397,0.2906896471977234,0.31551724672317505,0.02482759952545166,reliable_noncritical
3W,1,26,0.3027586340904236,0.29517242312431335,0.34586209058761597,0.05068966746330261,reliable_noncritical
3W,1,27,0.2862069010734558,0.2810344696044922,0.30827587842941284,0.027241408824920654,reliable_noncritical
3W,1,28,0.30000001192092896,0.29379311203956604,0.34413793683052063,0.05034482479095459,reliable_noncritical
3W,1,29,0.30965515971183777,0.3006896674633026,0.3496551811695099,0.048965513706207275,reliable_noncritical
3W,1,30,0.27448275685310364,0.23999999463558197,0.30241379141807556,0.06241379678249359,reliable_noncritical
3W,1,31,0.2731034457683563,0.23862068355083466,0.2993103563785553,0.06068967282772064,reliable_noncritical
3W,1,32,0.4496551752090454,0.41517242789268494,0.4834482669830322,0.06827583909034729,reliable_noncritical
3W,2,0,0.3579310476779938,0.31655171513557434,0.36206895112991333,0.04551723599433899,reliable_noncritical
3W,2,1,0.11310344934463501,0.11310344934463501,0.11310344934463501,0.0,reliable_noncritical
3W,2,2,0.11310344934463501,0.11310344934463501,0.11310344934463501,0.0,reliable_noncritical
3W,2,3,0.11310344934463501,0.11310344934463501,0.11310344934463501,0.0,reliable_noncritical
3W,2,4,0.11310344934463501,0.11310344934463501,0.11310344934463501,0.0,reliable_noncritical
3W,2,5,0.11310344934463501,0.11310344934463501,0.11310344934463501,0.0,reliable_noncritical
3W,2,6,0.11310344934463501,0.11310344934463501,0.11310344934463501,0.0,reliable_noncritical
3W,2,7,0.11310344934463501,0.11310344934463501,0.11310344934463501,0.0,reliable_noncritical
3W,2,8,0.11310344934463501,0.11310344934463501,0.11310344934463501,0.0,reliable_noncritical
3W,2,9,0.11310344934463501,0.11310344934463501,0.11310344934463501,0.0,reliable_noncritical
3W,2,10,0.11310344934463501,0.11310344934463501,0.11310344934463501,0.0,reliable_noncritical
3W,2,11,0.11310344934463501,0.11310344934463501,0.11310344934463501,0.0,reliable_noncritical
3W,2,12,0.11310344934463501,0.11310344934463501,0.11310344934463501,0.0,reliable_noncritical
3W,2,13,0.11310344934463501,0.11310344934463501,0.11310344934463501,0.0,reliable_noncritical
3W,2,14,0.11310344934463501,0.11310344934463501,0.11310344934463501,0.0,reliable_noncritical
3W,2,15,0.11310344934463501,0.11310344934463501,0.11310344934463501,0.0,reliable_noncritical
3W,2,16,0.11310344934463501,0.11310344934463501,0.11310344934463501,0.0,reliable_noncritical
3W,2,17,0.11310344934463501,0.11310344934463501,0.11310344934463501,0.0,reliable_noncritical
3W,2,18,0.11310344934463501,0.11310344934463501,0.11310344934463501,0.0,reliable_noncritical
3W,2,19,0.11310344934463501,0.11310344934463501,0.11310344934463501,0.0,reliable_noncritical
3W,2,20,0.11310344934463501,0.11310344934463501,0.11310344934463501,0.0,reliable_noncritical
3W,2,21,0.11310344934463501,0.11310344934463501,0.11310344934463501,0.0,reliable_noncritical
3W,2,22,0.11310344934463501,0.11310344934463501,0.11310344934463501,0.0,reliable_noncritical
3W,2,23,0.11310344934463501,0.11310344934463501,0.11310344934463501,0.0,reliable_noncritical
3W,2,24,0.11310344934463501,0.11310344934463501,0.11310344934463501,0.0,reliable_noncritical
3W,2,25,0.11310344934463501,0.11310344934463501,0.11310344934463501,0.0,reliable_noncritical
3W,2,26,0.11310344934463501,0.11310344934463501,0.11310344934463501,0.0,reliable_noncritical
3W,2,27,0.11310344934463501,0.11310344934463501,0.11310344934463501,0.0,reliable_noncritical
3W,2,28,0.11310344934463501,0.11310344934463501,0.11310344934463501,0.0,reliable_noncritical
3W,2,29,0.11310344934463501,0.11310344934463501,0.11310344934463501,0.0,reliable_noncritical
3W,2,30,0.11310344934463501,0.11310344934463501,0.11310344934463501,0.0,reliable_noncritical
3W,2,31,0.11310344934463501,0.11310344934463501,0.11310344934463501,0.0,reliable_noncritical
3W,2,32,0.11310344934463501,0.11310344934463501,0.11310344934463501,0.0,reliable_noncritical
3W,3,0,1.0,1.0,1.0,0.0,reliable_critical
3W,3,1,0.7924138307571411,0.7644827365875244,0.7944827675819397,0.030000030994415283,reliable_critical
3W,3,2,0.6510344743728638,0.6436206698417664,0.6596551537513733,0.016034483909606934,reliable_noncritical
3W,3,3,0.7510344982147217,0.7286206483840942,0.7555172443389893,0.02689659595489502,reliable_critical
3W,3,4,0.6510344743728638,0.6436206698417664,0.6596551537513733,0.016034483909606934,reliable_noncritical
3W,3,5,0.6682758331298828,0.6620689630508423,0.6782758831977844,0.01620692014694214,reliable_noncritical
3W,3,6,0.6510344743728638,0.6436206698417664,0.6596551537513733,0.016034483909606934,reliable_noncritical
3W,3,7,0.8296551704406738,0.800000011920929,0.863103449344635,0.06310343742370605,reliable_critical
3W,3,8,0.11310344934463501,0.11310344934463501,0.11310344934463501,0.0,reliable_noncritical
3W,3,9,0.7641379237174988,0.746896505355835,0.7806896567344666,0.03379315137863159,reliable_critical
3W,3,10,0.6510344743728638,0.6436206698417664,0.6596551537513733,0.016034483909606934,reliable_noncritical
3W,3,11,0.8027586340904236,0.7141379714012146,0.815517246723175,0.10137927532196045,reliable_critical
3W,3,12,0.6510344743728638,0.6436206698417664,0.6596551537513733,0.016034483909606934,reliable_noncritical
3W,3,13,0.6889655590057373,0.6841379404067993,0.7010344862937927,0.016896545886993408,ambiguous
3W,3,14,0.6510344743728638,0.6436206698417664,0.6596551537513733,0.016034483909606934,reliable_noncritical
3W,3,15,0.683448314666748,0.6768965721130371,0.7186207175254822,0.04172414541244507,ambiguous
3W,3,16,0.11310344934463501,0.11310344934463501,0.11310344934463501,0.0,reliable_noncritical
3W,3,17,0.8200000524520874,0.7893103361129761,0.8268965482711792,0.037586212158203125,reliable_critical
3W,3,18,0.6510344743728638,0.6436206698417664,0.6596551537513733,0.016034483909606934,reliable_noncritical
3W,3,19,0.9875862002372742,0.9710344672203064,0.9917241334915161,0.020689666271209717,reliable_critical
3W,3,20,0.6444827318191528,0.6377586126327515,0.6555172204971313,0.017758607864379883,reliable_noncritical
3W,3,21,0.8324137926101685,0.8048275709152222,0.8641378879547119,0.059310317039489746,reliable_critical
3W,3,22,0.6510344743728638,0.6436206698417664,0.6596551537513733,0.016034483909606934,reliable_noncritical
3W,3,23,0.6634482741355896,0.6575862169265747,0.6744827628135681,0.016896545886993408,reliable_noncritical
3W,3,24,0.11310344934463501,0.11310344934463501,0.11310344934463501,0.0,reliable_noncritical
3W,3,25,0.6786206960678101,0.6731034517288208,0.6896551847457886,0.016551733016967773,reliable_noncritical
3W,3,26,0.6510344743728638,0.6436206698417664,0.6596551537513733,0.016034483909606934,reliable_noncritical
3W,3,27,0.6427586078643799,0.6358620524406433,0.6693103313446045,0.03344827890396118,reliable_noncritical
3W,3,28,0.6510344743728638,0.6436206698417664,0.6596551537513733,0.016034483909606934,reliable_noncritical
3W,3,29,0.8103448152542114,0.7641379237174988,0.8234483003616333,0.05931037664413452,reliable_critical
3W,3,30,0.6510344743728638,0.6436206698417664,0.6596551537513733,0.016034483909606934,reliable_noncritical
3W,3,31,0.7572413682937622,0.7396551370620728,0.7658620476722717,0.026206910610198975,reliable_critical
3W,3,32,0.11310344934463501,0.11310344934463501,0.11310344934463501,0.0,reliable_noncritical
3W,4,0,0.5731034278869629,0.47620689868927,0.7379310131072998,0.2617241144180298,ambiguous
3W,4,1,0.11310344934463501,0.11310344934463501,0.11310344934463501,0.0,reliable_noncritical
3W,4,2,0.11310344934463501,0.11310344934463501,0.11310344934463501,0.0,reliable_noncritical
3W,4,3,0.11310344934463501,0.11310344934463501,0.11310344934463501,0.0,reliable_noncritical
3W,4,4,0.11310344934463501,0.11310344934463501,0.11310344934463501,0.0,reliable_noncritical
3W,4,5,0.11310344934463501,0.11310344934463501,0.11310344934463501,0.0,reliable_noncritical
3W,4,6,0.11310344934463501,0.11310344934463501,0.11310344934463501,0.0,reliable_noncritical
3W,4,7,0.11310344934463501,0.11310344934463501,0.11310344934463501,0.0,reliable_noncritical
3W,4,8,0.11310344934463501,0.11310344934463501,0.11310344934463501,0.0,reliable_noncritical
3W,4,9,0.11310344934463501,0.11310344934463501,0.11310344934463501,0.0,reliable_noncritical
3W,4,10,0.11310344934463501,0.11310344934463501,0.11310344934463501,0.0,reliable_noncritical
3W,4,11,0.11310344934463501,0.11310344934463501,0.11310344934463501,0.0,reliable_noncritical
3W,4,12,0.11310344934463501,0.11310344934463501,0.11310344934463501,0.0,reliable_noncritical
3W,4,13,0.11310344934463501,0.11310344934463501,0.11310344934463501,0.0,reliable_noncritical
3W,4,14,0.11310344934463501,0.11310344934463501,0.11310344934463501,0.0,reliable_noncritical
3W,4,15,0.11310344934463501,0.11310344934463501,0.11310344934463501,0.0,reliable_noncritical
3W,4,16,0.11310344934463501,0.11310344934463501,0.11310344934463501,0.0,reliable_noncritical
3W,4,17,0.11310344934463501,0.11310344934463501,0.11310344934463501,0.0,reliable_noncritical
3W,4,18,0.11310344934463501,0.11310344934463501,0.11310344934463501,0.0,reliable_noncritical
3W,4,19,0.11310344934463501,0.11310344934463501,0.11310344934463501,0.0,reliable_noncritical
3W,4,20,0.11310344934463501,0.11310344934463501,0.11310344934463501,0.0,reliable_noncritical
3W,4,21,0.11310344934463501,0.11310344934463501,0.11310344934463501,0.0,reliable_noncritical
3W,4,22,0.11310344934463501,0.11310344934463501,0.11310344934463501,0.0,reliable_noncritical
3W,4,23,0.11310344934463501,0.11310344934463501,0.11310344934463501,0.0,reliable_noncritical
3W,4,24,0.11310344934463501,0.11310344934463501,0.11310344934463501,0.0,reliable_noncritical
3W,4,25,0.11310344934463501,0.11310344934463501,0.11310344934463501,0.0,reliable_noncritical
3W,4,26,0.11310344934463501,0.11310344934463501,0.11310344934463501,0.0,reliable_noncritical
3W,4,27,0.11310344934463501,0.11310344934463501,0.11310344934463501,0.0,reliable_noncritical
3W,4,28,0.11310344934463501,0.11310344934463501,0.11310344934463501,0.0,reliable_noncritical
3W,4,29,0.11310344934463501,0.11310344934463501,0.11310344934463501,0.0,reliable_noncritical
3W,4,30,0.11310344934463501,0.11310344934463501,0.11310344934463501,0.0,reliable_noncritical
3W,4,31,0.11310344934463501,0.11310344934463501,0.11310344934463501,0.0,reliable_noncritical
3W,4,32,0.11310344934463501,0.11310344934463501,0.11310344934463501,0.0,reliable_noncritical
3W,5,0,0.3572413921356201,0.3400000035762787,0.36000001430511475,0.02000001072883606,reliable_noncritical
3W,5,1,0.11310344934463501,0.11310344934463501,0.11310344934463501,0.0,reliable_noncritical
3W,5,2,0.11310344934463501,0.11310344934463501,0.11310344934463501,0.0,reliable_noncritical
3W,5,3,0.11310344934463501,0.11310344934463501,0.11310344934463501,0.0,reliable_noncritical
3W,5,4,0.11310344934463501,0.11310344934463501,0.11310344934463501,0.0,reliable_noncritical
3W,5,5,0.11310344934463501,0.11310344934463501,0.11310344934463501,0.0,reliable_noncritical
3W,5,6,0.11310344934463501,0.11310344934463501,0.11310344934463501,0.0,reliable_noncritical
3W,5,7,0.11310344934463501,0.11310344934463501,0.11310344934463501,0.0,reliable_noncritical
3W,5,8,0.11310344934463501,0.11310344934463501,0.11310344934463501,0.0,reliable_noncritical
3W,5,9,0.11310344934463501,0.11310344934463501,0.11310344934463501,0.0,reliable_noncritical
3W,5,10,0.11310344934463501,0.11310344934463501,0.11310344934463501,0.0,reliable_noncritical
3W,5,11,0.11310344934463501,0.11310344934463501,0.11310344934463501,0.0,reliable_noncritical
3W,5,12,0.11310344934463501,0.11310344934463501,0.11310344934463501,0.0,reliable_noncritical
3W,5,13,0.11310344934463501,0.11310344934463501,0.11310344934463501,0.0,reliable_noncritical
3W,5,14,0.11310344934463501,0.11310344934463501,0.11310344934463501,0.0,reliable_noncritical
3W,5,15,0.11310344934463501,0.11310344934463501,0.11310344934463501,0.0,reliable_noncritical
3W,5,16,0.11310344934463501,0.11310344934463501,0.11310344934463501,0.0,reliable_noncritical
3W,5,17,0.11310344934463501,0.11310344934463501,0.11310344934463501,0.0,reliable_noncritical
3W,5,18,0.11310344934463501,0.11310344934463501,0.11310344934463501,0.0,reliable_noncritical
3W,5,19,0.11310344934463501,0.11310344934463501,0.11310344934463501,0.0,reliable_noncritical
3W,5,20,0.11310344934463501,0.11310344934463501,0.11310344934463501,0.0,reliable_noncritical
3W,5,21,0.11310344934463501,0.11310344934463501,0.11310344934463501,0.0,reliable_noncritical
3W,5,22,0.11310344934463501,0.11310344934463501,0.11310344934463501,0.0,reliable_noncritical
3W,5,23,0.11310344934463501,0.11310344934463501,0.11310344934463501,0.0,reliable_noncritical
3W,5,24,0.11310344934463501,0.11310344934463501,0.11310344934463501,0.0,reliable_noncritical
3W,5,25,0.11310344934463501,0.11310344934463501,0.11310344934463501,0.0,reliable_noncritical
3W,5,26,0.11310344934463501,0.11310344934463501,0.11310344934463501,0.0,reliable_noncritical
3W,5,27,0.11310344934463501,0.11310344934463501,0.11310344934463501,0.0,reliable_noncritical
3W,5,28,0.11310344934463501,0.11310344934463501,0.11310344934463501,0.0,reliable_noncritical
3W,5,29,0.11310344934463501,0.11310344934463501,0.11310344934463501,0.0,reliable_noncritical
3W,5,30,0.11310344934463501,0.11310344934463501,0.11310344934463501,0.0,reliable_noncritical
3W,5,31,0.11310344934463501,0.11310344934463501,0.11310344934463501,0.0,reliable_noncritical
3W,5,32,0.11310344934463501,0.11310344934463501,0.11310344934463501,0.0,reliable_noncritical
3W,6,0,0.6503448486328125,0.6265516877174377,0.6665517091751099,0.04000002145767212,reliable_noncritical
3W,6,1,0.7386206388473511,0.7158620953559875,0.7734482884407043,0.0575861930847168,reliable_critical
3W,6,2,0.6710344552993774,0.6668965816497803,0.6906896829605103,0.02379310131072998,reliable_noncritical
3W,6,3,0.9931034445762634,0.9863793253898621,0.9931034445762634,0.006724119186401367,reliable_critical
3W,6,4,0.95241379737854,0.9227586388587952,0.9806896448135376,0.05793100595474243,reliable_critical
3W,6,5,0.9420689940452576,0.8999999761581421,0.9741379022598267,0.07413792610168457,reliable_critical
3W,6,6,0.6365517377853394,0.629655122756958,0.6510344743728638,0.02137935161590576,reliable_noncritical
3W,6,7,0.6731034517288208,0.6477586030960083,0.6772413849830627,0.029482781887054443,reliable_noncritical
3W,6,8,0.6396551728248596,0.634482741355896,0.679655134677887,0.04517239332199097,reliable_noncritical
3W,6,9,0.9875862002372742,0.958965539932251,0.9903448224067688,0.03137928247451782,reliable_critical
3W,6,10,0.725517213344574,0.7203448414802551,0.7465516924858093,0.0262068510055542,reliable_critical
3W,6,11,0.713793158531189,0.6993103623390198,0.7272413372993469,0.02793097496032715,ambiguous
3W,6,12,0.9255172610282898,0.8744827508926392,0.9613792896270752,0.08689653873443604,reliable_critical
3W,6,13,0.6765516996383667,0.6700000166893005,0.6948276162147522,0.02482759952545166,reliable_noncritical
3W,6,14,0.7068965435028076,0.7013792991638184,0.7368965148925781,0.035517215728759766,reliable_critical
3W,6,15,0.9862068891525269,0.9586206674575806,0.9889655113220215,0.030344843864440918,reliable_critical
3W,6,16,0.639310359954834,0.6317241191864014,0.6782758235931396,0.04655170440673828,reliable_noncritical
3W,6,17,0.6855172514915466,0.6796551942825317,0.7068965435028076,0.02724134922027588,ambiguous
3W,6,18,0.8296551704406738,0.7941379547119141,0.887586236000061,0.09344828128814697,reliable_critical
3W,6,19,0.7103448510169983,0.707241415977478,0.7348275780677795,0.027586162090301514,reliable_critical
3W,6,20,0.7013792991638184,0.6975862383842468,0.748275876045227,0.050689637660980225,ambiguous
3W,6,21,0.6813793182373047,0.6755172610282898,0.7055172920227051,0.030000030994415283,ambiguous
3W,6,22,0.8241379261016846,0.7948275804519653,0.8524137735366821,0.0575861930847168,reliable_critical
3W,6,23,0.7558620572090149,0.7437930703163147,0.7651724219322205,0.02137935161590576,reliable_critical
3W,6,24,0.639310359954834,0.6317241191864014,0.6782758235931396,0.04655170440673828,reliable_noncritical
3W,6,25,0.7434482574462891,0.7310344576835632,0.7513793110847473,0.020344853401184082,reliable_critical
3W,6,26,0.6944828033447266,0.6882758736610413,0.745172381401062,0.05689650774002075,ambiguous
3W,6,27,0.7172414064407349,0.7093103528022766,0.7255172729492188,0.01620692014694214,reliable_critical
3W,6,28,0.6655172109603882,0.6575862169265747,0.6734482645988464,0.01586204767227173,reliable_noncritical
3W,6,29,0.7613793015480042,0.7386206984519958,0.7727586030960083,0.03413790464401245,reliable_critical
3W,6,30,0.7841379642486572,0.7572413682937622,0.7968965768814087,0.039655208587646484,reliable_critical
3W,6,31,0.6744827628135681,0.6477586030960083,0.6789655089378357,0.031206905841827393,reliable_noncritical
3W,6,32,0.639310359954834,0.6317241191864014,0.679655134677887,0.047931015491485596,reliable_noncritical
3W,7,0,0.9944827556610107,0.9944827556610107,0.9958620667457581,0.0013793110847473145,reliable_critical
3W,7,1,0.9434483051300049,0.9096552133560181,0.9462068676948547,0.03655165433883667,reliable_critical
3W,7,2,0.935172438621521,0.9075862169265747,0.9365517497062683,0.028965532779693604,reliable_critical
3W,7,3,0.9572413563728333,0.9193103313446045,0.9582758545875549,0.03896552324295044,reliable_critical
3W,7,4,0.9848275780677795,0.9786206483840942,0.9848275780677795,0.006206929683685303,reliable_critical
3W,7,5,0.9531034231185913,0.9220689535140991,0.9537930488586426,0.03172409534454346,reliable_critical
3W,7,6,0.8903448581695557,0.8706896305084229,0.9051724076271057,0.03448277711868286,reliable_critical
3W,7,7,0.9262069463729858,0.8958621025085449,0.9324138164520264,0.036551713943481445,reliable_critical
3W,7,8,0.9317241907119751,0.9037930965423584,0.9337931275367737,0.030000030994415283,reliable_critical
3W,7,9,0.9586206674575806,0.9237931370735168,0.9596551656723022,0.0358620285987854,reliable_critical
3W,7,10,0.9675861597061157,0.9344828128814697,0.9693103432655334,0.03482753038406372,reliable_critical
3W,7,11,0.9599999785423279,0.9300000071525574,0.9624137878417969,0.0324137806892395,reliable_critical
3W,7,12,0.9193103313446045,0.8975862264633179,0.931034505367279,0.03344827890396118,reliable_critical
3W,7,13,0.9689655303955078,0.9358620643615723,0.9706896543502808,0.034827589988708496,reliable_critical
3W,7,14,0.9765517115592957,0.9479310512542725,0.9775862097740173,0.029655158519744873,reliable_critical
3W,7,15,0.9558620452880859,0.9165517091751099,0.9565516710281372,0.039999961853027344,reliable_critical
3W,7,16,0.8103448152542114,0.7682758569717407,0.8172414302825928,0.04896557331085205,reliable_critical
3W,7,17,0.9503448009490967,0.917931079864502,0.951034426689148,0.033103346824645996,reliable_critical
3W,7,18,0.9820689558982849,0.9765517115592957,0.9834482669830322,0.006896555423736572,reliable_critical
3W,7,19,0.9724137783050537,0.9427586197853088,0.9744827747344971,0.03172415494918823,reliable_critical
3W,7,20,0.9420689940452576,0.9100000262260437,0.9448275566101074,0.03482753038406372,reliable_critical
3W,7,21,0.9489654898643494,0.911379337310791,0.9496551752090454,0.038275837898254395,reliable_critical
3W,7,22,0.9634482860565186,0.9275861978530884,0.9648275375366211,0.037241339683532715,reliable_critical
3W,7,23,0.8979310393333435,0.8886206746101379,0.9231034517288208,0.03448277711868286,reliable_critical
3W,7,24,0.8924137949943542,0.8496551513671875,0.9058620929718018,0.05620694160461426,reliable_critical
3W,7,25,0.9620689153671265,0.9344828128814697,0.9637930989265442,0.029310286045074463,reliable_critical
3W,7,26,0.973793089389801,0.9441379308700562,0.9758620262145996,0.03172409534454346,reliable_critical
3W,7,27,0.9655172228813171,0.9331034421920776,0.9679310321807861,0.034827589988708496,reliable_critical
3W,7,28,0.9544827342033386,0.9175862073898315,0.9551724195480347,0.037586212158203125,reliable_critical
3W,7,29,0.886896550655365,0.863103449344635,0.8924137949943542,0.02931034564971924,reliable_critical
3W,7,30,0.947586178779602,0.913103461265564,0.9479309916496277,0.03482753038406372,reliable_critical
3W,7,31,0.951724112033844,0.9137930870056152,0.95241379737854,0.038620710372924805,reliable_critical
3W,7,32,0.9041379690170288,0.8879310488700867,0.9282758831977844,0.040344834327697754,reliable_critical
3W,8,0,0.9986206889152527,0.9986206889152527,0.9986206889152527,0.0,reliable_critical
3W,8,1,0.7427586317062378,0.7306896448135376,0.7558620572090149,0.025172412395477295,reliable_critical
3W,8,2,0.9282758831977844,0.8796551823616028,0.9379310607910156,0.05827587842941284,reliable_critical
3W,8,3,0.7496551275253296,0.7362068891525269,0.7634482383728027,0.02724134922027588,reliable_critical
3W,8,4,0.725517213344574,0.7182759046554565,0.7424137592315674,0.02413785457611084,reliable_critical
3W,8,5,0.7344827651977539,0.7258620262145996,0.7406896352767944,0.014827609062194824,reliable_critical
3W,8,6,0.9641379117965698,0.9265517592430115,0.9793103337287903,0.05275857448577881,reliable_critical
3W,8,7,0.7427586317062378,0.7248275876045227,0.7631034255027771,0.038275837898254395,reliable_critical
3W,8,8,0.751724123954773,0.7375862002372742,0.7748275995254517,0.03724139928817749,reliable_critical
3W,8,9,0.8372413516044617,0.8127586245536804,0.8541378974914551,0.04137927293777466,reliable_critical
3W,8,10,0.7379310131072998,0.7268965244293213,0.7486206889152527,0.021724164485931396,reliable_critical
3W,8,11,0.8689655065536499,0.8337931036949158,0.8786206841468811,0.04482758045196533,reliable_critical
3W,8,12,0.7655172348022461,0.7527586221694946,0.8003448247909546,0.04758620262145996,reliable_critical
3W,8,13,0.7420689463615417,0.7234482765197754,0.7589654922485352,0.035517215728759766,reliable_critical
3W,8,14,0.7144827842712402,0.7034482955932617,0.7658620476722717,0.06241375207901001,reliable_critical
3W,8,15,0.704827606678009,0.7003448605537415,0.7248275876045227,0.02448272705078125,reliable_critical
3W,8,16,0.7489655017852783,0.7296551465988159,0.7696552276611328,0.040000081062316895,reliable_critical
3W,8,17,0.7558620572090149,0.7434482574462891,0.7806896567344666,0.03724139928817749,reliable_critical
3W,8,18,0.8772413730621338,0.8293103575706482,0.8848276138305664,0.05551725625991821,reliable_critical
3W,8,19,0.8331034183502197,0.800000011920929,0.8537930846214294,0.05379307270050049,reliable_critical
3W,8,20,0.7558620572090149,0.7275861501693726,0.7862069010734558,0.05862075090408325,reliable_critical
3W,8,21,0.913103461265564,0.8879310488700867,0.9213793277740479,0.03344827890396118,reliable_critical
3W,8,22,0.8489655256271362,0.8086206912994385,0.8675861954689026,0.05896550416946411,reliable_critical
3W,8,23,0.7434482574462891,0.7244827747344971,0.7655172348022461,0.04103446006774902,reliable_critical
3W,8,24,0.8110345005989075,0.7748275995254517,0.8182758688926697,0.04344826936721802,reliable_critical
3W,8,25,0.7179310321807861,0.7110345363616943,0.7317241430282593,0.02068960666656494,reliable_critical
3W,8,26,0.9558620452880859,0.9117241501808167,0.977931022644043,0.06620687246322632,reliable_critical
3W,8,27,0.9682758450508118,0.9237931370735168,0.9834482669830322,0.05965512990951538,reliable_critical
3W,8,28,0.8165517449378967,0.7858620882034302,0.8327586650848389,0.04689657688140869,reliable_critical
3W,8,29,0.7186207175254822,0.7096551656723022,0.7665517330169678,0.05689656734466553,reliable_critical
3W,8,30,0.7006896734237671,0.6951724290847778,0.7244827747344971,0.02931034564971924,ambiguous
3W,8,31,0.8186206817626953,0.7813793420791626,0.8237931132316589,0.04241377115249634,reliable_critical
3W,8,32,0.7489655017852783,0.7296551465988159,0.7696552276611328,0.040000081062316895,reliable_critical
3W,9,0,0.5806896686553955,0.4817241430282593,0.6899999976158142,0.20827585458755493,reliable_noncritical
3W,9,1,0.5924137830734253,0.5889655351638794,0.6110345125198364,0.02206897735595703,reliable_noncritical
3W,9,2,0.5827586650848389,0.5748276114463806,0.6031034588813782,0.02827584743499756,reliable_noncritical
3W,9,3,0.6289654970169067,0.5894827842712402,0.6389654874801636,0.04948270320892334,reliable_noncritical
3W,9,4,0.6268965005874634,0.5903448462486267,0.6372413635253906,0.046896517276763916,reliable_noncritical
3W,9,5,0.5979310274124146,0.5872414112091064,0.6182758212089539,0.031034409999847412,reliable_noncritical
3W,9,6,0.5889655351638794,0.5831034779548645,0.6127585768699646,0.029655098915100098,reliable_noncritical
3W,9,7,0.5993103981018066,0.5900000333786011,0.6255172491073608,0.035517215728759766,reliable_noncritical
3W,9,8,0.5979310274124146,0.5927585959434509,0.6282758712768555,0.03551727533340454,reliable_noncritical
3W,9,9,0.6910344958305359,0.6837931275367737,0.6955172419548035,0.011724114418029785,reliable_noncritical
3W,9,10,0.6337931156158447,0.6286206841468811,0.6696552038192749,0.0410345196723938,reliable_noncritical
3W,9,11,0.9862068891525269,0.9786206483840942,0.9889655113220215,0.010344862937927246,reliable_critical
3W,9,12,0.686896562576294,0.6703448295593262,0.6899999976158142,0.019655168056488037,reliable_noncritical
3W,9,13,0.5862069129943848,0.565517246723175,0.6065517663955688,0.0410345196723938,reliable_noncritical
3W,9,14,0.9875862002372742,0.9831034541130066,0.9903448224067688,0.007241368293762207,reliable_critical
3W,9,15,0.586896538734436,0.5789655447006226,0.6082758903503418,0.02931034564971924,reliable_noncritical
3W,9,16,0.5979310274124146,0.5927585959434509,0.6282758712768555,0.03551727533340454,reliable_noncritical
3W,9,17,0.6813793182373047,0.6672413945198059,0.686896562576294,0.019655168056488037,reliable_noncritical
3W,9,18,0.586896538734436,0.5699999928474426,0.6117241382598877,0.04172414541244507,reliable_noncritical
3W,9,19,0.6765516996383667,0.6596551537513733,0.6937931180000305,0.03413796424865723,reliable_noncritical
3W,9,20,0.5737931132316589,0.5724138021469116,0.5986207127571106,0.026206910610198975,reliable_noncritical
3W,9,21,0.7227585911750793,0.6913793087005615,0.7324137687683105,0.04103446006774902,ambiguous
3W,9,22,0.5793103575706482,0.5741379261016846,0.6055172681808472,0.0313793420791626,reliable_noncritical
3W,9,23,0.5855172872543335,0.5779310464859009,0.6020690202713013,0.02413797378540039,reliable_noncritical
3W,9,24,0.5979310274124146,0.5927585959434509,0.6282758712768555,0.03551727533340454,reliable_noncritical
3W,9,25,0.586896538734436,0.5806896686553955,0.6048276424407959,0.02413797378540039,reliable_noncritical
3W,9,26,0.6068965792655945,0.5996552109718323,0.634482741355896,0.03482753038406372,reliable_noncritical
3W,9,27,0.5882759094238281,0.5820689797401428,0.6131033897399902,0.031034409999847412,reliable_noncritical
3W,9,28,0.6034482717514038,0.596551775932312,0.6299999952316284,0.033448219299316406,reliable_noncritical
3W,9,29,0.6027586460113525,0.5820689797401428,0.6279309988021851,0.045862019062042236,reliable_noncritical
3W,9,30,0.656551718711853,0.6410344839096069,0.6689655184745789,0.027931034564971924,reliable_noncritical
3W,9,31,0.612413763999939,0.6010345220565796,0.6341379284858704,0.03310340642929077,reliable_noncritical
3W,9,32,0.5979310274124146,0.5927585959434509,0.6282758712768555,0.03551727533340454,reliable_noncritical
3W,10,0,0.11310344934463501,0.11310344934463501,0.11310344934463501,0.0,reliable_noncritical
3W,10,1,0.11310344934463501,0.11310344934463501,0.11310344934463501,0.0,reliable_noncritical
3W,10,2,0.11310344934463501,0.11310344934463501,0.11310344934463501,0.0,reliable_noncritical
3W,10,3,0.11310344934463501,0.11310344934463501,0.11310344934463501,0.0,reliable_noncritical
3W,10,4,0.11310344934463501,0.11310344934463501,0.11310344934463501,0.0,reliable_noncritical
3W,10,5,0.11310344934463501,0.11310344934463501,0.11310344934463501,0.0,reliable_noncritical
3W,10,6,0.11310344934463501,0.11310344934463501,0.11310344934463501,0.0,reliable_noncritical
3W,10,7,0.11310344934463501,0.11310344934463501,0.11310344934463501,0.0,reliable_noncritical
3W,10,8,0.11310344934463501,0.11310344934463501,0.11310344934463501,0.0,reliable_noncritical
3W,10,9,0.11310344934463501,0.11310344934463501,0.11310344934463501,0.0,reliable_noncritical
3W,10,10,0.11310344934463501,0.11310344934463501,0.11310344934463501,0.0,reliable_noncritical
3W,10,11,0.11310344934463501,0.11310344934463501,0.11310344934463501,0.0,reliable_noncritical
3W,10,12,0.11310344934463501,0.11310344934463501,0.11310344934463501,0.0,reliable_noncritical
3W,10,13,0.11310344934463501,0.11310344934463501,0.11310344934463501,0.0,reliable_noncritical
3W,10,14,0.11310344934463501,0.11310344934463501,0.11310344934463501,0.0,reliable_noncritical
3W,10,15,0.11310344934463501,0.11310344934463501,0.11310344934463501,0.0,reliable_noncritical
3W,10,16,0.11310344934463501,0.11310344934463501,0.11310344934463501,0.0,reliable_noncritical
3W,10,17,0.11310344934463501,0.11310344934463501,0.11310344934463501,0.0,reliable_noncritical
3W,10,18,0.11310344934463501,0.11310344934463501,0.11310344934463501,0.0,reliable_noncritical
3W,10,19,0.11310344934463501,0.11310344934463501,0.11310344934463501,0.0,reliable_noncritical
3W,10,20,0.11310344934463501,0.11310344934463501,0.11310344934463501,0.0,reliable_noncritical
3W,10,21,0.11310344934463501,0.11310344934463501,0.11310344934463501,0.0,reliable_noncritical
3W,10,22,0.11310344934463501,0.11310344934463501,0.11310344934463501,0.0,reliable_noncritical
3W,10,23,0.11310344934463501,0.11310344934463501,0.11310344934463501,0.0,reliable_noncritical
3W,10,24,0.11310344934463501,0.11310344934463501,0.11310344934463501,0.0,reliable_noncritical
3W,10,25,0.11310344934463501,0.11310344934463501,0.11310344934463501,0.0,reliable_noncritical
3W,10,26,0.11310344934463501,0.11310344934463501,0.11310344934463501,0.0,reliable_noncritical
3W,10,27,0.11310344934463501,0.11310344934463501,0.11310344934463501,0.0,reliable_noncritical
3W,10,28,0.11310344934463501,0.11310344934463501,0.11310344934463501,0.0,reliable_noncritical
3W,10,29,0.11310344934463501,0.11310344934463501,0.11310344934463501,0.0,reliable_noncritical
3W,10,30,0.11310344934463501,0.11310344934463501,0.11310344934463501,0.0,reliable_noncritical
3W,10,31,0.11310344934463501,0.11310344934463501,0.11310344934463501,0.0,reliable_noncritical
3W,10,32,0.11310344934463501,0.11310344934463501,0.11310344934463501,0.0,reliable_noncritical
3W,11,0,0.5551724433898926,0.5168965458869934,0.6700000166893005,0.15310347080230713,reliable_noncritical
3W,11,1,0.7841379642486572,0.7648276090621948,0.8341379165649414,0.06931030750274658,reliable_critical
3W,11,2,0.7351723909378052,0.6993103623390198,0.7562068700790405,0.05689650774002075,ambiguous
3W,11,3,0.7537931203842163,0.7265517115592957,0.7806896567344666,0.0541379451751709,reliable_critical
3W,11,4,0.7372413873672485,0.7037931084632874,0.7631034255027771,0.059310317039489746,reliable_critical
3W,11,5,0.7551723718643188,0.7282758355140686,0.7793103456497192,0.051034510135650635,reliable_critical
3W,11,6,0.7655172348022461,0.7417241334915161,0.7893103361129761,0.04758620262145996,reliable_critical
3W,11,7,0.7731034755706787,0.7527586221694946,0.795862078666687,0.04310345649719238,reliable_critical
3W,11,8,0.7593103647232056,0.7375862002372742,0.7844827771186829,0.04689657688140869,reliable_critical
3W,11,9,0.7827585935592651,0.7648276090621948,0.8141379356384277,0.04931032657623291,reliable_critical
3W,11,10,0.7986207008361816,0.7789655327796936,0.8496551513671875,0.0706896185874939,reliable_critical
3W,11,11,0.7931034564971924,0.7734482884407043,0.8406896591186523,0.067241370677948,reliable_critical
3W,11,12,0.8241379261016846,0.8041379451751709,0.8644827604293823,0.060344815254211426,reliable_critical
3W,11,13,0.8103448152542114,0.7972413897514343,0.8565517067909241,0.059310317039489746,reliable_critical
3W,11,14,0.800689697265625,0.7844827771186829,0.8437930941581726,0.059310317039489746,reliable_critical
3W,11,15,0.7931034564971924,0.7748275995254517,0.8382758498191833,0.06344825029373169,reliable_critical
3W,11,16,0.8137931227684021,0.795862078666687,0.8613792657852173,0.06551718711853027,reliable_critical
3W,11,17,0.7889655232429504,0.7693103551864624,0.8279310464859009,0.05862069129943848,reliable_critical
3W,11,18,0.7813793420791626,0.7613793015480042,0.8044827580451965,0.04310345649719238,reliable_critical
3W,11,19,0.8055172562599182,0.7862069010734558,0.8482758402824402,0.062068939208984375,reliable_critical
3W,11,20,0.8020689487457275,0.7796551585197449,0.8524137735366821,0.07275861501693726,reliable_critical
3W,11,21,0.7889655232429504,0.7706896662712097,0.8262069225311279,0.05551725625991821,reliable_critical
3W,11,22,0.7931034564971924,0.7734482884407043,0.836896538734436,0.06344825029373169,reliable_critical
3W,11,23,0.8165517449378967,0.7986207008361816,0.8586206436157227,0.059999942779541016,reliable_critical
3W,11,24,0.8151724338531494,0.8013793230056763,0.8531033992767334,0.05172407627105713,reliable_critical
3W,11,25,0.8117241859436035,0.8027586340904236,0.855862021446228,0.05310338735580444,reliable_critical
3W,11,26,0.7986207008361816,0.7858620882034302,0.839310348033905,0.053448259830474854,reliable_critical
3W,11,27,0.8089655637741089,0.7986207008361816,0.8486206531524658,0.04999995231628418,reliable_critical
3W,11,28,0.8020689487457275,0.7927586436271667,0.8524137735366821,0.05965512990951538,reliable_critical
3W,11,29,0.7868965864181519,0.7768965363502502,0.8351724147796631,0.05827587842941284,reliable_critical
3W,11,30,0.8144828081130981,0.7941379547119141,0.8544827699661255,0.060344815254211426,reliable_critical
3W,11,31,0.8075861930847168,0.7882758378982544,0.8499999642372131,0.06172412633895874,reliable_critical
3W,11,32,0.822068989276886,0.8068965673446655,0.8586206436157227,0.05172407627105713,reliable_critical
3W,12,0,0.7634482383728027,0.6824138164520264,0.8144828081130981,0.13206899166107178,ambiguous
3W,12,1,0.7124137878417969,0.6948276162147522,0.7513793110847473,0.05655169486999512,ambiguous
3W,12,2,0.7172414064407349,0.6958620548248291,0.7889655232429504,0.09310346841812134,ambiguous
3W,12,3,0.8117241859436035,0.7768965363502502,0.8324137926101685,0.05551725625991821,reliable_critical
3W,12,4,0.8482758402824402,0.8120689988136292,0.8748275637626648,0.06275856494903564,reliable_critical
3W,12,5,0.8799999952316284,0.8324137926101685,0.8872413635253906,0.05482757091522217,reliable_critical
3W,12,6,0.882758617401123,0.8300000429153442,0.8879310488700867,0.05793100595474243,reliable_critical
3W,12,7,0.8786206841468811,0.8337931036949158,0.8858620524406433,0.05206894874572754,reliable_critical
3W,12,8,0.8786206841468811,0.8331034779548645,0.8872413635253906,0.05413788557052612,reliable_critical
3W,12,9,0.8841379284858704,0.8358620405197144,0.8913792967796326,0.05551725625991821,reliable_critical
3W,12,10,0.8999999761581421,0.863103449344635,0.913103461265564,0.050000011920928955,reliable_critical
3W,12,11,0.9075862169265747,0.8951724171638489,0.9196552038192749,0.024482786655426025,reliable_critical
3W,12,12,0.8937931060791016,0.8668965101242065,0.8965517282485962,0.02965521812438965,reliable_critical
3W,12,13,0.8855172395706177,0.8482758402824402,0.8913792967796326,0.04310345649719238,reliable_critical
3W,12,14,0.8910344839096069,0.8593103289604187,0.8982758522033691,0.03896552324295044,reliable_critical
3W,12,15,0.9117241501808167,0.8831034302711487,0.9234483242034912,0.04034489393234253,reliable_critical
3W,12,16,0.8944827318191528,0.8613792657852173,0.9144827723503113,0.053103506565093994,reliable_critical
3W,12,17,0.8965517282485962,0.8644827604293823,0.9158620834350586,0.05137932300567627,reliable_critical
3W,12,18,0.9006896615028381,0.8848276138305664,0.9079310297966003,0.023103415966033936,reliable_critical
3W,12,19,0.9020689725875854,0.8782758712768555,0.9093103408813477,0.031034469604492188,reliable_critical
3W,12,20,0.8951724171638489,0.8703448176383972,0.9024137854576111,0.03206896781921387,reliable_critical
3W,12,21,0.9124138355255127,0.8906896710395813,0.9268965721130371,0.03620690107345581,reliable_critical
3W,12,22,0.9248275756835938,0.9086207151412964,0.931034505367279,0.022413790225982666,reliable_critical
3W,12,23,0.9213793277740479,0.9079310297966003,0.9286206960678101,0.020689666271209717,reliable_critical
3W,12,24,0.9144827723503113,0.9013793468475342,0.9203448295593262,0.018965482711791992,reliable_critical
3W,12,25,0.9006896615028381,0.8841379284858704,0.908275842666626,0.024137914180755615,reliable_critical
3W,12,26,0.908965528011322,0.8903448581695557,0.9141379594802856,0.02379310131072998,reliable_critical
3W,12,27,0.8965517282485962,0.8762068748474121,0.9048275947570801,0.02862071990966797,reliable_critical
3W,12,28,0.9158620834350586,0.9020689725875854,0.9241379499435425,0.02206897735595703,reliable_critical
3W,12,29,0.9241379499435425,0.9068965911865234,0.9324138164520264,0.02551722526550293,reliable_critical
3W,12,30,0.9068965911865234,0.8927586078643799,0.910689651966095,0.017931044101715088,reliable_critical
3W,12,31,0.9110344648361206,0.8951724171638489,0.9189655184745789,0.02379310131072998,reliable_critical
3W,12,32,0.9124138355255127,0.8786206841468811,0.9213793277740479,0.04275864362716675,reliable_critical
3W,13,0,0.47310346364974976,0.4317241311073303,0.48620688915252686,0.05448275804519653,reliable_noncritical
3W,13,1,0.30965515971183777,0.3075861930847168,0.3606896698474884,0.053103476762771606,reliable_noncritical
3W,13,2,0.3158620595932007,0.3158620595932007,0.36586207151412964,0.050000011920928955,reliable_noncritical
3W,13,3,0.31172412633895874,0.3100000023841858,0.3182758688926697,0.008275866508483887,reliable_noncritical
3W,13,4,0.31448274850845337,0.3137930929660797,0.3217241168022156,0.007931023836135864,reliable_noncritical
3W,13,5,0.32275861501693726,0.32275861501693726,0.35896551609039307,0.03620690107345581,reliable_noncritical
3W,13,6,0.3351724147796631,0.33379310369491577,0.3786206841468811,0.04482758045196533,reliable_noncritical
3W,13,7,0.3268965482711792,0.3255172371864319,0.3741379380226135,0.04862070083618164,reliable_noncritical
3W,13,8,0.3531034588813782,0.3531034588813782,0.3799999952316284,0.026896536350250244,reliable_noncritical
3W,13,9,0.3303448259830475,0.3282758593559265,0.38896551728248596,0.06068965792655945,reliable_noncritical
3W,13,10,0.317241370677948,0.31655171513557434,0.3244827389717102,0.007931023836135864,reliable_noncritical
3W,13,11,0.3199999928474426,0.31551724672317505,0.32724136114120483,0.011724114418029785,reliable_noncritical
3W,13,12,0.3186206817626953,0.3186206817626953,0.3700000047683716,0.05137932300567627,reliable_noncritical
3W,13,13,0.3248275816440582,0.32413792610168457,0.37655171751976013,0.05241379141807556,reliable_noncritical
3W,13,14,0.33448275923728943,0.33241379261016846,0.3772413730621338,0.04482758045196533,reliable_noncritical
3W,13,15,0.35034483671188354,0.35034483671188354,0.3786206841468811,0.02827584743499756,reliable_noncritical
3W,13,16,0.34689655900001526,0.3462069034576416,0.3734482526779175,0.02724134922027588,reliable_noncritical
3W,13,17,0.34896552562713623,0.3451724052429199,0.3572413921356201,0.012068986892700195,reliable_noncritical
3W,13,18,0.33103448152542114,0.3282758593559265,0.3472414016723633,0.018965542316436768,reliable_noncritical
3W,13,19,0.33931034803390503,0.33344829082489014,0.3462069034576416,0.012758612632751465,reliable_noncritical
3W,13,20,0.343448281288147,0.343448281288147,0.38413792848587036,0.04068964719772339,reliable_noncritical
3W,13,21,0.3544827699661255,0.3544827699661255,0.4027586281299591,0.04827585816383362,reliable_noncritical
3W,13,22,0.33103448152542114,0.32965517044067383,0.37793102860450745,0.04827585816383362,reliable_noncritical
3W,13,23,0.3351724147796631,0.33379310369491577,0.3713793158531189,0.037586212158203125,reliable_noncritical
3W,13,24,0.3379310369491577,0.3379310369491577,0.36344829201698303,0.025517255067825317,reliable_noncritical
3W,13,25,0.34206897020339966,0.33620691299438477,0.3486207127571106,0.01241379976272583,reliable_noncritical
3W,13,26,0.3475862145423889,0.3475862145423889,0.3786206841468811,0.031034469604492188,reliable_noncritical
3W,13,27,0.3448275923728943,0.3448275923728943,0.3944827616214752,0.04965516924858093,reliable_noncritical
3W,13,28,0.35172414779663086,0.35172414779663086,0.4000000059604645,0.04827585816383362,reliable_noncritical
3W,13,29,0.34068965911865234,0.33482760190963745,0.34689655900001526,0.012068957090377808,reliable_noncritical
3W,13,30,0.3365517258644104,0.3365517258644104,0.3641379475593567,0.02758622169494629,reliable_noncritical
3W,13,31,0.3268965482711792,0.32517242431640625,0.3741379380226135,0.048965513706207275,reliable_noncritical
3W,13,32,0.32275861501693726,0.32137930393218994,0.37931033968925476,0.05793103575706482,reliable_noncritical
3W,14,0,0.7206896543502808,0.6386206746101379,0.7534482479095459,0.11482757329940796,ambiguous
3W,14,1,0.6351723670959473,0.6017241477966309,0.6720689535140991,0.07034480571746826,reliable_noncritical
3W,14,2,0.6744827628135681,0.5396551489830017,0.7093103528022766,0.1696552038192749,ambiguous
3W,14,3,0.6682758331298828,0.5296551585197449,0.6986206769943237,0.16896551847457886,reliable_noncritical
3W,14,4,0.5406896471977234,0.4413793087005615,0.5937931537628174,0.15241384506225586,reliable_noncritical
3W,14,5,0.517241358757019,0.42379310727119446,0.5506896376609802,0.12689653038978577,reliable_noncritical
3W,14,6,0.48620688915252686,0.3365517258644104,0.5313792824745178,0.19482755661010742,reliable_noncritical
3W,14,7,0.4675862193107605,0.4075862169265747,0.49586206674575806,0.08827584981918335,reliable_noncritical
3W,14,8,0.4710344970226288,0.4062069058418274,0.5086206793785095,0.10241377353668213,reliable_noncritical
3W,14,9,0.5062068700790405,0.41310346126556396,0.519655168056488,0.10655170679092407,reliable_noncritical
3W,14,10,0.45517241954803467,0.39137932658195496,0.49000000953674316,0.09862068295478821,reliable_noncritical
3W,14,11,0.4462068974971771,0.39275863766670227,0.48758620023727417,0.0948275625705719,reliable_noncritical
3W,14,12,0.4365517199039459,0.38310346007347107,0.454482764005661,0.07137930393218994,reliable_noncritical
3W,14,13,0.43310344219207764,0.37931036949157715,0.43896549940109253,0.05965512990951538,reliable_noncritical
3W,14,14,0.4193103313446045,0.3582758605480194,0.44517242908477783,0.08689656853675842,reliable_noncritical
3W,14,15,0.4399999976158142,0.3762069046497345,0.47999998927116394,0.10379308462142944,reliable_noncritical
3W,14,16,0.43586206436157227,0.3796551823616028,0.4617241621017456,0.08206897974014282,reliable_noncritical
3W,14,17,0.43931034207344055,0.37551724910736084,0.47310346364974976,0.09758621454238892,reliable_noncritical
3W,14,18,0.43103447556495667,0.37068966031074524,0.46103447675704956,0.09034481644630432,reliable_noncritical
3W,14,19,0.4255172312259674,0.37793105840682983,0.432758629322052,0.05482757091522217,reliable_noncritical
3W,14,20,0.42344826459884644,0.3741379380226135,0.42965516448020935,0.055517226457595825,reliable_noncritical
3W,14,21,0.42344826459884644,0.37551724910736084,0.43310344219207764,0.0575861930847168,reliable_noncritical
3W,14,22,0.43448275327682495,0.36724138259887695,0.4720689654350281,0.10482758283615112,reliable_noncritical
3W,14,23,0.4434482753276825,0.37068966031074524,0.47793102264404297,0.10724136233329773,reliable_noncritical
3W,14,24,0.43586206436157227,0.3700000047683716,0.454482764005661,0.08448275923728943,reliable_noncritical
3W,14,25,0.4144827723503113,0.3693103492259979,0.4255172312259674,0.05620688199996948,reliable_noncritical
3W,14,26,0.41862067580223083,0.36965519189834595,0.42827585339546204,0.05862066149711609,reliable_noncritical
3W,14,27,0.4255172312259674,0.36965519189834595,0.43551725149154663,0.06586205959320068,reliable_noncritical
3W,14,28,0.42965516448020935,0.3679310381412506,0.454137921333313,0.08620688319206238,reliable_noncritical
3W,14,29,0.41999998688697815,0.37172412872314453,0.4268965423107147,0.05517241358757019,reliable_noncritical
3W,14,30,0.4186207056045532,0.36206895112991333,0.4241379201412201,0.06206896901130676,reliable_noncritical
3W,14,31,0.4172413945198059,0.35758620500564575,0.42241376638412476,0.064827561378479,reliable_noncritical
3W,14,32,0.4158620834350586,0.3555172383785248,0.42482757568359375,0.06931033730506897,reliable_noncritical
3W,15,0,0.31172412633895874,0.2882758677005768,0.3641379177570343,0.07586205005645752,reliable_noncritical
3W,15,1,0.3558620810508728,0.30137932300567627,0.39379310607910156,0.09241378307342529,reliable_noncritical
3W,15,2,0.297931045293808,0.2858620882034302,0.4096551835536957,0.1237930953502655,reliable_noncritical
3W,15,3,0.3062068819999695,0.2920689582824707,0.3113793134689331,0.019310355186462402,reliable_noncritical
3W,15,4,0.3006896674633026,0.28655171394348145,0.3020689785480499,0.015517264604568481,reliable_noncritical
3W,15,5,0.297931045293808,0.28551724553108215,0.2993103563785553,0.013793110847473145,reliable_noncritical
3W,15,6,0.26620689034461975,0.2631034255027771,0.27448275685310364,0.011379331350326538,reliable_noncritical
3W,15,7,0.2524137794971466,0.2510344684123993,0.26999998092651367,0.01896551251411438,reliable_noncritical
3W,15,8,0.2875862121582031,0.27827584743499756,0.384482741355896,0.10620689392089844,reliable_noncritical
3W,15,9,0.27448275685310364,0.25310343503952026,0.2858620882034302,0.03275865316390991,reliable_noncritical
3W,15,10,0.2800000011920929,0.26517242193222046,0.28551724553108215,0.020344823598861694,reliable_noncritical
3W,15,11,0.26758620142936707,0.2596551775932312,0.29034483432769775,0.030689656734466553,reliable_noncritical
3W,15,12,0.26620689034461975,0.25793102383613586,0.2920689582824707,0.03413793444633484,reliable_noncritical
3W,15,13,0.26137930154800415,0.24965517222881317,0.293448269367218,0.043793097138404846,reliable_noncritical
3W,15,14,0.2779310345649719,0.2634482681751251,0.28551724553108215,0.02206897735595703,reliable_noncritical
3W,15,15,0.25655171275138855,0.2451724112033844,0.27724137902259827,0.03206896781921387,reliable_noncritical
3W,15,16,0.26137930154800415,0.25896549224853516,0.28793102502822876,0.028965532779693604,reliable_noncritical
3W,15,17,0.2689655125141144,0.2548275589942932,0.27482759952545166,0.020000040531158447,reliable_noncritical
3W,15,18,0.2689655125141144,0.2572413682937622,0.2848275899887085,0.02758622169494629,reliable_noncritical
3W,15,19,0.26620689034461975,0.26482757925987244,0.28655171394348145,0.02172413468360901,reliable_noncritical
3W,15,20,0.2703448235988617,0.2593103349208832,0.28310346603393555,0.023793131113052368,reliable_noncritical
3W,15,21,0.2620689570903778,0.25655171275138855,0.28068965673446655,0.024137943983078003,reliable_noncritical
3W,15,22,0.2593103349208832,0.24103447794914246,0.2634482681751251,0.022413790225982666,reliable_noncritical
3W,15,23,0.27103447914123535,0.2572413682937622,0.2800000011920929,0.02275863289833069,reliable_noncritical
3W,15,24,0.271724134683609,0.2562068700790405,0.2779310345649719,0.021724164485931396,reliable_noncritical
3W,15,25,0.27586206793785095,0.24551723897457123,0.3896551728248596,0.1441379338502884,reliable_noncritical
3W,15,26,0.27103447914123535,0.24827586114406586,0.2858620882034302,0.03758622705936432,reliable_noncritical
3W,15,27,0.2537930905818939,0.2403448224067688,0.2568965554237366,0.016551733016967773,reliable_noncritical
3W,15,28,0.2620689570903778,0.26034480333328247,0.2775862216949463,0.01724141836166382,reliable_noncritical
3W,15,29,0.27586206793785095,0.2620689570903778,0.3534482717514038,0.091379314661026,reliable_noncritical
3W,15,30,0.25793102383613586,0.25517240166664124,0.2786206901073456,0.023448288440704346,reliable_noncritical
3W,15,31,0.271724134683609,0.2465517222881317,0.2813793122768402,0.034827589988708496,reliable_noncritical
3W,15,32,0.2848275899887085,0.23724137246608734,0.3882758617401123,0.15103448927402496,reliable_noncritical
3W,16,0,0.5703448057174683,0.5506896376609802,0.594137966632843,0.04344832897186279,reliable_noncritical
3W,16,1,0.7724137902259827,0.7575861811637878,0.8037931323051453,0.04620695114135742,reliable_critical
3W,16,2,0.7027586698532104,0.6965517401695251,0.7562068700790405,0.05965512990951538,ambiguous
3W,16,3,0.7372413873672485,0.7241379022598267,0.767241358757019,0.04310345649719238,reliable_critical
3W,16,4,0.8089655637741089,0.7875862121582031,0.8213793039321899,0.033793091773986816,reliable_critical
3W,16,5,0.8137931227684021,0.7817241549491882,0.8234483003616333,0.04172414541244507,reliable_critical
3W,16,6,0.8172414302825928,0.7831034660339355,0.8255172967910767,0.04241383075714111,reliable_critical
3W,16,7,0.817931056022644,0.7868965864181519,0.8262069225311279,0.039310336112976074,reliable_critical
3W,16,8,0.8200000524520874,0.7882758378982544,0.8293103575706482,0.0410345196723938,reliable_critical
3W,16,9,0.8441379070281982,0.8375861644744873,0.8572413921356201,0.019655227661132812,reliable_critical
3W,16,10,0.8275862336158752,0.8051724433898926,0.836896538734436,0.03172409534454346,reliable_critical
3W,16,11,0.8310345411300659,0.815517246723175,0.8437930941581726,0.02827584743499756,reliable_critical
3W,16,12,0.8351724147796631,0.8217241764068604,0.8462069034576416,0.02448272705078125,reliable_critical
3W,16,13,0.8324137926101685,0.8137931227684021,0.8406896591186523,0.026896536350250244,reliable_critical
3W,16,14,0.8289655447006226,0.8144828081130981,0.8372413516044617,0.022758543491363525,reliable_critical
3W,16,15,0.8524137735366821,0.8379310369491577,0.8593103289604187,0.021379292011260986,reliable_critical
3W,16,16,0.8420689105987549,0.824482798576355,0.8534482717514038,0.028965473175048828,reliable_critical
3W,16,17,0.8600000143051147,0.8544827699661255,0.8686206936836243,0.01413792371749878,reliable_critical
3W,16,18,0.8393102884292603,0.822068989276886,0.8510344624519348,0.028965473175048828,reliable_critical
3W,16,19,0.834482729434967,0.8096551895141602,0.843448281288147,0.033793091773986816,reliable_critical
3W,16,20,0.8503447771072388,0.8365517258644104,0.8568965196609497,0.020344793796539307,reliable_critical
3W,16,21,0.8427585959434509,0.8251724243164062,0.8517241477966309,0.02655172348022461,reliable_critical
3W,16,22,0.8668965101242065,0.8575862050056458,0.8758620619773865,0.018275856971740723,reliable_critical
3W,16,23,0.8524137735366821,0.8403447866439819,0.8593103289604187,0.018965542316436768,reliable_critical
3W,16,24,0.8586206436157227,0.8472414016723633,0.864827573299408,0.017586171627044678,reliable_critical
3W,16,25,0.8641378879547119,0.8493103384971619,0.8693103194236755,0.019999980926513672,reliable_critical
3W,16,26,0.8579310178756714,0.8413792848587036,0.8617241382598877,0.020344853401184082,reliable_critical
3W,16,27,0.865517258644104,0.855862021446228,0.8755172491073608,0.019655227661132812,reliable_critical
3W,16,28,0.8758620619773865,0.867241382598877,0.8941379189491272,0.026896536350250244,reliable_critical
3W,16,29,0.855862021446228,0.8489655256271362,0.8610344529151917,0.01206892728805542,reliable_critical
3W,16,30,0.8682758808135986,0.8596551418304443,0.8751723766326904,0.015517234802246094,reliable_critical
3W,16,31,0.8724137544631958,0.8610344529151917,0.8896551728248596,0.02862071990966797,reliable_critical
3W,16,32,0.8475861549377441,0.834482729434967,0.8544827699661255,0.020000040531158447,reliable_critical
3W,17,0,0.9958620667457581,0.9944827556610107,0.9958620667457581,0.0013793110847473145,reliable_critical
3W,17,1,0.6379309892654419,0.6113792657852173,0.6896551847457886,0.07827591896057129,reliable_noncritical
3W,17,2,0.5420689582824707,0.4220689535140991,0.567241370677948,0.14517241716384888,reliable_noncritical
3W,17,3,0.5675861835479736,0.5093103051185608,0.682758629322052,0.1734483242034912,reliable_noncritical
3W,17,4,0.475862056016922,0.34448277950286865,0.5044827461242676,0.15999996662139893,reliable_noncritical
3W,17,5,0.5551724433898926,0.5068964958190918,0.6337931156158447,0.12689661979675293,reliable_noncritical
3W,17,6,0.5399999618530273,0.4734482765197754,0.6248275637626648,0.1513792872428894,reliable_noncritical
3W,17,7,0.5234482288360596,0.47758620977401733,0.6168965101242065,0.1393103003501892,reliable_noncritical
3W,17,8,0.5372413396835327,0.49000000953674316,0.6234482526779175,0.13344824314117432,reliable_noncritical
3W,17,9,0.5199999809265137,0.4879310131072998,0.6151723861694336,0.1272413730621338,reliable_noncritical
3W,17,10,0.5386207103729248,0.4951724112033844,0.6206896305084229,0.12551721930503845,reliable_noncritical
3W,17,11,0.54758620262146,0.49931034445762634,0.6193103194236755,0.1199999749660492,reliable_noncritical
3W,17,12,0.5441379547119141,0.49827584624290466,0.612413763999939,0.1141379177570343,reliable_noncritical
3W,17,13,0.4558620750904083,0.32896551489830017,0.499655157327652,0.1706896424293518,reliable_noncritical
3W,17,14,0.5379310250282288,0.4927586317062378,0.6082758903503418,0.115517258644104,reliable_noncritical
3W,17,15,0.5289654731750488,0.4917241334915161,0.6110345125198364,0.11931037902832031,reliable_noncritical
3W,17,16,0.5413793325424194,0.4999999701976776,0.6137930750846863,0.11379310488700867,reliable_noncritical
3W,17,17,0.5351724028587341,0.49793103337287903,0.6165516972541809,0.11862066388130188,reliable_noncritical
3W,17,18,0.5296551585197449,0.4844827651977539,0.6068965792655945,0.12241381406784058,reliable_noncritical
3W,17,19,0.4606896638870239,0.32034480571746826,0.5034482479095459,0.18310344219207764,reliable_noncritical
3W,17,20,0.45379310846328735,0.32379311323165894,0.49448275566101074,0.1706896424293518,reliable_noncritical
3W,17,21,0.5193103551864624,0.48137930035591125,0.6031034588813782,0.12172415852546692,reliable_noncritical
3W,17,22,0.4655172526836395,0.3506896495819092,0.5106896162033081,0.15999996662139893,reliable_noncritical
3W,17,23,0.4579310417175293,0.33724138140678406,0.5041378736495972,0.1668964922428131,reliable_noncritical
3W,17,24,0.543448269367218,0.49448275566101074,0.6096552014350891,0.11517244577407837,reliable_noncritical
3W,17,25,0.4593103528022766,0.319655179977417,0.49931034445762634,0.17965516448020935,reliable_noncritical
3W,17,26,0.4641379415988922,0.3306896686553955,0.5048275589942932,0.1741378903388977,reliable_noncritical
3W,17,27,0.5158620476722717,0.4810344874858856,0.6017241477966309,0.12068966031074524,reliable_noncritical
3W,17,28,0.4689655303955078,0.34310346841812134,0.5137931108474731,0.1706896424293518,reliable_noncritical
3W,17,29,0.4531034529209137,0.33448275923728943,0.5006896257400513,0.16620686650276184,reliable_noncritical
3W,17,30,0.5206896066665649,0.48379307985305786,0.6044827699661255,0.12068969011306763,reliable_noncritical
3W,17,31,0.456551730632782,0.3303448259830475,0.49586206674575806,0.16551724076271057,reliable_noncritical
3W,17,32,0.4593103528022766,0.3220689594745636,0.5006896257400513,0.17862066626548767,reliable_noncritical
3W,18,0,0.2848275899887085,0.2572413682937622,0.31172412633895874,0.05448275804519653,reliable_noncritical
3W,18,1,0.36000001430511475,0.32655173540115356,0.36827585101127625,0.04172411561012268,reliable_noncritical
3W,18,2,0.39862069487571716,0.36965516209602356,0.4206896424293518,0.05103448033332825,reliable_noncritical
3W,18,3,0.4317241311073303,0.40344828367233276,0.4689655303955078,0.06551724672317505,reliable_noncritical
3W,18,4,0.43586206436157227,0.41413795948028564,0.4713793098926544,0.057241350412368774,reliable_noncritical
3W,18,5,0.4420689642429352,0.41758620738983154,0.4748275876045227,0.05724138021469116,reliable_noncritical
3W,18,6,0.4468965530395508,0.42724138498306274,0.4817241430282593,0.05448275804519653,reliable_noncritical
3W,18,7,0.4434482753276825,0.41896551847457886,0.47620689868927,0.05724138021469116,reliable_noncritical
3W,18,8,0.4448275864124298,0.4206896424293518,0.47758620977401733,0.05689656734466553,reliable_noncritical
3W,18,9,0.4613793194293976,0.4424138069152832,0.4941379427909851,0.051724135875701904,reliable_noncritical
3W,18,10,0.4531034529209137,0.43551725149154663,0.4882758557796478,0.052758604288101196,reliable_noncritical
3W,18,11,0.4496551752090454,0.43103447556495667,0.4844827651977539,0.05344828963279724,reliable_noncritical
3W,18,12,0.46000000834465027,0.4410344958305359,0.4927586317062378,0.051724135875701904,reliable_noncritical
3W,18,13,0.45517241954803467,0.4386206865310669,0.49103447794914246,0.05241379141807556,reliable_noncritical
3W,18,14,0.45379310846328735,0.43551725149154663,0.48862069845199585,0.05310344696044922,reliable_noncritical
3W,18,15,0.4593103528022766,0.4399999976158142,0.49241378903388977,0.05241379141807556,reliable_noncritical
3W,18,16,0.4793103337287903,0.45724138617515564,0.5089654922485352,0.05172410607337952,reliable_noncritical
3W,18,17,0.46965518593788147,0.44896551966667175,0.499655157327652,0.050689637660980225,reliable_noncritical
3W,18,18,0.45862069725990295,0.43827587366104126,0.4913793206214905,0.05310344696044922,reliable_noncritical
3W,18,19,0.4744827449321747,0.4531034529209137,0.5037930607795715,0.05068960785865784,reliable_noncritical
3W,18,20,0.46482759714126587,0.4448275864124298,0.4955172538757324,0.05068966746330261,reliable_noncritical
3W,18,21,0.4662069082260132,0.4462068974971771,0.49689656496047974,0.05068966746330261,reliable_noncritical
3W,18,22,0.47172415256500244,0.45034483075141907,0.5010344386100769,0.05068960785865784,reliable_noncritical
3W,18,23,0.4855172336101532,0.4627586305141449,0.5131034255027771,0.0503447949886322,reliable_noncritical
3W,18,24,0.48275861144065857,0.46000000834465027,0.5106896162033081,0.05068960785865784,reliable_noncritical
3W,18,25,0.45724138617515564,0.43689656257629395,0.49000000953674316,0.05310344696044922,reliable_noncritical
3W,18,26,0.47310346364974976,0.4517241418361664,0.5024137496948242,0.05068960785865784,reliable_noncritical
3W,18,27,0.475862056016922,0.45482760667800903,0.5065516829490662,0.05172407627105713,reliable_noncritical
3W,18,28,0.4772413671016693,0.4558620750904083,0.5062068700790405,0.0503447949886322,reliable_noncritical
3W,18,29,0.48758620023727417,0.4662069082260132,0.51482754945755,0.048620641231536865,reliable_noncritical
3W,18,30,0.48482757806777954,0.4613793194293976,0.512413740158081,0.05103442072868347,reliable_noncritical
3W,18,31,0.4675862193107605,0.44758620858192444,0.49827587604522705,0.05068966746330261,reliable_noncritical
3W,18,32,0.4820689558982849,0.45862069725990295,0.5079309940338135,0.04931029677391052,reliable_noncritical
3W,19,0,0.3655172288417816,0.33862069249153137,0.37448275089263916,0.03586205840110779,reliable_noncritical
3W,19,1,0.36482757329940796,0.362758606672287,0.4041379392147064,0.041379332542419434,reliable_noncritical
3W,19,2,0.3675861954689026,0.362758606672287,0.40586209297180176,0.04310348629951477,reliable_noncritical
3W,19,3,0.36965516209602356,0.36482757329940796,0.411379337310791,0.04655176401138306,reliable_noncritical
3W,19,4,0.37172412872314453,0.37068963050842285,0.4206896722316742,0.05000004172325134,reliable_noncritical
3W,19,5,0.3737930953502655,0.37206894159317017,0.42275863885879517,0.050689697265625,reliable_noncritical
3W,19,6,0.37793102860450745,0.3737930953502655,0.45620691776275635,0.08241382241249084,reliable_noncritical
3W,19,7,0.3772413730621338,0.3748275637626648,0.4268965423107147,0.05206897854804993,reliable_noncritical
3W,19,8,0.38413792848587036,0.37931033968925476,0.41758620738983154,0.03827586770057678,reliable_noncritical
3W,19,9,0.38275861740112305,0.37793102860450745,0.5006896257400513,0.12275859713554382,reliable_noncritical
3W,19,10,0.384827584028244,0.37931033968925476,0.4534482955932617,0.07413795590400696,reliable_noncritical
3W,19,11,0.386896550655365,0.3806896507740021,0.456551730632782,0.07586207985877991,reliable_noncritical
3W,19,12,0.39103448390960693,0.3834482729434967,0.4444827437400818,0.06103447079658508,reliable_noncritical
3W,19,13,0.39241379499435425,0.38620689511299133,0.5055172443389893,0.11931034922599792,reliable_noncritical
3W,19,14,0.3799999952316284,0.37655171751976013,0.42931032180786133,0.052758604288101196,reliable_noncritical
3W,19,15,0.39241379499435425,0.38620689511299133,0.4424138069152832,0.05620691180229187,reliable_noncritical
3W,19,16,0.39724138379096985,0.38758620619773865,0.46689656376838684,0.0793103575706482,reliable_noncritical
3W,19,17,0.39724138379096985,0.38896551728248596,0.49689653515815735,0.10793101787567139,reliable_noncritical
3W,19,18,0.3896551728248596,0.384827584028244,0.4613793194293976,0.07655173540115356,reliable_noncritical
3W,19,19,0.41034483909606934,0.4037930965423584,0.4579310417175293,0.0541379451751709,reliable_noncritical
3W,19,20,0.40689656138420105,0.39586207270622253,0.499655157327652,0.10379308462142944,reliable_noncritical
3W,19,21,0.41379308700561523,0.4013793170452118,0.4665517210960388,0.06517240405082703,reliable_noncritical
3W,19,22,0.40206897258758545,0.3968965411186218,0.4506896436214447,0.053793102502822876,reliable_noncritical
3W,19,23,0.40068966150283813,0.3917241394519806,0.4624137878417969,0.07068964838981628,reliable_noncritical
3W,19,24,0.3951724171638489,0.3896551728248596,0.42241376638412476,0.03275859355926514,reliable_noncritical
3W,19,25,0.40068966150283813,0.3934482932090759,0.4493103325366974,0.05586203932762146,reliable_noncritical
3W,19,26,0.4000000059604645,0.3968965411186218,0.44999998807907104,0.05310344696044922,reliable_noncritical
3W,19,27,0.3993103504180908,0.3944827616214752,0.4662069082260132,0.07172414660453796,reliable_noncritical
3W,19,28,0.4062069058418274,0.3979310393333435,0.42620688676834106,0.02827584743499756,reliable_noncritical
3W,19,29,0.4048275947570801,0.3993103504180908,0.4268965423107147,0.0275861918926239,reliable_noncritical
3W,19,30,0.408965528011322,0.40310347080230713,0.456551730632782,0.053448259830474854,reliable_noncritical
3W,19,31,0.4193103313446045,0.4096551835536957,0.4941379129886627,0.08448272943496704,reliable_noncritical
3W,19,32,0.4075862169265747,0.40068966150283813,0.45482757687568665,0.05413791537284851,reliable_noncritical
3W,20,0,0.3834482729434967,0.35758620500564575,0.411034494638443,0.05344828963279724,reliable_noncritical
3W,20,1,0.11310344934463501,0.11310344934463501,0.11310344934463501,0.0,reliable_noncritical
3W,20,2,0.11310344934463501,0.11310344934463501,0.11310344934463501,0.0,reliable_noncritical
3W,20,3,0.11310344934463501,0.11310344934463501,0.11310344934463501,0.0,reliable_noncritical
3W,20,4,0.11310344934463501,0.11310344934463501,0.11310344934463501,0.0,reliable_noncritical
3W,20,5,0.11310344934463501,0.11310344934463501,0.11310344934463501,0.0,reliable_noncritical
3W,20,6,0.11310344934463501,0.11310344934463501,0.11310344934463501,0.0,reliable_noncritical
3W,20,7,0.11310344934463501,0.11310344934463501,0.11310344934463501,0.0,reliable_noncritical
3W,20,8,0.11310344934463501,0.11310344934463501,0.11310344934463501,0.0,reliable_noncritical
3W,20,9,0.11310344934463501,0.11310344934463501,0.11310344934463501,0.0,reliable_noncritical
3W,20,10,0.11310344934463501,0.11310344934463501,0.11310344934463501,0.0,reliable_noncritical
3W,20,11,0.11310344934463501,0.11310344934463501,0.11310344934463501,0.0,reliable_noncritical
3W,20,12,0.11310344934463501,0.11310344934463501,0.11310344934463501,0.0,reliable_noncritical
3W,20,13,0.11310344934463501,0.11310344934463501,0.11310344934463501,0.0,reliable_noncritical
3W,20,14,0.11310344934463501,0.11310344934463501,0.11310344934463501,0.0,reliable_noncritical
3W,20,15,0.11310344934463501,0.11310344934463501,0.11310344934463501,0.0,reliable_noncritical
3W,20,16,0.11310344934463501,0.11310344934463501,0.11310344934463501,0.0,reliable_noncritical
3W,20,17,0.11310344934463501,0.11310344934463501,0.11310344934463501,0.0,reliable_noncritical
3W,20,18,0.11310344934463501,0.11310344934463501,0.11310344934463501,0.0,reliable_noncritical
3W,20,19,0.11310344934463501,0.11310344934463501,0.11310344934463501,0.0,reliable_noncritical
3W,20,20,0.11310344934463501,0.11310344934463501,0.11310344934463501,0.0,reliable_noncritical
3W,20,21,0.11310344934463501,0.11310344934463501,0.11310344934463501,0.0,reliable_noncritical
3W,20,22,0.11310344934463501,0.11310344934463501,0.11310344934463501,0.0,reliable_noncritical
3W,20,23,0.11310344934463501,0.11310344934463501,0.11310344934463501,0.0,reliable_noncritical
3W,20,24,0.11310344934463501,0.11310344934463501,0.11310344934463501,0.0,reliable_noncritical
3W,20,25,0.11310344934463501,0.11310344934463501,0.11310344934463501,0.0,reliable_noncritical
3W,20,26,0.11310344934463501,0.11310344934463501,0.11310344934463501,0.0,reliable_noncritical
3W,20,27,0.11310344934463501,0.11310344934463501,0.11310344934463501,0.0,reliable_noncritical
3W,20,28,0.11310344934463501,0.11310344934463501,0.11310344934463501,0.0,reliable_noncritical
3W,20,29,0.11310344934463501,0.11310344934463501,0.11310344934463501,0.0,reliable_noncritical
3W,20,30,0.11310344934463501,0.11310344934463501,0.11310344934463501,0.0,reliable_noncritical
3W,20,31,0.11310344934463501,0.11310344934463501,0.11310344934463501,0.0,reliable_noncritical
3W,20,32,0.11310344934463501,0.11310344934463501,0.11310344934463501,0.0,reliable_noncritical
3W,21,0,0.9972413778305054,0.9972413778305054,0.9972413778305054,0.0,reliable_critical
3W,21,1,0.9744827747344971,0.9710344672203064,0.9862068891525269,0.015172421932220459,reliable_critical
3W,21,2,0.9682758450508118,0.9644827246665955,0.982758641242981,0.018275916576385498,reliable_critical
3W,21,3,0.9262069463729858,0.8989655375480652,0.9365517497062683,0.037586212158203125,reliable_critical
3W,21,4,0.8068965673446655,0.7872413992881775,0.8465517163276672,0.059310317039489746,reliable_critical
3W,21,5,0.7310344576835632,0.7241379022598267,0.7748275995254517,0.050689697265625,reliable_critical
3W,21,6,0.6882758736610413,0.6717241406440735,0.7275861501693726,0.05586200952529907,ambiguous
3W,21,7,0.7117241621017456,0.7020689845085144,0.7648276090621948,0.06275862455368042,reliable_critical
3W,21,8,0.7234482765197754,0.7144827842712402,0.769655168056488,0.0551723837852478,reliable_critical
3W,21,9,0.72620689868927,0.7213793396949768,0.7772413492202759,0.05586200952529907,reliable_critical
3W,21,10,0.6862069368362427,0.6703448295593262,0.7224137783050537,0.05206894874572754,ambiguous
3W,21,11,0.5758620500564575,0.5613793134689331,0.6010345220565796,0.039655208587646484,reliable_noncritical
3W,21,12,0.4868965446949005,0.4362068772315979,0.5162068605422974,0.07999998331069946,reliable_noncritical
3W,21,13,0.5165517330169678,0.48862069845199585,0.5462068915367126,0.0575861930847168,reliable_noncritical
3W,21,14,0.5979310274124146,0.5731034278869629,0.6272413730621338,0.0541379451751709,reliable_noncritical
3W,21,15,0.6958620548248291,0.685172438621521,0.7403448224067688,0.0551723837852478,ambiguous
3W,21,16,0.7717241048812866,0.7513793110847473,0.8137931227684021,0.062413811683654785,reliable_critical
3W,21,17,0.7234482765197754,0.7182759046554565,0.776206910610199,0.05793100595474243,reliable_critical
3W,21,18,0.6662068963050842,0.6572413444519043,0.7006896734237671,0.04344832897186279,ambiguous
3W,21,19,0.6289654970169067,0.5937931537628174,0.6599999666213989,0.06620681285858154,reliable_noncritical
3W,21,20,0.5855172872543335,0.5693103671073914,0.6182758212089539,0.0489654541015625,reliable_noncritical
3W,21,21,0.6675862073898315,0.658965528011322,0.70241379737854,0.04344826936721802,ambiguous
3W,21,22,0.7875862121582031,0.7731034755706787,0.8289655447006226,0.05586206912994385,reliable_critical
3W,21,23,0.8551723957061768,0.8182758688926697,0.8886206746101379,0.07034480571746826,reliable_critical
3W,21,24,0.8779309988021851,0.8441379070281982,0.910689651966095,0.06655174493789673,reliable_critical
3W,21,25,0.886206865310669,0.8779309988021851,0.9203448295593262,0.04241383075714111,reliable_critical
3W,21,26,0.8758620619773865,0.841724157333374,0.908275842666626,0.06655168533325195,reliable_critical
3W,21,27,0.9200000166893005,0.8951724171638489,0.9313793182373047,0.03620690107345581,reliable_critical
3W,21,28,0.935172438621521,0.9251724481582642,0.9431034326553345,0.017930984497070312,reliable_critical
3W,21,29,0.9420689940452576,0.9396551847457886,0.9627586007118225,0.023103415966033936,reliable_critical
3W,21,30,0.9406896829605103,0.9379310607910156,0.9599999785423279,0.022068917751312256,reliable_critical
3W,21,31,0.9393103718757629,0.9372414350509644,0.9593102931976318,0.02206885814666748,reliable_critical
3W,21,32,0.9441379308700562,0.9410344958305359,0.9620689153671265,0.021034419536590576,reliable_critical
TEP,0,0,0.7781341075897217,0.7607871294021606,0.7905247807502747,0.029737651348114014,reliable_critical
TEP,0,1,0.5209912061691284,0.49416911602020264,0.5451894998550415,0.05102038383483887,reliable_noncritical
TEP,0,2,0.4137026071548462,0.3705539107322693,0.43542274832725525,0.06486883759498596,reliable_noncritical
TEP,0,3,0.2772594690322876,0.2237609326839447,0.34212827682495117,0.11836734414100647,reliable_noncritical
TEP,0,4,0.3749271035194397,0.32507288455963135,0.42390671372413635,0.098833829164505,reliable_noncritical
TEP,0,5,0.11574344336986542,0.0609329417347908,0.19402331113815308,0.13309037685394287,reliable_noncritical
TEP,0,6,0.3099125325679779,0.24839651584625244,0.3811953365802765,0.13279882073402405,reliable_noncritical
TEP,0,7,0.4851312041282654,0.4309037923812866,0.5282799005508423,0.09737610816955566,reliable_noncritical
TEP,0,8,0.30291545391082764,0.26967930793762207,0.34067055583000183,0.07099124789237976,reliable_noncritical
TEP,0,9,0.08017492294311523,0.03002915531396866,0.15699708461761475,0.12696793675422668,reliable_noncritical
TEP,0,10,0.596792995929718,0.5607872009277344,0.6255102157592773,0.06472301483154297,reliable_noncritical
TEP,0,11,0.5667638778686523,0.5392128229141235,0.5954810380935669,0.05626821517944336,reliable_noncritical
TEP,0,12,0.18192419409751892,0.11180758476257324,0.25364431738853455,0.1418367326259613,reliable_noncritical
TEP,0,13,0.45102041959762573,0.33965015411376953,0.5120991468429565,0.172448992729187,reliable_noncritical
TEP,0,14,0.19358600676059723,0.07332361489534378,0.26618075370788574,0.19285714626312256,reliable_noncritical
TEP,0,15,0.3265306055545807,0.2583090364933014,0.3717201352119446,0.11341109871864319,reliable_noncritical
TEP,0,16,0.18571428954601288,0.10466472059488297,0.24912536144256592,0.14446064829826355,reliable_noncritical
TEP,0,17,0.3542274236679077,0.3002915382385254,0.4055393636226654,0.10524782538414001,reliable_noncritical
TEP,0,18,0.051311954855918884,0.013994169421494007,0.08775509893894196,0.07376092672348022,reliable_noncritical
TEP,0,19,0.4230320453643799,0.37361517548561096,0.47405245900154114,0.10043728351593018,reliable_noncritical
TEP,0,20,0.33790087699890137,0.2677842378616333,0.38513118028640747,0.11734694242477417,reliable_noncritical
TEP,0,21,0.5612244606018066,0.5061224699020386,0.5970845222473145,0.09096205234527588,reliable_noncritical
TEP,0,22,0.5431486964225769,0.5030611753463745,0.5798833966255188,0.07682222127914429,reliable_noncritical
TEP,0,23,0.30524781346321106,0.24198251962661743,0.37011659145355225,0.12813407182693481,reliable_noncritical
TEP,0,24,0.5166180729866028,0.4610787332057953,0.5437317490577698,0.08265301585197449,reliable_noncritical
TEP,0,25,0.46909621357917786,0.4319241940975189,0.5055393576622009,0.073615163564682,reliable_noncritical
TEP,0,26,0.4379009008407593,0.39562681317329407,0.4849854111671448,0.08935859799385071,reliable_noncritical
TEP,0,27,0.4306122660636902,0.3771136999130249,0.4758017361164093,0.0986880362033844,reliable_noncritical
TEP,0,28,0.552769660949707,0.518367350101471,0.5811952948570251,0.0628279447555542,reliable_noncritical
TEP,0,29,0.46297377347946167,0.4304664731025696,0.4944606423377991,0.06399416923522949,reliable_noncritical
TEP,0,30,0.5454810261726379,0.5077259540557861,0.5657434463500977,0.05801749229431152,reliable_noncritical
TEP,0,31,0.5804664492607117,0.5602040886878967,0.6017492413520813,0.04154515266418457,reliable_noncritical
TEP,0,32,0.3521865904331207,0.29139941930770874,0.4166180491447449,0.12521862983703613,reliable_noncritical
TEP,1,0,0.5711370706558228,0.5427113771438599,0.6043731570243835,0.06166177988052368,reliable_noncritical
TEP,1,1,0.42915451526641846,0.3940233290195465,0.4841107726097107,0.09008744359016418,reliable_noncritical
TEP,1,2,0.6379008293151855,0.5972303152084351,0.6731778383255005,0.07594752311706543,reliable_noncritical
TEP,1,3,0.1271136999130249,0.06632652878761292,0.1797376126050949,0.113411083817482,reliable_noncritical
TEP,1,4,0.5067055225372314,0.4462099075317383,0.6036443114280701,0.1574344038963318,reliable_noncritical
TEP,1,5,0.372011661529541,0.3183673620223999,0.43338191509246826,0.11501455307006836,reliable_noncritical
TEP,1,6,0.2469387650489807,0.19373176991939545,0.2848396599292755,0.09110789000988007,reliable_noncritical
TEP,1,7,0.3320699632167816,0.2613702714443207,0.40204083919525146,0.1406705677509308,reliable_noncritical
TEP,1,8,0.25685131549835205,0.15058308839797974,0.33046647906303406,0.17988339066505432,reliable_noncritical
TEP,1,9,0.2026239037513733,0.13104955852031708,0.3150145709514618,0.18396501243114471,reliable_noncritical
TEP,1,10,0.3930029273033142,0.27696794271469116,0.4537900686264038,0.17682212591171265,reliable_noncritical
TEP,1,11,0.3443148732185364,0.254373162984848,0.4000000059604645,0.14562684297561646,reliable_noncritical
TEP,1,12,0.18046647310256958,0.13833819329738617,0.24548104405403137,0.1071428507566452,reliable_noncritical
TEP,1,13,0.22303207218647003,0.17798833549022675,0.2586005926132202,0.08061225712299347,reliable_noncritical
TEP,1,14,0.34606415033340454,0.2645772695541382,0.4172011613845825,0.15262389183044434,reliable_noncritical
TEP,1,15,0.34518951177597046,0.2666180729866028,0.439212828874588,0.17259475588798523,reliable_noncritical
TEP,1,16,0.6020407676696777,0.5516034960746765,0.6540816426277161,0.10247814655303955,reliable_noncritical
TEP,1,17,0.430320680141449,0.3435859978199005,0.5169095993041992,0.1733236014842987,reliable_noncritical
TEP,1,18,0.18192419409751892,0.09096209704875946,0.2771137058734894,0.18615160882472992,reliable_noncritical
TEP,1,19,0.08454810082912445,0.05918367579579353,0.14839650690555573,0.08921283483505249,reliable_noncritical
TEP,1,20,0.18746355175971985,0.11690962314605713,0.23163264989852905,0.11472302675247192,reliable_noncritical
TEP,1,21,0.5588921308517456,0.4924198389053345,0.6173469424247742,0.1249271035194397,reliable_noncritical
TEP,1,22,0.13498541712760925,0.07755102217197418,0.20422741770744324,0.12667639553546906,reliable_noncritical
TEP,1,23,0.203790083527565,0.1521865874528885,0.2615160346031189,0.10932944715023041,reliable_noncritical
TEP,1,24,0.25481051206588745,0.21341107785701752,0.346355676651001,0.13294459879398346,reliable_noncritical
TEP,1,25,0.32915452122688293,0.24927113950252533,0.3905247747898102,0.14125363528728485,reliable_noncritical
TEP,1,26,0.3521865904331207,0.30597665905952454,0.4033527970314026,0.09737613797187805,reliable_noncritical
TEP,1,27,0.2279883325099945,0.1784256547689438,0.2645772397518158,0.08615158498287201,reliable_noncritical
TEP,1,28,0.20437318086624146,0.1492711305618286,0.2804664671421051,0.1311953365802765,reliable_noncritical
TEP,1,29,0.11690962314605713,0.06705539673566818,0.18833819031715393,0.12128279358148575,reliable_noncritical
TEP,1,30,0.2364431470632553,0.1355685144662857,0.30102041363716125,0.16545189917087555,reliable_noncritical
TEP,1,31,0.23877550661563873,0.15874634683132172,0.31253641843795776,0.15379007160663605,reliable_noncritical
TEP,1,32,0.07113702595233917,0.04373177886009216,0.16822156310081482,0.12448978424072266,reliable_noncritical
TEP,2,0,0.8728863000869751,0.8368804454803467,0.9007288813591003,0.06384843587875366,reliable_critical
TEP,2,1,0.7973760962486267,0.7718659043312073,0.8304664492607117,0.058600544929504395,reliable_critical
TEP,2,2,0.6801749467849731,0.6365889310836792,0.7005831003189087,0.06399416923522949,ambiguous
TEP,2,3,0.5498542189598083,0.4934402406215668,0.5887755155563354,0.09533527493476868,reliable_noncritical
TEP,2,4,0.5037900805473328,0.4473761022090912,0.5507288575172424,0.10335275530815125,reliable_noncritical
TEP,2,5,0.09067055583000183,0.042274054139852524,0.1450437307357788,0.10276967287063599,reliable_noncritical
TEP,2,6,0.0892128273844719,0.03790087625384331,0.14897958934307098,0.11107870936393738,reliable_noncritical
TEP,2,7,0.8160349726676941,0.7776967883110046,0.9016035199165344,0.12390673160552979,reliable_critical
TEP,2,8,0.21282798051834106,0.16399416327476501,0.26924198865890503,0.10524782538414001,reliable_noncritical
TEP,2,9,0.2058309018611908,0.12667638063430786,0.2890670597553253,0.16239067912101746,reliable_noncritical
TEP,2,10,0.07725947350263596,0.03731778264045715,0.13090379536151886,0.0935860127210617,reliable_noncritical
TEP,2,11,0.08862973749637604,0.028717201203107834,0.12521865963935852,0.09650145471096039,reliable_noncritical
TEP,2,12,0.0766763836145401,0.04766763746738434,0.12667638063430786,0.07900874316692352,reliable_noncritical
TEP,2,13,0.1314868927001953,0.08979591727256775,0.21720117330551147,0.12740525603294373,reliable_noncritical
TEP,2,14,0.34839650988578796,0.27696794271469116,0.4160349667072296,0.13906702399253845,reliable_noncritical
TEP,2,15,0.15830904245376587,0.11078717559576035,0.2352769672870636,0.12448979169130325,reliable_noncritical
TEP,2,16,0.3758017420768738,0.32405245304107666,0.4314868748188019,0.10743442177772522,reliable_noncritical
TEP,2,17,0.3224489688873291,0.2533527612686157,0.37346938252449036,0.12011662125587463,reliable_noncritical
TEP,2,18,0.40058308839797974,0.31982508301734924,0.4462099075317383,0.12638482451438904,reliable_noncritical
TEP,2,19,0.24868804216384888,0.19096209108829498,0.3141399323940277,0.12317784130573273,reliable_noncritical
TEP,2,20,0.14431487023830414,0.09723032265901566,0.2395043671131134,0.14227405190467834,reliable_noncritical
TEP,2,21,0.0944606363773346,0.028862973675131798,0.14110787212848663,0.11224489659070969,reliable_noncritical
TEP,2,22,0.3402332365512848,0.24766764044761658,0.3969387710094452,0.1492711305618286,reliable_noncritical
TEP,2,23,0.3489795923233032,0.25772595405578613,0.4220116436481476,0.16428568959236145,reliable_noncritical
TEP,2,24,0.17201165854930878,0.11093294620513916,0.26632654666900635,0.1553936004638672,reliable_noncritical
TEP,2,25,0.32944607734680176,0.24416908621788025,0.39548105001449585,0.1513119637966156,reliable_noncritical
TEP,2,26,0.0851311981678009,0.04999999701976776,0.15932944416999817,0.10932944715023041,reliable_noncritical
TEP,2,27,0.12419825792312622,0.07959183305501938,0.20087462663650513,0.12128279358148575,reliable_noncritical
TEP,2,28,0.3845480978488922,0.3326530456542969,0.44504374265670776,0.11239069700241089,reliable_noncritical
TEP,2,29,0.5991253852844238,0.5575801730155945,0.6354227662086487,0.0778425931930542,reliable_noncritical
TEP,2,30,0.4297376275062561,0.3699708580970764,0.5139941573143005,0.14402329921722412,reliable_noncritical
TEP,2,31,0.025655977427959442,0.010495626367628574,0.06399416923522949,0.05349854379892349,reliable_noncritical
TEP,2,32,0.044897958636283875,0.013848396949470043,0.10655976831912994,0.09271137416362762,reliable_noncritical
TEP,3,0,0.890379011631012,0.8737609386444092,0.9148688316345215,0.041107892990112305,reliable_critical
TEP,3,1,0.7553936243057251,0.7265306115150452,0.7749271392822266,0.048396527767181396,reliable_critical
TEP,3,2,0.6530612111091614,0.6349854469299316,0.6797376275062561,0.04475218057632446,reliable_noncritical
TEP,3,3,0.6588921546936035,0.6311953067779541,0.6846938729286194,0.05349856615066528,reliable_noncritical
TEP,3,4,0.3688046634197235,0.3225947618484497,0.4180757999420166,0.0954810380935669,reliable_noncritical
TEP,3,5,0.29241982102394104,0.2288629710674286,0.3446063995361328,0.11574342846870422,reliable_noncritical
TEP,3,6,0.5725947618484497,0.5450437068939209,0.6448979377746582,0.0998542308807373,reliable_noncritical
TEP,3,7,0.42711371183395386,0.3759475350379944,0.4756559729576111,0.0997084379196167,reliable_noncritical
TEP,3,8,0.2501457631587982,0.14373177289962769,0.3190962076187134,0.1753644347190857,reliable_noncritical
TEP,3,9,0.1755101978778839,0.1208454817533493,0.23075801134109497,0.10991252958774567,reliable_noncritical
TEP,3,10,0.15568512678146362,0.041545189917087555,0.279154509305954,0.23760932683944702,reliable_noncritical
TEP,3,11,0.26209911704063416,0.20976676046848297,0.32317784428596497,0.113411083817482,reliable_noncritical
TEP,3,12,0.15043732523918152,0.09912536293268204,0.2574343979358673,0.15830904245376587,reliable_noncritical
TEP,3,13,0.08396501839160919,0.04562682285904884,0.12128279358148575,0.0756559669971466,reliable_noncritical
TEP,3,14,0.15393586456775665,0.04927113652229309,0.21982507407665253,0.17055393755435944,reliable_noncritical
TEP,3,15,0.32303208112716675,0.27274054288864136,0.38163265585899353,0.10889211297035217,reliable_noncritical
TEP,3,16,0.39241981506347656,0.3457725942134857,0.4309037923812866,0.0851311981678009,reliable_noncritical
TEP,3,17,0.20349854230880737,0.10568512976169586,0.28396502137184143,0.17827989161014557,reliable_noncritical
TEP,3,18,0.5309038162231445,0.4749271273612976,0.5989795923233032,0.12405246496200562,reliable_noncritical
TEP,3,19,0.08367346227169037,0.03658892214298248,0.14154519140720367,0.10495626926422119,reliable_noncritical
TEP,3,20,0.2772594690322876,0.17346937954425812,0.34402331709861755,0.17055393755435944,reliable_noncritical
TEP,3,21,0.48804664611816406,0.4330903887748718,0.5558308959007263,0.12274050712585449,reliable_noncritical
TEP,3,22,0.2551020383834839,0.21239067614078522,0.32798832654953003,0.11559765040874481,reliable_noncritical
TEP,3,23,0.3749271035194397,0.31967929005622864,0.4518950581550598,0.13221576809883118,reliable_noncritical
TEP,3,24,0.21370261907577515,0.15758016705513,0.2775510251522064,0.11997085809707642,reliable_noncritical
TEP,3,25,0.12536442279815674,0.06559766829013824,0.21457725763320923,0.14897958934307098,reliable_noncritical
TEP,3,26,0.061807580292224884,0.02594752237200737,0.16137026250362396,0.1354227364063263,reliable_noncritical
TEP,3,27,0.041107870638370514,0.012973761186003685,0.11209912598133087,0.09912536293268204,reliable_noncritical
TEP,3,28,0.18629738688468933,0.11516034603118896,0.25451895594596863,0.13935860991477966,reliable_noncritical
TEP,3,29,0.08104956150054932,0.03731778264045715,0.1565597653388977,0.11924198269844055,reliable_noncritical
TEP,3,30,0.15772594511508942,0.08148688077926636,0.21297377347946167,0.1314868927001953,reliable_noncritical
TEP,3,31,0.3483964800834656,0.2552478313446045,0.3877550959587097,0.13250726461410522,reliable_noncritical
TEP,3,32,0.2195335328578949,0.13935860991477966,0.27128279209136963,0.13192418217658997,reliable_noncritical
TEP,4,0,0.1113702654838562,0.046793002635240555,0.15932944416999817,0.11253644526004791,reliable_noncritical
TEP,4,1,0.3559766709804535,0.25379008054733276,0.4192419946193695,0.16545191407203674,reliable_noncritical
TEP,4,2,0.13381925225257874,0.08061224222183228,0.19518950581550598,0.1145772635936737,reliable_noncritical
TEP,4,3,0.2131195366382599,0.13731779158115387,0.27769678831100464,0.14037899672985077,reliable_noncritical
TEP,4,4,0.140816330909729,0.10466472059488297,0.21895043551921844,0.11428571492433548,reliable_noncritical
TEP,4,5,0.10553935915231705,0.04927113652229309,0.16297376155853271,0.11370262503623962,reliable_noncritical
TEP,4,6,0.11982507258653641,0.061516035348176956,0.15932944416999817,0.09781341254711151,reliable_noncritical
TEP,4,7,0.14635568857192993,0.08731777966022491,0.2227405309677124,0.1354227513074875,reliable_noncritical
TEP,4,8,0.1545189470052719,0.08644314855337143,0.24402332305908203,0.15758016705513,reliable_noncritical
TEP,4,9,0.24344024062156677,0.14110787212848663,0.31151604652404785,0.17040817439556122,reliable_noncritical
TEP,4,10,0.1218658909201622,0.045626819133758545,0.17361515760421753,0.12798833847045898,reliable_noncritical
TEP,4,11,0.19154518842697144,0.14679300785064697,0.2562682330608368,0.10947522521018982,reliable_noncritical
TEP,4,12,0.14635568857192993,0.08323615789413452,0.22871720790863037,0.14548105001449585,reliable_noncritical
TEP,4,13,0.07755102217197418,0.031341105699539185,0.1335276961326599,0.10218659043312073,reliable_noncritical
TEP,4,14,0.06501457095146179,0.025072885677218437,0.12069971114397049,0.0956268236041069,reliable_noncritical
TEP,4,15,0.03906705603003502,0.018950438126921654,0.0766763836145401,0.0577259436249733,reliable_noncritical
TEP,4,16,0.4204081594944,0.3508746325969696,0.4746355712413788,0.12376093864440918,reliable_noncritical
TEP,4,17,0.060349855571985245,0.031778424978256226,0.11093294620513916,0.07915452122688293,reliable_noncritical
TEP,4,18,0.050145771354436874,0.023906705901026726,0.13586005568504333,0.11195334792137146,reliable_noncritical
TEP,4,19,0.16851311922073364,0.10568512976169586,0.24300292134284973,0.13731779158115387,reliable_noncritical
TEP,4,20,0.0609329454600811,0.024927113205194473,0.09387755393981934,0.06895044445991516,reliable_noncritical
TEP,4,21,0.2174926996231079,0.16034984588623047,0.2803207039833069,0.11997085809707642,reliable_noncritical
TEP,4,22,0.08688046783208847,0.032944608479738235,0.15801748633384705,0.1250728815793991,reliable_noncritical
TEP,4,23,0.3446063995361328,0.29358601570129395,0.377988338470459,0.08440232276916504,reliable_noncritical
TEP,4,24,0.07725947350263596,0.03615160286426544,0.14577259123325348,0.10962098836898804,reliable_noncritical
TEP,4,25,0.09679300338029861,0.045335277915000916,0.1711370199918747,0.12580174207687378,reliable_noncritical
TEP,4,26,0.32099124789237976,0.24752187728881836,0.37011662125587463,0.12259474396705627,reliable_noncritical
TEP,4,27,0.30641400814056396,0.19198250770568848,0.36603498458862305,0.17405247688293457,reliable_noncritical
TEP,4,28,0.31020408868789673,0.2205539345741272,0.38600581884384155,0.16545188426971436,reliable_noncritical
TEP,4,29,0.06326530873775482,0.024635568261146545,0.13906705379486084,0.1144314855337143,reliable_noncritical
TEP,4,30,0.15393584966659546,0.09606413543224335,0.21807581186294556,0.12201167643070221,reliable_noncritical
TEP,4,31,0.189212828874588,0.12521865963935852,0.26209914684295654,0.13688048720359802,reliable_noncritical
TEP,4,32,0.08629737794399261,0.042711369693279266,0.16005830466747284,0.11734693497419357,reliable_noncritical
TEP,5,0,0.6556851267814636,0.6250728368759155,0.6839650273323059,0.05889219045639038,reliable_noncritical
TEP,5,1,0.5874635577201843,0.5625364780426025,0.6125364303588867,0.04999995231628418,reliable_noncritical
TEP,5,2,0.5072886347770691,0.4569970965385437,0.5403790473937988,0.08338195085525513,reliable_noncritical
TEP,5,3,0.453644335269928,0.39241981506347656,0.49329444766044617,0.1008746325969696,reliable_noncritical
TEP,5,4,0.3037900924682617,0.2655976712703705,0.3717201352119446,0.1061224639415741,reliable_noncritical
TEP,5,5,0.1113702654838562,0.05495626851916313,0.15816326439380646,0.10320699214935303,reliable_noncritical
TEP,5,6,0.24839650094509125,0.17069971561431885,0.31239068508148193,0.14169096946716309,reliable_noncritical
TEP,5,7,0.13061225414276123,0.06851311773061752,0.1963556706905365,0.12784254550933838,reliable_noncritical
TEP,5,8,0.30320701003074646,0.23498542606830597,0.37667638063430786,0.1416909545660019,reliable_noncritical
TEP,5,9,0.3142856955528259,0.27172011137008667,0.3571428656578064,0.08542275428771973,reliable_noncritical
TEP,5,10,0.20670554041862488,0.14096209406852722,0.28192418813705444,0.14096209406852722,reliable_noncritical
TEP,5,11,0.14169096946716309,0.09081632643938065,0.2027696669101715,0.11195334047079086,reliable_noncritical
TEP,5,12,0.11253644526004791,0.06530611962080002,0.22346939146518707,0.15816327929496765,reliable_noncritical
TEP,5,13,0.34927111864089966,0.229008749127388,0.409621000289917,0.180612251162529,reliable_noncritical
TEP,5,14,0.11370262503623962,0.055830903351306915,0.1879008710384369,0.13206997513771057,reliable_noncritical
TEP,5,15,0.1521865874528885,0.08221574127674103,0.23556852340698242,0.1533527821302414,reliable_noncritical
TEP,5,16,0.1250728964805603,0.0829446017742157,0.19169096648693085,0.10874636471271515,reliable_noncritical
TEP,5,17,0.35743439197540283,0.27784258127212524,0.4330903887748718,0.15524780750274658,reliable_noncritical
TEP,5,18,0.3195335268974304,0.24985423684120178,0.35962098836898804,0.10976675152778625,reliable_noncritical
TEP,5,19,0.5798833966255188,0.49941688776016235,0.6425656080245972,0.14314872026443481,reliable_noncritical
TEP,5,20,0.2026239037513733,0.1438775509595871,0.24096210300922394,0.09708455204963684,reliable_noncritical
TEP,5,21,0.330029159784317,0.24548104405403137,0.37667638063430786,0.1311953365802765,reliable_noncritical
TEP,5,22,0.5644314885139465,0.5215743780136108,0.6119533777236938,0.09037899971008301,reliable_noncritical
TEP,5,23,0.12769678235054016,0.08892127871513367,0.2048105001449585,0.11588922142982483,reliable_noncritical
TEP,5,24,0.1335276961326599,0.0913994163274765,0.1607871800661087,0.0693877637386322,reliable_noncritical
TEP,5,25,0.3285714387893677,0.2540816068649292,0.38483965396881104,0.13075804710388184,reliable_noncritical
TEP,5,26,0.2606413960456848,0.21137025952339172,0.3160349726676941,0.10466471314430237,reliable_noncritical
TEP,5,27,0.3139941692352295,0.21836735308170319,0.3769679367542267,0.1586005836725235,reliable_noncritical
TEP,5,28,0.16443148255348206,0.08483964949846268,0.22740525007247925,0.14256560802459717,reliable_noncritical
TEP,5,29,0.31166180968284607,0.23892128467559814,0.3686589002609253,0.12973761558532715,reliable_noncritical
TEP,5,30,0.12769679725170135,0.07055393606424332,0.1995626837015152,0.12900874018669128,reliable_noncritical
TEP,5,31,0.13177841901779175,0.07128279656171799,0.23862974345684052,0.16734695434570312,reliable_noncritical
TEP,5,32,0.11311952769756317,0.049416907131671906,0.1731778383255005,0.12376093119382858,reliable_noncritical
TEP,6,0,0.6620991230010986,0.6434402465820312,0.6833819150924683,0.03994166851043701,reliable_noncritical
TEP,6,1,0.8533527851104736,0.8297376036643982,0.8864431381225586,0.0567055344581604,reliable_critical
TEP,6,2,0.903207004070282,0.8731778860092163,0.9221574068069458,0.04897952079772949,reliable_critical
TEP,6,3,0.8731778860092163,0.8462098836898804,0.9033527374267578,0.05714285373687744,reliable_critical
TEP,6,4,0.7915451526641846,0.7775510549545288,0.8107872009277344,0.033236145973205566,reliable_critical
TEP,6,5,0.8379008769989014,0.8225947618484497,0.8537901043891907,0.031195342540740967,reliable_critical
TEP,6,6,0.8017492890357971,0.7848396301269531,0.814723014831543,0.029883384704589844,reliable_critical
TEP,6,7,0.8291544914245605,0.812828004360199,0.8502915501594543,0.03746354579925537,reliable_critical
TEP,6,8,0.8481049537658691,0.8196792602539062,0.8730320930480957,0.05335283279418945,reliable_critical
TEP,6,9,0.9443148374557495,0.9167638421058655,0.9594752192497253,0.04271137714385986,reliable_critical
TEP,6,10,0.916034996509552,0.891253650188446,0.9396501183509827,0.04839646816253662,reliable_critical
TEP,6,11,0.8676384687423706,0.8497084379196167,0.8946064114570618,0.04489797353744507,reliable_critical
TEP,6,12,0.9658892154693604,0.9510204195976257,0.9725947380065918,0.021574318408966064,reliable_critical
TEP,6,13,0.9131195545196533,0.8826530575752258,0.9278425574302673,0.045189499855041504,reliable_critical
TEP,6,14,0.9323615431785583,0.9158892035484314,0.9447522163391113,0.02886301279067993,reliable_critical
TEP,6,15,0.9002915620803833,0.8819242119789124,0.9195335507392883,0.03760933876037598,reliable_critical
TEP,6,16,0.9384839534759521,0.9256559610366821,0.9523323774337769,0.026676416397094727,reliable_critical
TEP,6,17,0.9819241762161255,0.9771137237548828,0.9877551198005676,0.010641396045684814,reliable_critical
TEP,6,18,0.9725947380065918,0.9661807417869568,0.9803206920623779,0.014139950275421143,reliable_critical
TEP,6,19,0.991253674030304,0.9870262145996094,0.9947521686553955,0.007725954055786133,reliable_critical
TEP,6,20,0.9536442756652832,0.9438775777816772,0.9641399383544922,0.02026236057281494,reliable_critical
TEP,6,21,0.9801748991012573,0.9705539345741272,0.9865888953208923,0.016034960746765137,reliable_critical
TEP,6,22,0.9819241762161255,0.9730320572853088,0.984839677810669,0.011807620525360107,reliable_critical
TEP,6,23,0.951894998550415,0.9387755393981934,0.9609329700469971,0.02215743064880371,reliable_critical
TEP,6,24,0.9326530694961548,0.9189504384994507,0.9447522163391113,0.025801777839660645,reliable_critical
TEP,6,25,0.9769679307937622,0.9737609624862671,0.9803206920623779,0.00655972957611084,reliable_critical
TEP,6,26,0.9425655603408813,0.9332361817359924,0.9545189738273621,0.02128279209136963,reliable_critical
TEP,6,27,0.9446064233779907,0.9326530694961548,0.956413984298706,0.02376091480255127,reliable_critical
TEP,6,28,0.9460641145706177,0.9298833608627319,0.9545189738273621,0.024635612964630127,reliable_critical
TEP,6,29,0.9906705617904663,0.98717200756073,0.9930028915405273,0.005830883979797363,reliable_critical
TEP,6,30,0.9644315242767334,0.9532070159912109,0.9721574783325195,0.018950462341308594,reliable_critical
TEP,6,31,0.9588921070098877,0.9533527493476868,0.9680758118629456,0.014723062515258789,reliable_critical
TEP,6,32,0.9787172079086304,0.9701166152954102,0.9854227304458618,0.01530611515045166,reliable_critical
TEP,7,0,0.9218659400939941,0.8762390613555908,0.9521865844726562,0.07594752311706543,reliable_critical
TEP,7,1,0.7329446077346802,0.7102040648460388,0.7505831122398376,0.04037904739379883,reliable_critical
TEP,7,2,0.6448979377746582,0.6167638301849365,0.6712827682495117,0.054518938064575195,reliable_noncritical
TEP,7,3,0.41836732625961304,0.38586005568504333,0.46909621357917786,0.08323615789413452,reliable_noncritical
TEP,7,4,0.4641399383544922,0.41763848066329956,0.5223032236099243,0.10466474294662476,reliable_noncritical
TEP,7,5,0.1755101978778839,0.1208454817533493,0.22288629412651062,0.10204081237316132,reliable_noncritical
TEP,7,6,0.28629738092422485,0.22930029034614563,0.3653061091899872,0.13600581884384155,reliable_noncritical
TEP,7,7,0.10233236849308014,0.08075802028179169,0.15189504623413086,0.07113702595233917,reliable_noncritical
TEP,7,8,0.12157434225082397,0.07623906433582306,0.1879008710384369,0.11166180670261383,reliable_noncritical
TEP,7,9,0.2950437068939209,0.20233236253261566,0.35758018493652344,0.15524782240390778,reliable_noncritical
TEP,7,10,0.09387755393981934,0.05685131251811981,0.13994169235229492,0.08309037983417511,reliable_noncritical
TEP,7,11,0.14110787212848663,0.0913994163274765,0.2112244963645935,0.119825080037117,reliable_noncritical
TEP,7,12,0.20000000298023224,0.12069970369338989,0.29475218057632446,0.17405247688293457,reliable_noncritical
TEP,7,13,0.3530612289905548,0.304373174905777,0.419970840215683,0.115597665309906,reliable_noncritical
TEP,7,14,0.182798832654953,0.1166180744767189,0.24839650094509125,0.13177841901779175,reliable_noncritical
TEP,7,15,0.05160349979996681,0.026530612260103226,0.12638483941555023,0.0998542308807373,reliable_noncritical
TEP,7,16,0.17667639255523682,0.09300291538238525,0.21967929601669312,0.12667638063430786,reliable_noncritical
TEP,7,17,0.1061224490404129,0.058454811573028564,0.21370263397693634,0.15524782240390778,reliable_noncritical
TEP,7,18,0.7148687839508057,0.6711369752883911,0.7373178005218506,0.06618082523345947,ambiguous
TEP,7,19,0.1702623963356018,0.12040816247463226,0.22142857313156128,0.10102041065692902,reliable_noncritical
TEP,7,20,0.281632661819458,0.22521865367889404,0.34839650988578796,0.12317785620689392,reliable_noncritical
TEP,7,21,0.3836734890937805,0.36501458287239075,0.4488338232040405,0.08381924033164978,reliable_noncritical
TEP,7,22,0.26851311326026917,0.16676384210586548,0.37026238441467285,0.20349854230880737,reliable_noncritical
TEP,7,23,0.08542273938655853,0.029591836035251617,0.2553935945034027,0.2258017659187317,reliable_noncritical
TEP,7,24,0.15043732523918152,0.07886297255754471,0.29125362634658813,0.21239066123962402,reliable_noncritical
TEP,7,25,0.565597653388977,0.5147230625152588,0.6360058784484863,0.12128281593322754,reliable_noncritical
TEP,7,26,0.11516034603118896,0.06690962612628937,0.18965014815330505,0.12274052202701569,reliable_noncritical
TEP,7,27,0.3195335268974304,0.20408162474632263,0.3887755274772644,0.18469390273094177,reliable_noncritical
TEP,7,28,0.11574344336986542,0.07623906433582306,0.1669096201658249,0.09067055583000183,reliable_noncritical
TEP,7,29,0.17580175399780273,0.11997084319591522,0.24431487917900085,0.12434403598308563,reliable_noncritical
TEP,7,30,0.3227405250072479,0.22842565178871155,0.4099125266075134,0.18148687481880188,reliable_noncritical
TEP,7,31,0.10728862881660461,0.06559766829013824,0.13804665207862854,0.0724489837884903,reliable_noncritical
TEP,7,32,0.32390671968460083,0.26297375559806824,0.41020408272743225,0.147230327129364,reliable_noncritical
TEP,8,0,0.7967929840087891,0.7763848304748535,0.8336734771728516,0.05728864669799805,reliable_critical
TEP,8,1,0.9466472268104553,0.90816330909729,0.9680758118629456,0.05991250276565552,reliable_critical
TEP,8,2,0.5693877935409546,0.546355664730072,0.5915451645851135,0.045189499855041504,reliable_noncritical
TEP,8,3,0.51282799243927,0.483236163854599,0.5370262861251831,0.053790122270584106,reliable_noncritical
TEP,8,4,0.40612244606018066,0.371574342250824,0.43673470616340637,0.0651603639125824,reliable_noncritical
TEP,8,5,0.4212827980518341,0.3794460594654083,0.4581632614135742,0.0787172019481659,reliable_noncritical
TEP,8,6,0.41137027740478516,0.3811953365802765,0.445189505815506,0.06399416923522949,reliable_noncritical
TEP,8,7,0.47230321168899536,0.4351311922073364,0.5020408034324646,0.06690961122512817,reliable_noncritical
TEP,8,8,0.6119533777236938,0.583965003490448,0.6253644227981567,0.04139941930770874,reliable_noncritical
TEP,8,9,0.4644314646720886,0.424344003200531,0.4967930018901825,0.07244899868965149,reliable_noncritical
TEP,8,10,0.4854227304458618,0.4472303092479706,0.5243440270423889,0.07711371779441833,reliable_noncritical
TEP,8,11,0.2658892273902893,0.22507289052009583,0.2916909456253052,0.06661805510520935,reliable_noncritical
TEP,8,12,0.5288629531860352,0.49518951773643494,0.5588921308517456,0.06370261311531067,reliable_noncritical
TEP,8,13,0.4189504384994507,0.37361517548561096,0.47638481855392456,0.1027696430683136,reliable_noncritical
TEP,8,14,0.2373177856206894,0.21618075668811798,0.2645772695541382,0.0483965128660202,reliable_noncritical
TEP,8,15,0.47725948691368103,0.4192419946193695,0.5204081535339355,0.10116615891456604,reliable_noncritical
TEP,8,16,0.2110787183046341,0.15830904245376587,0.26005831360816956,0.10174927115440369,reliable_noncritical
TEP,8,17,0.19708454608917236,0.17376092076301575,0.23935860395431519,0.06559768319129944,reliable_noncritical
TEP,8,18,0.30408161878585815,0.2575801908969879,0.3498542308807373,0.09227403998374939,reliable_noncritical
TEP,8,19,0.2930029034614563,0.2459183633327484,0.32813411951065063,0.08221575617790222,reliable_noncritical
TEP,8,20,0.3551020622253418,0.3049562871456146,0.4067055583000183,0.10174927115440369,reliable_noncritical
TEP,8,21,0.32536444067955017,0.28425654768943787,0.36807578802108765,0.08381924033164978,reliable_noncritical
TEP,8,22,0.43527698516845703,0.365597665309906,0.48688045144081116,0.12128278613090515,reliable_noncritical
TEP,8,23,0.23819240927696228,0.17915451526641846,0.29052478075027466,0.1113702654838562,reliable_noncritical
TEP,8,24,0.30524781346321106,0.26822158694267273,0.35655978322029114,0.08833819627761841,reliable_noncritical
TEP,8,25,0.27696794271469116,0.23192419111728668,0.3097667694091797,0.077842578291893,reliable_noncritical
TEP,8,26,0.15772594511508942,0.11224490404129028,0.19723032414913177,0.08498542010784149,reliable_noncritical
TEP,8,27,0.22740525007247925,0.19460642337799072,0.2775510251522064,0.0829446017742157,reliable_noncritical
TEP,8,28,0.15189504623413086,0.12755101919174194,0.18338192999362946,0.05583091080188751,reliable_noncritical
TEP,8,29,0.20874634385108948,0.16239066421985626,0.25189507007598877,0.08950440585613251,reliable_noncritical
TEP,8,30,0.18746355175971985,0.1269679218530655,0.2520408034324646,0.1250728815793991,reliable_noncritical
TEP,8,31,0.22769680619239807,0.1616618037223816,0.2985422611236572,0.13688045740127563,reliable_noncritical
TEP,8,32,0.3728863000869751,0.32827988266944885,0.4508746266365051,0.12259474396705627,reliable_noncritical
TEP,9,0,0.7148687839508057,0.7011662125587463,0.7265306115150452,0.025364398956298828,reliable_critical
TEP,9,1,0.724781334400177,0.6956268548965454,0.744023323059082,0.04839646816253662,ambiguous
TEP,9,2,0.558309018611908,0.5344023704528809,0.5861515998840332,0.051749229431152344,reliable_noncritical
TEP,9,3,0.5597667694091797,0.5142857432365417,0.5919824838638306,0.07769674062728882,reliable_noncritical
TEP,9,4,0.7137026190757751,0.691690981388092,0.7574344277381897,0.06574344635009766,ambiguous
TEP,9,5,0.30728864669799805,0.22463557124137878,0.37346938252449036,0.14883381128311157,reliable_noncritical
TEP,9,6,0.27667638659477234,0.1787172108888626,0.36516034603118896,0.18644313514232635,reliable_noncritical
TEP,9,7,0.1166180744767189,0.03629737347364426,0.23688046634197235,0.2005831003189087,reliable_noncritical
TEP,9,8,0.10116618126630783,0.049125365912914276,0.18236151337623596,0.1332361400127411,reliable_noncritical
TEP,9,9,0.06268221139907837,0.03381924331188202,0.1008746325969696,0.06705538928508759,reliable_noncritical
TEP,9,10,0.37463557720184326,0.32711368799209595,0.4297375977039337,0.10262390971183777,reliable_noncritical
TEP,9,11,0.2288629710674286,0.1660349816083908,0.2922740578651428,0.12623907625675201,reliable_noncritical
TEP,9,12,0.07259474694728851,0.01924198307096958,0.16034984588623047,0.14110785722732544,reliable_noncritical
TEP,9,13,0.41341108083724976,0.36734694242477417,0.44927114248275757,0.0819242000579834,reliable_noncritical
TEP,9,14,0.3489795923233032,0.26326531171798706,0.41034984588623047,0.1470845341682434,reliable_noncritical
TEP,9,15,0.6116617918014526,0.5619533061981201,0.6594752073287964,0.09752190113067627,reliable_noncritical
TEP,9,16,0.5673469305038452,0.5018950700759888,0.615160346031189,0.1132652759552002,reliable_noncritical
TEP,9,17,0.6629737615585327,0.609183669090271,0.7052478194236755,0.09606415033340454,ambiguous
TEP,9,18,0.4253644347190857,0.3642857074737549,0.4620991349220276,0.0978134274482727,reliable_noncritical
TEP,9,19,0.42682215571403503,0.37667638063430786,0.48163264989852905,0.10495626926422119,reliable_noncritical
TEP,9,20,0.24518950283527374,0.16720116138458252,0.30087462067604065,0.13367345929145813,reliable_noncritical
TEP,9,21,0.5309038162231445,0.4810495376586914,0.5686588883399963,0.08760935068130493,reliable_noncritical
TEP,9,22,0.5119533538818359,0.4591836631298065,0.5740524530410767,0.11486878991127014,reliable_noncritical
TEP,9,23,0.2026239037513733,0.1606414020061493,0.2924198508262634,0.13177844882011414,reliable_noncritical
TEP,9,24,0.3857142925262451,0.3542273938655853,0.4167638421058655,0.06253644824028015,reliable_noncritical
TEP,9,25,0.30728861689567566,0.22332361340522766,0.3718658983707428,0.14854228496551514,reliable_noncritical
TEP,9,26,0.5574344396591187,0.5170553922653198,0.5992711186408997,0.08221572637557983,reliable_noncritical
TEP,9,27,0.5743440389633179,0.516472339630127,0.6049562692642212,0.08848392963409424,reliable_noncritical
TEP,9,28,0.6685131192207336,0.6424198150634766,0.7033527493476868,0.060932934284210205,ambiguous
TEP,9,29,0.6285714507102966,0.5809037685394287,0.6588921546936035,0.0779883861541748,reliable_noncritical
TEP,9,30,0.5110787153244019,0.4887755215167999,0.5457726120948792,0.056997090578079224,reliable_noncritical
TEP,9,31,0.6556851267814636,0.6198250651359558,0.6798833608627319,0.06005829572677612,reliable_noncritical
TEP,9,32,0.1428571492433548,0.0798833817243576,0.23615160584449768,0.15626822412014008,reliable_noncritical
TEP,10,0,0.6119533777236938,0.5746355652809143,0.6475218534469604,0.07288628816604614,reliable_noncritical
TEP,10,1,0.9262390732765198,0.9023323655128479,0.943585991859436,0.041253626346588135,reliable_critical
TEP,10,2,0.9880466461181641,0.9813411235809326,0.9947521686553955,0.01341104507446289,reliable_critical
TEP,10,3,0.9886296987533569,0.983527660369873,0.9925656318664551,0.009037971496582031,reliable_critical
TEP,10,4,0.9731778502464294,0.9594752192497253,0.9814869165420532,0.02201169729232788,reliable_critical
TEP,10,5,0.7784256339073181,0.7532069683074951,0.8024781346321106,0.04927116632461548,reliable_critical
TEP,10,6,0.6985422968864441,0.6752186417579651,0.7189504504203796,0.04373180866241455,ambiguous
TEP,10,7,0.7518950700759888,0.7209912538528442,0.7762390375137329,0.05524778366088867,reliable_critical
TEP,10,8,0.6475218534469604,0.6144315004348755,0.6618075966835022,0.04737609624862671,reliable_noncritical
TEP,10,9,0.8396501541137695,0.7950437068939209,0.8741982579231262,0.07915455102920532,reliable_critical
TEP,10,10,0.5011661648750305,0.474781334400177,0.544460654258728,0.06967931985855103,reliable_noncritical
TEP,10,11,0.4463557004928589,0.4138484001159668,0.5507288575172424,0.13688045740127563,reliable_noncritical
TEP,10,12,0.7148687839508057,0.6838192343711853,0.7367346882820129,0.05291545391082764,ambiguous
TEP,10,13,0.49941691756248474,0.4539358615875244,0.5460641384124756,0.09212827682495117,reliable_noncritical
TEP,10,14,0.7116618156433105,0.6905247569084167,0.731195330619812,0.040670573711395264,ambiguous
TEP,10,15,0.6956267952919006,0.6669095754623413,0.7172011733055115,0.050291597843170166,ambiguous
TEP,10,16,0.7224489450454712,0.6921283006668091,0.7530612349510193,0.060932934284210205,ambiguous
TEP,10,17,0.7702623605728149,0.7446064352989197,0.8014577031135559,0.05685126781463623,reliable_critical
TEP,10,18,0.8693877458572388,0.8241982460021973,0.9198250770568848,0.0956268310546875,reliable_critical
TEP,10,19,0.8166180849075317,0.7800291776657104,0.8451895117759705,0.06516033411026001,reliable_critical
TEP,10,20,0.7058309316635132,0.6785714626312256,0.7314868569374084,0.05291539430618286,ambiguous
TEP,10,21,0.8116617798805237,0.7759475111961365,0.8444606065750122,0.06851309537887573,reliable_critical
TEP,10,22,0.9017492532730103,0.8559767007827759,0.9381924271583557,0.08221572637557983,reliable_critical
TEP,10,23,0.8134110569953918,0.7922740578651428,0.8491253852844238,0.056851327419281006,reliable_critical
TEP,10,24,0.8151603937149048,0.7895044088363647,0.8473761081695557,0.05787169933319092,reliable_critical
TEP,10,25,0.8787171840667725,0.8329446315765381,0.9244897961616516,0.09154516458511353,reliable_critical
TEP,10,26,0.7463557124137878,0.7281340956687927,0.7667638063430786,0.03862971067428589,reliable_critical
TEP,10,27,0.903207004070282,0.8628280162811279,0.9365889430046082,0.07376092672348022,reliable_critical
TEP,10,28,0.8673469424247742,0.8459183573722839,0.8998541831970215,0.05393582582473755,reliable_critical
TEP,10,29,0.8209912776947021,0.7991253733634949,0.8485422730445862,0.04941689968109131,reliable_critical
TEP,10,30,0.8361515998840332,0.8084548115730286,0.8584548234939575,0.050000011920928955,reliable_critical
TEP,10,31,0.8979591727256775,0.8701165914535522,0.9365889430046082,0.06647235155105591,reliable_critical
TEP,10,32,0.7892128229141235,0.7619533538818359,0.806414008140564,0.04446065425872803,reliable_critical
TEP,11,0,0.2918367385864258,0.20189504325389862,0.41239064931869507,0.21049560606479645,reliable_noncritical
TEP,11,1,0.38163265585899353,0.33556851744651794,0.4336734712123871,0.09810495376586914,reliable_noncritical
TEP,11,2,0.08688046783208847,0.051749274134635925,0.14839649200439453,0.0966472178697586,reliable_noncritical
TEP,11,3,0.25276967883110046,0.17492711544036865,0.33454808592796326,0.1596209704875946,reliable_noncritical
TEP,11,4,0.21690961718559265,0.10145772993564606,0.32303208112716675,0.2215743511915207,reliable_noncritical
TEP,11,5,0.29970842599868774,0.2501457929611206,0.3548104763031006,0.10466468334197998,reliable_noncritical
TEP,11,6,0.4419825077056885,0.36603498458862305,0.481195330619812,0.11516034603118896,reliable_noncritical
TEP,11,7,0.17871719598770142,0.12040816247463226,0.23469386994838715,0.11428570747375488,reliable_noncritical
TEP,11,8,0.39970844984054565,0.3539358675479889,0.44577258825302124,0.09183672070503235,reliable_noncritical
TEP,11,9,0.24314868450164795,0.17244897782802582,0.3045189380645752,0.13206996023654938,reliable_noncritical
TEP,11,10,0.20116618275642395,0.15349853038787842,0.25597667694091797,0.10247814655303955,reliable_noncritical
TEP,11,11,0.3571428656578064,0.2625364363193512,0.4325072765350342,0.16997084021568298,reliable_noncritical
TEP,11,12,0.4498542547225952,0.3782798647880554,0.5281341075897217,0.14985424280166626,reliable_noncritical
TEP,11,13,0.26326531171798706,0.18746355175971985,0.3266763985157013,0.13921284675598145,reliable_noncritical
TEP,11,14,0.40262389183044434,0.3443148732185364,0.44679298996925354,0.10247811675071716,reliable_noncritical
TEP,11,15,0.3317784070968628,0.285568505525589,0.38702625036239624,0.10145774483680725,reliable_noncritical
TEP,11,16,0.24431486427783966,0.14446063339710236,0.3539358377456665,0.20947520434856415,reliable_noncritical
TEP,11,17,0.2932944595813751,0.20131194591522217,0.3537900745868683,0.15247812867164612,reliable_noncritical
TEP,11,18,0.12565597891807556,0.0746355727314949,0.21603497862815857,0.14139941334724426,reliable_noncritical
TEP,11,19,0.1565597653388977,0.11049562692642212,0.23935860395431519,0.12886297702789307,reliable_noncritical
TEP,11,20,0.46880465745925903,0.42186588048934937,0.508746325969696,0.08688044548034668,reliable_noncritical
TEP,11,21,0.39446064829826355,0.2921282947063446,0.48819243907928467,0.19606414437294006,reliable_noncritical
TEP,11,22,0.1784256547689438,0.094606414437294,0.2701166272163391,0.1755102127790451,reliable_noncritical
TEP,11,23,0.10204081237316132,0.05495626851916313,0.1534985452890396,0.09854227304458618,reliable_noncritical
TEP,11,24,0.2279883325099945,0.16516034305095673,0.2916909456253052,0.12653060257434845,reliable_noncritical
TEP,11,25,0.1460641324520111,0.08279883116483688,0.23279884457588196,0.15000000596046448,reliable_noncritical
TEP,11,26,0.40903788805007935,0.32492709159851074,0.47230321168899536,0.14737612009048462,reliable_noncritical
TEP,11,27,0.28425657749176025,0.22857142984867096,0.34810495376586914,0.11953352391719818,reliable_noncritical
TEP,11,28,0.5204081535339355,0.45116618275642395,0.5848397016525269,0.1336735188961029,reliable_noncritical
TEP,11,29,0.12623906135559082,0.06661807745695114,0.21282798051834106,0.14620989561080933,reliable_noncritical
TEP,11,30,0.35539358854293823,0.25685131549835205,0.4379009008407593,0.18104958534240723,reliable_noncritical
TEP,11,31,0.1501457691192627,0.07609329372644424,0.2689504325389862,0.19285714626312256,reliable_noncritical
TEP,11,32,0.1291545182466507,0.06734694540500641,0.1797376126050949,0.1123906672000885,reliable_noncritical
TEP,12,0,0.7422740459442139,0.7204082012176514,0.7645772695541382,0.044169068336486816,reliable_critical
TEP,12,1,0.9072886109352112,0.8705539107322693,0.9325072765350342,0.06195336580276489,reliable_critical
TEP,12,2,0.9641399383544922,0.9562682509422302,0.9749271273612976,0.018658876419067383,reliable_critical
TEP,12,3,0.9431487321853638,0.9227405190467834,0.9612244963645935,0.03848397731781006,reliable_critical
TEP,12,4,0.8801749348640442,0.8495627045631409,0.9093294143676758,0.05976670980453491,reliable_critical
TEP,12,5,0.9492711424827576,0.9279883503913879,0.9672011733055115,0.039212822914123535,reliable_critical
TEP,12,6,0.8897958993911743,0.865597665309906,0.9161807298660278,0.050583064556121826,reliable_critical
TEP,12,7,0.8725947737693787,0.8441690802574158,0.9046646952629089,0.060495615005493164,reliable_critical
TEP,12,8,0.8556851148605347,0.8317784070968628,0.88032066822052,0.04854226112365723,reliable_critical
TEP,12,9,0.9553936123847961,0.9256559610366821,0.9676384925842285,0.04198253154754639,reliable_critical
TEP,12,10,0.9335277080535889,0.9011662006378174,0.9577259421348572,0.056559741497039795,reliable_critical
TEP,12,11,0.8685131072998047,0.8412536382675171,0.8934402465820312,0.05218660831451416,reliable_critical
TEP,12,12,0.9865888953208923,0.9768221378326416,0.9941691160202026,0.017346978187561035,reliable_critical
TEP,12,13,0.9446064233779907,0.9351311922073364,0.9562682509422302,0.0211370587348938,reliable_critical
TEP,12,14,0.9236151576042175,0.9002915620803833,0.9425656199455261,0.04227405786514282,reliable_critical
TEP,12,15,0.9419825077056885,0.9241982698440552,0.9575802087783813,0.03338193893432617,reliable_critical
TEP,12,16,0.9542274475097656,0.9402332305908203,0.9651603698730469,0.024927139282226562,reliable_critical
TEP,12,17,0.9903789758682251,0.9870262145996094,0.9953352808952332,0.00830906629562378,reliable_critical
TEP,12,18,0.98717200756073,0.9806122183799744,0.9906705617904663,0.010058343410491943,reliable_critical
TEP,12,19,0.9813411235809326,0.9766764044761658,0.9879008531570435,0.011224448680877686,reliable_critical
TEP,12,20,0.9399416446685791,0.923906683921814,0.9552478194236755,0.03134113550186157,reliable_critical
TEP,12,21,0.9772594571113586,0.9711370468139648,0.9838192462921143,0.012682199478149414,reliable_critical
TEP,12,22,0.9953352808952332,0.9918367266654968,0.9965014457702637,0.004664719104766846,reliable_critical
TEP,12,23,0.9556851387023926,0.9460641145706177,0.9639941453933716,0.017930030822753906,reliable_critical
TEP,12,24,0.9571428298950195,0.9386297464370728,0.9645772576332092,0.025947511196136475,reliable_critical
TEP,12,25,0.9586005806922913,0.9505831003189087,0.9676384925842285,0.017055392265319824,reliable_critical
TEP,12,26,0.9460641145706177,0.9349853992462158,0.9586005806922913,0.02361518144607544,reliable_critical
TEP,12,27,0.9562681913375854,0.9451894760131836,0.9680758118629456,0.022886335849761963,reliable_critical
TEP,12,28,0.9793002605438232,0.9705539345741272,0.9849854707717896,0.014431536197662354,reliable_critical
TEP,12,29,0.9982507228851318,0.9975218772888184,0.9988338351249695,0.001311957836151123,reliable_critical
TEP,12,30,0.9903789758682251,0.9865888953208923,0.993586003780365,0.006997108459472656,reliable_critical
TEP,12,31,0.9795918464660645,0.968367338180542,0.9861515760421753,0.0177842378616333,reliable_critical
TEP,12,32,0.9900874495506287,0.9852769374847412,0.9941691160202026,0.008892178535461426,reliable_critical
TEP,13,0,0.2813411056995392,0.22405247390270233,0.3804664611816406,0.1564139872789383,reliable_noncritical
TEP,13,1,0.43731778860092163,0.3874635696411133,0.46603497862815857,0.07857140898704529,reliable_noncritical
TEP,13,2,0.0641399398446083,0.02784256637096405,0.13673469424247742,0.10889212787151337,reliable_noncritical
TEP,13,3,0.3457725942134857,0.30714285373687744,0.40072885155677795,0.09358599781990051,reliable_noncritical
TEP,13,4,0.11690962314605713,0.061807580292224884,0.19664722681045532,0.13483965396881104,reliable_noncritical
TEP,13,5,0.2553935647010803,0.11297376453876495,0.33440232276916504,0.22142855823040009,reliable_noncritical
TEP,13,6,0.176384836435318,0.14169096946716309,0.27128279209136963,0.12959182262420654,reliable_noncritical
TEP,13,7,0.4897959232330322,0.4443148672580719,0.5339650511741638,0.08965018391609192,reliable_noncritical
TEP,13,8,0.12536442279815674,0.08206997066736221,0.182798832654953,0.10072886198759079,reliable_noncritical
TEP,13,9,0.35772594809532166,0.2858600616455078,0.4160349667072296,0.1301749050617218,reliable_noncritical
TEP,13,10,0.2886297106742859,0.16559767723083496,0.3352769613265991,0.16967928409576416,reliable_noncritical
TEP,13,11,0.4644314646720886,0.40801751613616943,0.5335277318954468,0.12551021575927734,reliable_noncritical
TEP,13,12,0.32711368799209595,0.2721574306488037,0.37667638063430786,0.10451894998550415,reliable_noncritical
TEP,13,13,0.20612245798110962,0.115597665309906,0.30816328525543213,0.19256561994552612,reliable_noncritical
TEP,13,14,0.6924198269844055,0.6561224460601807,0.7342565655708313,0.07813411951065063,ambiguous
TEP,13,15,0.5300291776657104,0.46559765934944153,0.5709912180900574,0.10539355874061584,reliable_noncritical
TEP,13,16,0.20932945609092712,0.1597667634487152,0.26180756092071533,0.10204079747200012,reliable_noncritical
TEP,13,17,0.28629738092422485,0.16413994133472443,0.38279885053634644,0.218658909201622,reliable_noncritical
TEP,13,18,0.2195335328578949,0.14256560802459717,0.28731778264045715,0.14475217461585999,reliable_noncritical
TEP,13,19,0.4801749289035797,0.4074344038963318,0.5616618394851685,0.15422743558883667,reliable_noncritical
TEP,13,20,0.22448979318141937,0.09416909515857697,0.29460641741752625,0.20043732225894928,reliable_noncritical
TEP,13,21,0.4897959232330322,0.43119531869888306,0.5623906850814819,0.13119536638259888,reliable_noncritical
TEP,13,22,0.6294460296630859,0.577113687992096,0.6632652878761292,0.0861515998840332,reliable_noncritical
TEP,13,23,0.4988338351249695,0.43862974643707275,0.5360058546066284,0.09737610816955566,reliable_noncritical
TEP,13,24,0.19620990753173828,0.14008745551109314,0.2540816366672516,0.11399418115615845,reliable_noncritical
TEP,13,25,0.22507289052009583,0.16224490106105804,0.29795917868614197,0.13571427762508392,reliable_noncritical
TEP,13,26,0.2962099015712738,0.17040815949440002,0.40481048822402954,0.23440232872962952,reliable_noncritical
TEP,13,27,0.2239067107439041,0.14358600974082947,0.2835277020931244,0.13994169235229492,reliable_noncritical
TEP,13,28,0.750437319278717,0.6889212727546692,0.7798833847045898,0.09096211194992065,ambiguous
TEP,13,29,0.6061224341392517,0.5497084856033325,0.6577259302139282,0.1080174446105957,reliable_noncritical
TEP,13,30,0.5294460654258728,0.4693877696990967,0.6138484477996826,0.14446067810058594,reliable_noncritical
TEP,13,31,0.4906705617904663,0.3982507288455963,0.5425655841827393,0.14431485533714294,reliable_noncritical
TEP,13,32,0.16355684399604797,0.09387755393981934,0.28717201948165894,0.1932944655418396,reliable_noncritical
TEP,14,0,0.34606415033340454,0.25160348415374756,0.4150145649909973,0.16341108083724976,reliable_noncritical
TEP,14,1,0.21486881375312805,0.15408162772655487,0.2532069981098175,0.09912537038326263,reliable_noncritical
TEP,14,2,0.24810495972633362,0.18338191509246826,0.3193877339363098,0.13600581884384155,reliable_noncritical
TEP,14,3,0.21049562096595764,0.13629737496376038,0.2772594690322876,0.14096209406852722,reliable_noncritical
TEP,14,4,0.2416909635066986,0.17186588048934937,0.3223032057285309,0.15043732523918152,reliable_noncritical
TEP,14,5,0.32186588644981384,0.256413996219635,0.4099125266075134,0.15349853038787842,reliable_noncritical
TEP,14,6,0.2352769672870636,0.180612251162529,0.28819242119789124,0.10758017003536224,reliable_noncritical
TEP,14,7,0.3244898021221161,0.2606413960456848,0.36705541610717773,0.10641402006149292,reliable_noncritical
TEP,14,8,0.47317785024642944,0.4255101978778839,0.5269679427146912,0.10145774483680725,reliable_noncritical
TEP,14,9,0.38804662227630615,0.34271135926246643,0.4549562931060791,0.11224493384361267,reliable_noncritical
TEP,14,10,0.22069969773292542,0.11545189470052719,0.31239068508148193,0.19693878293037415,reliable_noncritical
TEP,14,11,0.24110788106918335,0.17696793377399445,0.287609338760376,0.11064140498638153,reliable_noncritical
TEP,14,12,0.1323615163564682,0.07536443322896957,0.17725947499275208,0.1018950417637825,reliable_noncritical
TEP,14,13,0.19067054986953735,0.13294461369514465,0.23979592323303223,0.10685130953788757,reliable_noncritical
TEP,14,14,0.21049562096595764,0.14795918762683868,0.25393587350845337,0.10597668588161469,reliable_noncritical
TEP,14,15,0.3632653057575226,0.23483964800834656,0.40408164262771606,0.1692419946193695,reliable_noncritical
TEP,14,16,0.18979591131210327,0.12988337874412537,0.23454810678958893,0.10466472804546356,reliable_noncritical
TEP,14,17,0.31370264291763306,0.20043730735778809,0.3876093327999115,0.1871720254421234,reliable_noncritical
TEP,14,18,0.4297376275062561,0.38061225414276123,0.5039358735084534,0.12332361936569214,reliable_noncritical
TEP,14,19,0.15918368101119995,0.09533527493476868,0.2217201143503189,0.12638483941555023,reliable_noncritical
TEP,14,20,0.16967929899692535,0.08119533210992813,0.2909621000289917,0.20976677536964417,reliable_noncritical
TEP,14,21,0.3393585979938507,0.26530611515045166,0.42274051904678345,0.1574344038963318,reliable_noncritical
TEP,14,22,0.2860058546066284,0.2479591816663742,0.3354227542877197,0.08746357262134552,reliable_noncritical
TEP,14,23,0.2236151546239853,0.11020408570766449,0.3227405250072479,0.21253643929958344,reliable_noncritical
TEP,14,24,0.15393586456775665,0.08571428805589676,0.22711370885372162,0.14139941334724426,reliable_noncritical
TEP,14,25,0.18658891320228577,0.12157434225082397,0.268804669380188,0.147230327129364,reliable_noncritical
TEP,14,26,0.09475218504667282,0.04402332380414009,0.17288629710674286,0.12886297702789307,reliable_noncritical
TEP,14,27,0.23177842795848846,0.16895043849945068,0.3654519021511078,0.1965014636516571,reliable_noncritical
TEP,14,28,0.41778427362442017,0.327551007270813,0.45510202646255493,0.12755101919174194,reliable_noncritical
TEP,14,29,0.1848396509885788,0.11530612409114838,0.32930028438568115,0.21399416029453278,reliable_noncritical
TEP,14,30,0.34606415033340454,0.271136999130249,0.4014577269554138,0.1303207278251648,reliable_noncritical
TEP,14,31,0.4979591965675354,0.4330903887748718,0.5622448921203613,0.1291545033454895,reliable_noncritical
TEP,14,32,0.2603498697280884,0.17886297404766083,0.32594752311706543,0.1470845490694046,reliable_noncritical
TEP,15,0,0.6154519319534302,0.5851312279701233,0.6428571343421936,0.05772590637207031,reliable_noncritical
TEP,15,1,0.8548104763031006,0.8230320811271667,0.8829445838928223,0.05991250276565552,reliable_critical
TEP,15,2,0.8516035079956055,0.8368804454803467,0.8759475350379944,0.039067089557647705,reliable_critical
TEP,15,3,0.821574330329895,0.8016034960746765,0.8425655961036682,0.0409621000289917,reliable_critical
TEP,15,4,0.7810495495796204,0.7720116376876831,0.7979592084884644,0.02594757080078125,reliable_critical
TEP,15,5,0.7679300308227539,0.7510204315185547,0.7849854230880737,0.03396499156951904,reliable_critical
TEP,15,6,0.7276967763900757,0.712390661239624,0.737609326839447,0.025218665599822998,reliable_critical
TEP,15,7,0.8046647310256958,0.7916909456253052,0.8212828040122986,0.029591858386993408,reliable_critical
TEP,15,8,0.8093294501304626,0.7981049418449402,0.8244898319244385,0.02638489007949829,reliable_critical
TEP,15,9,0.886297345161438,0.8465014696121216,0.9122449159622192,0.06574344635009766,reliable_critical
TEP,15,10,0.8755102157592773,0.8453353047370911,0.9027696847915649,0.05743438005447388,reliable_critical
TEP,15,11,0.7965014576911926,0.7842565774917603,0.819242000579834,0.03498542308807373,reliable_critical
TEP,15,12,0.928862988948822,0.89533531665802,0.9565597772598267,0.06122446060180664,reliable_critical
TEP,15,13,0.9107871651649475,0.8902332186698914,0.9379009008407593,0.04766768217086792,reliable_critical
TEP,15,14,0.8795918226242065,0.8565597534179688,0.9064139723777771,0.04985421895980835,reliable_critical
TEP,15,15,0.8664723038673401,0.8469387888908386,0.8938775658607483,0.04693877696990967,reliable_critical
TEP,15,16,0.8069970607757568,0.7814868688583374,0.8221574425697327,0.040670573711395264,reliable_critical
TEP,15,17,0.9793002605438232,0.970699667930603,0.9844023585319519,0.013702690601348877,reliable_critical
TEP,15,18,0.9574344158172607,0.9370262622833252,0.9663265347480774,0.029300272464752197,reliable_critical
TEP,15,19,0.9542273879051208,0.9393585920333862,0.9663265347480774,0.026967942714691162,reliable_critical
TEP,15,20,0.8571428060531616,0.8419824838638306,0.8699708580970764,0.02798837423324585,reliable_critical
TEP,15,21,0.9206997156143188,0.9013119339942932,0.9332361221313477,0.03192418813705444,reliable_critical
TEP,15,22,0.9023323655128479,0.8744897842407227,0.917930006980896,0.04344022274017334,reliable_critical
TEP,15,23,0.9215743541717529,0.9088921546936035,0.9362973570823669,0.027405202388763428,reliable_critical
TEP,15,24,0.8606414198875427,0.8443148732185364,0.8855684995651245,0.041253626346588135,reliable_critical
TEP,15,25,0.9332361221313477,0.9176384806632996,0.9422740936279297,0.024635612964630127,reliable_critical
TEP,15,26,0.8723032474517822,0.8551020622253418,0.891253650188446,0.03615158796310425,reliable_critical
TEP,15,27,0.8895043730735779,0.8657433986663818,0.9131195545196533,0.047376155853271484,reliable_critical
TEP,15,28,0.8892128467559814,0.8658891916275024,0.9021866321563721,0.03629744052886963,reliable_critical
TEP,15,29,0.9597667455673218,0.951020359992981,0.9661807417869568,0.01516038179397583,reliable_critical
TEP,15,30,0.8556851148605347,0.8459183573722839,0.8701165914535522,0.02419823408126831,reliable_critical
TEP,15,31,0.9075801968574524,0.8880466222763062,0.9231778383255005,0.035131216049194336,reliable_critical
TEP,15,32,0.8653061389923096,0.8421282768249512,0.8889212608337402,0.04679298400878906,reliable_critical
TEP,16,0,0.32740527391433716,0.22930029034614563,0.390816330909729,0.16151604056358337,reliable_noncritical
TEP,16,1,0.38833820819854736,0.32419824600219727,0.45131194591522217,0.1271136999130249,reliable_noncritical
TEP,16,2,0.12478134036064148,0.07055393606424332,0.20932945609092712,0.1387755274772644,reliable_noncritical
TEP,16,3,0.1932944655418396,0.08236151933670044,0.25685131549835205,0.1744897961616516,reliable_noncritical
TEP,16,4,0.18571427464485168,0.11895044147968292,0.28746354579925537,0.16851310431957245,reliable_noncritical
TEP,16,5,0.07638484239578247,0.043440233916044235,0.14635568857192993,0.1029154509305954,reliable_noncritical
TEP,16,6,0.07259474694728851,0.038921281695365906,0.11734693497419357,0.07842565327882767,reliable_noncritical
TEP,16,7,0.2723032236099243,0.2185131162405014,0.3338192403316498,0.11530612409114838,reliable_noncritical
TEP,16,8,0.36705538630485535,0.26865890622138977,0.4275510311126709,0.15889212489128113,reliable_noncritical
TEP,16,9,0.3014577329158783,0.24810495972633362,0.36501458287239075,0.11690962314605713,reliable_noncritical
TEP,16,10,0.17725947499275208,0.10072886198759079,0.21690961718559265,0.11618075519800186,reliable_noncritical
TEP,16,11,0.12011662125587463,0.05918367579579353,0.20218658447265625,0.14300291240215302,reliable_noncritical
TEP,16,12,0.1941690891981125,0.1364431530237198,0.28615161776542664,0.14970846474170685,reliable_noncritical
TEP,16,13,0.25889211893081665,0.18658891320228577,0.3341107666492462,0.14752185344696045,reliable_noncritical
TEP,16,14,0.1081632673740387,0.06486880034208298,0.19810496270656586,0.13323616981506348,reliable_noncritical
TEP,16,15,0.22711369395256042,0.15422740578651428,0.3320699632167816,0.17784255743026733,reliable_noncritical
TEP,16,16,0.41982507705688477,0.34839650988578796,0.49635568261146545,0.1479591727256775,reliable_noncritical
TEP,16,17,0.5043731927871704,0.4360058307647705,0.557288646697998,0.12128281593322754,reliable_noncritical
TEP,16,18,0.38075801730155945,0.3246355652809143,0.4221574366092682,0.09752187132835388,reliable_noncritical
TEP,16,19,0.2930029034614563,0.1995626837015152,0.40160349011421204,0.20204080641269684,reliable_noncritical
TEP,16,20,0.16093294322490692,0.09650145471096039,0.2508746385574341,0.1543731838464737,reliable_noncritical
TEP,16,21,0.396793007850647,0.3511661887168884,0.46895045042037964,0.11778426170349121,reliable_noncritical
TEP,16,22,0.231195330619812,0.14169096946716309,0.3223032057285309,0.1806122362613678,reliable_noncritical
TEP,16,23,0.21720117330551147,0.11734693497419357,0.29023322463035583,0.17288628220558167,reliable_noncritical
TEP,16,24,0.14518950879573822,0.08775509893894196,0.23513120412826538,0.14737610518932343,reliable_noncritical
TEP,16,25,0.6434402465820312,0.5833818912506104,0.6893585920333862,0.10597670078277588,reliable_noncritical
TEP,16,26,0.1291545182466507,0.09446064382791519,0.19387754797935486,0.09941690415143967,reliable_noncritical
TEP,16,27,0.3559767007827759,0.2941690981388092,0.45626822113990784,0.16209912300109863,reliable_noncritical
TEP,16,28,0.510495662689209,0.4094752073287964,0.552769660949707,0.14329445362091064,reliable_noncritical
TEP,16,29,0.36588922142982483,0.31224489212036133,0.4253644347190857,0.11311954259872437,reliable_noncritical
TEP,16,30,0.23965014517307281,0.16778425872325897,0.3224489688873291,0.15466471016407013,reliable_noncritical
TEP,16,31,0.19300290942192078,0.14314869046211243,0.24650146067142487,0.10335277020931244,reliable_noncritical
TEP,16,32,0.3921282887458801,0.3578717112541199,0.44577258825302124,0.08790087699890137,reliable_noncritical
TEP,17,0,0.9233236312866211,0.8896501064300537,0.9593294858932495,0.0696793794631958,reliable_critical
TEP,17,1,0.8134111166000366,0.792128324508667,0.8466472625732422,0.054518938064575195,reliable_critical
TEP,17,2,0.9787172079086304,0.9625364542007446,0.9860058426856995,0.023469388484954834,reliable_critical
TEP,17,3,0.9973760843276978,0.9937317967414856,0.9988338351249695,0.005102038383483887,reliable_critical
TEP,17,4,0.9941691160202026,0.9893586039543152,0.9976676106452942,0.008309006690979004,reliable_critical
TEP,17,5,0.9938775300979614,0.987609326839447,0.9970845580101013,0.009475231170654297,reliable_critical
TEP,17,6,0.972886323928833,0.9647230505943298,0.9838192462921143,0.019096195697784424,reliable_critical
TEP,17,7,0.9988338351249695,0.9970845580101013,0.9994168877601624,0.002332329750061035,reliable_critical
TEP,17,8,0.9545189738273621,0.9402332305908203,0.9674926996231079,0.027259469032287598,reliable_critical
TEP,17,9,0.9880466461181641,0.9772594571113586,0.9930028915405273,0.0157434344291687,reliable_critical
TEP,17,10,0.9265305995941162,0.9017492532730103,0.9428571462631226,0.041107892990112305,reliable_critical
TEP,17,11,0.8376092910766602,0.8246355652809143,0.8572885990142822,0.03265303373336792,reliable_critical
TEP,17,12,0.9364431500434875,0.9182215929031372,0.9577259421348572,0.03950434923171997,reliable_critical
TEP,17,13,0.899125337600708,0.8798834085464478,0.9255102276802063,0.045626819133758545,reliable_critical
TEP,17,14,0.8932944536209106,0.8772594928741455,0.9086005687713623,0.0313410758972168,reliable_critical
TEP,17,15,0.8924198150634766,0.8599125146865845,0.917930006980896,0.05801749229431152,reliable_critical
TEP,17,16,0.9405247569084167,0.9142857193946838,0.9511661529541016,0.036880433559417725,reliable_critical
TEP,17,17,0.9186589121818542,0.9046647548675537,0.93483966588974,0.03017491102218628,reliable_critical
TEP,17,18,0.903207004070282,0.8852769732475281,0.9211370348930359,0.03586006164550781,reliable_critical
TEP,17,19,0.9166180491447449,0.8940232992172241,0.9311953783035278,0.03717207908630371,reliable_critical
TEP,17,20,0.8889212608337402,0.8661807775497437,0.9018950462341309,0.03571426868438721,reliable_critical
TEP,17,21,0.8723031878471375,0.850874662399292,0.8992711305618286,0.04839646816253662,reliable_critical
TEP,17,22,0.8874635696411133,0.8641399145126343,0.9045189619064331,0.04037904739379883,reliable_critical
TEP,17,23,0.8822157382965088,0.8631195425987244,0.9055393934249878,0.04241985082626343,reliable_critical
TEP,17,24,0.8999999761581421,0.8822157382965088,0.922448992729187,0.04023325443267822,reliable_critical
TEP,17,25,0.8810495138168335,0.8588921427726746,0.8957725763320923,0.036880433559417725,reliable_critical
TEP,17,26,0.8740525245666504,0.8517493009567261,0.8861516118049622,0.034402310848236084,reliable_critical
TEP,17,27,0.8860058784484863,0.8635568618774414,0.9102040529251099,0.04664719104766846,reliable_critical
TEP,17,28,0.8725947141647339,0.853206992149353,0.8947521448135376,0.04154515266418457,reliable_critical
TEP,17,29,0.9034985303878784,0.8855684995651245,0.9214285612106323,0.03586006164550781,reliable_critical
TEP,17,30,0.8851311802864075,0.8618075847625732,0.9020408391952515,0.04023325443267822,reliable_critical
TEP,17,31,0.8795918226242065,0.863265335559845,0.8946064114570618,0.0313410758972168,reliable_critical
TEP,17,32,0.8962099552154541,0.8686589002609253,0.911953330039978,0.043294429779052734,reliable_critical
TEP,18,0,0.7518950700759888,0.7258017063140869,0.7666180729866028,0.04081636667251587,reliable_critical
TEP,18,1,0.8008745908737183,0.77565598487854,0.8243440389633179,0.04868805408477783,reliable_critical
TEP,18,2,0.8938775062561035,0.871574342250824,0.9148688316345215,0.04329448938369751,reliable_critical
TEP,18,3,0.9664722681045532,0.9501457810401917,0.9768221378326416,0.02667635679244995,reliable_critical
TEP,18,4,0.8798834085464478,0.8488337993621826,0.9080175161361694,0.059183716773986816,reliable_critical
TEP,18,5,0.9862973690032959,0.9800291061401367,0.9930028915405273,0.012973785400390625,reliable_critical
TEP,18,6,0.9705539345741272,0.9548105001449585,0.9790087938308716,0.024198293685913086,reliable_critical
TEP,18,7,0.9725947380065918,0.9584547877311707,0.9803206920623779,0.021865904331207275,reliable_critical
TEP,18,8,0.9486880302429199,0.9333819150924683,0.9634110927581787,0.03002917766571045,reliable_critical
TEP,18,9,0.9778425693511963,0.9615160226821899,0.9845480918884277,0.023032069206237793,reliable_critical
TEP,18,10,0.9685131311416626,0.9577259421348572,0.9771137237548828,0.019387781620025635,reliable_critical
TEP,18,11,0.9760932922363281,0.9689503908157349,0.9810495376586914,0.012099146842956543,reliable_critical
TEP,18,12,0.9306122064590454,0.9074344038963318,0.9478133916854858,0.04037898778915405,reliable_critical
TEP,18,13,0.923906683921814,0.9001457691192627,0.9446064233779907,0.04446065425872803,reliable_critical
TEP,18,14,0.883965015411377,0.8669096231460571,0.9059766530990601,0.03906702995300293,reliable_critical
TEP,18,15,0.9276968240737915,0.9115160703659058,0.9447522163391113,0.033236145973205566,reliable_critical
TEP,18,16,0.9069970846176147,0.8938775062561035,0.9313411116600037,0.037463605403900146,reliable_critical
TEP,18,17,0.8822157382965088,0.865160346031189,0.9040816426277161,0.0389212965965271,reliable_critical
TEP,18,18,0.8816326260566711,0.8648688197135925,0.9045189619064331,0.039650142192840576,reliable_critical
TEP,18,19,0.8518950939178467,0.8390670418739319,0.8647230267524719,0.02565598487854004,reliable_critical
TEP,18,20,0.9081632494926453,0.8873177766799927,0.9345480799674988,0.047230303287506104,reliable_critical
TEP,18,21,0.8932944536209106,0.8673469424247742,0.9086005687713623,0.041253626346588135,reliable_critical
TEP,18,22,0.9166181087493896,0.905539333820343,0.9395043849945068,0.03396505117416382,reliable_critical
TEP,18,23,0.8778425455093384,0.8600583076477051,0.9020408391952515,0.04198253154754639,reliable_critical
TEP,18,24,0.8224489688873291,0.8033527731895447,0.8498542308807373,0.04650145769119263,reliable_critical
TEP,18,25,0.8539358377456665,0.8371720314025879,0.8801749348640442,0.0430029034614563,reliable_critical
TEP,18,26,0.8749271035194397,0.8564140200614929,0.8962099552154541,0.03979593515396118,reliable_critical
TEP,18,27,0.9134110808372498,0.8947522044181824,0.9390670657157898,0.04431486129760742,reliable_critical
TEP,18,28,0.9241982698440552,0.9113702774047852,0.9469387531280518,0.0355684757232666,reliable_critical
TEP,18,29,0.819242000579834,0.8067055344581604,0.8355684876441956,0.028862953186035156,reliable_critical
TEP,18,30,0.8425655961036682,0.8291544914245605,0.8600583076477051,0.03090381622314453,reliable_critical
TEP,18,31,0.8218659162521362,0.8093294501304626,0.8387755155563354,0.029446065425872803,reliable_critical
TEP,18,32,0.8559767007827759,0.8400874137878418,0.872011661529541,0.03192424774169922,reliable_critical
TEP,19,0,0.7918367385864258,0.7702623605728149,0.8094752430915833,0.03921288251876831,reliable_critical
TEP,19,1,0.7930029034614563,0.7647230625152588,0.8221574425697327,0.05743438005447388,reliable_critical
TEP,19,2,0.8524781465530396,0.8287171721458435,0.8781341314315796,0.049416959285736084,reliable_critical
TEP,19,3,0.9311953186988831,0.9023323655128479,0.951894998550415,0.04956263303756714,reliable_critical
TEP,19,4,0.923906683921814,0.8966472148895264,0.9365889430046082,0.03994172811508179,reliable_critical
TEP,19,5,0.9306122660636902,0.9145772457122803,0.9467930197715759,0.032215774059295654,reliable_critical
TEP,19,6,0.9125364422798157,0.8883382081985474,0.9306122660636902,0.04227405786514282,reliable_critical
TEP,19,7,0.9099125266075134,0.8884839415550232,0.9291545152664185,0.040670573711395264,reliable_critical
TEP,19,8,0.930320680141449,0.9069970846176147,0.9482507705688477,0.04125368595123291,reliable_critical
TEP,19,9,0.9102040529251099,0.8845481276512146,0.9371720552444458,0.0526239275932312,reliable_critical
TEP,19,10,0.9504373073577881,0.9365889430046082,0.9632652997970581,0.02667635679244995,reliable_critical
TEP,19,11,0.896793007850647,0.8801749348640442,0.9214285612106323,0.041253626346588135,reliable_critical
TEP,19,12,0.9606413841247559,0.947230339050293,0.9727405309677124,0.025510191917419434,reliable_critical
TEP,19,13,0.8897958993911743,0.8679300546646118,0.914139986038208,0.04620993137359619,reliable_critical
TEP,19,14,0.9463557004928589,0.9361516237258911,0.956413984298706,0.02026236057281494,reliable_critical
TEP,19,15,0.9370262622833252,0.9310495853424072,0.9492711424827576,0.018221557140350342,reliable_critical
TEP,19,16,0.9425655603408813,0.9217201471328735,0.9606413841247559,0.038921236991882324,reliable_critical
TEP,19,17,0.9186588525772095,0.9018950462341309,0.9338192343711853,0.03192418813705444,reliable_critical
TEP,19,18,0.9314868450164795,0.9157434701919556,0.9469387531280518,0.03119528293609619,reliable_critical
TEP,19,19,0.8941690921783447,0.8670554161071777,0.9237609505653381,0.0567055344581604,reliable_critical
TEP,19,20,0.9440233707427979,0.9339649677276611,0.9607871770858765,0.026822209358215332,reliable_critical
TEP,19,21,0.9253644347190857,0.905539333820343,0.9354227781295776,0.02988344430923462,reliable_critical
TEP,19,22,0.9046647548675537,0.8876093626022339,0.9294461011886597,0.04183673858642578,reliable_critical
TEP,19,23,0.8603498935699463,0.839941680431366,0.8788629770278931,0.0389212965965271,reliable_critical
TEP,19,24,0.8793002963066101,0.8581632375717163,0.9161807298660278,0.05801749229431152,reliable_critical
TEP,19,25,0.911078691482544,0.8769679069519043,0.9333819150924683,0.056414008140563965,reliable_critical
TEP,19,26,0.8282798528671265,0.8122448921203613,0.8495627045631409,0.03731781244277954,reliable_critical
TEP,19,27,0.9180757999420166,0.8959183692932129,0.928425669670105,0.03250730037689209,reliable_critical
TEP,19,28,0.9104956388473511,0.882070004940033,0.9262390732765198,0.044169068336486816,reliable_critical
TEP,19,29,0.9740524888038635,0.9685131311416626,0.9830904006958008,0.014577269554138184,reliable_critical
TEP,19,30,0.8918367624282837,0.8638483881950378,0.9193877577781677,0.05553936958312988,reliable_critical
TEP,19,31,0.9641399383544922,0.9510204195976257,0.9708454608917236,0.0198250412940979,reliable_critical
TEP,19,32,0.9099125266075134,0.8857142925262451,0.9325072765350342,0.04679298400878906,reliable_critical
TEP,20,0,0.716909646987915,0.705976665019989,0.734839677810669,0.02886301279067993,reliable_critical
TEP,20,1,0.9874635934829712,0.981195330619812,0.993586003780365,0.012390673160552979,reliable_critical
TEP,20,2,0.7556850910186768,0.7437317967414856,0.7740525007247925,0.030320703983306885,reliable_critical
TEP,20,3,0.6128280162811279,0.5973761081695557,0.634839653968811,0.03746354579925537,reliable_noncritical
TEP,20,4,0.4524781405925751,0.42711371183395386,0.48075801134109497,0.05364429950714111,reliable_noncritical
TEP,20,5,0.6504373550415039,0.6313410997390747,0.693585991859436,0.06224489212036133,reliable_noncritical
TEP,20,6,0.5478134155273438,0.5147230625152588,0.5698250532150269,0.055101990699768066,reliable_noncritical
TEP,20,7,0.6720116138458252,0.6481049656867981,0.6876093149185181,0.03950434923171997,reliable_noncritical
TEP,20,8,0.6959183216094971,0.6749271154403687,0.7185131311416626,0.043586015701293945,ambiguous
TEP,20,9,0.48454809188842773,0.46472302079200745,0.5091836452484131,0.04446062445640564,reliable_noncritical
TEP,20,10,0.6379008889198303,0.6244897842407227,0.6580175161361694,0.03352773189544678,reliable_noncritical
TEP,20,11,0.5827988386154175,0.5526238679885864,0.6106414198875427,0.0580175518989563,reliable_noncritical
TEP,20,12,0.6078717112541199,0.588046669960022,0.6342565417289734,0.046209871768951416,reliable_noncritical
TEP,20,13,0.6688046455383301,0.6514577269554138,0.6849853992462158,0.033527672290802,reliable_noncritical
TEP,20,14,0.5344023704528809,0.5042273998260498,0.5586005449295044,0.05437314510345459,reliable_noncritical
TEP,20,15,0.537609338760376,0.5046647191047668,0.575218677520752,0.07055395841598511,reliable_noncritical
TEP,20,16,0.4434402287006378,0.4056851267814636,0.4791545271873474,0.07346940040588379,reliable_noncritical
TEP,20,17,0.501457691192627,0.4736151695251465,0.5218659043312073,0.04825073480606079,reliable_noncritical
TEP,20,18,0.5212827920913696,0.4851312041282654,0.5476676225662231,0.06253641843795776,reliable_noncritical
TEP,20,19,0.5586006045341492,0.5357142686843872,0.5725947618484497,0.0368804931640625,reliable_noncritical
TEP,20,20,0.602332353591919,0.5879008769989014,0.6237609386444092,0.03586006164550781,reliable_noncritical
TEP,20,21,0.5189504623413086,0.5008746385574341,0.5389212369918823,0.03804659843444824,reliable_noncritical
TEP,20,22,0.48483964800834656,0.45758017897605896,0.5036443471908569,0.046064168214797974,reliable_noncritical
TEP,20,23,0.5163265466690063,0.48586007952690125,0.5437318086624146,0.057871729135513306,reliable_noncritical
TEP,20,24,0.5349854230880737,0.5241982340812683,0.5577259063720703,0.033527672290802,reliable_noncritical
TEP,20,25,0.38483965396881104,0.3562682271003723,0.41763848066329956,0.061370253562927246,reliable_noncritical
TEP,20,26,0.5323615074157715,0.501457691192627,0.5546647310256958,0.05320703983306885,reliable_noncritical
TEP,20,27,0.47521865367889404,0.43833819031715393,0.5107871294021606,0.07244893908500671,reliable_noncritical
TEP,20,28,0.5230320692062378,0.4874635636806488,0.5483964681625366,0.06093290448188782,reliable_noncritical
TEP,20,29,0.5428571701049805,0.5204081535339355,0.575655996799469,0.05524784326553345,reliable_noncritical
TEP,20,30,0.42798835039138794,0.36632654070854187,0.461953341960907,0.09562680125236511,reliable_noncritical
TEP,20,31,0.40408164262771606,0.3483964800834656,0.453644335269928,0.1052478551864624,reliable_noncritical
TEP,20,32,0.1679300218820572,0.11778425425291061,0.23338192701339722,0.1155976727604866,reliable_noncritical
TEP,21,0,0.5851311683654785,0.5622448921203613,0.6074343919754028,0.045189499855041504,reliable_noncritical
TEP,21,1,0.98717200756073,0.9819241762161255,0.993148684501648,0.011224508285522461,reliable_critical
TEP,21,2,0.8562682271003723,0.8349854350090027,0.8787171840667725,0.043731749057769775,reliable_critical
TEP,21,3,0.780174970626831,0.7596209645271301,0.801895022392273,0.04227405786514282,reliable_critical
TEP,21,4,0.7553936243057251,0.7214285731315613,0.7797375917434692,0.05830901861190796,reliable_critical
TEP,21,5,0.539941668510437,0.5153061151504517,0.5769679546356201,0.06166183948516846,reliable_noncritical
TEP,21,6,0.46880465745925903,0.4380466639995575,0.5145772695541382,0.07653060555458069,reliable_noncritical
TEP,21,7,0.6743440628051758,0.6456268429756165,0.7078717350959778,0.06224489212036133,ambiguous
TEP,21,8,0.5483964681625366,0.5135568380355835,0.5931487083435059,0.07959187030792236,reliable_noncritical
TEP,21,9,0.6553936004638672,0.6250728368759155,0.6994168758392334,0.07434403896331787,reliable_noncritical
TEP,21,10,0.20845481753349304,0.1440233290195465,0.2804664969444275,0.13644316792488098,reliable_noncritical
TEP,21,11,0.08075802028179169,0.039650145918130875,0.13819241523742676,0.09854227304458618,reliable_noncritical
TEP,21,12,0.5947521924972534,0.551895022392273,0.6642857193946838,0.11239069700241089,reliable_noncritical
TEP,21,13,0.11516034603118896,0.04810495674610138,0.19387754797935486,0.14577259123325348,reliable_noncritical
TEP,21,14,0.45306122303009033,0.4087463617324829,0.4970845580101013,0.08833819627761841,reliable_noncritical
TEP,21,15,0.37871718406677246,0.3058308959007263,0.4466472268104553,0.140816330909729,reliable_noncritical
TEP,21,16,0.5481049418449402,0.5048105120658875,0.5801749229431152,0.07536441087722778,reliable_noncritical
TEP,21,17,0.49096208810806274,0.4488338232040405,0.544023334980011,0.09518951177597046,reliable_noncritical
TEP,21,18,0.5122449398040771,0.46282798051834106,0.5622448921203613,0.09941691160202026,reliable_noncritical
TEP,21,19,0.5230320692062378,0.4755101799964905,0.5883381962776184,0.11282801628112793,reliable_noncritical
TEP,21,20,0.48483964800834656,0.41967931389808655,0.5348396301269531,0.11516031622886658,reliable_noncritical
TEP,21,21,0.17376092076301575,0.088192418217659,0.235422745347023,0.147230327129364,reliable_noncritical
TEP,21,22,0.7317783832550049,0.6950437426567078,0.7772594690322876,0.08221572637557983,ambiguous
TEP,21,23,0.2787172198295593,0.1995626837015152,0.33775511384010315,0.13819243013858795,reliable_noncritical
TEP,21,24,0.19912536442279816,0.1051020398736,0.319242000579834,0.21413996815681458,reliable_noncritical
TEP,21,25,0.5078717470169067,0.45962098240852356,0.5568512678146362,0.09723028540611267,reliable_noncritical
TEP,21,26,0.6189504265785217,0.577551007270813,0.6654518842697144,0.08790087699890137,reliable_noncritical
TEP,21,27,0.3457725942134857,0.2948979437351227,0.39548105001449585,0.10058310627937317,reliable_noncritical
TEP,21,28,0.14169096946716309,0.1061224490404129,0.203790083527565,0.0976676344871521,reliable_noncritical
TEP,21,29,0.1816326528787613,0.1282798796892166,0.2593294382095337,0.13104955852031708,reliable_noncritical
TEP,21,30,0.39037901163101196,0.3256559669971466,0.4692419767379761,0.14358600974082947,reliable_noncritical
TEP,21,31,0.52565598487854,0.48134109377861023,0.5584548115730286,0.07711371779441833,reliable_noncritical
TEP,21,32,0.5090379118919373,0.46268221735954285,0.5744897723197937,0.11180755496025085,reliable_noncritical
TEP,22,0,0.4874635636806488,0.4758017361164093,0.5081632733345032,0.03236153721809387,reliable_noncritical
TEP,22,1,0.7533527612686157,0.7269679307937622,0.7739067077636719,0.04693877696990967,reliable_critical
TEP,22,2,0.5670554041862488,0.5259475111961365,0.6030611991882324,0.07711368799209595,reliable_noncritical
TEP,22,3,0.5918367505073547,0.5574343800544739,0.647667646408081,0.09023326635360718,reliable_noncritical
TEP,22,4,0.7655976414680481,0.7129737138748169,0.8080174922943115,0.09504377841949463,reliable_critical
TEP,22,5,0.49329447746276855,0.4161807596683502,0.544460654258728,0.1282798945903778,reliable_noncritical
TEP,22,6,0.7271137237548828,0.6718658804893494,0.7679300308227539,0.09606415033340454,ambiguous
TEP,22,7,0.8460641503334045,0.8075801730155945,0.9392127990722656,0.13163262605667114,reliable_critical
TEP,22,8,0.6658892631530762,0.5983965396881104,0.7250728607177734,0.12667632102966309,ambiguous
TEP,22,9,0.4798833727836609,0.4256559908390045,0.5513119697570801,0.12565597891807556,reliable_noncritical
TEP,22,10,0.8830903768539429,0.8109329342842102,0.9376093149185181,0.12667638063430786,reliable_critical
TEP,22,11,0.953644335269928,0.9040816426277161,0.987609326839447,0.08352768421173096,reliable_critical
TEP,22,12,0.4696792960166931,0.41778427362442017,0.5581632852554321,0.14037901163101196,reliable_noncritical
TEP,22,13,0.8102040886878967,0.7677842378616333,0.8558309078216553,0.08804666996002197,reliable_critical
TEP,22,14,0.08979591727256775,0.05699708312749863,0.1440233290195465,0.08702624589204788,reliable_noncritical
TEP,22,15,0.5728862881660461,0.48367345333099365,0.6225947737693787,0.138921320438385,reliable_noncritical
TEP,22,16,0.09096209704875946,0.05087463557720184,0.14941690862178802,0.09854227304458618,reliable_noncritical
TEP,22,17,0.5956268310546875,0.5030611753463745,0.6603498458862305,0.15728867053985596,reliable_noncritical
TEP,22,18,0.18513119220733643,0.12959183752536774,0.26297375559806824,0.1333819180727005,reliable_noncritical
TEP,22,19,0.743148684501648,0.7075802087783813,0.7886297106742859,0.08104950189590454,reliable_critical
TEP,22,20,0.4877551198005676,0.4275510311126709,0.562828004360199,0.13527697324752808,reliable_noncritical
TEP,22,21,0.8300291299819946,0.7889212369918823,0.9193877577781677,0.1304665207862854,reliable_critical
TEP,22,22,0.8539358377456665,0.8139941692352295,0.9335277080535889,0.11953353881835938,reliable_critical
TEP,22,23,0.564723014831543,0.536151647567749,0.6387754678726196,0.1026238203048706,reliable_noncritical
TEP,22,24,0.7032070159912109,0.6498542428016663,0.7532069683074951,0.10335272550582886,ambiguous
TEP,22,25,0.8376093506813049,0.7730320692062378,0.9137026071548462,0.1406705379486084,reliable_critical
TEP,22,26,0.6463556885719299,0.6154519319534302,0.6893585920333862,0.07390666007995605,reliable_noncritical
TEP,22,27,0.5443148612976074,0.496064156293869,0.5813410878181458,0.08527693152427673,reliable_noncritical
TEP,22,28,0.7632653117179871,0.7269679307937622,0.7919825315475464,0.06501460075378418,reliable_critical
TEP,22,29,0.7466472387313843,0.7198250889778137,0.7718659043312073,0.052040815353393555,reliable_critical
TEP,22,30,0.7714285850524902,0.7491253614425659,0.7908163070678711,0.041690945625305176,reliable_critical
TEP,22,31,0.8017492294311523,0.7775510549545288,0.8205539584159851,0.0430029034614563,reliable_critical
TEP,22,32,0.5545189380645752,0.47201165556907654,0.6059766411781311,0.13396498560905457,reliable_noncritical
TEP,23,0,0.7705539464950562,0.7390670776367188,0.7998542189598083,0.0607871413230896,reliable_critical
TEP,23,1,0.8469387888908386,0.8135568499565125,0.8944606184959412,0.08090376853942871,reliable_critical
TEP,23,2,0.613702654838562,0.533527672290802,0.6524780988693237,0.11895042657852173,reliable_noncritical
TEP,23,3,0.4402332305908203,0.34795916080474854,0.5223032236099243,0.17434406280517578,reliable_noncritical
TEP,23,4,0.6061224341392517,0.5536442995071411,0.6606414318084717,0.10699713230133057,reliable_noncritical
TEP,23,5,0.4833819270133972,0.36486878991127014,0.5721574425697327,0.20728865265846252,reliable_noncritical
TEP,23,6,0.06909620761871338,0.02099125273525715,0.1868804693222046,0.1658892184495926,reliable_noncritical
TEP,23,7,0.453644335269928,0.3811953365802765,0.49504372477531433,0.11384838819503784,reliable_noncritical
TEP,23,8,0.0903790071606636,0.023906705901026726,0.2164722979068756,0.19256559014320374,reliable_noncritical
TEP,23,9,0.1218658834695816,0.03411078825592995,0.2879008650779724,0.25379008054733276,reliable_noncritical
TEP,23,10,0.12886297702789307,0.07653061300516129,0.24664723873138428,0.1701166331768036,reliable_noncritical
TEP,23,11,0.13294461369514465,0.051749274134635925,0.1932944655418396,0.14154519140720367,reliable_noncritical
TEP,23,12,0.16763848066329956,0.08877550810575485,0.23454810678958893,0.14577260613441467,reliable_noncritical
TEP,23,13,0.30000001192092896,0.21180757880210876,0.38906705379486084,0.17725947499275208,reliable_noncritical
TEP,23,14,0.39446064829826355,0.3034985363483429,0.4545189440250397,0.15102040767669678,reliable_noncritical
TEP,23,15,0.3099125325679779,0.2341107875108719,0.41982507705688477,0.18571428954601288,reliable_noncritical
TEP,23,16,0.12040816247463226,0.05218658968806267,0.20874635875225067,0.1565597653388977,reliable_noncritical
TEP,23,17,0.33148688077926636,0.23498542606830597,0.451603502035141,0.21661807596683502,reliable_noncritical
TEP,23,18,0.37346941232681274,0.31151604652404785,0.451603502035141,0.14008745551109314,reliable_noncritical
TEP,23,19,0.2772594690322876,0.18104955554008484,0.34737610816955566,0.16632655262947083,reliable_noncritical
TEP,23,20,0.13265305757522583,0.06982507556676865,0.22711370885372162,0.15728864073753357,reliable_noncritical
TEP,23,21,0.294460654258728,0.20728862285614014,0.4138484001159668,0.20655977725982666,reliable_noncritical
TEP,23,22,0.21603497862815857,0.11151603609323502,0.29766765236854553,0.1861516237258911,reliable_noncritical
TEP,23,23,0.12303207814693451,0.04256559908390045,0.21661807596683502,0.17405247688293457,reliable_noncritical
TEP,23,24,0.047521866858005524,0.015306122601032257,0.11282798647880554,0.09752186387777328,reliable_noncritical
TEP,23,25,0.18017491698265076,0.1113702654838562,0.29373177886009216,0.18236151337623596,reliable_noncritical
TEP,23,26,0.08163265883922577,0.03731778636574745,0.15043731033802032,0.11311952769756317,reliable_noncritical
TEP,23,27,0.4518950581550598,0.384402334690094,0.5154519081115723,0.13104957342147827,reliable_noncritical
TEP,23,28,0.5043731927871704,0.43760931491851807,0.5612245202064514,0.12361520528793335,reliable_noncritical
TEP,23,29,0.2635568380355835,0.19241982698440552,0.354810506105423,0.16239067912101746,reliable_noncritical
TEP,23,30,0.4413994252681732,0.3593294322490692,0.49431487917900085,0.13498544692993164,reliable_noncritical
TEP,23,31,0.5600582957267761,0.5018950700759888,0.6034985780715942,0.10160350799560547,reliable_noncritical
TEP,23,32,0.10466472804546356,0.04912536218762398,0.2036443054676056,0.1545189470052719,reliable_noncritical
TEP,24,0,0.653644323348999,0.6172012090682983,0.6782798767089844,0.061078667640686035,reliable_noncritical
TEP,24,1,0.8040816187858582,0.7860058546066284,0.8282799124717712,0.04227405786514282,reliable_critical
TEP,24,2,0.6930029392242432,0.6816326379776001,0.7077259421348572,0.02609330415725708,ambiguous
TEP,24,3,0.7641398906707764,0.7400874495506287,0.8033527731895447,0.06326532363891602,reliable_critical
TEP,24,4,0.6711369752883911,0.6396501660346985,0.693585991859436,0.05393582582473755,reliable_noncritical
TEP,24,5,0.9510204195976257,0.9118075966835022,0.9826530814170837,0.07084548473358154,reliable_critical
TEP,24,6,0.8142856955528259,0.7849854230880737,0.8571428656578064,0.07215744256973267,reliable_critical
TEP,24,7,0.7405247688293457,0.6849854588508606,0.7919825315475464,0.10699707269668579,ambiguous
TEP,24,8,0.7253644466400146,0.6594752073287964,0.7809038162231445,0.12142860889434814,ambiguous
TEP,24,9,0.2437317669391632,0.1448979526758194,0.361224502325058,0.2163265496492386,reliable_noncritical
TEP,24,10,0.22827988862991333,0.15320700407028198,0.3233236074447632,0.1701166033744812,reliable_noncritical
TEP,24,11,0.6507288217544556,0.6016035079956055,0.6819242238998413,0.08032071590423584,reliable_noncritical
TEP,24,12,0.4938775300979614,0.4389212727546692,0.5597667694091797,0.1208454966545105,reliable_noncritical
TEP,24,13,0.6930029392242432,0.6546647548675537,0.7234693765640259,0.06880462169647217,ambiguous
TEP,24,14,0.41953352093696594,0.34941691160202026,0.472886323928833,0.12346941232681274,reliable_noncritical
TEP,24,15,0.5145772695541382,0.44766765832901,0.5772594809532166,0.12959182262420654,reliable_noncritical
TEP,24,16,0.0682215765118599,0.03309037908911705,0.10553935915231705,0.0724489837884903,reliable_noncritical
TEP,24,17,0.4516034722328186,0.4064140021800995,0.5167638063430786,0.11034980416297913,reliable_noncritical
TEP,24,18,0.6297376155853271,0.5893585681915283,0.6718658804893494,0.08250731229782104,reliable_noncritical
TEP,24,19,0.653644323348999,0.6163265109062195,0.6892127990722656,0.07288628816604614,reliable_noncritical
TEP,24,20,0.63032066822052,0.5766763687133789,0.6594752073287964,0.08279883861541748,reliable_noncritical
TEP,24,21,0.6766763925552368,0.6387755274772644,0.7202624082565308,0.08148688077926636,ambiguous
TEP,24,22,0.43236151337623596,0.3928571343421936,0.4947521686553955,0.1018950343132019,reliable_noncritical
TEP,24,23,0.5720116496086121,0.5241982936859131,0.6158891916275024,0.09169089794158936,reliable_noncritical
TEP,24,24,0.7346938848495483,0.7081632614135742,0.7728862762451172,0.06472301483154297,reliable_critical
TEP,24,25,0.6740524768829346,0.6431487202644348,0.6998542547225952,0.0567055344581604,reliable_noncritical
TEP,24,26,0.7819241881370544,0.7327988147735596,0.8176385164260864,0.08483970165252686,reliable_critical
TEP,24,27,0.7562682032585144,0.7336735129356384,0.7947521805763245,0.061078667640686035,reliable_critical
TEP,24,28,0.706413984298706,0.6814868450164795,0.7389212846755981,0.05743443965911865,ambiguous
TEP,24,29,0.6583090424537659,0.6422740817070007,0.6806122660636902,0.03833818435668945,reliable_noncritical
TEP,24,30,0.6545189619064331,0.6231778264045715,0.6693877577781677,0.04620993137359619,reliable_noncritical
TEP,24,31,0.7104955911636353,0.6978133916854858,0.7278425693511963,0.03002917766571045,ambiguous
TEP,24,32,0.5373177528381348,0.47011661529541016,0.5965014696121216,0.12638485431671143,reliable_noncritical
TEP,25,0,0.7798833847045898,0.7463556528091431,0.8099125027656555,0.06355684995651245,reliable_critical
TEP,25,1,0.7924198508262634,0.7596210241317749,0.8123906850814819,0.05276966094970703,reliable_critical
TEP,25,2,0.642274022102356,0.5883381962776184,0.7005831003189087,0.11224490404129028,ambiguous
TEP,25,3,0.18513119220733643,0.07740524411201477,0.2644314765930176,0.1870262324810028,reliable_noncritical
TEP,25,4,0.6518950462341309,0.596792995929718,0.718804657459259,0.12201166152954102,ambiguous
TEP,25,5,0.1448979675769806,0.09081632643938065,0.21384838223457336,0.12303205579519272,reliable_noncritical
TEP,25,6,0.20000000298023224,0.11224490404129028,0.3096209764480591,0.1973760724067688,reliable_noncritical
TEP,25,7,0.17725947499275208,0.10976675897836685,0.24241982400417328,0.13265305757522583,reliable_noncritical
TEP,25,8,0.6609328985214233,0.60466468334198,0.7021865844726562,0.09752190113067627,ambiguous
TEP,25,9,0.20553936064243317,0.07798834145069122,0.3288629651069641,0.2508746385574341,reliable_noncritical
TEP,25,10,0.24606414139270782,0.1545189470052719,0.3036442995071411,0.1491253525018692,reliable_noncritical
TEP,25,11,0.04548104852437973,0.015597667545080185,0.1333819329738617,0.11778426170349121,reliable_noncritical
TEP,25,12,0.21807581186294556,0.11370262503623962,0.3151603639125824,0.20145773887634277,reliable_noncritical
TEP,25,13,0.47725945711135864,0.4056851267814636,0.565597653388977,0.15991252660751343,reliable_noncritical
TEP,25,14,0.13498541712760925,0.07376092672348022,0.19723032414913177,0.12346939742565155,reliable_noncritical
TEP,25,15,0.4950437545776367,0.365597665309906,0.5693877339363098,0.2037900686264038,reliable_noncritical
TEP,25,16,0.5174927115440369,0.46472302079200745,0.60685133934021,0.14212831854820251,reliable_noncritical
TEP,25,17,0.4346938729286194,0.32813411951065063,0.5336734652519226,0.20553934574127197,reliable_noncritical
TEP,25,18,0.24927115440368652,0.17274051904678345,0.3569970726966858,0.18425655364990234,reliable_noncritical
TEP,25,19,0.4128279685974121,0.3341107666492462,0.5269679427146912,0.19285717606544495,reliable_noncritical
TEP,25,20,0.21341107785701752,0.08702623844146729,0.29985421895980835,0.21282798051834106,reliable_noncritical
TEP,25,21,0.3026238977909088,0.22973760962486267,0.3486880362033844,0.11895042657852173,reliable_noncritical
TEP,25,22,0.3696792721748352,0.2934402525424957,0.4295918345451355,0.13615158200263977,reliable_noncritical
TEP,25,23,0.07113702595233917,0.02930029109120369,0.1450437307357788,0.11574344336986542,reliable_noncritical
TEP,25,24,0.44693878293037415,0.37215742468833923,0.5526238679885864,0.1804664433002472,reliable_noncritical
TEP,25,25,0.0746355652809143,0.03002915531396866,0.1460641324520111,0.11603497713804245,reliable_noncritical
TEP,25,26,0.11807580292224884,0.04897959157824516,0.20422740280628204,0.15524780750274658,reliable_noncritical
TEP,25,27,0.11953352391719818,0.07230320572853088,0.2543731927871704,0.18206998705863953,reliable_noncritical
TEP,25,28,0.3457725942134857,0.24941691756248474,0.4065597653388977,0.15714284777641296,reliable_noncritical
TEP,25,29,0.08046647161245346,0.017930028960108757,0.15276968479156494,0.13483965396881104,reliable_noncritical
TEP,25,30,0.14518949389457703,0.07448979467153549,0.2395043671131134,0.16501456499099731,reliable_noncritical
TEP,25,31,0.0892128273844719,0.03979592025279999,0.16647230088710785,0.12667638063430786,reliable_noncritical
TEP,25,32,0.11953352391719818,0.07128279656171799,0.19358600676059723,0.12230321019887924,reliable_noncritical
TEP,26,0,0.9320700168609619,0.9030612111091614,0.9543731808662415,0.05131196975708008,reliable_critical
TEP,26,1,0.8988338112831116,0.8489795923233032,0.934402346611023,0.08542275428771973,reliable_critical
TEP,26,2,0.7606413960456848,0.7395043969154358,0.781195342540741,0.041690945625305176,reliable_critical
TEP,26,3,0.6711369752883911,0.6139941811561584,0.716035008430481,0.10204082727432251,ambiguous
TEP,26,4,0.8186588883399963,0.7819241881370544,0.9185131192207336,0.1365889310836792,reliable_critical
TEP,26,5,0.13061223924160004,0.0861516073346138,0.21486879885196686,0.12871718406677246,reliable_noncritical
TEP,26,6,0.46180757880210876,0.39344024658203125,0.5262390375137329,0.13279879093170166,reliable_noncritical
TEP,26,7,0.7212827801704407,0.6698250770568848,0.7618075609207153,0.09198248386383057,ambiguous
TEP,26,8,0.40699708461761475,0.3381924331188202,0.4778425693511963,0.1396501362323761,reliable_noncritical
TEP,26,9,0.5507289171218872,0.44504374265670776,0.6100583076477051,0.16501456499099731,reliable_noncritical
TEP,26,10,0.49300292134284973,0.4062682092189789,0.5475218296051025,0.14125362038612366,reliable_noncritical
TEP,26,11,0.36530613899230957,0.2865889370441437,0.4329445958137512,0.14635565876960754,reliable_noncritical
TEP,26,12,0.3227405250072479,0.27259474992752075,0.3970845341682434,0.12448978424072266,reliable_noncritical
TEP,26,13,0.1145772635936737,0.04125364124774933,0.21778425574302673,0.1765306144952774,reliable_noncritical
TEP,26,14,0.7244898080825806,0.673906683921814,0.7727404832839966,0.09883379936218262,ambiguous
TEP,26,15,0.564723014831543,0.45626822113990784,0.6330903768539429,0.17682215571403503,reliable_noncritical
TEP,26,16,0.17084547877311707,0.11355685442686081,0.2530612051486969,0.1395043432712555,reliable_noncritical
TEP,26,17,0.4548105001449585,0.36618077754974365,0.5539358854293823,0.18775510787963867,reliable_noncritical
TEP,26,18,0.7058309316635132,0.6473761200904846,0.7415452003479004,0.09416908025741577,ambiguous
TEP,26,19,0.09008745849132538,0.031049562618136406,0.13265305757522583,0.10160349309444427,reliable_noncritical
TEP,26,20,0.3189504146575928,0.24096210300922394,0.37871718406677246,0.13775508105754852,reliable_noncritical
TEP,26,21,0.4233236312866211,0.3561224639415741,0.4845481216907501,0.12842565774917603,reliable_noncritical
TEP,26,22,0.4653061330318451,0.378425657749176,0.5046647191047668,0.12623906135559082,reliable_noncritical
TEP,26,23,0.7084547877311707,0.6584548354148865,0.7574343681335449,0.09897953271865845,ambiguous
TEP,26,24,0.6661807298660278,0.6262390613555908,0.6919825077056885,0.06574344635009766,reliable_noncritical
TEP,26,25,0.704081654548645,0.6823615431785583,0.7556850910186768,0.07332354784011841,ambiguous
TEP,26,26,0.3991253674030304,0.35043731331825256,0.445189505815506,0.09475219249725342,reliable_noncritical
TEP,26,27,0.3991253674030304,0.35947519540786743,0.4549562633037567,0.09548106789588928,reliable_noncritical
TEP,26,28,0.5288629531860352,0.4906705617904663,0.5537900924682617,0.06311953067779541,reliable_noncritical
TEP,26,29,0.6448979377746582,0.6150145530700684,0.6860058307647705,0.07099127769470215,reliable_noncritical
TEP,26,30,0.6676384806632996,0.6342566013336182,0.7021865844726562,0.06792998313903809,ambiguous
TEP,26,31,0.6460641622543335,0.6228863000869751,0.673906683921814,0.05102038383483887,reliable_noncritical
TEP,26,32,0.47930029034614563,0.40801748633384705,0.5272594690322876,0.11924198269844055,reliable_noncritical
TEP,27,0,0.5061224699020386,0.47317785024642944,0.5223032236099243,0.04912537336349487,reliable_noncritical
TEP,27,1,0.8644315004348755,0.8291544914245605,0.899562656879425,0.0704081654548645,reliable_critical
TEP,27,2,0.7597667574882507,0.7166180610656738,0.8055393695831299,0.08892130851745605,reliable_critical
TEP,27,3,0.9734693765640259,0.9244897961616516,0.9947521686553955,0.0702623724937439,reliable_critical
TEP,27,4,0.2699708342552185,0.17055393755435944,0.3485422730445862,0.17798833549022675,reliable_noncritical
TEP,27,5,0.14052477478981018,0.07551020383834839,0.21807579696178436,0.14256559312343597,reliable_noncritical
TEP,27,6,0.16793003678321838,0.09169096499681473,0.25058308243751526,0.15889212489128113,reliable_noncritical
TEP,27,7,0.06472302973270416,0.03804664686322212,0.12536443769931793,0.08731779456138611,reliable_noncritical
TEP,27,8,0.279591828584671,0.21093294024467468,0.3485422730445862,0.1376093327999115,reliable_noncritical
TEP,27,9,0.3014577031135559,0.15889212489128113,0.3988338112831116,0.23994168639183044,reliable_noncritical
TEP,27,10,0.08746355772018433,0.02069970779120922,0.21880465745925903,0.19810494780540466,reliable_noncritical
TEP,27,11,0.233236163854599,0.15043731033802032,0.3246355652809143,0.17419825494289398,reliable_noncritical
TEP,27,12,0.21049562096595764,0.08236151188611984,0.33790087699890137,0.2555393576622009,reliable_noncritical
TEP,27,13,0.262390673160553,0.16428571939468384,0.3708454966545105,0.20655977725982666,reliable_noncritical
TEP,27,14,0.08892127871513367,0.046064142137765884,0.1902332305908203,0.14416909217834473,reliable_noncritical
TEP,27,15,0.0609329417347908,0.015597667545080185,0.15728864073753357,0.14169096946716309,reliable_noncritical
TEP,27,16,0.13090378046035767,0.08148688077926636,0.1723031997680664,0.09081631898880005,reliable_noncritical
TEP,27,17,0.07492711395025253,0.024344023317098618,0.14795918762683868,0.12361516058444977,reliable_noncritical
TEP,27,18,0.3667638599872589,0.29664722084999084,0.4201166033744812,0.12346938252449036,reliable_noncritical
TEP,27,19,0.12448979914188385,0.077696792781353,0.20218658447265625,0.12448979169130325,reliable_noncritical
TEP,27,20,0.1973761022090912,0.1364431381225586,0.287609338760376,0.15116620063781738,reliable_noncritical
TEP,27,21,0.07084548473358154,0.017492711544036865,0.14373177289962769,0.12623906135559082,reliable_noncritical
TEP,27,22,0.14431487023830414,0.06880466639995575,0.27478134632110596,0.2059766799211502,reliable_noncritical
TEP,27,23,0.4620991349220276,0.39125365018844604,0.5193877220153809,0.12813407182693481,reliable_noncritical
TEP,27,24,0.4588921368122101,0.3927113711833954,0.5446063876152039,0.15189501643180847,reliable_noncritical
TEP,27,25,0.06501457095146179,0.030612245202064514,0.11603498458862305,0.08542273938655853,reliable_noncritical
TEP,27,26,0.21253645420074463,0.09956268221139908,0.2887755036354065,0.189212828874588,reliable_noncritical
TEP,27,27,0.3580175042152405,0.2690961956977844,0.430757999420166,0.1616618037223816,reliable_noncritical
TEP,27,28,0.502332329750061,0.4030612111091614,0.5597667694091797,0.1567055583000183,reliable_noncritical
TEP,27,29,0.43556851148605347,0.3457725942134857,0.5154519081115723,0.16967931389808655,reliable_noncritical
TEP,27,30,0.4137026071548462,0.294460654258728,0.47551020979881287,0.18104955554008484,reliable_noncritical
TEP,27,31,0.5469387769699097,0.501457691192627,0.5909621119499207,0.0895044207572937,reliable_noncritical
TEP,27,32,0.0609329454600811,0.022011661902070045,0.11530612409114838,0.09329446405172348,reliable_noncritical
TEP,28,0,0.4830903708934784,0.4325072765350342,0.5084547996520996,0.07594752311706543,reliable_noncritical
TEP,28,1,0.806414008140564,0.7819241881370544,0.827113687992096,0.045189499855041504,reliable_critical
TEP,28,2,0.705539345741272,0.6833819150924683,0.7240524888038635,0.040670573711395264,ambiguous
TEP,28,3,0.6696792840957642,0.6456268429756165,0.6932944655418396,0.047667622566223145,reliable_noncritical
TEP,28,4,0.8346939086914062,0.8067055344581604,0.8832361698150635,0.07653063535690308,reliable_critical
TEP,28,5,0.7827988266944885,0.7542273998260498,0.8310495615005493,0.07682216167449951,reliable_critical
TEP,28,6,0.3644315004348755,0.3148688077926636,0.4298833906650543,0.11501458287239075,reliable_noncritical
TEP,28,7,0.5778425931930542,0.49839651584625244,0.636297345161438,0.13790082931518555,reliable_noncritical
TEP,28,8,0.7154518961906433,0.6836735010147095,0.7383382320404053,0.0546647310256958,ambiguous
TEP,28,9,0.510495662689209,0.41661807894706726,0.5791544914245605,0.1625364124774933,reliable_noncritical
TEP,28,10,0.5886297225952148,0.5446063876152039,0.6247813105583191,0.08017492294311523,reliable_noncritical
TEP,28,11,0.5046647787094116,0.4580174684524536,0.5701166391372681,0.11209917068481445,reliable_noncritical
TEP,28,12,0.6262390613555908,0.5927113890647888,0.6695335507392883,0.07682216167449951,reliable_noncritical
TEP,28,13,0.21690961718559265,0.17259475588798523,0.2784256339073181,0.10583087801933289,reliable_noncritical
TEP,28,14,0.43148690462112427,0.3642857074737549,0.48877549171447754,0.12448978424072266,reliable_noncritical
TEP,28,15,0.6702623963356018,0.6291545629501343,0.7126822471618652,0.08352768421173096,ambiguous
TEP,28,16,0.4055393636226654,0.32405245304107666,0.46778425574302673,0.14373180270195007,reliable_noncritical
TEP,28,17,0.7309037446975708,0.6870262026786804,0.7858600616455078,0.09883385896682739,ambiguous
TEP,28,18,0.5282799005508423,0.45233237743377686,0.558746337890625,0.10641396045684814,reliable_noncritical
TEP,28,19,0.4314868748188019,0.3801749348640442,0.4661807715892792,0.08600583672523499,reliable_noncritical
TEP,28,20,0.6093294620513916,0.5723031759262085,0.6435859799385071,0.07128280401229858,reliable_noncritical
TEP,28,21,0.5924198031425476,0.5540816187858582,0.6297376155853271,0.075655996799469,reliable_noncritical
TEP,28,22,0.6250728964805603,0.5911079049110413,0.6629737615585327,0.07186585664749146,reliable_noncritical
TEP,28,23,0.576093316078186,0.5255101919174194,0.6109329462051392,0.08542275428771973,reliable_noncritical
TEP,28,24,0.6749271154403687,0.6447522044181824,0.6946064233779907,0.04985421895980835,reliable_noncritical
TEP,28,25,0.6437317728996277,0.6166180968284607,0.6714285612106323,0.05481046438217163,reliable_noncritical
TEP,28,26,0.5778425931930542,0.5565598011016846,0.600437343120575,0.04387754201889038,reliable_noncritical
TEP,28,27,0.6860058307647705,0.6629737615585327,0.7148687839508057,0.05189502239227295,ambiguous
TEP,28,28,0.7615160346031189,0.7421282529830933,0.7983965277671814,0.056268274784088135,reliable_critical
TEP,28,29,0.7017492651939392,0.6768221855163574,0.7260932922363281,0.0492711067199707,ambiguous
TEP,28,30,0.6102041006088257,0.5845481157302856,0.6368804574012756,0.05233234167098999,reliable_noncritical
TEP,28,31,0.7122448682785034,0.6897959113121033,0.7336734533309937,0.04387754201889038,ambiguous
TEP,28,32,0.6037900447845459,0.5612245202064514,0.6354227066040039,0.07419818639755249,reliable_noncritical
TEP,29,0,0.8029154539108276,0.7788629531860352,0.8247812986373901,0.04591834545135498,reliable_critical
TEP,29,1,0.8402332067489624,0.809183657169342,0.8804664611816406,0.07128280401229858,reliable_critical
TEP,29,2,0.6134110689163208,0.5825072526931763,0.6473761200904846,0.06486886739730835,reliable_noncritical
TEP,29,3,0.5577259063720703,0.5153061151504517,0.6051020622253418,0.08979594707489014,reliable_noncritical
TEP,29,4,0.9448979496955872,0.8546647429466248,0.982653021812439,0.1279882788658142,reliable_critical
TEP,29,5,0.3422740697860718,0.24533528089523315,0.40612244606018066,0.1607871651649475,reliable_noncritical
TEP,29,6,0.4262390732765198,0.3479591906070709,0.4790087342262268,0.13104954361915588,reliable_noncritical
TEP,29,7,0.2583090364933014,0.18935859203338623,0.3360058069229126,0.14664721488952637,reliable_noncritical
TEP,29,8,0.2437317818403244,0.14271137118339539,0.33469387888908386,0.19198250770568848,reliable_noncritical
TEP,29,9,0.32507288455963135,0.25174927711486816,0.3960641324520111,0.14431485533714294,reliable_noncritical
TEP,29,10,0.6090378761291504,0.556851327419281,0.6730320453643799,0.11618071794509888,reliable_noncritical
TEP,29,11,0.3644315004348755,0.24314868450164795,0.4750728905200958,0.23192420601844788,reliable_noncritical
TEP,29,12,0.29037898778915405,0.18746356666088104,0.38819241523742676,0.20072884857654572,reliable_noncritical
TEP,29,13,0.47113704681396484,0.3937317728996277,0.5470845699310303,0.1533527970314026,reliable_noncritical
TEP,29,14,0.4979591965675354,0.4304664731025696,0.545918345451355,0.1154518723487854,reliable_noncritical
TEP,29,15,0.6915451884269714,0.6419824957847595,0.7488337755203247,0.10685127973556519,ambiguous
TEP,29,16,0.5749270915985107,0.5061224699020386,0.6259475350379944,0.11982506513595581,reliable_noncritical
TEP,29,17,0.7139941453933716,0.653644323348999,0.7556851506233215,0.10204082727432251,ambiguous
TEP,29,18,0.5551019906997681,0.518367350101471,0.6104956269264221,0.09212827682495117,reliable_noncritical
TEP,29,19,0.5854227542877197,0.5195335149765015,0.6368804574012756,0.11734694242477417,reliable_noncritical
TEP,29,20,0.36734694242477417,0.2781341075897217,0.4147230386734009,0.1365889310836792,reliable_noncritical
TEP,29,21,0.46880465745925903,0.4189504384994507,0.5384839773178101,0.11953353881835938,reliable_noncritical
TEP,29,22,0.7472302913665771,0.7056851387023926,0.806851327419281,0.10116618871688843,reliable_critical
TEP,29,23,0.3833819031715393,0.32521864771842957,0.46997085213661194,0.14475220441818237,reliable_noncritical
TEP,29,24,0.5804665088653564,0.5357142686843872,0.6364431381225586,0.10072886943817139,reliable_noncritical
TEP,29,25,0.49620991945266724,0.42696791887283325,0.5479591488838196,0.12099123001098633,reliable_noncritical
TEP,29,26,0.5947521924972534,0.5357142686843872,0.636297345161438,0.10058307647705078,reliable_noncritical
TEP,29,27,0.6673469543457031,0.5900874733924866,0.7071428298950195,0.11705535650253296,ambiguous
TEP,29,28,0.8478133678436279,0.7842565774917603,0.9014577269554138,0.11720114946365356,reliable_critical
TEP,29,29,0.7708455324172974,0.7327988147735596,0.8021866083145142,0.06938779354095459,reliable_critical
TEP,29,30,0.7647230625152588,0.7345480918884277,0.7922740578651428,0.05772596597671509,reliable_critical
TEP,29,31,0.6810495853424072,0.6593294739723206,0.7091836929321289,0.04985421895980835,ambiguous
TEP,29,32,0.4897959232330322,0.43935859203338623,0.5354227423667908,0.09606415033340454,reliable_noncritical
TEP,30,0,0.5906705856323242,0.5586006045341492,0.6240525245666504,0.06545192003250122,reliable_noncritical
TEP,30,1,0.8495627045631409,0.8113702535629272,0.8683673739433289,0.05699712038040161,reliable_critical
TEP,30,2,0.8122448921203613,0.7906705737113953,0.8281341195106506,0.03746354579925537,reliable_critical
TEP,30,3,0.794460654258728,0.7682215571403503,0.8125364184379578,0.04431486129760742,reliable_critical
TEP,30,4,0.767346978187561,0.7408162951469421,0.7881923913955688,0.04737609624862671,reliable_critical
TEP,30,5,0.8075801730155945,0.766472339630127,0.8491253852844238,0.08265304565429688,reliable_critical
TEP,30,6,0.8483965396881104,0.8103498220443726,0.9132653474807739,0.10291552543640137,reliable_critical
TEP,30,7,0.8667638301849365,0.7991253733634949,0.9157434701919556,0.1166180968284607,reliable_critical
TEP,30,8,0.4892128109931946,0.44708454608917236,0.5424198508262634,0.09533530473709106,reliable_noncritical
TEP,30,9,0.8667638301849365,0.7986880540847778,0.9269679188728333,0.12827986478805542,reliable_critical
TEP,30,10,0.7265306115150452,0.6954810619354248,0.7600582838058472,0.06457722187042236,ambiguous
TEP,30,11,0.7690961956977844,0.7239066958427429,0.814723014831543,0.09081631898880005,reliable_critical
TEP,30,12,0.7294460535049438,0.6743440628051758,0.7689504623413086,0.09460639953613281,ambiguous
TEP,30,13,0.5498542189598083,0.4906705617904663,0.590378999710083,0.0997084379196167,reliable_noncritical
TEP,30,14,0.8306122422218323,0.798105001449585,0.8827988505363464,0.08469384908676147,reliable_critical
TEP,30,15,0.7723032236099243,0.7306122779846191,0.8067055344581604,0.07609325647354126,reliable_critical
TEP,30,16,0.615160346031189,0.5833819508552551,0.6542273759841919,0.07084542512893677,reliable_noncritical
TEP,30,17,0.7667638063430786,0.7421282529830933,0.8059766292572021,0.06384837627410889,reliable_critical
TEP,30,18,0.8352769613265991,0.8016034960746765,0.8915451765060425,0.08994168043136597,reliable_critical
TEP,30,19,0.5696792602539062,0.5100583434104919,0.6099125146865845,0.09985417127609253,reliable_noncritical
TEP,30,20,0.6591836810112,0.6352769732475281,0.7094752192497253,0.07419824600219727,ambiguous
TEP,30,21,0.7696793079376221,0.7392128109931946,0.8183673620223999,0.07915455102920532,reliable_critical
TEP,30,22,0.7358601093292236,0.7134110927581787,0.7695335149765015,0.056122422218322754,reliable_critical
TEP,30,23,0.8303207159042358,0.7946063876152039,0.9020408391952515,0.10743445158004761,reliable_critical
TEP,30,24,0.6760932803153992,0.6478134393692017,0.7083090543746948,0.060495615005493164,ambiguous
TEP,30,25,0.8836734890937805,0.8326530456542969,0.924781322479248,0.09212827682495117,reliable_critical
TEP,30,26,0.7827988266944885,0.7516034841537476,0.8029154539108276,0.05131196975708008,reliable_critical
TEP,30,27,0.7985422611236572,0.7736151814460754,0.8179300427436829,0.04431486129760742,reliable_critical
TEP,30,28,0.7291545271873474,0.7094752192497253,0.7463557124137878,0.0368804931640625,reliable_critical
TEP,30,29,0.6775510311126709,0.6594752073287964,0.7078717350959778,0.048396527767181396,ambiguous
TEP,30,30,0.7516034841537476,0.7358600497245789,0.7721574306488037,0.036297380924224854,reliable_critical
TEP,30,31,0.762390673160553,0.7486880421638489,0.7720116376876831,0.02332359552383423,reliable_critical
TEP,30,32,0.7603498697280884,0.7355685234069824,0.8144314885139465,0.07886296510696411,reliable_critical
TEP,31,0,0.7008746266365051,0.6607871651649475,0.7335277199745178,0.07274055480957031,ambiguous
TEP,31,1,0.7498542070388794,0.722886323928833,0.774781346321106,0.05189502239227295,reliable_critical
TEP,31,2,0.09416909515857697,0.047230321913957596,0.14241981506347656,0.09518949687480927,reliable_noncritical
TEP,31,3,0.13090379536151886,0.06399416923522949,0.1797376126050949,0.11574344336986542,reliable_noncritical
TEP,31,4,0.378425657749176,0.2934402525424957,0.4524781405925751,0.15903788805007935,reliable_noncritical
TEP,31,5,0.07900874316692352,0.023760933429002762,0.14358600974082947,0.119825080037117,reliable_noncritical
TEP,31,6,0.2478134036064148,0.17259475588798523,0.3205539286136627,0.1479591727256775,reliable_noncritical
TEP,31,7,0.312828004360199,0.22288629412651062,0.41122448444366455,0.18833819031715393,reliable_noncritical
TEP,31,8,0.09329445660114288,0.0314868800342083,0.1816326528787613,0.1501457691192627,reliable_noncritical
TEP,31,9,0.34606415033340454,0.24723032116889954,0.4454810619354248,0.19825074076652527,reliable_noncritical
TEP,31,10,0.1574344038963318,0.05116618052124977,0.2615160346031189,0.21034985780715942,reliable_noncritical
TEP,31,11,0.4099125266075134,0.3338192403316498,0.501457691192627,0.16763845086097717,reliable_noncritical
TEP,31,12,0.27463555335998535,0.12784256041049957,0.3634110689163208,0.23556850850582123,reliable_noncritical
TEP,31,13,0.16122448444366455,0.07959183305501938,0.25568512082099915,0.17609328031539917,reliable_noncritical
TEP,31,14,0.10583090782165527,0.04212827980518341,0.26005831360816956,0.21793003380298615,reliable_noncritical
TEP,31,15,0.03294460475444794,0.011224489659070969,0.09781341254711151,0.08658891916275024,reliable_noncritical
TEP,31,16,0.2416909635066986,0.12521865963935852,0.34825071692466736,0.22303205728530884,reliable_noncritical
TEP,31,17,0.1626822054386139,0.061516035348176956,0.2507288455963135,0.18921281397342682,reliable_noncritical
TEP,31,18,0.2658892273902893,0.07419824600219727,0.3287172019481659,0.25451895594596863,reliable_noncritical
TEP,31,19,0.24752187728881836,0.06924198567867279,0.333965003490448,0.264723002910614,reliable_noncritical
TEP,31,20,0.22099125385284424,0.05553935840725899,0.3161807656288147,0.2606413960456848,reliable_noncritical
TEP,31,21,0.39533525705337524,0.31676384806632996,0.46705538034439087,0.1502915322780609,reliable_noncritical
TEP,31,22,0.18746355175971985,0.06224489584565163,0.32638484239578247,0.26413995027542114,reliable_noncritical
TEP,31,23,0.05860058218240738,0.022448979318141937,0.15000000596046448,0.12755101919174194,reliable_noncritical
TEP,31,24,0.11574344336986542,0.06341107934713364,0.2341107875108719,0.17069971561431885,reliable_noncritical
TEP,31,25,0.24723032116889954,0.0956268236041069,0.3622449040412903,0.2666180729866028,reliable_noncritical
TEP,31,26,0.22623907029628754,0.084110789000988,0.3138484060764313,0.22973760962486267,reliable_noncritical
TEP,31,27,0.03411078825592995,0.016034984961152077,0.08338192105293274,0.06734693795442581,reliable_noncritical
TEP,31,28,0.2670553922653198,0.15247812867164612,0.36180758476257324,0.20932945609092712,reliable_noncritical
TEP,31,29,0.24839650094509125,0.18571428954601288,0.3362973928451538,0.15058310329914093,reliable_noncritical
TEP,31,30,0.4760932922363281,0.39358600974082947,0.5317783951759338,0.13819238543510437,reliable_noncritical
TEP,31,31,0.32740524411201477,0.24737609922885895,0.43877550959587097,0.19139941036701202,reliable_noncritical
TEP,31,32,0.09825073182582855,0.03848396614193916,0.19475218653678894,0.15626822412014008,reliable_noncritical
TEP,32,0,0.9078717231750488,0.8545189499855042,0.9460641145706177,0.09154516458511353,reliable_critical
TEP,32,1,0.8795918226242065,0.839941680431366,0.9313411116600037,0.0913994312286377,reliable_critical
TEP,32,2,0.8052477836608887,0.7864431142807007,0.8368804454803467,0.050437331199645996,reliable_critical
TEP,32,3,0.6804664731025696,0.6524781584739685,0.7164722681045532,0.06399410963058472,ambiguous
TEP,32,4,0.718367338180542,0.6772594451904297,0.7613702416419983,0.0841107964515686,ambiguous
TEP,32,5,0.48717200756073,0.4472303092479706,0.5396501421928406,0.09241983294487,reliable_noncritical
TEP,32,6,0.6886297464370728,0.6390670537948608,0.7258017659187317,0.08673471212387085,ambiguous
TEP,32,7,0.44606414437294006,0.3836734890937805,0.49752187728881836,0.11384838819503784,reliable_noncritical
TEP,32,8,0.6868804693222046,0.6317784190177917,0.7303206920623779,0.09854227304458618,ambiguous
TEP,32,9,0.466472327709198,0.3794460594654083,0.5163265466690063,0.13688048720359802,reliable_noncritical
TEP,32,10,0.35364431142807007,0.22959184646606445,0.4380466341972351,0.20845478773117065,reliable_noncritical
TEP,32,11,0.5932944416999817,0.46807581186294556,0.6740524768829346,0.205976665019989,reliable_noncritical
TEP,32,12,0.5594751834869385,0.4874635636806488,0.6142857074737549,0.12682214379310608,reliable_noncritical
TEP,32,13,0.3425655961036682,0.25976675748825073,0.41326531767845154,0.1534985601902008,reliable_noncritical
TEP,32,14,0.5516034960746765,0.48702624440193176,0.6040816307067871,0.11705538630485535,reliable_noncritical
TEP,32,15,0.5428571701049805,0.4903790056705475,0.6116617918014526,0.12128278613090515,reliable_noncritical
TEP,32,16,0.6370262503623962,0.5922740697860718,0.6934401988983154,0.10116612911224365,reliable_noncritical
TEP,32,17,0.5422740578651428,0.4820699691772461,0.5913994312286377,0.1093294620513916,reliable_noncritical
TEP,32,18,0.6014577150344849,0.5495626926422119,0.6447522044181824,0.09518951177597046,reliable_noncritical
TEP,32,19,0.32069969177246094,0.20335276424884796,0.37128281593322754,0.16793005168437958,reliable_noncritical
TEP,32,20,0.6029154658317566,0.5727404952049255,0.6418367624282837,0.06909626722335815,reliable_noncritical
TEP,32,21,0.7029154300689697,0.6690962314605713,0.7396501302719116,0.07055389881134033,ambiguous
TEP,32,22,0.27346938848495483,0.19169095158576965,0.3227405250072479,0.13104957342147827,reliable_noncritical
TEP,32,23,0.5285714268684387,0.4948979616165161,0.5897958874702454,0.09489792585372925,reliable_noncritical
TEP,32,24,0.6862974166870117,0.6492711305618286,0.7287172079086304,0.07944607734680176,ambiguous
TEP,32,25,0.6451895236968994,0.6193877458572388,0.6833819150924683,0.06399416923522949,reliable_noncritical
TEP,32,26,0.6434402465820312,0.6052478551864624,0.6827988624572754,0.07755100727081299,reliable_noncritical
TEP,32,27,0.5457725524902344,0.4897959232330322,0.5753644108772278,0.08556848764419556,reliable_noncritical
TEP,32,28,0.7058309316635132,0.6714285612106323,0.7373178005218506,0.06588923931121826,ambiguous
TEP,32,29,0.7723032236099243,0.7361516356468201,0.7948979735374451,0.058746337890625,reliable_critical
TEP,32,30,0.6565597653388977,0.6357142925262451,0.6809037923812866,0.045189499855041504,reliable_noncritical
TEP,32,31,0.7667638063430786,0.7520408034324646,0.7854227423667908,0.03338193893432617,reliable_critical
TEP,32,32,0.6116617918014526,0.5663265585899353,0.6524781584739685,0.0861515998840332,reliable_noncritical
TEP,33,0,0.6058309078216553,0.5832361578941345,0.6285714507102966,0.04533529281616211,reliable_noncritical
TEP,33,1,0.9772594571113586,0.9637026190757751,0.9854227304458618,0.02172011137008667,reliable_critical
TEP,33,2,0.8180757761001587,0.7860058546066284,0.8381924033164978,0.052186548709869385,reliable_critical
TEP,33,3,0.7472302913665771,0.7126822471618652,0.7833819389343262,0.07069969177246094,reliable_critical
TEP,33,4,0.6798833608627319,0.6332361698150635,0.7333819270133972,0.10014575719833374,ambiguous
TEP,33,5,0.6379008293151855,0.5804665088653564,0.6960641145706177,0.11559760570526123,reliable_noncritical
TEP,33,6,0.7594752311706543,0.7116618156433105,0.8103498816490173,0.09868806600570679,reliable_critical
TEP,33,7,0.5373177528381348,0.47653061151504517,0.5893585681915283,0.11282795667648315,reliable_noncritical
TEP,33,8,0.45306122303009033,0.35874634981155396,0.5180758237838745,0.15932947397232056,reliable_noncritical
TEP,33,9,0.29154521226882935,0.13309037685394287,0.38615161180496216,0.2530612349510193,reliable_noncritical
TEP,33,10,0.6017493009567261,0.5488338470458984,0.6641399264335632,0.1153060793876648,reliable_noncritical
TEP,33,11,0.4749271273612976,0.40408164262771606,0.5743440389633179,0.1702623963356018,reliable_noncritical
TEP,33,12,0.510495662689209,0.4106414020061493,0.5768221616744995,0.16618075966835022,reliable_noncritical
TEP,33,13,0.7927113771438599,0.7405247688293457,0.8556851148605347,0.11516034603118896,reliable_critical
TEP,33,14,0.7212828397750854,0.6650146245956421,0.7682215571403503,0.10320693254470825,ambiguous
TEP,33,15,0.7708454728126526,0.7208455204963684,0.8632652759552002,0.1424197554588318,reliable_critical
TEP,33,16,0.08658891916275024,0.04125364124774933,0.19504372775554657,0.15379008650779724,reliable_noncritical
TEP,33,17,0.7332361936569214,0.6733236312866211,0.7970845699310303,0.12376093864440918,ambiguous
TEP,33,18,0.7775510549545288,0.7153061032295227,0.8225947618484497,0.107288658618927,reliable_critical
TEP,33,19,0.7344022989273071,0.6989796161651611,0.7823615074157715,0.08338189125061035,ambiguous
TEP,33,20,0.5702624320983887,0.5163265466690063,0.6336734294891357,0.1173468828201294,reliable_noncritical
TEP,33,21,0.6177842617034912,0.5606414079666138,0.6677842736244202,0.1071428656578064,reliable_noncritical
TEP,33,22,0.6737609505653381,0.6332361698150635,0.7147229909896851,0.08148682117462158,ambiguous
TEP,33,23,0.5521866083145142,0.48571428656578064,0.6233236193656921,0.1376093327999115,reliable_noncritical
TEP,33,24,0.5390670299530029,0.47755101323127747,0.6084548234939575,0.13090381026268005,reliable_noncritical
TEP,33,25,0.6568512916564941,0.6084548234939575,0.722886323928833,0.11443150043487549,ambiguous
TEP,33,26,0.9131195545196533,0.8446063995361328,0.9543731808662415,0.10976678133010864,reliable_critical
TEP,33,27,0.7900874614715576,0.7333819270133972,0.8405247926712036,0.1071428656578064,reliable_critical
TEP,33,28,0.7212828397750854,0.6688046455383301,0.7524781227111816,0.08367347717285156,ambiguous
TEP,33,29,0.7731778621673584,0.7399417161941528,0.8119533061981201,0.07201159000396729,reliable_critical
TEP,33,30,0.8163265585899353,0.7820699214935303,0.8680757880210876,0.08600586652755737,reliable_critical
TEP,33,31,0.8612245321273804,0.8160350322723389,0.9091836810112,0.09314864873886108,reliable_critical
TEP,33,32,0.5976676344871521,0.5475218296051025,0.6393585801124573,0.09183675050735474,reliable_noncritical
TEP,34,0,0.6454810500144958,0.6119533777236938,0.6645772457122803,0.052623867988586426,reliable_noncritical
TEP,34,1,0.9037901163101196,0.8787171840667725,0.9368804693222046,0.05816328525543213,reliable_critical
TEP,34,2,0.8198250532150269,0.801895022392273,0.8473761081695557,0.045481085777282715,reliable_critical
TEP,34,3,0.891253650188446,0.8500000238418579,0.9276967644691467,0.07769674062728882,reliable_critical
TEP,34,4,0.8241982460021973,0.7950437068939209,0.8698251247406006,0.07478141784667969,reliable_critical
TEP,34,5,0.8174927234649658,0.779300332069397,0.8545189499855042,0.07521861791610718,reliable_critical
TEP,34,6,0.6967930197715759,0.659621000289917,0.722449004650116,0.06282800436019897,ambiguous
TEP,34,7,0.8775510191917419,0.8243440389633179,0.9240524768829346,0.0997084379196167,reliable_critical
TEP,34,8,0.6965014934539795,0.6462098956108093,0.7444606423377991,0.09825074672698975,ambiguous
TEP,34,9,0.6603498458862305,0.6255102157592773,0.712390661239624,0.08688044548034668,ambiguous
TEP,34,10,0.6594752073287964,0.626530647277832,0.7091836929321289,0.08265304565429688,ambiguous
TEP,34,11,0.7655976414680481,0.7039358615875244,0.8150146007537842,0.11107873916625977,reliable_critical
TEP,34,12,0.25685131549835205,0.16209912300109863,0.3322157561779022,0.1701166331768036,reliable_noncritical
TEP,34,13,0.7244898080825806,0.6820700168609619,0.7664722800254822,0.08440226316452026,ambiguous
TEP,34,14,0.5734694004058838,0.5269678831100464,0.6122448444366455,0.08527696132659912,reliable_noncritical
TEP,34,15,0.5623906850814819,0.5021865963935852,0.6090378761291504,0.10685127973556519,reliable_noncritical
TEP,34,16,0.670262336730957,0.6154518723487854,0.7145772576332092,0.09912538528442383,ambiguous
TEP,34,17,0.6434402465820312,0.6075801849365234,0.6734693646430969,0.06588917970657349,reliable_noncritical
TEP,34,18,0.5973761081695557,0.5448979735374451,0.6233236193656921,0.07842564582824707,reliable_noncritical
TEP,34,19,0.7833819389343262,0.7513119578361511,0.8088921308517456,0.05758017301559448,reliable_critical
TEP,34,20,0.5396501421928406,0.4986880421638489,0.5972303152084351,0.09854227304458618,reliable_noncritical
TEP,34,21,0.8947521448135376,0.8253644704818726,0.9510204195976257,0.12565594911575317,reliable_critical
TEP,34,22,0.7609329223632812,0.7118076086044312,0.7795918583869934,0.06778424978256226,reliable_critical
TEP,34,23,0.6548104882240295,0.6325072646141052,0.6979591846466064,0.06545192003250122,reliable_noncritical
TEP,34,24,0.7685130834579468,0.7319241762161255,0.7928571701049805,0.06093299388885498,reliable_critical
TEP,34,25,0.7702623605728149,0.7453352808952332,0.7978134155273438,0.052478134632110596,reliable_critical
TEP,34,26,0.8288630247116089,0.7887755036354065,0.866034984588623,0.07725948095321655,reliable_critical
TEP,34,27,0.719825029373169,0.6954810619354248,0.750437319278717,0.054956257343292236,ambiguous
TEP,34,28,0.7655977010726929,0.7362973690032959,0.7925655841827393,0.05626821517944336,reliable_critical
TEP,34,29,0.7638484239578247,0.7457726001739502,0.7809038162231445,0.035131216049194336,reliable_critical
TEP,34,30,0.7402332425117493,0.7107871770858765,0.7653061151504517,0.054518938064575195,reliable_critical
TEP,34,31,0.750437319278717,0.7253644466400146,0.7702623605728149,0.04489791393280029,reliable_critical
TEP,34,32,0.6460641622543335,0.5915451645851135,0.6830903887748718,0.0915452241897583,reliable_noncritical
TEP,35,0,0.6119533777236938,0.5740525126457214,0.6568512916564941,0.0827987790107727,reliable_noncritical
TEP,35,1,0.8157434463500977,0.7979592084884644,0.8405247926712036,0.04256558418273926,reliable_critical
TEP,35,2,0.7139941453933716,0.6819242238998413,0.7548105120658875,0.07288628816604614,ambiguous
TEP,35,3,0.8116618394851685,0.7575801610946655,0.8555393218994141,0.09795916080474854,reliable_critical
TEP,35,4,0.7396501302719116,0.6986880302429199,0.7836734652519226,0.08498543500900269,ambiguous
TEP,35,5,0.5819242000579834,0.5199708342552185,0.6397958993911743,0.11982506513595581,reliable_noncritical
TEP,35,6,0.5650146007537842,0.47944605350494385,0.6332361698150635,0.15379011631011963,reliable_noncritical
TEP,35,7,0.6323615312576294,0.5717201232910156,0.6798833608627319,0.10816323757171631,reliable_noncritical
TEP,35,8,0.5586006045341492,0.5058308839797974,0.6118075847625732,0.10597670078277588,reliable_noncritical
TEP,35,9,0.1868804693222046,0.11545189470052719,0.2826530635356903,0.16720116138458252,reliable_noncritical
TEP,35,10,0.08046647161245346,0.022011661902070045,0.17871719598770142,0.15670552849769592,reliable_noncritical
TEP,35,11,0.732653021812439,0.6690962314605713,0.768367350101471,0.09927111864089966,ambiguous
TEP,35,12,0.40408164262771606,0.3233236074447632,0.493586003780365,0.1702623963356018,reliable_noncritical
TEP,35,13,0.09883381426334381,0.04693877696990967,0.16457726061344147,0.1176384836435318,reliable_noncritical
TEP,35,14,0.3935859799385071,0.2982507348060608,0.48483964800834656,0.18658891320228577,reliable_noncritical
TEP,35,15,0.12011662125587463,0.043877553194761276,0.24839650094509125,0.20451894402503967,reliable_noncritical
TEP,35,16,0.07026238739490509,0.03309037908911705,0.12434402108192444,0.09125363826751709,reliable_noncritical
TEP,35,17,0.16443148255348206,0.09650145471096039,0.21720117330551147,0.12069971859455109,reliable_noncritical
TEP,35,18,0.308746337890625,0.1755101978778839,0.43002915382385254,0.25451895594596863,reliable_noncritical
TEP,35,19,0.14431487023830414,0.1018950417637825,0.19985422492027283,0.09795918315649033,reliable_noncritical
TEP,35,20,0.4600583016872406,0.3581632673740387,0.5349854230880737,0.17682215571403503,reliable_noncritical
TEP,35,21,0.6285713911056519,0.557288646697998,0.699125349521637,0.14183670282363892,reliable_noncritical
TEP,35,22,0.10874634981155396,0.06399416923522949,0.17930029332637787,0.11530612409114838,reliable_noncritical
TEP,35,23,0.14897958934307098,0.09110786765813828,0.24708454310894012,0.15597668290138245,reliable_noncritical
TEP,35,24,0.642274022102356,0.577113687992096,0.682944655418396,0.10583096742630005,reliable_noncritical
TEP,35,25,0.5985422730445862,0.5430029034614563,0.6534985303878784,0.11049562692642212,reliable_noncritical
TEP,35,26,0.603206992149353,0.5389212965965271,0.6629737615585327,0.12405246496200562,reliable_noncritical
TEP,35,27,0.532069981098175,0.48673468828201294,0.6007288694381714,0.11399418115615845,reliable_noncritical
TEP,35,28,0.7218658924102783,0.6849853992462158,0.7520408630371094,0.06705546379089355,ambiguous
TEP,35,29,0.6072885990142822,0.5430029034614563,0.6516034603118896,0.10860055685043335,reliable_noncritical
TEP,35,30,0.5810495615005493,0.5233235955238342,0.6253644227981567,0.10204082727432251,reliable_noncritical
TEP,35,31,0.6475218534469604,0.603206992149353,0.6845480799674988,0.08134108781814575,reliable_noncritical
TEP,35,32,0.23877552151679993,0.12230320274829865,0.3361515998840332,0.21384839713573456,reliable_noncritical
TEP,36,0,0.4454810619354248,0.3316326439380646,0.5169095993041992,0.18527695536613464,reliable_noncritical
TEP,36,1,0.640816330909729,0.5871720314025879,0.6788629293441772,0.09169089794158936,reliable_noncritical
TEP,36,2,0.35947519540786743,0.2784256339073181,0.48804664611816406,0.20962101221084595,reliable_noncritical
TEP,36,3,0.20641398429870605,0.12113702297210693,0.3086005747318268,0.18746355175971985,reliable_noncritical
TEP,36,4,0.609620988368988,0.5596209764480591,0.657288670539856,0.09766769409179688,reliable_noncritical
TEP,36,5,0.26647230982780457,0.12376093119382858,0.35568514466285706,0.23192420601844788,reliable_noncritical
TEP,36,6,0.09591837227344513,0.053206995129585266,0.18717201054096222,0.13396501541137695,reliable_noncritical
TEP,36,7,0.09504373371601105,0.038921281695365906,0.20539358258247375,0.16647230088710785,reliable_noncritical
TEP,36,8,0.08075802028179169,0.038921281695365906,0.14635568857192993,0.10743440687656403,reliable_noncritical
TEP,36,9,0.6766763925552368,0.6290087699890137,0.7358600497245789,0.10685127973556519,ambiguous
TEP,36,10,0.1775510311126709,0.10903789848089218,0.2909621000289917,0.18192419409751892,reliable_noncritical
TEP,36,11,0.31516033411026,0.24037900567054749,0.4314868748188019,0.1911078691482544,reliable_noncritical
TEP,36,12,0.3667638301849365,0.27346938848495483,0.5106413960456848,0.23717200756072998,reliable_noncritical
TEP,36,13,0.49008744955062866,0.4001457691192627,0.5762390494346619,0.17609328031539917,reliable_noncritical
TEP,36,14,0.7090378999710083,0.6565597653388977,0.7526239156723022,0.09606415033340454,ambiguous
TEP,36,15,0.17696791887283325,0.06472303718328476,0.2785714268684387,0.21384838223457336,reliable_noncritical
TEP,36,16,0.11282798647880554,0.030320700258016586,0.23061224818229675,0.20029154419898987,reliable_noncritical
TEP,36,17,0.4801749289035797,0.3642857074737549,0.5532070398330688,0.18892133235931396,reliable_noncritical
TEP,36,18,0.042274050414562225,0.00685131223872304,0.11793002486228943,0.11107870936393738,reliable_noncritical
TEP,36,19,0.14518950879573822,0.05481049418449402,0.22332361340522766,0.16851311922073364,reliable_noncritical
TEP,36,20,0.048688046634197235,0.019096210598945618,0.12055393308401108,0.10145772248506546,reliable_noncritical
TEP,36,21,0.12040816247463226,0.031341105699539185,0.22434401512145996,0.19300290942192078,reliable_noncritical
TEP,36,22,0.06326530873775482,0.017784256488084793,0.17930027842521667,0.16151602566242218,reliable_noncritical
TEP,36,23,0.147230327129364,0.0629737600684166,0.2930029034614563,0.2300291359424591,reliable_noncritical
TEP,36,24,0.18425655364990234,0.08892127871513367,0.31355684995651245,0.22463557124137878,reliable_noncritical
TEP,36,25,0.19620990753173828,0.12959183752536774,0.2803207039833069,0.15072886645793915,reliable_noncritical
TEP,36,26,0.08542273938655853,0.017930028960108757,0.24125364422798157,0.22332361340522766,reliable_noncritical
TEP,36,27,0.08746355772018433,0.031341105699539185,0.24752186238765717,0.21618075668811798,reliable_noncritical
TEP,36,28,0.29271137714385986,0.13513119518756866,0.3772594630718231,0.24212826788425446,reliable_noncritical
TEP,36,29,0.06909620761871338,0.022011661902070045,0.14518950879573822,0.12317784875631332,reliable_noncritical
TEP,36,30,0.4230320453643799,0.34504371881484985,0.4895043671131134,0.14446064829826355,reliable_noncritical
TEP,36,31,0.08542273938655853,0.030174925923347473,0.16399416327476501,0.13381923735141754,reliable_noncritical
TEP,36,32,0.061807580292224884,0.026822157204151154,0.17055393755435944,0.14373177289962769,reliable_noncritical
TEP,37,0,0.9151603579521179,0.8795918226242065,0.9361515641212463,0.056559741497039795,reliable_critical
TEP,37,1,0.8379008769989014,0.8161807656288147,0.8724489808082581,0.05626821517944336,reliable_critical
TEP,37,2,0.8708454370498657,0.8430029153823853,0.9004372954368591,0.05743438005447388,reliable_critical
TEP,37,3,0.8454810380935669,0.802769660949707,0.8763848543167114,0.0736151933670044,reliable_critical
TEP,37,4,0.7276967763900757,0.6895043849945068,0.7577259540557861,0.0682215690612793,ambiguous
TEP,37,5,0.6390670537948608,0.6104956269264221,0.6731778383255005,0.06268221139907837,reliable_noncritical
TEP,37,6,0.8090379238128662,0.781632661819458,0.8766763806343079,0.09504371881484985,reliable_critical
TEP,37,7,0.7705539464950562,0.7389212846755981,0.7960641384124756,0.05714285373687744,reliable_critical
TEP,37,8,0.6941691040992737,0.6725947260856628,0.7237609624862671,0.05116623640060425,ambiguous
TEP,37,9,0.7472302913665771,0.7336734533309937,0.765160322189331,0.0314868688583374,reliable_critical
TEP,37,10,0.8116618394851685,0.7915452122688293,0.8367347121238708,0.045189499855041504,reliable_critical
TEP,37,11,0.7857142686843872,0.775218665599823,0.8030612468719482,0.027842581272125244,reliable_critical
TEP,37,12,0.8615160584449768,0.8365889191627502,0.8940232992172241,0.05743438005447388,reliable_critical
TEP,37,13,0.7967929840087891,0.7871720194816589,0.8189504146575928,0.03177839517593384,reliable_critical
TEP,37,14,0.8303207159042358,0.8113702535629272,0.844460666179657,0.033090412616729736,reliable_critical
TEP,37,15,0.7938775420188904,0.7760932445526123,0.8084548115730286,0.03236156702041626,reliable_critical
TEP,37,16,0.7303206920623779,0.7166180610656738,0.7448979616165161,0.028279900550842285,reliable_critical
TEP,37,17,0.7973760962486267,0.783527672290802,0.814723014831543,0.031195342540740967,reliable_critical
TEP,37,18,0.7306122183799744,0.710058331489563,0.7533527612686157,0.043294429779052734,reliable_critical
TEP,37,19,0.9026238918304443,0.8549562692642212,0.9390670657157898,0.0841107964515686,reliable_critical
TEP,37,20,0.6973761320114136,0.668367326259613,0.7122448682785034,0.04387754201889038,ambiguous
TEP,37,21,0.732653021812439,0.711953341960907,0.7437317371368408,0.03177839517593384,reliable_critical
TEP,37,22,0.7192419767379761,0.7062681913375854,0.7303206920623779,0.02405250072479248,reliable_critical
TEP,37,23,0.7574344277381897,0.743148684501648,0.7721574306488037,0.02900874614715576,reliable_critical
TEP,37,24,0.7772594690322876,0.7634111046791077,0.7874635457992554,0.024052441120147705,reliable_critical
TEP,37,25,0.7670553922653198,0.7540816068649292,0.7851312160491943,0.031049609184265137,reliable_critical
TEP,37,26,0.7714285850524902,0.7513119578361511,0.7803207039833069,0.02900874614715576,reliable_critical
TEP,37,27,0.8034985065460205,0.7897959351539612,0.8137025833129883,0.0239066481590271,reliable_critical
TEP,37,28,0.771136999130249,0.7532069683074951,0.7857142686843872,0.03250730037689209,reliable_critical
TEP,37,29,0.7472302913665771,0.7323614954948425,0.7551020383834839,0.022740542888641357,reliable_critical
TEP,37,30,0.7451894879341125,0.735714316368103,0.7580175399780273,0.022303223609924316,reliable_critical
TEP,37,31,0.7279883623123169,0.7093294858932495,0.7481049299240112,0.03877544403076172,reliable_critical
TEP,37,32,0.7988338470458984,0.7790087461471558,0.8409621119499207,0.06195336580276489,reliable_critical
TEP,38,0,0.6542273759841919,0.6255102157592773,0.6858600378036499,0.06034982204437256,reliable_noncritical
TEP,38,1,0.6638484001159668,0.6071428656578064,0.7024781107902527,0.09533524513244629,ambiguous
TEP,38,2,0.11545189470052719,0.04708454757928848,0.25349855422973633,0.20641401410102844,reliable_noncritical
TEP,38,3,0.4023323655128479,0.33017492294311523,0.45758017897605896,0.12740525603294373,reliable_noncritical
TEP,38,4,0.43877550959587097,0.33862975239753723,0.5428571701049805,0.20422741770744324,reliable_noncritical
TEP,38,5,0.29795917868614197,0.24752186238765717,0.36909621953964233,0.12157435715198517,reliable_noncritical
TEP,38,6,0.13469387590885162,0.08498542755842209,0.20758017897605896,0.12259475141763687,reliable_noncritical
TEP,38,7,0.1731778383255005,0.07944606244564056,0.26443150639533997,0.1849854439496994,reliable_noncritical
TEP,38,8,0.31661808490753174,0.23804664611816406,0.3886297345161438,0.15058308839797974,reliable_noncritical
TEP,38,9,0.37026238441467285,0.23658892512321472,0.4830903708934784,0.24650144577026367,reliable_noncritical
TEP,38,10,0.08979591727256775,0.0399416908621788,0.17201165854930878,0.13206997513771057,reliable_noncritical
TEP,38,11,0.04431486874818802,0.011078717187047005,0.08673468977212906,0.0756559744477272,reliable_noncritical
TEP,38,12,0.5032069683074951,0.4361515939235687,0.5558308959007263,0.11967930197715759,reliable_noncritical
TEP,38,13,0.39446061849594116,0.29271137714385986,0.4545189440250397,0.1618075668811798,reliable_noncritical
TEP,38,14,0.2638483941555023,0.16967929899692535,0.36501458287239075,0.1953352838754654,reliable_noncritical
TEP,38,15,0.11078717559576035,0.041982509195804596,0.1816326528787613,0.1396501362323761,reliable_noncritical
TEP,38,16,0.17988337576389313,0.08731778711080551,0.29591837525367737,0.20860058069229126,reliable_noncritical
TEP,38,17,0.1469387710094452,0.08134110271930695,0.20932945609092712,0.12798835337162018,reliable_noncritical
TEP,38,18,0.2647230327129364,0.22026239335536957,0.31997084617614746,0.0997084528207779,reliable_noncritical
TEP,38,19,0.11049562692642212,0.04854227602481842,0.18250727653503418,0.13396500051021576,reliable_noncritical
TEP,38,20,0.03877551108598709,0.011078717187047005,0.07959184050559998,0.06851312518119812,reliable_noncritical
TEP,38,21,0.06268221884965897,0.017930028960108757,0.17725947499275208,0.15932944416999817,reliable_noncritical
TEP,38,22,0.4717200994491577,0.38279882073402405,0.5172011852264404,0.13440236449241638,reliable_noncritical
TEP,38,23,0.2521865963935852,0.16326530277729034,0.34183672070503235,0.178571417927742,reliable_noncritical
TEP,38,24,0.08454810082912445,0.03192419558763504,0.1250728815793991,0.09314868599176407,reliable_noncritical
TEP,38,25,0.4297376275062561,0.3190962076187134,0.5039358735084534,0.18483966588974,reliable_noncritical
TEP,38,26,0.3139941692352295,0.19985422492027283,0.39941689372062683,0.199562668800354,reliable_noncritical
TEP,38,27,0.16880466043949127,0.03906705603003502,0.2574344277381897,0.21836736798286438,reliable_noncritical
TEP,38,28,0.23556852340698242,0.15670554339885712,0.3118075728416443,0.15510202944278717,reliable_noncritical
TEP,38,29,0.2513119578361511,0.15379008650779724,0.34387755393981934,0.1900874674320221,reliable_noncritical
TEP,38,30,0.04693877696990967,0.014868805184960365,0.14883381128311157,0.13396500051021576,reliable_noncritical
TEP,38,31,0.08338192105293274,0.04387754946947098,0.18002915382385254,0.13615161180496216,reliable_noncritical
TEP,38,32,0.12040816247463226,0.04373177886009216,0.20204082131385803,0.15830904245376587,reliable_noncritical
TEP,39,0,0.6781340837478638,0.6240524649620056,0.7209912538528442,0.09693878889083862,ambiguous
TEP,39,1,0.5623906850814819,0.5090378522872925,0.6024781465530396,0.09344029426574707,reliable_noncritical
TEP,39,2,0.1029154509305954,0.03265306353569031,0.23075802624225616,0.19810496270656586,reliable_noncritical
TEP,39,3,0.1440233290195465,0.05612244829535484,0.2553935647010803,0.19927111268043518,reliable_noncritical
TEP,39,4,0.09329445660114288,0.03979591652750969,0.16122448444366455,0.12142856419086456,reliable_noncritical
TEP,39,5,0.6125364303588867,0.5367347002029419,0.6746355891227722,0.13790088891983032,reliable_noncritical
TEP,39,6,0.05422740429639816,0.012827988713979721,0.1669096201658249,0.15408162772655487,reliable_noncritical
TEP,39,7,0.13498541712760925,0.05306122452020645,0.2247813493013382,0.17172011733055115,reliable_noncritical
TEP,39,8,0.6367347240447998,0.5747813582420349,0.6714285612106323,0.09664720296859741,reliable_noncritical
TEP,39,9,0.12536443769931793,0.049125365912914276,0.21501457691192627,0.1658892035484314,reliable_noncritical
TEP,39,10,0.38279885053634644,0.30845481157302856,0.46253645420074463,0.15408164262771606,reliable_noncritical
TEP,39,11,0.08454810082912445,0.03454810380935669,0.14650146663188934,0.11195336282253265,reliable_noncritical
TEP,39,12,0.36822158098220825,0.2857142686843872,0.4243440330028534,0.1386297643184662,reliable_noncritical
TEP,39,13,0.047521866858005524,0.018950438126921654,0.14446064829826355,0.12551021575927734,reliable_noncritical
TEP,39,14,0.20612245798110962,0.09839650243520737,0.33790087699890137,0.2395043671131134,reliable_noncritical
TEP,39,15,0.11574344336986542,0.039650145918130875,0.20947521924972534,0.16982507705688477,reliable_noncritical
TEP,39,16,0.19271136820316315,0.09941691160202026,0.31443148851394653,0.21501457691192627,reliable_noncritical
TEP,39,17,0.1166180744767189,0.05422740429639816,0.16297376155853271,0.10874635726213455,reliable_noncritical
TEP,39,18,0.5102040767669678,0.4537900984287262,0.5806122422218323,0.12682214379310608,reliable_noncritical
TEP,39,19,0.1731778383255005,0.10830903798341751,0.23032069206237793,0.12201165407896042,reliable_noncritical
TEP,39,20,0.1250728815793991,0.058746352791786194,0.20612245798110962,0.14737610518932343,reliable_noncritical
TEP,39,21,0.20612245798110962,0.12769679725170135,0.2607871890068054,0.13309039175510406,reliable_noncritical
TEP,39,22,0.15568512678146362,0.09446064382791519,0.27769678831100464,0.18323615193367004,reliable_noncritical
TEP,39,23,0.19708454608917236,0.10685130953788757,0.3278425633907318,0.22099125385284424,reliable_noncritical
TEP,39,24,0.051311954855918884,0.01647230237722397,0.12638483941555023,0.10991253703832626,reliable_noncritical
TEP,39,25,0.3381924033164978,0.21982507407665253,0.3906705379486084,0.17084546387195587,reliable_noncritical
TEP,39,26,0.18979591131210327,0.09985422343015671,0.2730320692062378,0.1731778383255005,reliable_noncritical
TEP,39,27,0.041107870638370514,0.014577259309589863,0.09679300338029861,0.08221574127674103,reliable_noncritical
TEP,39,28,0.3075801730155945,0.18294459581375122,0.3959183692932129,0.21297377347946167,reliable_noncritical
TEP,39,29,0.22711369395256042,0.1345480978488922,0.32186588644981384,0.18731778860092163,reliable_noncritical
TEP,39,30,0.1376093327999115,0.06443148851394653,0.20408162474632263,0.1396501362323761,reliable_noncritical
TEP,39,31,0.44052475690841675,0.3297376036643982,0.514285683631897,0.18454807996749878,reliable_noncritical
TEP,39,32,0.19271136820316315,0.11909621208906174,0.2437317669391632,0.12463555485010147,reliable_noncritical
TEP,40,0,0.3311953544616699,0.2657434344291687,0.40758016705513,0.1418367326259613,reliable_noncritical
TEP,40,1,0.4790087342262268,0.41559767723083496,0.5301749110221863,0.11457723379135132,reliable_noncritical
TEP,40,2,0.7813411355018616,0.707871675491333,0.8351311683654785,0.1272594928741455,reliable_critical
TEP,40,3,0.5186588764190674,0.43542271852493286,0.5790087580680847,0.14358603954315186,reliable_noncritical
TEP,40,4,0.4381924271583557,0.32842564582824707,0.5160349607467651,0.18760931491851807,reliable_noncritical
TEP,40,5,0.21720117330551147,0.13425657153129578,0.2855685353279114,0.1513119637966156,reliable_noncritical
TEP,40,6,0.5827988386154175,0.537609338760376,0.6333819627761841,0.0957726240158081,reliable_noncritical
TEP,40,7,0.7358600497245789,0.6876093149185181,0.7669095993041992,0.07930028438568115,ambiguous
TEP,40,8,0.27667638659477234,0.20233236253261566,0.3338192403316498,0.13148687779903412,reliable_noncritical
TEP,40,9,0.3580175042152405,0.27915453910827637,0.4231778383255005,0.14402329921722412,reliable_noncritical
TEP,40,10,0.7486880421638489,0.701894998550415,0.8189504146575928,0.11705541610717773,reliable_critical
TEP,40,11,0.5516034960746765,0.4873178005218506,0.6314868927001953,0.14416909217834473,reliable_noncritical
TEP,40,12,0.6574344038963318,0.6102041006088257,0.716472327709198,0.10626822710037231,ambiguous
TEP,40,13,0.5895043611526489,0.5249271392822266,0.635860025882721,0.11093288660049438,reliable_noncritical
TEP,40,14,0.4466472268104553,0.3822157382965088,0.5137026309967041,0.1314868927001953,reliable_noncritical
TEP,40,15,0.4309037923812866,0.346792995929718,0.5158892273902893,0.1690962314605713,reliable_noncritical
TEP,40,16,0.613702654838562,0.56516033411026,0.673906683921814,0.10874634981155396,reliable_noncritical
TEP,40,17,0.40816327929496765,0.2890670597553253,0.5120991468429565,0.22303208708763123,reliable_noncritical
TEP,40,18,0.4148688018321991,0.3234694004058838,0.556414008140564,0.23294460773468018,reliable_noncritical
TEP,40,19,0.43206995725631714,0.3361515998840332,0.5663265585899353,0.2301749587059021,reliable_noncritical
TEP,40,20,0.5137026309967041,0.4233236312866211,0.5826530456542969,0.15932941436767578,reliable_noncritical
TEP,40,21,0.3195335268974304,0.21166181564331055,0.41953352093696594,0.2078717052936554,reliable_noncritical
TEP,40,22,0.38075801730155945,0.2709912359714508,0.46064138412475586,0.18965014815330505,reliable_noncritical
TEP,40,23,0.5338192582130432,0.474781334400177,0.5838192701339722,0.10903793573379517,reliable_noncritical
TEP,40,24,0.5982507467269897,0.5262390375137329,0.6548104882240295,0.12857145071029663,reliable_noncritical
TEP,40,25,0.5924198627471924,0.5329445600509644,0.642274022102356,0.1093294620513916,reliable_noncritical
TEP,40,26,0.6886297464370728,0.6018950343132019,0.7379008531570435,0.13600581884384155,ambiguous
TEP,40,27,0.4967930018901825,0.41457727551460266,0.5421282649040222,0.12755098938941956,reliable_noncritical
TEP,40,28,0.5002915263175964,0.42900875210762024,0.5502915382385254,0.12128278613090515,reliable_noncritical
TEP,40,29,0.352769672870636,0.2730320692062378,0.4193877577781677,0.14635568857192993,reliable_noncritical
TEP,40,30,0.428862988948822,0.3454810678958893,0.5046647191047668,0.15918365120887756,reliable_noncritical
TEP,40,31,0.550437331199646,0.47317785024642944,0.6205539703369141,0.14737612009048462,reliable_noncritical
TEP,40,32,0.49008744955062866,0.41982507705688477,0.5526238679885864,0.13279879093170166,reliable_noncritical
TEP,41,0,0.7696793079376221,0.731195330619812,0.8099125623703003,0.07871723175048828,reliable_critical
TEP,41,1,0.7014577388763428,0.6785714626312256,0.7189504504203796,0.04037898778915405,ambiguous
TEP,41,2,0.6962099075317383,0.647667646408081,0.7549562454223633,0.10728859901428223,ambiguous
TEP,41,3,0.33469387888908386,0.29664725065231323,0.3804664611816406,0.08381921052932739,reliable_noncritical
TEP,41,4,0.0766763836145401,0.02594752237200737,0.1335276961326599,0.10758017003536224,reliable_noncritical
TEP,41,5,0.691253662109375,0.6255102157592773,0.7421282529830933,0.11661803722381592,ambiguous
TEP,41,6,0.3247813582420349,0.25160351395606995,0.4115160405635834,0.15991252660751343,reliable_noncritical
TEP,41,7,0.11049562692642212,0.0462099127471447,0.18119533360004425,0.13498541712760925,reliable_noncritical
TEP,41,8,0.6373177766799927,0.5660350322723389,0.6787171959877014,0.11268216371536255,reliable_noncritical
TEP,41,9,0.07521866261959076,0.03309037908911705,0.14766764640808105,0.1145772635936737,reliable_noncritical
TEP,41,10,0.336443156003952,0.24504372477531433,0.37973761558532715,0.13469389081001282,reliable_noncritical
TEP,41,11,0.5326530933380127,0.41311952471733093,0.596792995929718,0.18367347121238708,reliable_noncritical
TEP,41,12,0.28921282291412354,0.20393586158752441,0.39650145173072815,0.19256559014320374,reliable_noncritical
TEP,41,13,0.378425657749176,0.2857142984867096,0.4663265347480774,0.1806122362613678,reliable_noncritical
TEP,41,14,0.12361516058444977,0.061516035348176956,0.24037900567054749,0.17886297404766083,reliable_noncritical
TEP,41,15,0.401166170835495,0.304810494184494,0.46793001890182495,0.16311952471733093,reliable_noncritical
TEP,41,16,0.26413995027542114,0.20932944118976593,0.3485422730445862,0.13921283185482025,reliable_noncritical
TEP,41,17,0.24431486427783966,0.17711369693279266,0.3309037983417511,0.15379010140895844,reliable_noncritical
TEP,41,18,0.1743440330028534,0.09620991349220276,0.29125362634658813,0.19504371285438538,reliable_noncritical
TEP,41,19,0.627988338470459,0.5492711067199707,0.6838192939758301,0.13454818725585938,reliable_noncritical
TEP,41,20,0.06967930495738983,0.03309037908911705,0.166034996509552,0.13294461369514465,reliable_noncritical
TEP,41,21,0.15218660235404968,0.027696793898940086,0.24985423684120178,0.22215744853019714,reliable_noncritical
TEP,41,22,0.2352769672870636,0.11574343591928482,0.3626822233200073,0.2469387948513031,reliable_noncritical
TEP,41,23,0.27551019191741943,0.20102040469646454,0.33658891916275024,0.1355685144662857,reliable_noncritical
TEP,41,24,0.22011661529541016,0.15102040767669678,0.30072885751724243,0.14970844984054565,reliable_noncritical
TEP,41,25,0.07755102217197418,0.03221574425697327,0.15889212489128113,0.12667638063430786,reliable_noncritical
TEP,41,26,0.1364431381225586,0.055393584072589874,0.24548104405403137,0.1900874674320221,reliable_noncritical
TEP,41,27,0.20728862285614014,0.11982507258653641,0.35758018493652344,0.23775511980056763,reliable_noncritical
TEP,41,28,0.06530611962080002,0.019096210598945618,0.14679300785064697,0.12769679725170135,reliable_noncritical
TEP,41,29,0.0746355652809143,0.02900874614715576,0.16034986078739166,0.1313411146402359,reliable_noncritical
TEP,41,30,0.13527697324752808,0.07915452122688293,0.23352770507335663,0.1543731838464737,reliable_noncritical
TEP,41,31,0.4778425693511963,0.40932944416999817,0.5279883146286011,0.1186588704586029,reliable_noncritical
TEP,41,32,0.20816326141357422,0.10218659043312073,0.306851327419281,0.20466473698616028,reliable_noncritical
TEP,42,0,0.7396501302719116,0.7206997275352478,0.7529155015945435,0.032215774059295654,reliable_critical
TEP,42,1,0.9746356010437012,0.9625364542007446,0.9879008531570435,0.025364398956298828,reliable_critical
TEP,42,2,0.7483965158462524,0.7322157621383667,0.7801749110221863,0.04795914888381958,reliable_critical
TEP,42,3,0.6466472148895264,0.6183673739433289,0.6755101680755615,0.057142794132232666,reliable_noncritical
TEP,42,4,0.6696792840957642,0.628425657749176,0.6976675987243652,0.06924194097518921,reliable_noncritical
TEP,42,5,0.4341107904911041,0.4010204076766968,0.4844023287296295,0.08338192105293274,reliable_noncritical
TEP,42,6,0.6965014338493347,0.6520408391952515,0.7462099194526672,0.09416908025741577,ambiguous
TEP,42,7,0.5755102038383484,0.5250728726387024,0.6180757880210876,0.09300291538238525,reliable_noncritical
TEP,42,8,0.6122449040412903,0.5686588883399963,0.6625364422798157,0.09387755393981934,reliable_noncritical
TEP,42,9,0.7189504504203796,0.6854227781295776,0.7533527612686157,0.06792998313903809,ambiguous
TEP,42,10,0.7029154300689697,0.6510204076766968,0.7699708938598633,0.1189504861831665,ambiguous
TEP,42,11,0.30612242221832275,0.26122450828552246,0.4118075668811798,0.15058305859565735,reliable_noncritical
TEP,42,12,0.5306122303009033,0.4717200994491577,0.5908163189888,0.11909621953964233,reliable_noncritical
TEP,42,13,0.16005830466747284,0.08892127871513367,0.22128279507160187,0.1323615163564682,reliable_noncritical
TEP,42,14,0.6790087223052979,0.6246355772018433,0.7131195068359375,0.08848392963409424,ambiguous
TEP,42,15,0.1501457691192627,0.05072886496782303,0.25495627522468567,0.20422741770744324,reliable_noncritical
TEP,42,16,0.3096209764480591,0.2174927145242691,0.38265305757522583,0.16516034305095673,reliable_noncritical
TEP,42,17,0.31370264291763306,0.233236163854599,0.3825072944164276,0.1492711305618286,reliable_noncritical
TEP,42,18,0.6303207278251648,0.5855684876441956,0.661078691482544,0.07551020383834839,reliable_noncritical
TEP,42,19,0.30495625734329224,0.21341107785701752,0.3877550959587097,0.1743440181016922,reliable_noncritical
TEP,42,20,0.3801749348640442,0.33586007356643677,0.4508746266365051,0.11501455307006836,reliable_noncritical
TEP,42,21,0.294460654258728,0.2120991349220276,0.3969387710094452,0.1848396360874176,reliable_noncritical
TEP,42,22,0.6055393218994141,0.581632673740387,0.6427114009857178,0.06107872724533081,reliable_noncritical
TEP,42,23,0.13790087401866913,0.08323615044355392,0.18104955554008484,0.09781340509653091,reliable_noncritical
TEP,42,24,0.4769679307937622,0.41661807894706726,0.544023334980011,0.12740525603294373,reliable_noncritical
TEP,42,25,0.5915452241897583,0.5352769494056702,0.621574342250824,0.08629739284515381,reliable_noncritical
TEP,42,26,0.3994169235229492,0.3320699632167816,0.45131194591522217,0.11924198269844055,reliable_noncritical
TEP,42,27,0.5169095993041992,0.4561224579811096,0.5482507348060608,0.09212827682495117,reliable_noncritical
TEP,42,28,0.43440234661102295,0.36793002486228943,0.48046648502349854,0.1125364601612091,reliable_noncritical
TEP,42,29,0.8542274236679077,0.8169096112251282,0.92201167345047,0.1051020622253418,reliable_critical
TEP,42,30,0.4571428596973419,0.40058308839797974,0.5346938967704773,0.13411080837249756,reliable_noncritical
TEP,42,31,0.501457691192627,0.45874637365341187,0.5505831241607666,0.09183675050735474,reliable_noncritical
TEP,42,32,0.3862973749637604,0.2807580232620239,0.4654518961906433,0.18469387292861938,reliable_noncritical
TEP,43,0,0.3329446315765381,0.3202624022960663,0.36180758476257324,0.04154518246650696,reliable_noncritical
TEP,43,1,0.6002915501594543,0.5851311683654785,0.6249271035194397,0.03979593515396118,reliable_noncritical
TEP,43,2,0.4991253614425659,0.4642857015132904,0.5172011256217957,0.05291542410850525,reliable_noncritical
TEP,43,3,0.4883382022380829,0.4462099075317383,0.5345481038093567,0.08833819627761841,reliable_noncritical
TEP,43,4,0.5451894998550415,0.49927112460136414,0.5864431262016296,0.0871720016002655,reliable_noncritical
TEP,43,5,0.34839650988578796,0.30233234167099,0.40379008650779724,0.10145774483680725,reliable_noncritical
TEP,43,6,0.46151602268218994,0.411953330039978,0.5158892273902893,0.10393589735031128,reliable_noncritical
TEP,43,7,0.6099125146865845,0.5648688077926636,0.6603498458862305,0.0954810380935669,reliable_noncritical
TEP,43,8,0.3918367326259613,0.32186588644981384,0.428425669670105,0.10655978322029114,reliable_noncritical
TEP,43,9,0.17172011733055115,0.077696792781353,0.2658891975879669,0.18819239735603333,reliable_noncritical
TEP,43,10,0.6139941811561584,0.5827988386154175,0.6511662006378174,0.0683673620223999,reliable_noncritical
TEP,43,11,0.6749271154403687,0.6447521448135376,0.7020407915115356,0.05728864669799805,ambiguous
TEP,43,12,0.38833820819854736,0.32638484239578247,0.4371720254421234,0.11078718304634094,reliable_noncritical
TEP,43,13,0.5556851625442505,0.4609329402446747,0.6246355772018433,0.16370263695716858,reliable_noncritical
TEP,43,14,0.0346938781440258,0.01574344001710415,0.08236151188611984,0.06661807000637054,reliable_noncritical
TEP,43,15,0.44285714626312256,0.3602041006088257,0.5011661648750305,0.14096206426620483,reliable_noncritical
TEP,43,16,0.2606413960456848,0.16938775777816772,0.3173469305038452,0.1479591727256775,reliable_noncritical
TEP,43,17,0.31865888833999634,0.22959184646606445,0.40276968479156494,0.1731778383255005,reliable_noncritical
TEP,43,18,0.13090379536151886,0.07099124789237976,0.22361516952514648,0.15262392163276672,reliable_noncritical
TEP,43,19,0.6419824957847595,0.594897985458374,0.6774052381515503,0.08250725269317627,reliable_noncritical
TEP,43,20,0.5096210241317749,0.46355685591697693,0.5552477836608887,0.09169092774391174,reliable_noncritical
TEP,43,21,0.6507288217544556,0.6129737496376038,0.6830903887748718,0.07011663913726807,reliable_noncritical
TEP,43,22,0.6758017539978027,0.6475218534469604,0.716035008430481,0.06851315498352051,ambiguous
TEP,43,23,0.3425655961036682,0.294023334980011,0.3741982579231262,0.08017492294311523,reliable_noncritical
TEP,43,24,0.514285683631897,0.455976665019989,0.5666180849075317,0.11064141988754272,reliable_noncritical
TEP,43,25,0.5556851029396057,0.5103498697280884,0.5973761081695557,0.08702623844146729,reliable_noncritical
TEP,43,26,0.5909621119499207,0.5473760962486267,0.6164723038673401,0.06909620761871338,reliable_noncritical
TEP,43,27,0.41661807894706726,0.37244898080825806,0.4463557004928589,0.07390671968460083,reliable_noncritical
TEP,43,28,0.638484001159668,0.5960641503334045,0.6648687720298767,0.06880462169647217,reliable_noncritical
TEP,43,29,0.5349854230880737,0.4948979616165161,0.5686588883399963,0.07376092672348022,reliable_noncritical
TEP,43,30,0.5157434940338135,0.48673468828201294,0.5475218892097473,0.060787200927734375,reliable_noncritical
TEP,43,31,0.6236151456832886,0.6067055463790894,0.6462098956108093,0.03950434923171997,reliable_noncritical
TEP,43,32,0.5434402227401733,0.5049562454223633,0.5900874733924866,0.08513122797012329,reliable_noncritical
TEP,44,0,0.4244897961616516,0.38702625036239624,0.4642857015132904,0.07725945115089417,reliable_noncritical
TEP,44,1,0.8769679069519043,0.8451895117759705,0.9142857193946838,0.06909620761871338,reliable_critical
TEP,44,2,0.6650146245956421,0.6345481276512146,0.6877551078796387,0.05320698022842407,reliable_noncritical
TEP,44,3,0.6212828159332275,0.5686588883399963,0.6741982698440552,0.10553938150405884,reliable_noncritical
TEP,44,4,0.46793001890182495,0.3558309078216553,0.539941668510437,0.18411076068878174,reliable_noncritical
TEP,44,5,0.5408163070678711,0.4823615252971649,0.5781341195106506,0.09577259421348572,reliable_noncritical
TEP,44,6,0.6944606304168701,0.6325072646141052,0.7367346882820129,0.10422742366790771,ambiguous
TEP,44,7,0.4696792960166931,0.37011662125587463,0.5469387769699097,0.17682215571403503,reliable_noncritical
TEP,44,8,0.0661807581782341,0.0199708454310894,0.17157435417175293,0.15160350501537323,reliable_noncritical
TEP,44,9,0.6478134393692017,0.6064139604568481,0.7139941453933716,0.10758018493652344,ambiguous
TEP,44,10,0.05801749229431152,0.015597667545080185,0.12973760068416595,0.11413992941379547,reliable_noncritical
TEP,44,11,0.22769679129123688,0.13367345929145813,0.36297374963760376,0.22930029034614563,reliable_noncritical
TEP,44,12,0.2670553922653198,0.20772594213485718,0.3539358675479889,0.1462099254131317,reliable_noncritical
TEP,44,13,0.23032069206237793,0.11982507258653641,0.3298833966255188,0.210058331489563,reliable_noncritical
TEP,44,14,0.12303207069635391,0.09110786765813828,0.1931486874818802,0.10204081982374191,reliable_noncritical
TEP,44,15,0.12944605946540833,0.0756559818983078,0.2088921219110489,0.1332361400127411,reliable_noncritical
TEP,44,16,0.25568515062332153,0.14271137118339539,0.3762390613555908,0.23352769017219543,reliable_noncritical
TEP,44,17,0.3276968002319336,0.2542273998260498,0.3938775658607483,0.1396501660346985,reliable_noncritical
TEP,44,18,0.33556848764419556,0.22653061151504517,0.4033527672290802,0.17682215571403503,reliable_noncritical
TEP,44,19,0.3373177647590637,0.23483964800834656,0.3950437307357788,0.16020408272743225,reliable_noncritical
TEP,44,20,0.3233236074447632,0.2405247837305069,0.3884839713573456,0.14795918762683868,reliable_noncritical
TEP,44,21,0.07113702595233917,0.028279883787035942,0.13002915680408478,0.10174927115440369,reliable_noncritical
TEP,44,22,0.3813410997390747,0.23279882967472076,0.4740524888038635,0.24125365912914276,reliable_noncritical
TEP,44,23,0.2635568380355835,0.18206997215747833,0.3096209764480591,0.12755100429058075,reliable_noncritical
TEP,44,24,0.2953352928161621,0.21909621357917786,0.3604956269264221,0.14139941334724426,reliable_noncritical
TEP,44,25,0.13935860991477966,0.07478134334087372,0.24344022572040558,0.16865888237953186,reliable_noncritical
TEP,44,26,0.2932944595813751,0.18046647310256958,0.38075801730155945,0.20029154419898987,reliable_noncritical
TEP,44,27,0.2154518961906433,0.14679300785064697,0.28644314408302307,0.1396501362323761,reliable_noncritical
TEP,44,28,0.1282798945903778,0.07419824600219727,0.20393586158752441,0.12973761558532715,reliable_noncritical
TEP,44,29,0.18629737198352814,0.09256559610366821,0.27667638659477234,0.18411079049110413,reliable_noncritical
TEP,44,30,0.40903788805007935,0.31763845682144165,0.46151602268218994,0.1438775658607483,reliable_noncritical
TEP,44,31,0.354810506105423,0.26195335388183594,0.42376092076301575,0.1618075668811798,reliable_noncritical
TEP,44,32,0.4265305995941162,0.3599125146865845,0.48032069206237793,0.12040817737579346,reliable_noncritical
TEP,45,0,0.935276985168457,0.9046646952629089,0.9510204195976257,0.0463557243347168,reliable_critical
TEP,45,1,0.9215743541717529,0.8890670537948608,0.9460641145706177,0.056997060775756836,reliable_critical
TEP,45,2,0.968804657459259,0.9553936123847961,0.9766764044761658,0.02128279209136963,reliable_critical
TEP,45,3,0.975218653678894,0.9626821875572205,0.9838192462921143,0.0211370587348938,reliable_critical
TEP,45,4,0.984839677810669,0.975218653678894,0.9902332425117493,0.015014588832855225,reliable_critical
TEP,45,5,0.9851312041282654,0.9753644466400146,0.9900874495506287,0.014723002910614014,reliable_critical
TEP,45,6,0.9253644347190857,0.9043731689453125,0.9510204195976257,0.04664725065231323,reliable_critical
TEP,45,7,0.8900874853134155,0.8635568618774414,0.9198250770568848,0.05626821517944336,reliable_critical
TEP,45,8,0.8081632852554321,0.7927113771438599,0.8311953544616699,0.03848397731781006,reliable_critical
TEP,45,9,0.8291544914245605,0.8109329342842102,0.8594752550125122,0.048542320728302,reliable_critical
TEP,45,10,0.80233234167099,0.7881923913955688,0.823032021522522,0.034839630126953125,reliable_critical
TEP,45,11,0.7813411355018616,0.768367350101471,0.7998542189598083,0.0314868688583374,reliable_critical
TEP,45,12,0.7892128229141235,0.7677842378616333,0.8042274117469788,0.03644317388534546,reliable_critical
TEP,45,13,0.7755101919174194,0.7527697086334229,0.7972303628921509,0.04446065425872803,reliable_critical
TEP,45,14,0.8058308959007263,0.7862973809242249,0.8228862881660461,0.03658890724182129,reliable_critical
TEP,45,15,0.8618075847625732,0.8304664492607117,0.8997085094451904,0.06924206018447876,reliable_critical
TEP,45,16,0.963848352432251,0.9370262622833252,0.9862973690032959,0.0492711067199707,reliable_critical
TEP,45,17,0.9524781703948975,0.9322157502174377,0.9642857313156128,0.03206998109817505,reliable_critical
TEP,45,18,0.9833819270133972,0.9800291061401367,0.9953352808952332,0.015306174755096436,reliable_critical
TEP,45,19,0.8142857551574707,0.800000011920929,0.8500000238418579,0.050000011920928955,reliable_critical
TEP,45,20,0.8851311802864075,0.8606414198875427,0.9218658804893494,0.06122446060180664,reliable_critical
TEP,45,21,0.955976665019989,0.9154518842697144,0.9746355414390564,0.05918365716934204,reliable_critical
TEP,45,22,0.7626821994781494,0.7443149089813232,0.7860058546066284,0.041690945625305176,reliable_critical
TEP,45,23,0.8040816187858582,0.7858600616455078,0.826093316078186,0.04023325443267822,reliable_critical
TEP,45,24,0.7918367385864258,0.7670553922653198,0.8106414079666138,0.043586015701293945,reliable_critical
TEP,45,25,0.9539358615875244,0.9072886109352112,0.9744898080825806,0.06720119714736938,reliable_critical
TEP,45,26,0.6900874376296997,0.673906683921814,0.7052478194236755,0.03134113550186157,ambiguous
TEP,45,27,0.7396501302719116,0.722886323928833,0.7580174803733826,0.03513115644454956,reliable_critical
TEP,45,28,0.7384839653968811,0.7201166152954102,0.7645772695541382,0.04446065425872803,reliable_critical
TEP,45,29,0.9591836929321289,0.9333819150924683,0.9758017063140869,0.04241979122161865,reliable_critical
TEP,45,30,0.8650145530700684,0.8276968002319336,0.9087463617324829,0.08104956150054932,reliable_critical
TEP,45,31,0.7755101919174194,0.7542273998260498,0.8042274117469788,0.050000011920928955,reliable_critical
TEP,45,32,0.9072886109352112,0.8690962195396423,0.9553935527801514,0.08629733324050903,reliable_critical
TEP,46,0,0.7309037446975708,0.7137026190757751,0.7539358735084534,0.04023325443267822,reliable_critical
TEP,46,1,0.8886297345161438,0.8705539107322693,0.9295918345451355,0.05903792381286621,reliable_critical
TEP,46,2,0.7113702297210693,0.6940233111381531,0.731632649898529,0.03760933876037598,ambiguous
TEP,46,3,0.7553936243057251,0.7295918464660645,0.781632661819458,0.052040815353393555,reliable_critical
TEP,46,4,0.9131195545196533,0.8575801849365234,0.9593294858932495,0.10174930095672607,reliable_critical
TEP,46,5,0.5746355652809143,0.5129737854003906,0.6007288694381714,0.08775508403778076,reliable_noncritical
TEP,46,6,0.6212828159332275,0.5750728845596313,0.6590379476547241,0.08396506309509277,reliable_noncritical
TEP,46,7,0.44169098138809204,0.3768221437931061,0.5093294382095337,0.1325072944164276,reliable_noncritical
TEP,46,8,0.5539358854293823,0.46778425574302673,0.5947521924972534,0.12696793675422668,reliable_noncritical
TEP,46,9,0.5344023704528809,0.47084546089172363,0.5938775539398193,0.1230320930480957,reliable_noncritical
TEP,46,10,0.6752186417579651,0.6271136999130249,0.7215743660926819,0.09446066617965698,ambiguous
TEP,46,11,0.6058309078216553,0.5520408153533936,0.6511662006378174,0.09912538528442383,reliable_noncritical
TEP,46,12,0.5224489569664001,0.4620991349220276,0.5801749229431152,0.11807578802108765,reliable_noncritical
TEP,46,13,0.7309038043022156,0.6781340837478638,0.7730320692062378,0.09489798545837402,ambiguous
TEP,46,14,0.6612244844436646,0.6225947141647339,0.6895043849945068,0.06690967082977295,reliable_noncritical
TEP,46,15,0.8212827444076538,0.7629737854003906,0.9067055583000183,0.14373177289962769,reliable_critical
TEP,46,16,0.8163265585899353,0.7696793079376221,0.8969388008117676,0.1272594928741455,reliable_critical
TEP,46,17,0.7956268191337585,0.7419825196266174,0.8456268310546875,0.10364431142807007,reliable_critical
TEP,46,18,0.6571428775787354,0.6177842617034912,0.693585991859436,0.07580173015594482,reliable_noncritical
TEP,46,19,0.7274052500724792,0.6883382201194763,0.7743440270423889,0.0860058069229126,ambiguous
TEP,46,20,0.4341107904911041,0.37011659145355225,0.47653061151504517,0.10641402006149292,reliable_noncritical
TEP,46,21,0.6247813701629639,0.5556851625442505,0.6613702774047852,0.10568511486053467,reliable_noncritical
TEP,46,22,0.6542273759841919,0.6208454370498657,0.6976675987243652,0.07682216167449951,reliable_noncritical
TEP,46,23,0.5938775539398193,0.5448979735374451,0.615160346031189,0.0702623724937439,reliable_noncritical
TEP,46,24,0.5011661648750305,0.45029157400131226,0.554956316947937,0.10466474294662476,reliable_noncritical
TEP,46,25,0.5979591608047485,0.5642856955528259,0.6374635696411133,0.07317787408828735,reliable_noncritical
TEP,46,26,0.7151603698730469,0.6855685114860535,0.7419824600219727,0.05641394853591919,ambiguous
TEP,46,27,0.6670553684234619,0.6186589002609253,0.6938775777816772,0.07521867752075195,reliable_noncritical
TEP,46,28,0.7166180610656738,0.6916909217834473,0.7526239156723022,0.06093299388885498,ambiguous
TEP,46,29,0.6699708700180054,0.6448979377746582,0.6922740936279297,0.047376155853271484,reliable_noncritical
TEP,46,30,0.6909620761871338,0.6727405190467834,0.7177842855453491,0.045043766498565674,ambiguous
TEP,46,31,0.7921282649040222,0.7543731927871704,0.8309037685394287,0.0765305757522583,reliable_critical
TEP,46,32,0.7355685234069824,0.6982507705688477,0.7626821994781494,0.06443142890930176,ambiguous
TEP,47,0,0.4979591965675354,0.43119531869888306,0.5383381843566895,0.1071428656578064,reliable_noncritical
TEP,47,1,0.147230327129364,0.10685130953788757,0.2373177856206894,0.13046647608280182,reliable_noncritical
TEP,47,2,0.1448979675769806,0.09606414288282394,0.20014578104019165,0.1040816381573677,reliable_noncritical
TEP,47,3,0.31253644824028015,0.22288629412651062,0.4033527672290802,0.18046647310256958,reliable_noncritical
TEP,47,4,0.25889211893081665,0.1354227364063263,0.3432944715023041,0.20787173509597778,reliable_noncritical
TEP,47,5,0.27346938848495483,0.21457725763320923,0.3053935766220093,0.09081631898880005,reliable_noncritical
TEP,47,6,0.30204081535339355,0.2330903708934784,0.39023321866989136,0.15714284777641296,reliable_noncritical
TEP,47,7,0.18309038877487183,0.10743439942598343,0.2572886347770691,0.14985424280166626,reliable_noncritical
TEP,47,8,0.4084548056125641,0.3737609386444092,0.46355685591697693,0.08979591727256775,reliable_noncritical
TEP,47,9,0.17784255743026733,0.11588921397924423,0.2364431470632553,0.12055393308401108,reliable_noncritical
TEP,47,10,0.2909621000289917,0.2110787183046341,0.35233235359191895,0.14125363528728485,reliable_noncritical
TEP,47,11,0.4370262622833252,0.36720114946365356,0.5103498697280884,0.14314872026443481,reliable_noncritical
TEP,47,12,0.45947521924972534,0.4129737615585327,0.5126821994781494,0.0997084379196167,reliable_noncritical
TEP,47,13,0.20233236253261566,0.15568512678146362,0.281632661819458,0.12594753503799438,reliable_noncritical
TEP,47,14,0.19999998807907104,0.15670554339885712,0.26618075370788574,0.10947521030902863,reliable_noncritical
TEP,47,15,0.1734693944454193,0.11778426170349121,0.22521865367889404,0.10743439197540283,reliable_noncritical
TEP,47,16,0.13061225414276123,0.07551020383834839,0.19606414437294006,0.12055394053459167,reliable_noncritical
TEP,47,17,0.37900876998901367,0.31151604652404785,0.46355685591697693,0.15204080939292908,reliable_noncritical
TEP,47,18,0.2562682032585144,0.1943148672580719,0.36705538630485535,0.17274051904678345,reliable_noncritical
TEP,47,19,0.22011661529541016,0.12682215869426727,0.2943148612976074,0.16749270260334015,reliable_noncritical
TEP,47,20,0.42274051904678345,0.3058308959007263,0.48775508999824524,0.18192419409751892,reliable_noncritical
TEP,47,21,0.32740524411201477,0.20874634385108948,0.4233236014842987,0.21457725763320923,reliable_noncritical
TEP,47,22,0.17172011733055115,0.10116617381572723,0.24023324251174927,0.13906706869602203,reliable_noncritical
TEP,47,23,0.10262390971183777,0.07157434523105621,0.1797376126050949,0.1081632673740387,reliable_noncritical
TEP,47,24,0.13702623546123505,0.07492710649967194,0.25976675748825073,0.1848396509885788,reliable_noncritical
TEP,47,25,0.0787172019481659,0.03979592025279999,0.17623907327651978,0.1364431530237198,reliable_noncritical
TEP,47,26,0.3769679367542267,0.2868804633617401,0.4306122660636902,0.14373180270195007,reliable_noncritical
TEP,47,27,0.19825072586536407,0.16034984588623047,0.27230319380760193,0.11195334792137146,reliable_noncritical
TEP,47,28,0.6195335388183594,0.5569970607757568,0.670116662979126,0.11311960220336914,reliable_noncritical
TEP,47,29,0.2320699691772461,0.18498541414737701,0.2870262563228607,0.1020408421754837,reliable_noncritical
TEP,47,30,0.2670553922653198,0.20116618275642395,0.34504371881484985,0.1438775360584259,reliable_noncritical
TEP,47,31,0.1145772635936737,0.0556851327419281,0.17900873720645905,0.12332360446453094,reliable_noncritical
TEP,47,32,0.20932944118976593,0.12055394053459167,0.30174925923347473,0.18119531869888306,reliable_noncritical
TEP,48,0,0.5749270915985107,0.5193877220153809,0.6271136999130249,0.10772597789764404,reliable_noncritical
TEP,48,1,0.07930029183626175,0.028717201203107834,0.1481049507856369,0.11938774585723877,reliable_noncritical
TEP,48,2,0.13177841901779175,0.0903790071606636,0.1849854290485382,0.0946064218878746,reliable_noncritical
TEP,48,3,0.3090378940105438,0.20976676046848297,0.41413992643356323,0.20437316596508026,reliable_noncritical
TEP,48,4,0.15160349011421204,0.1144314855337143,0.21676385402679443,0.10233236849308014,reliable_noncritical
TEP,48,5,0.49008744955062866,0.4389212727546692,0.5373177528381348,0.09839648008346558,reliable_noncritical
TEP,48,6,0.25889211893081665,0.2037900984287262,0.3173469305038452,0.11355683207511902,reliable_noncritical
TEP,48,7,0.2900874614715576,0.2090378999710083,0.3361515998840332,0.1271136999130249,reliable_noncritical
TEP,48,8,0.4507288634777069,0.3562682271003723,0.5120991468429565,0.15583091974258423,reliable_noncritical
TEP,48,9,0.3483964800834656,0.3024781346321106,0.4147230386734009,0.11224490404129028,reliable_noncritical
TEP,48,10,0.3422740697860718,0.2765306234359741,0.39868804812431335,0.12215742468833923,reliable_noncritical
TEP,48,11,0.13206997513771057,0.07886297255754471,0.19927114248275757,0.12040816992521286,reliable_noncritical
TEP,48,12,0.11166180670261383,0.06865889579057693,0.1902332305908203,0.12157433480024338,reliable_noncritical
TEP,48,13,0.11690962314605713,0.0609329454600811,0.2657434344291687,0.2048104852437973,reliable_noncritical
TEP,48,14,0.15626820921897888,0.11078717559576035,0.22507289052009583,0.11428571492433548,reliable_noncritical
TEP,48,15,0.16618075966835022,0.11530612409114838,0.2132652997970581,0.09795917570590973,reliable_noncritical
TEP,48,16,0.19620990753173828,0.11895043402910233,0.2637026309967041,0.14475220441818237,reliable_noncritical
TEP,48,17,0.41428571939468384,0.3551020622253418,0.46268221735954285,0.10758015513420105,reliable_noncritical
TEP,48,18,0.5594751834869385,0.483236163854599,0.5915451645851135,0.10830900073051453,reliable_noncritical
TEP,48,19,0.1448979675769806,0.08833819627761841,0.2173469364643097,0.12900874018669128,reliable_noncritical
TEP,48,20,0.21982507407665253,0.15466472506523132,0.32813411951065063,0.1734693944454193,reliable_noncritical
TEP,48,21,0.11049562692642212,0.08848395943641663,0.16778424382209778,0.07930028438568115,reliable_noncritical
TEP,48,22,0.14256560802459717,0.09489795565605164,0.2215743362903595,0.12667638063430786,reliable_noncritical
TEP,48,23,0.16851311922073364,0.10670553892850876,0.27361518144607544,0.16690963506698608,reliable_noncritical
TEP,48,24,0.14781340956687927,0.08877550810575485,0.21588921546936035,0.1271136999130249,reliable_noncritical
TEP,48,25,0.09883381426334381,0.05233236029744148,0.16049562394618988,0.1081632673740387,reliable_noncritical
TEP,48,26,0.08571428060531616,0.045335277915000916,0.1459183692932129,0.10058309137821198,reliable_noncritical
TEP,48,27,0.1723031997680664,0.13148687779903412,0.22317785024642944,0.09169097244739532,reliable_noncritical
TEP,48,28,0.2763848304748535,0.21341107785701752,0.32390671968460083,0.11049564182758331,reliable_noncritical
TEP,48,29,0.19999998807907104,0.1450437307357788,0.23892128467559814,0.09387755393981934,reliable_noncritical
TEP,48,30,0.2069970965385437,0.1565597653388977,0.2720116674900055,0.11545190215110779,reliable_noncritical
TEP,48,31,0.42798835039138794,0.361661821603775,0.5102040767669678,0.14854225516319275,reliable_noncritical
TEP,48,32,0.18862974643707275,0.11020408570766449,0.26282799243927,0.15262390673160553,reliable_noncritical
TEP,49,0,0.8034985065460205,0.7800291776657104,0.8355684876441956,0.05553930997848511,reliable_critical
TEP,49,1,0.7676384449005127,0.7434402108192444,0.7877551317214966,0.0443149209022522,reliable_critical
TEP,49,2,0.85685133934021,0.8357142806053162,0.8759475350379944,0.04023325443267822,reliable_critical
TEP,49,3,0.9046647548675537,0.883965015411377,0.92201167345047,0.03804665803909302,reliable_critical
TEP,49,4,0.8317784070968628,0.8186588883399963,0.8466472029685974,0.027988314628601074,reliable_critical
TEP,49,5,0.8970845341682434,0.8686589002609253,0.9209912419319153,0.05233234167098999,reliable_critical
TEP,49,6,0.9061224460601807,0.8884839415550232,0.9208455085754395,0.03236156702041626,reliable_critical
TEP,49,7,0.8938775658607483,0.8785713911056519,0.911078691482544,0.03250730037689209,reliable_critical
TEP,49,8,0.8661807775497437,0.8483964800834656,0.8950437307357788,0.04664725065231323,reliable_critical
TEP,49,9,0.8988338112831116,0.8666180968284607,0.9142857193946838,0.047667622566223145,reliable_critical
TEP,49,10,0.874343991279602,0.8542274236679077,0.8876093626022339,0.03338193893432617,reliable_critical
TEP,49,11,0.8524781465530396,0.8377550840377808,0.8695335388183594,0.03177845478057861,reliable_critical
TEP,49,12,0.86967933177948,0.8451895117759705,0.8822157382965088,0.03702622652053833,reliable_critical
TEP,49,13,0.8927114009857178,0.8762390613555908,0.9099125266075134,0.03367346525192261,reliable_critical
TEP,49,14,0.8612245321273804,0.8437317609786987,0.8781341314315796,0.03440237045288086,reliable_critical
TEP,49,15,0.8813410997390747,0.853206992149353,0.8924198150634766,0.039212822914123535,reliable_critical
TEP,49,16,0.8533527851104736,0.8405247926712036,0.8677842617034912,0.027259469032287598,reliable_critical
TEP,49,17,0.8600583076477051,0.8435859680175781,0.8732507228851318,0.02966475486755371,reliable_critical
TEP,49,18,0.8693877458572388,0.8511661887168884,0.8782799243927002,0.027113735675811768,reliable_critical
TEP,49,19,0.8787171840667725,0.8604956269264221,0.8948979377746582,0.034402310848236084,reliable_critical
TEP,49,20,0.8376092910766602,0.8209912776947021,0.8497084379196167,0.02871716022491455,reliable_critical
TEP,49,21,0.8717200756072998,0.8465014696121216,0.8827988505363464,0.036297380924224854,reliable_critical
TEP,49,22,0.8475219011306763,0.8310495615005493,0.8565597534179688,0.025510191917419434,reliable_critical
TEP,49,23,0.8285714387893677,0.814723014831543,0.8431487083435059,0.02842569351196289,reliable_critical
TEP,49,24,0.8693877458572388,0.8462098836898804,0.8814868927001953,0.03527700901031494,reliable_critical
TEP,49,25,0.834402322769165,0.814723014831543,0.8492711186408997,0.03454810380935669,reliable_critical
TEP,49,26,0.8483965396881104,0.8351311683654785,0.8639941811561584,0.02886301279067993,reliable_critical
TEP,49,27,0.833527684211731,0.8186588883399963,0.8440233469009399,0.025364458560943604,reliable_critical
TEP,49,28,0.8367346525192261,0.8233236074447632,0.8473761081695557,0.02405250072479248,reliable_critical
TEP,49,29,0.859183669090271,0.8390670418739319,0.8782799243927002,0.03921288251876831,reliable_critical
TEP,49,30,0.8562681674957275,0.8412536382675171,0.8673469424247742,0.02609330415725708,reliable_critical
TEP,49,31,0.8504372835159302,0.832507312297821,0.8667638301849365,0.03425651788711548,reliable_critical
TEP,49,32,0.8195335268974304,0.806414008140564,0.8314868807792664,0.025072872638702393,reliable_critical
TEP,50,0,0.3075801730155945,0.2753644287586212,0.352769672870636,0.07740524411201477,reliable_noncritical
TEP,50,1,1.0,1.0,1.0,0.0,reliable_critical
TEP,50,2,0.8618075847625732,0.8341107964515686,0.8998542428016663,0.06574344635009766,reliable_critical
TEP,50,3,0.7102040648460388,0.6924198269844055,0.7241982221603394,0.03177839517593384,ambiguous
TEP,50,4,0.6475218534469604,0.6291545033454895,0.6604956388473511,0.03134113550186157,reliable_noncritical
TEP,50,5,0.7323615550994873,0.7069970965385437,0.7489795684814453,0.04198247194290161,reliable_critical
TEP,50,6,0.6034985184669495,0.5883381962776184,0.6195335388183594,0.031195342540740967,reliable_noncritical
TEP,50,7,0.6851311922073364,0.6593294143676758,0.7033527493476868,0.044023334980010986,ambiguous
TEP,50,8,0.642274022102356,0.6199708580970764,0.6706997156143188,0.05072885751724243,reliable_noncritical
TEP,50,9,0.5956268310546875,0.5677842497825623,0.6135568618774414,0.04577261209487915,reliable_noncritical
TEP,50,10,0.5574344396591187,0.5349854230880737,0.5810495615005493,0.046064138412475586,reliable_noncritical
TEP,50,11,0.5099124908447266,0.4861516058444977,0.5285714268684387,0.04241982102394104,reliable_noncritical
TEP,50,12,0.6819242238998413,0.6534985303878784,0.6988338232040405,0.04533529281616211,reliable_noncritical
TEP,50,13,0.6370261907577515,0.6134110689163208,0.6647230386734009,0.05131196975708008,reliable_noncritical
TEP,50,14,0.5102040767669678,0.48454809188842773,0.5451894998550415,0.06064140796661377,reliable_noncritical
TEP,50,15,0.5212827920913696,0.4927113652229309,0.5413994193077087,0.04868805408477783,reliable_noncritical
TEP,50,16,0.39125365018844604,0.3637026250362396,0.4252186417579651,0.061516016721725464,reliable_noncritical
TEP,50,17,0.5924198627471924,0.5615160465240479,0.6293002963066101,0.06778424978256226,reliable_noncritical
TEP,50,18,0.470845490694046,0.44606414437294006,0.49300292134284973,0.04693877696990967,reliable_noncritical
TEP,50,19,0.581632673740387,0.551895022392273,0.6064140200614929,0.05451899766921997,reliable_noncritical
TEP,50,20,0.4705539345741272,0.44081631302833557,0.48804664611816406,0.04723033308982849,reliable_noncritical
TEP,50,21,0.5332361459732056,0.5001457333564758,0.5682215690612793,0.06807583570480347,reliable_noncritical
TEP,50,22,0.5434402227401733,0.525218665599823,0.5784256458282471,0.05320698022842407,reliable_noncritical
TEP,50,23,0.39562684297561646,0.3677842617034912,0.42478132247924805,0.056997060775756836,reliable_noncritical
TEP,50,24,0.4043731689453125,0.37653058767318726,0.43104955554008484,0.05451896786689758,reliable_noncritical
TEP,50,25,0.4548105001449585,0.42915451526641846,0.500437319278717,0.07128280401229858,reliable_noncritical
TEP,50,26,0.45102041959762573,0.4234693944454193,0.4712827801704407,0.04781338572502136,reliable_noncritical
TEP,50,27,0.49650144577026367,0.46355685591697693,0.5287172198295593,0.0651603639125824,reliable_noncritical
TEP,50,28,0.19912536442279816,0.17376092076301575,0.2320699691772461,0.05830904841423035,reliable_noncritical
TEP,50,29,0.372011661529541,0.3437317907810211,0.40495628118515015,0.06122449040412903,reliable_noncritical
TEP,50,30,0.18862974643707275,0.1492711454629898,0.25072887539863586,0.10145772993564606,reliable_noncritical
TEP,50,31,0.2635568380355835,0.2068513184785843,0.31516033411026,0.10830901563167572,reliable_noncritical
TEP,50,32,0.5705539584159851,0.4944606423377991,0.6341108083724976,0.1396501660346985,reliable_noncritical
TEP,51,0,0.6702623963356018,0.6399416923522949,0.7102040648460388,0.0702623724937439,ambiguous
TEP,51,1,0.6069971323013306,0.5685131549835205,0.647230327129364,0.0787171721458435,reliable_noncritical
TEP,51,2,0.42798835039138794,0.33250728249549866,0.47827988862991333,0.14577260613441467,reliable_noncritical
TEP,51,3,0.36793002486228943,0.30204081535339355,0.42813411355018616,0.1260932981967926,reliable_noncritical
TEP,51,4,0.17084547877311707,0.07725947350263596,0.2765306234359741,0.19927114248275757,reliable_noncritical
TEP,51,5,0.09941691160202026,0.052769679576158524,0.17040815949440002,0.1176384836435318,reliable_noncritical
TEP,51,6,0.10728862881660461,0.04693877696990967,0.18221573531627655,0.13527695834636688,reliable_noncritical
TEP,51,7,0.2122448980808258,0.12274052947759628,0.2823615074157715,0.1596209704875946,reliable_noncritical
TEP,51,8,0.39358600974082947,0.3268221616744995,0.46180760860443115,0.13498544692993164,reliable_noncritical
TEP,51,9,0.29883381724357605,0.22725947201251984,0.33542272448539734,0.1081632524728775,reliable_noncritical
TEP,51,10,0.31778424978256226,0.24416910111904144,0.3895043730735779,0.14533527195453644,reliable_noncritical
TEP,51,11,0.06209912523627281,0.023177843540906906,0.14839649200439453,0.12521864473819733,reliable_noncritical
TEP,51,12,0.07900874316692352,0.028425656259059906,0.12769679725170135,0.09927114099264145,reliable_noncritical
TEP,51,13,0.08250728249549866,0.03790087625384331,0.14970844984054565,0.11180756986141205,reliable_noncritical
TEP,51,14,0.233236163854599,0.1071428582072258,0.2909621000289917,0.1838192343711853,reliable_noncritical
TEP,51,15,0.22332361340522766,0.13061225414276123,0.3234694004058838,0.19285714626312256,reliable_noncritical
TEP,51,16,0.3728863000869751,0.30422741174697876,0.4265305995941162,0.12230318784713745,reliable_noncritical
TEP,51,17,0.32419824600219727,0.16647230088710785,0.3625364303588867,0.19606412947177887,reliable_noncritical
TEP,51,18,0.134402334690094,0.08571428805589676,0.20845481753349304,0.12274052947759628,reliable_noncritical
TEP,51,19,0.0892128273844719,0.05612244829535484,0.13309037685394287,0.07696792483329773,reliable_noncritical
TEP,51,20,0.12099125236272812,0.07288630306720734,0.18935860693454742,0.11647230386734009,reliable_noncritical
TEP,51,21,0.3790087401866913,0.32696792483329773,0.4351311922073364,0.1081632673740387,reliable_noncritical
TEP,51,22,0.12011662125587463,0.06690962612628937,0.17361515760421753,0.10670553147792816,reliable_noncritical
TEP,51,23,0.2174927145242691,0.12142857164144516,0.2948979437351227,0.17346936464309692,reliable_noncritical
TEP,51,24,0.07551020383834839,0.024344023317098618,0.13367347419261932,0.10932944715023041,reliable_noncritical
TEP,51,25,0.3507288694381714,0.21341107785701752,0.4297376275062561,0.2163265496492386,reliable_noncritical
TEP,51,26,0.1218658909201622,0.035131193697452545,0.25903791189193726,0.2239067256450653,reliable_noncritical
TEP,51,27,0.39650145173072815,0.28833818435668945,0.5208454728126526,0.23250728845596313,reliable_noncritical
TEP,51,28,0.5574344396591187,0.4779883325099945,0.5989795923233032,0.12099125981330872,reliable_noncritical
TEP,51,29,0.23265306651592255,0.1744897961616516,0.32099124789237976,0.14650145173072815,reliable_noncritical
TEP,51,30,0.05451895296573639,0.03221574425697327,0.11166180670261383,0.07944606244564056,reliable_noncritical
TEP,51,31,0.19271136820316315,0.08104956150054932,0.25787171721458435,0.17682215571403503,reliable_noncritical
TEP,51,32,0.1626822054386139,0.07201166450977325,0.27696794271469116,0.2049562782049179,reliable_noncritical
