seed,method,instance,well_id,class,operating_point,horizon_seconds,fault_score,threshold,above_threshold,first_alarm_horizon,first_sustained3_horizon
44,R1,WELL-00011_20140515083000,WELL-00011,2,far_1pct,-231,0.7670281529426575,0.7436891198158264,1,25,25
44,R1,WELL-00011_20140515083000,WELL-00011,2,far_1pct,-199,0.7670314311981201,0.7436891198158264,1,25,25
44,R1,WELL-00011_20140515083000,WELL-00011,2,far_1pct,-167,0.7670353055000305,0.7436891198158264,1,25,25
44,R1,WELL-00011_20140515083000,WELL-00011,2,far_1pct,-135,0.7670323252677917,0.7436891198158264,1,25,25
44,R1,WELL-00011_20140515083000,WELL-00011,2,far_1pct,-103,0.767029345035553,0.7436891198158264,1,25,25
44,R1,WELL-00011_20140515083000,WELL-00011,2,far_1pct,-71,0.7670338153839111,0.7436891198158264,1,25,25
44,R1,WELL-00011_20140515083000,WELL-00011,2,far_1pct,-39,0.7670367360115051,0.7436891198158264,1,25,25
44,R1,WELL-00011_20140515083000,WELL-00011,2,far_1pct,-7,0.7670366168022156,0.7436891198158264,1,25,25
44,R1,WELL-00011_20140515083000,WELL-00011,2,far_1pct,25,0.7670875787734985,0.7436891198158264,1,25,25
44,R1,WELL-00011_20140515083000,WELL-00011,2,far_1pct,57,0.7675415873527527,0.7436891198158264,1,25,25
44,R1,WELL-00011_20140515083000,WELL-00011,2,far_1pct,89,0.7684783935546875,0.7436891198158264,1,25,25
44,R1,WELL-00011_20140515083000,WELL-00011,2,far_1pct,121,0.7699417471885681,0.7436891198158264,1,25,25
44,R1,WELL-00011_20140515083000,WELL-00011,2,far_1pct,153,0.7723001837730408,0.7436891198158264,1,25,25
44,R1,WELL-00011_20140515083000,WELL-00011,2,far_1pct,185,0.775550127029419,0.7436891198158264,1,25,25
44,R1,WELL-00011_20140515083000,WELL-00011,2,far_1pct,217,0.778844952583313,0.7436891198158264,1,25,25
44,R1,WELL-00011_20140515083000,WELL-00011,2,far_1pct,249,0.7814693450927734,0.7436891198158264,1,25,25
44,R1,WELL-00011_20140515083000,WELL-00011,2,far_1pct,281,0.7836862206459045,0.7436891198158264,1,25,25
44,R1,WELL-00011_20140515083000,WELL-00011,2,far_1pct,313,0.7858010530471802,0.7436891198158264,1,25,25
44,R1,WELL-00011_20140515083000,WELL-00011,2,far_1pct,345,0.7876425981521606,0.7436891198158264,1,25,25
44,R1,WELL-00011_20140515083000,WELL-00011,2,far_1pct,377,0.7892867922782898,0.7436891198158264,1,25,25
44,R1,WELL-00011_20140515083000,WELL-00011,2,far_1pct,409,0.7908675074577332,0.7436891198158264,1,25,25
44,R1,WELL-00011_20140515083000,WELL-00011,2,far_1pct,441,0.792265772819519,0.7436891198158264,1,25,25
44,R1,WELL-00011_20140515083000,WELL-00011,2,far_1pct,473,0.7936208844184875,0.7436891198158264,1,25,25
44,R1,WELL-00011_20140515083000,WELL-00011,2,far_1pct,505,0.7948276400566101,0.7436891198158264,1,25,25
44,R1,WELL-00011_20140515083000,WELL-00011,2,far_5pct,-231,0.7670281529426575,0.7381008267402649,1,25,25
44,R1,WELL-00011_20140515083000,WELL-00011,2,far_5pct,-199,0.7670314311981201,0.7381008267402649,1,25,25
44,R1,WELL-00011_20140515083000,WELL-00011,2,far_5pct,-167,0.7670353055000305,0.7381008267402649,1,25,25
44,R1,WELL-00011_20140515083000,WELL-00011,2,far_5pct,-135,0.7670323252677917,0.7381008267402649,1,25,25
44,R1,WELL-00011_20140515083000,WELL-00011,2,far_5pct,-103,0.767029345035553,0.7381008267402649,1,25,25
44,R1,WELL-00011_20140515083000,WELL-00011,2,far_5pct,-71,0.7670338153839111,0.7381008267402649,1,25,25
44,R1,WELL-00011_20140515083000,WELL-00011,2,far_5pct,-39,0.7670367360115051,0.7381008267402649,1,25,25
44,R1,WELL-00011_20140515083000,WELL-00011,2,far_5pct,-7,0.7670366168022156,0.7381008267402649,1,25,25
44,R1,WELL-00011_20140515083000,WELL-00011,2,far_5pct,25,0.7670875787734985,0.7381008267402649,1,25,25
44,R1,WELL-00011_20140515083000,WELL-00011,2,far_5pct,57,0.7675415873527527,0.7381008267402649,1,25,25
44,R1,WELL-00011_20140515083000,WELL-00011,2,far_5pct,89,0.7684783935546875,0.7381008267402649,1,25,25
44,R1,WELL-00011_20140515083000,WELL-00011,2,far_5pct,121,0.7699417471885681,0.7381008267402649,1,25,25
44,R1,WELL-00011_20140515083000,WELL-00011,2,far_5pct,153,0.7723001837730408,0.7381008267402649,1,25,25
44,R1,WELL-00011_20140515083000,WELL-00011,2,far_5pct,185,0.775550127029419,0.7381008267402649,1,25,25
44,R1,WELL-00011_20140515083000,WELL-00011,2,far_5pct,217,0.778844952583313,0.7381008267402649,1,25,25
44,R1,WELL-00011_20140515083000,WELL-00011,2,far_5pct,249,0.7814693450927734,0.7381008267402649,1,25,25
44,R1,WELL-00011_20140515083000,WELL-00011,2,far_5pct,281,0.7836862206459045,0.7381008267402649,1,25,25
44,R1,WELL-00011_20140515083000,WELL-00011,2,far_5pct,313,0.7858010530471802,0.7381008267402649,1,25,25
44,R1,WELL-00011_20140515083000,WELL-00011,2,far_5pct,345,0.7876425981521606,0.7381008267402649,1,25,25
44,R1,WELL-00011_20140515083000,WELL-00011,2,far_5pct,377,0.7892867922782898,0.7381008267402649,1,25,25
44,R1,WELL-00011_20140515083000,WELL-00011,2,far_5pct,409,0.7908675074577332,0.7381008267402649,1,25,25
44,R1,WELL-00011_20140515083000,WELL-00011,2,far_5pct,441,0.792265772819519,0.7381008267402649,1,25,25
44,R1,WELL-00011_20140515083000,WELL-00011,2,far_5pct,473,0.7936208844184875,0.7381008267402649,1,25,25
44,R1,WELL-00011_20140515083000,WELL-00011,2,far_5pct,505,0.7948276400566101,0.7381008267402649,1,25,25
44,R1,WELL-00011_20140530083203,WELL-00011,2,far_1pct,-256,0.7215215563774109,0.7436891198158264,0,,
44,R1,WELL-00011_20140530083203,WELL-00011,2,far_1pct,-224,0.7215118408203125,0.7436891198158264,0,,
44,R1,WELL-00011_20140530083203,WELL-00011,2,far_1pct,-192,0.7215114831924438,0.7436891198158264,0,,
44,R1,WELL-00011_20140530083203,WELL-00011,2,far_1pct,-160,0.721513032913208,0.7436891198158264,0,,
44,R1,WELL-00011_20140530083203,WELL-00011,2,far_1pct,-128,0.7215139865875244,0.7436891198158264,0,,
44,R1,WELL-00011_20140530083203,WELL-00011,2,far_1pct,-96,0.7215151190757751,0.7436891198158264,0,,
44,R1,WELL-00011_20140530083203,WELL-00011,2,far_1pct,-64,0.7215167284011841,0.7436891198158264,0,,
44,R1,WELL-00011_20140530083203,WELL-00011,2,far_1pct,-32,0.7215306758880615,0.7436891198158264,0,,
44,R1,WELL-00011_20140530083203,WELL-00011,2,far_1pct,0,0.7215403318405151,0.7436891198158264,0,,
44,R1,WELL-00011_20140530083203,WELL-00011,2,far_1pct,32,0.7215464115142822,0.7436891198158264,0,,
44,R1,WELL-00011_20140530083203,WELL-00011,2,far_1pct,64,0.7217711210250854,0.7436891198158264,0,,
44,R1,WELL-00011_20140530083203,WELL-00011,2,far_1pct,96,0.7221314907073975,0.7436891198158264,0,,
44,R1,WELL-00011_20140530083203,WELL-00011,2,far_1pct,128,0.7225779294967651,0.7436891198158264,0,,
44,R1,WELL-00011_20140530083203,WELL-00011,2,far_1pct,160,0.7232760190963745,0.7436891198158264,0,,
44,R1,WELL-00011_20140530083203,WELL-00011,2,far_1pct,192,0.7242521047592163,0.7436891198158264,0,,
44,R1,WELL-00011_20140530083203,WELL-00011,2,far_1pct,224,0.7248797416687012,0.7436891198158264,0,,
44,R1,WELL-00011_20140530083203,WELL-00011,2,far_1pct,256,0.7251429557800293,0.7436891198158264,0,,
44,R1,WELL-00011_20140530083203,WELL-00011,2,far_1pct,288,0.7254163026809692,0.7436891198158264,0,,
44,R1,WELL-00011_20140530083203,WELL-00011,2,far_1pct,320,0.7256653308868408,0.7436891198158264,0,,
44,R1,WELL-00011_20140530083203,WELL-00011,2,far_1pct,352,0.7259001731872559,0.7436891198158264,0,,
44,R1,WELL-00011_20140530083203,WELL-00011,2,far_1pct,384,0.7261294722557068,0.7436891198158264,0,,
44,R1,WELL-00011_20140530083203,WELL-00011,2,far_1pct,416,0.7263531684875488,0.7436891198158264,0,,
44,R1,WELL-00011_20140530083203,WELL-00011,2,far_1pct,448,0.726553201675415,0.7436891198158264,0,,
44,R1,WELL-00011_20140530083203,WELL-00011,2,far_1pct,480,0.7267626523971558,0.7436891198158264,0,,
44,R1,WELL-00011_20140530083203,WELL-00011,2,far_1pct,512,0.7269584536552429,0.7436891198158264,0,,
44,R1,WELL-00011_20140530083203,WELL-00011,2,far_5pct,-256,0.7215215563774109,0.7381008267402649,0,,
44,R1,WELL-00011_20140530083203,WELL-00011,2,far_5pct,-224,0.7215118408203125,0.7381008267402649,0,,
44,R1,WELL-00011_20140530083203,WELL-00011,2,far_5pct,-192,0.7215114831924438,0.7381008267402649,0,,
44,R1,WELL-00011_20140530083203,WELL-00011,2,far_5pct,-160,0.721513032913208,0.7381008267402649,0,,
44,R1,WELL-00011_20140530083203,WELL-00011,2,far_5pct,-128,0.7215139865875244,0.7381008267402649,0,,
44,R1,WELL-00011_20140530083203,WELL-00011,2,far_5pct,-96,0.7215151190757751,0.7381008267402649,0,,
44,R1,WELL-00011_20140530083203,WELL-00011,2,far_5pct,-64,0.7215167284011841,0.7381008267402649,0,,
44,R1,WELL-00011_20140530083203,WELL-00011,2,far_5pct,-32,0.7215306758880615,0.7381008267402649,0,,
44,R1,WELL-00011_20140530083203,WELL-00011,2,far_5pct,0,0.7215403318405151,0.7381008267402649,0,,
44,R1,WELL-00011_20140530083203,WELL-00011,2,far_5pct,32,0.7215464115142822,0.7381008267402649,0,,
44,R1,WELL-00011_20140530083203,WELL-00011,2,far_5pct,64,0.7217711210250854,0.7381008267402649,0,,
44,R1,WELL-00011_20140530083203,WELL-00011,2,far_5pct,96,0.7221314907073975,0.7381008267402649,0,,
44,R1,WELL-00011_20140530083203,WELL-00011,2,far_5pct,128,0.7225779294967651,0.7381008267402649,0,,
44,R1,WELL-00011_20140530083203,WELL-00011,2,far_5pct,160,0.7232760190963745,0.7381008267402649,0,,
44,R1,WELL-00011_20140530083203,WELL-00011,2,far_5pct,192,0.7242521047592163,0.7381008267402649,0,,
44,R1,WELL-00011_20140530083203,WELL-00011,2,far_5pct,224,0.7248797416687012,0.7381008267402649,0,,
44,R1,WELL-00011_20140530083203,WELL-00011,2,far_5pct,256,0.7251429557800293,0.7381008267402649,0,,
44,R1,WELL-00011_20140530083203,WELL-00011,2,far_5pct,288,0.7254163026809692,0.7381008267402649,0,,
44,R1,WELL-00011_20140530083203,WELL-00011,2,far_5pct,320,0.7256653308868408,0.7381008267402649,0,,
44,R1,WELL-00011_20140530083203,WELL-00011,2,far_5pct,352,0.7259001731872559,0.7381008267402649,0,,
44,R1,WELL-00011_20140530083203,WELL-00011,2,far_5pct,384,0.7261294722557068,0.7381008267402649,0,,
44,R1,WELL-00011_20140530083203,WELL-00011,2,far_5pct,416,0.7263531684875488,0.7381008267402649,0,,
44,R1,WELL-00011_20140530083203,WELL-00011,2,far_5pct,448,0.726553201675415,0.7381008267402649,0,,
44,R1,WELL-00011_20140530083203,WELL-00011,2,far_5pct,480,0.7267626523971558,0.7381008267402649,0,,
44,R1,WELL-00011_20140530083203,WELL-00011,2,far_5pct,512,0.7269584536552429,0.7381008267402649,0,,
44,R1,WELL-00011_20140606213810,WELL-00011,2,far_1pct,-234,0.7216261625289917,0.7436891198158264,0,2806,2806
44,R1,WELL-00011_20140606213810,WELL-00011,2,far_1pct,-202,0.7216270565986633,0.7436891198158264,0,2806,2806
44,R1,WELL-00011_20140606213810,WELL-00011,2,far_1pct,-170,0.7216285467147827,0.7436891198158264,0,2806,2806
44,R1,WELL-00011_20140606213810,WELL-00011,2,far_1pct,-138,0.721628725528717,0.7436891198158264,0,2806,2806
44,R1,WELL-00011_20140606213810,WELL-00011,2,far_1pct,-106,0.7216315269470215,0.7436891198158264,0,2806,2806
44,R1,WELL-00011_20140606213810,WELL-00011,2,far_1pct,-74,0.7216329574584961,0.7436891198158264,0,2806,2806
44,R1,WELL-00011_20140606213810,WELL-00011,2,far_1pct,-42,0.7216310501098633,0.7436891198158264,0,2806,2806
44,R1,WELL-00011_20140606213810,WELL-00011,2,far_1pct,-10,0.7216342091560364,0.7436891198158264,0,2806,2806
44,R1,WELL-00011_20140606213810,WELL-00011,2,far_1pct,22,0.7216349840164185,0.7436891198158264,0,2806,2806
44,R1,WELL-00011_20140606213810,WELL-00011,2,far_1pct,54,0.7216334342956543,0.7436891198158264,0,2806,2806
44,R1,WELL-00011_20140606213810,WELL-00011,2,far_1pct,86,0.7218053936958313,0.7436891198158264,0,2806,2806
44,R1,WELL-00011_20140606213810,WELL-00011,2,far_1pct,118,0.7221623659133911,0.7436891198158264,0,2806,2806
44,R1,WELL-00011_20140606213810,WELL-00011,2,far_1pct,150,0.7225527763366699,0.7436891198158264,0,2806,2806
44,R1,WELL-00011_20140606213810,WELL-00011,2,far_1pct,182,0.723054826259613,0.7436891198158264,0,2806,2806
44,R1,WELL-00011_20140606213810,WELL-00011,2,far_1pct,214,0.7239412665367126,0.7436891198158264,0,2806,2806
44,R1,WELL-00011_20140606213810,WELL-00011,2,far_1pct,246,0.7247956991195679,0.7436891198158264,0,2806,2806
44,R1,WELL-00011_20140606213810,WELL-00011,2,far_1pct,278,0.7251667380332947,0.7436891198158264,0,2806,2806
44,R1,WELL-00011_20140606213810,WELL-00011,2,far_1pct,310,0.725446343421936,0.7436891198158264,0,2806,2806
44,R1,WELL-00011_20140606213810,WELL-00011,2,far_1pct,342,0.7256962060928345,0.7436891198158264,0,2806,2806
44,R1,WELL-00011_20140606213810,WELL-00011,2,far_1pct,374,0.7259389162063599,0.7436891198158264,0,2806,2806
44,R1,WELL-00011_20140606213810,WELL-00011,2,far_1pct,406,0.7261689305305481,0.7436891198158264,0,2806,2806
44,R1,WELL-00011_20140606213810,WELL-00011,2,far_1pct,438,0.726410984992981,0.7436891198158264,0,2806,2806
44,R1,WELL-00011_20140606213810,WELL-00011,2,far_1pct,470,0.7266585826873779,0.7436891198158264,0,2806,2806
44,R1,WELL-00011_20140606213810,WELL-00011,2,far_1pct,502,0.7268685102462769,0.7436891198158264,0,2806,2806
44,R1,WELL-00011_20140606213810,WELL-00011,2,far_5pct,-234,0.7216261625289917,0.7381008267402649,0,2102,2102
44,R1,WELL-00011_20140606213810,WELL-00011,2,far_5pct,-202,0.7216270565986633,0.7381008267402649,0,2102,2102
44,R1,WELL-00011_20140606213810,WELL-00011,2,far_5pct,-170,0.7216285467147827,0.7381008267402649,0,2102,2102
44,R1,WELL-00011_20140606213810,WELL-00011,2,far_5pct,-138,0.721628725528717,0.7381008267402649,0,2102,2102
44,R1,WELL-00011_20140606213810,WELL-00011,2,far_5pct,-106,0.7216315269470215,0.7381008267402649,0,2102,2102
44,R1,WELL-00011_20140606213810,WELL-00011,2,far_5pct,-74,0.7216329574584961,0.7381008267402649,0,2102,2102
44,R1,WELL-00011_20140606213810,WELL-00011,2,far_5pct,-42,0.7216310501098633,0.7381008267402649,0,2102,2102
44,R1,WELL-00011_20140606213810,WELL-00011,2,far_5pct,-10,0.7216342091560364,0.7381008267402649,0,2102,2102
44,R1,WELL-00011_20140606213810,WELL-00011,2,far_5pct,22,0.7216349840164185,0.7381008267402649,0,2102,2102
44,R1,WELL-00011_20140606213810,WELL-00011,2,far_5pct,54,0.7216334342956543,0.7381008267402649,0,2102,2102
44,R1,WELL-00011_20140606213810,WELL-00011,2,far_5pct,86,0.7218053936958313,0.7381008267402649,0,2102,2102
44,R1,WELL-00011_20140606213810,WELL-00011,2,far_5pct,118,0.7221623659133911,0.7381008267402649,0,2102,2102
44,R1,WELL-00011_20140606213810,WELL-00011,2,far_5pct,150,0.7225527763366699,0.7381008267402649,0,2102,2102
44,R1,WELL-00011_20140606213810,WELL-00011,2,far_5pct,182,0.723054826259613,0.7381008267402649,0,2102,2102
44,R1,WELL-00011_20140606213810,WELL-00011,2,far_5pct,214,0.7239412665367126,0.7381008267402649,0,2102,2102
44,R1,WELL-00011_20140606213810,WELL-00011,2,far_5pct,246,0.7247956991195679,0.7381008267402649,0,2102,2102
44,R1,WELL-00011_20140606213810,WELL-00011,2,far_5pct,278,0.7251667380332947,0.7381008267402649,0,2102,2102
44,R1,WELL-00011_20140606213810,WELL-00011,2,far_5pct,310,0.725446343421936,0.7381008267402649,0,2102,2102
44,R1,WELL-00011_20140606213810,WELL-00011,2,far_5pct,342,0.7256962060928345,0.7381008267402649,0,2102,2102
44,R1,WELL-00011_20140606213810,WELL-00011,2,far_5pct,374,0.7259389162063599,0.7381008267402649,0,2102,2102
44,R1,WELL-00011_20140606213810,WELL-00011,2,far_5pct,406,0.7261689305305481,0.7381008267402649,0,2102,2102
44,R1,WELL-00011_20140606213810,WELL-00011,2,far_5pct,438,0.726410984992981,0.7381008267402649,0,2102,2102
44,R1,WELL-00011_20140606213810,WELL-00011,2,far_5pct,470,0.7266585826873779,0.7381008267402649,0,2102,2102
44,R1,WELL-00011_20140606213810,WELL-00011,2,far_5pct,502,0.7268685102462769,0.7381008267402649,0,2102,2102
44,R1,WELL-00011_20140720110102,WELL-00011,2,far_1pct,-252,0.7197844386100769,0.7436891198158264,0,3460,3460
44,R1,WELL-00011_20140720110102,WELL-00011,2,far_1pct,-220,0.7197845578193665,0.7436891198158264,0,3460,3460
44,R1,WELL-00011_20140720110102,WELL-00011,2,far_1pct,-188,0.7197858095169067,0.7436891198158264,0,3460,3460
44,R1,WELL-00011_20140720110102,WELL-00011,2,far_1pct,-156,0.7197871208190918,0.7436891198158264,0,3460,3460
44,R1,WELL-00011_20140720110102,WELL-00011,2,far_1pct,-124,0.71978759765625,0.7436891198158264,0,3460,3460
44,R1,WELL-00011_20140720110102,WELL-00011,2,far_1pct,-92,0.7197854518890381,0.7436891198158264,0,3460,3460
44,R1,WELL-00011_20140720110102,WELL-00011,2,far_1pct,-60,0.7197834253311157,0.7436891198158264,0,3460,3460
44,R1,WELL-00011_20140720110102,WELL-00011,2,far_1pct,-28,0.7197831869125366,0.7436891198158264,0,3460,3460
44,R1,WELL-00011_20140720110102,WELL-00011,2,far_1pct,4,0.7197849750518799,0.7436891198158264,0,3460,3460
44,R1,WELL-00011_20140720110102,WELL-00011,2,far_1pct,36,0.7197954654693604,0.7436891198158264,0,3460,3460
44,R1,WELL-00011_20140720110102,WELL-00011,2,far_1pct,68,0.7198294401168823,0.7436891198158264,0,3460,3460
44,R1,WELL-00011_20140720110102,WELL-00011,2,far_1pct,100,0.7198888063430786,0.7436891198158264,0,3460,3460
44,R1,WELL-00011_20140720110102,WELL-00011,2,far_1pct,132,0.7199604511260986,0.7436891198158264,0,3460,3460
44,R1,WELL-00011_20140720110102,WELL-00011,2,far_1pct,164,0.7200431823730469,0.7436891198158264,0,3460,3460
44,R1,WELL-00011_20140720110102,WELL-00011,2,far_1pct,196,0.7201328873634338,0.7436891198158264,0,3460,3460
44,R1,WELL-00011_20140720110102,WELL-00011,2,far_1pct,228,0.7202235460281372,0.7436891198158264,0,3460,3460
44,R1,WELL-00011_20140720110102,WELL-00011,2,far_1pct,260,0.7203214168548584,0.7436891198158264,0,3460,3460
44,R1,WELL-00011_20140720110102,WELL-00011,2,far_1pct,292,0.7204297780990601,0.7436891198158264,0,3460,3460
44,R1,WELL-00011_20140720110102,WELL-00011,2,far_1pct,324,0.7205286622047424,0.7436891198158264,0,3460,3460
44,R1,WELL-00011_20140720110102,WELL-00011,2,far_1pct,356,0.7206189632415771,0.7436891198158264,0,3460,3460
44,R1,WELL-00011_20140720110102,WELL-00011,2,far_1pct,388,0.7207343578338623,0.7436891198158264,0,3460,3460
44,R1,WELL-00011_20140720110102,WELL-00011,2,far_1pct,420,0.7208466529846191,0.7436891198158264,0,3460,3460
44,R1,WELL-00011_20140720110102,WELL-00011,2,far_1pct,452,0.7209259271621704,0.7436891198158264,0,3460,3460
44,R1,WELL-00011_20140720110102,WELL-00011,2,far_1pct,484,0.7210230827331543,0.7436891198158264,0,3460,3460
44,R1,WELL-00011_20140720110102,WELL-00011,2,far_5pct,-252,0.7197844386100769,0.7381008267402649,0,2724,2724
44,R1,WELL-00011_20140720110102,WELL-00011,2,far_5pct,-220,0.7197845578193665,0.7381008267402649,0,2724,2724
44,R1,WELL-00011_20140720110102,WELL-00011,2,far_5pct,-188,0.7197858095169067,0.7381008267402649,0,2724,2724
44,R1,WELL-00011_20140720110102,WELL-00011,2,far_5pct,-156,0.7197871208190918,0.7381008267402649,0,2724,2724
44,R1,WELL-00011_20140720110102,WELL-00011,2,far_5pct,-124,0.71978759765625,0.7381008267402649,0,2724,2724
44,R1,WELL-00011_20140720110102,WELL-00011,2,far_5pct,-92,0.7197854518890381,0.7381008267402649,0,2724,2724
44,R1,WELL-00011_20140720110102,WELL-00011,2,far_5pct,-60,0.7197834253311157,0.7381008267402649,0,2724,2724
44,R1,WELL-00011_20140720110102,WELL-00011,2,far_5pct,-28,0.7197831869125366,0.7381008267402649,0,2724,2724
44,R1,WELL-00011_20140720110102,WELL-00011,2,far_5pct,4,0.7197849750518799,0.7381008267402649,0,2724,2724
44,R1,WELL-00011_20140720110102,WELL-00011,2,far_5pct,36,0.7197954654693604,0.7381008267402649,0,2724,2724
44,R1,WELL-00011_20140720110102,WELL-00011,2,far_5pct,68,0.7198294401168823,0.7381008267402649,0,2724,2724
44,R1,WELL-00011_20140720110102,WELL-00011,2,far_5pct,100,0.7198888063430786,0.7381008267402649,0,2724,2724
44,R1,WELL-00011_20140720110102,WELL-00011,2,far_5pct,132,0.7199604511260986,0.7381008267402649,0,2724,2724
44,R1,WELL-00011_20140720110102,WELL-00011,2,far_5pct,164,0.7200431823730469,0.7381008267402649,0,2724,2724
44,R1,WELL-00011_20140720110102,WELL-00011,2,far_5pct,196,0.7201328873634338,0.7381008267402649,0,2724,2724
44,R1,WELL-00011_20140720110102,WELL-00011,2,far_5pct,228,0.7202235460281372,0.7381008267402649,0,2724,2724
44,R1,WELL-00011_20140720110102,WELL-00011,2,far_5pct,260,0.7203214168548584,0.7381008267402649,0,2724,2724
44,R1,WELL-00011_20140720110102,WELL-00011,2,far_5pct,292,0.7204297780990601,0.7381008267402649,0,2724,2724
44,R1,WELL-00011_20140720110102,WELL-00011,2,far_5pct,324,0.7205286622047424,0.7381008267402649,0,2724,2724
44,R1,WELL-00011_20140720110102,WELL-00011,2,far_5pct,356,0.7206189632415771,0.7381008267402649,0,2724,2724
44,R1,WELL-00011_20140720110102,WELL-00011,2,far_5pct,388,0.7207343578338623,0.7381008267402649,0,2724,2724
44,R1,WELL-00011_20140720110102,WELL-00011,2,far_5pct,420,0.7208466529846191,0.7381008267402649,0,2724,2724
44,R1,WELL-00011_20140720110102,WELL-00011,2,far_5pct,452,0.7209259271621704,0.7381008267402649,0,2724,2724
44,R1,WELL-00011_20140720110102,WELL-00011,2,far_5pct,484,0.7210230827331543,0.7381008267402649,0,2724,2724
44,R1,WELL-00011_20140726165720,WELL-00011,2,far_1pct,-236,0.7220941185951233,0.7436891198158264,0,2516,
44,R1,WELL-00011_20140726165720,WELL-00011,2,far_1pct,-204,0.7221144437789917,0.7436891198158264,0,2516,
44,R1,WELL-00011_20140726165720,WELL-00011,2,far_1pct,-172,0.7221390008926392,0.7436891198158264,0,2516,
44,R1,WELL-00011_20140726165720,WELL-00011,2,far_1pct,-140,0.7221649289131165,0.7436891198158264,0,2516,
44,R1,WELL-00011_20140726165720,WELL-00011,2,far_1pct,-108,0.7221921682357788,0.7436891198158264,0,2516,
44,R1,WELL-00011_20140726165720,WELL-00011,2,far_1pct,-76,0.7222150564193726,0.7436891198158264,0,2516,
44,R1,WELL-00011_20140726165720,WELL-00011,2,far_1pct,-44,0.7222211360931396,0.7436891198158264,0,2516,
44,R1,WELL-00011_20140726165720,WELL-00011,2,far_1pct,-12,0.722229540348053,0.7436891198158264,0,2516,
44,R1,WELL-00011_20140726165720,WELL-00011,2,far_1pct,20,0.722315788269043,0.7436891198158264,0,2516,
44,R1,WELL-00011_20140726165720,WELL-00011,2,far_1pct,52,0.7225333452224731,0.7436891198158264,0,2516,
44,R1,WELL-00011_20140726165720,WELL-00011,2,far_1pct,84,0.7229874134063721,0.7436891198158264,0,2516,
44,R1,WELL-00011_20140726165720,WELL-00011,2,far_1pct,116,0.723660409450531,0.7436891198158264,0,2516,
44,R1,WELL-00011_20140726165720,WELL-00011,2,far_1pct,148,0.7245297431945801,0.7436891198158264,0,2516,
44,R1,WELL-00011_20140726165720,WELL-00011,2,far_1pct,180,0.7252088785171509,0.7436891198158264,0,2516,
44,R1,WELL-00011_20140726165720,WELL-00011,2,far_1pct,212,0.7255702018737793,0.7436891198158264,0,2516,
44,R1,WELL-00011_20140726165720,WELL-00011,2,far_1pct,244,0.7259189486503601,0.7436891198158264,0,2516,
44,R1,WELL-00011_20140726165720,WELL-00011,2,far_1pct,276,0.7262426614761353,0.7436891198158264,0,2516,
44,R1,WELL-00011_20140726165720,WELL-00011,2,far_1pct,308,0.7265465259552002,0.7436891198158264,0,2516,
44,R1,WELL-00011_20140726165720,WELL-00011,2,far_1pct,340,0.7268261909484863,0.7436891198158264,0,2516,
44,R1,WELL-00011_20140726165720,WELL-00011,2,far_1pct,372,0.7270591259002686,0.7436891198158264,0,2516,
44,R1,WELL-00011_20140726165720,WELL-00011,2,far_1pct,404,0.727264404296875,0.7436891198158264,0,2516,
44,R1,WELL-00011_20140726165720,WELL-00011,2,far_1pct,436,0.7274489998817444,0.7436891198158264,0,2516,
44,R1,WELL-00011_20140726165720,WELL-00011,2,far_1pct,468,0.7276147603988647,0.7436891198158264,0,2516,
44,R1,WELL-00011_20140726165720,WELL-00011,2,far_1pct,500,0.7277865409851074,0.7436891198158264,0,2516,
44,R1,WELL-00011_20140726165720,WELL-00011,2,far_5pct,-236,0.7220941185951233,0.7381008267402649,0,1844,1844
44,R1,WELL-00011_20140726165720,WELL-00011,2,far_5pct,-204,0.7221144437789917,0.7381008267402649,0,1844,1844
44,R1,WELL-00011_20140726165720,WELL-00011,2,far_5pct,-172,0.7221390008926392,0.7381008267402649,0,1844,1844
44,R1,WELL-00011_20140726165720,WELL-00011,2,far_5pct,-140,0.7221649289131165,0.7381008267402649,0,1844,1844
44,R1,WELL-00011_20140726165720,WELL-00011,2,far_5pct,-108,0.7221921682357788,0.7381008267402649,0,1844,1844
44,R1,WELL-00011_20140726165720,WELL-00011,2,far_5pct,-76,0.7222150564193726,0.7381008267402649,0,1844,1844
44,R1,WELL-00011_20140726165720,WELL-00011,2,far_5pct,-44,0.7222211360931396,0.7381008267402649,0,1844,1844
44,R1,WELL-00011_20140726165720,WELL-00011,2,far_5pct,-12,0.722229540348053,0.7381008267402649,0,1844,1844
44,R1,WELL-00011_20140726165720,WELL-00011,2,far_5pct,20,0.722315788269043,0.7381008267402649,0,1844,1844
44,R1,WELL-00011_20140726165720,WELL-00011,2,far_5pct,52,0.7225333452224731,0.7381008267402649,0,1844,1844
44,R1,WELL-00011_20140726165720,WELL-00011,2,far_5pct,84,0.7229874134063721,0.7381008267402649,0,1844,1844
44,R1,WELL-00011_20140726165720,WELL-00011,2,far_5pct,116,0.723660409450531,0.7381008267402649,0,1844,1844
44,R1,WELL-00011_20140726165720,WELL-00011,2,far_5pct,148,0.7245297431945801,0.7381008267402649,0,1844,1844
44,R1,WELL-00011_20140726165720,WELL-00011,2,far_5pct,180,0.7252088785171509,0.7381008267402649,0,1844,1844
44,R1,WELL-00011_20140726165720,WELL-00011,2,far_5pct,212,0.7255702018737793,0.7381008267402649,0,1844,1844
44,R1,WELL-00011_20140726165720,WELL-00011,2,far_5pct,244,0.7259189486503601,0.7381008267402649,0,1844,1844
44,R1,WELL-00011_20140726165720,WELL-00011,2,far_5pct,276,0.7262426614761353,0.7381008267402649,0,1844,1844
44,R1,WELL-00011_20140726165720,WELL-00011,2,far_5pct,308,0.7265465259552002,0.7381008267402649,0,1844,1844
44,R1,WELL-00011_20140726165720,WELL-00011,2,far_5pct,340,0.7268261909484863,0.7381008267402649,0,1844,1844
44,R1,WELL-00011_20140726165720,WELL-00011,2,far_5pct,372,0.7270591259002686,0.7381008267402649,0,1844,1844
44,R1,WELL-00011_20140726165720,WELL-00011,2,far_5pct,404,0.727264404296875,0.7381008267402649,0,1844,1844
44,R1,WELL-00011_20140726165720,WELL-00011,2,far_5pct,436,0.7274489998817444,0.7381008267402649,0,1844,1844
44,R1,WELL-00011_20140726165720,WELL-00011,2,far_5pct,468,0.7276147603988647,0.7381008267402649,0,1844,1844
44,R1,WELL-00011_20140726165720,WELL-00011,2,far_5pct,500,0.7277865409851074,0.7381008267402649,0,1844,1844
44,R1,WELL-00011_20140823230118,WELL-00011,2,far_1pct,-252,0.7196098566055298,0.7436891198158264,0,1892,1892
44,R1,WELL-00011_20140823230118,WELL-00011,2,far_1pct,-220,0.7196152806282043,0.7436891198158264,0,1892,1892
44,R1,WELL-00011_20140823230118,WELL-00011,2,far_1pct,-188,0.719617486000061,0.7436891198158264,0,1892,1892
44,R1,WELL-00011_20140823230118,WELL-00011,2,far_1pct,-156,0.7196192145347595,0.7436891198158264,0,1892,1892
44,R1,WELL-00011_20140823230118,WELL-00011,2,far_1pct,-124,0.7196202278137207,0.7436891198158264,0,1892,1892
44,R1,WELL-00011_20140823230118,WELL-00011,2,far_1pct,-92,0.7196197509765625,0.7436891198158264,0,1892,1892
44,R1,WELL-00011_20140823230118,WELL-00011,2,far_1pct,-60,0.7196201682090759,0.7436891198158264,0,1892,1892
44,R1,WELL-00011_20140823230118,WELL-00011,2,far_1pct,-28,0.7196161150932312,0.7436891198158264,0,1892,1892
44,R1,WELL-00011_20140823230118,WELL-00011,2,far_1pct,4,0.7196133732795715,0.7436891198158264,0,1892,1892
44,R1,WELL-00011_20140823230118,WELL-00011,2,far_1pct,36,0.7196205258369446,0.7436891198158264,0,1892,1892
44,R1,WELL-00011_20140823230118,WELL-00011,2,far_1pct,68,0.719621479511261,0.7436891198158264,0,1892,1892
44,R1,WELL-00011_20140823230118,WELL-00011,2,far_1pct,100,0.7196340560913086,0.7436891198158264,0,1892,1892
44,R1,WELL-00011_20140823230118,WELL-00011,2,far_1pct,132,0.7196669578552246,0.7436891198158264,0,1892,1892
44,R1,WELL-00011_20140823230118,WELL-00011,2,far_1pct,164,0.7196899056434631,0.7436891198158264,0,1892,1892
44,R1,WELL-00011_20140823230118,WELL-00011,2,far_1pct,196,0.7197057604789734,0.7436891198158264,0,1892,1892
44,R1,WELL-00011_20140823230118,WELL-00011,2,far_1pct,228,0.7197344303131104,0.7436891198158264,0,1892,1892
44,R1,WELL-00011_20140823230118,WELL-00011,2,far_1pct,260,0.7197761535644531,0.7436891198158264,0,1892,1892
44,R1,WELL-00011_20140823230118,WELL-00011,2,far_1pct,292,0.7198155522346497,0.7436891198158264,0,1892,1892
44,R1,WELL-00011_20140823230118,WELL-00011,2,far_1pct,324,0.7198591232299805,0.7436891198158264,0,1892,1892
44,R1,WELL-00011_20140823230118,WELL-00011,2,far_1pct,356,0.7198986411094666,0.7436891198158264,0,1892,1892
44,R1,WELL-00011_20140823230118,WELL-00011,2,far_1pct,388,0.7199448347091675,0.7436891198158264,0,1892,1892
44,R1,WELL-00011_20140823230118,WELL-00011,2,far_1pct,420,0.7200107574462891,0.7436891198158264,0,1892,1892
44,R1,WELL-00011_20140823230118,WELL-00011,2,far_1pct,452,0.720211386680603,0.7436891198158264,0,1892,1892
44,R1,WELL-00011_20140823230118,WELL-00011,2,far_1pct,484,0.720507800579071,0.7436891198158264,0,1892,1892
44,R1,WELL-00011_20140823230118,WELL-00011,2,far_5pct,-252,0.7196098566055298,0.7381008267402649,0,1412,1412
44,R1,WELL-00011_20140823230118,WELL-00011,2,far_5pct,-220,0.7196152806282043,0.7381008267402649,0,1412,1412
44,R1,WELL-00011_20140823230118,WELL-00011,2,far_5pct,-188,0.719617486000061,0.7381008267402649,0,1412,1412
44,R1,WELL-00011_20140823230118,WELL-00011,2,far_5pct,-156,0.7196192145347595,0.7381008267402649,0,1412,1412
44,R1,WELL-00011_20140823230118,WELL-00011,2,far_5pct,-124,0.7196202278137207,0.7381008267402649,0,1412,1412
44,R1,WELL-00011_20140823230118,WELL-00011,2,far_5pct,-92,0.7196197509765625,0.7381008267402649,0,1412,1412
44,R1,WELL-00011_20140823230118,WELL-00011,2,far_5pct,-60,0.7196201682090759,0.7381008267402649,0,1412,1412
44,R1,WELL-00011_20140823230118,WELL-00011,2,far_5pct,-28,0.7196161150932312,0.7381008267402649,0,1412,1412
44,R1,WELL-00011_20140823230118,WELL-00011,2,far_5pct,4,0.7196133732795715,0.7381008267402649,0,1412,1412
44,R1,WELL-00011_20140823230118,WELL-00011,2,far_5pct,36,0.7196205258369446,0.7381008267402649,0,1412,1412
44,R1,WELL-00011_20140823230118,WELL-00011,2,far_5pct,68,0.719621479511261,0.7381008267402649,0,1412,1412
44,R1,WELL-00011_20140823230118,WELL-00011,2,far_5pct,100,0.7196340560913086,0.7381008267402649,0,1412,1412
44,R1,WELL-00011_20140823230118,WELL-00011,2,far_5pct,132,0.7196669578552246,0.7381008267402649,0,1412,1412
44,R1,WELL-00011_20140823230118,WELL-00011,2,far_5pct,164,0.7196899056434631,0.7381008267402649,0,1412,1412
44,R1,WELL-00011_20140823230118,WELL-00011,2,far_5pct,196,0.7197057604789734,0.7381008267402649,0,1412,1412
44,R1,WELL-00011_20140823230118,WELL-00011,2,far_5pct,228,0.7197344303131104,0.7381008267402649,0,1412,1412
44,R1,WELL-00011_20140823230118,WELL-00011,2,far_5pct,260,0.7197761535644531,0.7381008267402649,0,1412,1412
44,R1,WELL-00011_20140823230118,WELL-00011,2,far_5pct,292,0.7198155522346497,0.7381008267402649,0,1412,1412
44,R1,WELL-00011_20140823230118,WELL-00011,2,far_5pct,324,0.7198591232299805,0.7381008267402649,0,1412,1412
44,R1,WELL-00011_20140823230118,WELL-00011,2,far_5pct,356,0.7198986411094666,0.7381008267402649,0,1412,1412
44,R1,WELL-00011_20140823230118,WELL-00011,2,far_5pct,388,0.7199448347091675,0.7381008267402649,0,1412,1412
44,R1,WELL-00011_20140823230118,WELL-00011,2,far_5pct,420,0.7200107574462891,0.7381008267402649,0,1412,1412
44,R1,WELL-00011_20140823230118,WELL-00011,2,far_5pct,452,0.720211386680603,0.7381008267402649,0,1412,1412
44,R1,WELL-00011_20140823230118,WELL-00011,2,far_5pct,484,0.720507800579071,0.7381008267402649,0,1412,1412
44,R1,WELL-00011_20140916050300,WELL-00011,2,far_1pct,-253,0.7273478507995605,0.7436891198158264,0,1827,1827
44,R1,WELL-00011_20140916050300,WELL-00011,2,far_1pct,-221,0.7273557186126709,0.7436891198158264,0,1827,1827
44,R1,WELL-00011_20140916050300,WELL-00011,2,far_1pct,-189,0.7273603677749634,0.7436891198158264,0,1827,1827
44,R1,WELL-00011_20140916050300,WELL-00011,2,far_1pct,-157,0.727371096611023,0.7436891198158264,0,1827,1827
44,R1,WELL-00011_20140916050300,WELL-00011,2,far_1pct,-125,0.727378249168396,0.7436891198158264,0,1827,1827
44,R1,WELL-00011_20140916050300,WELL-00011,2,far_1pct,-93,0.7273597717285156,0.7436891198158264,0,1827,1827
44,R1,WELL-00011_20140916050300,WELL-00011,2,far_1pct,-61,0.7273539304733276,0.7436891198158264,0,1827,1827
44,R1,WELL-00011_20140916050300,WELL-00011,2,far_1pct,-29,0.7273576259613037,0.7436891198158264,0,1827,1827
44,R1,WELL-00011_20140916050300,WELL-00011,2,far_1pct,3,0.7273606061935425,0.7436891198158264,0,1827,1827
44,R1,WELL-00011_20140916050300,WELL-00011,2,far_1pct,35,0.727383017539978,0.7436891198158264,0,1827,1827
44,R1,WELL-00011_20140916050300,WELL-00011,2,far_1pct,67,0.7277978658676147,0.7436891198158264,0,1827,1827
44,R1,WELL-00011_20140916050300,WELL-00011,2,far_1pct,99,0.7284636497497559,0.7436891198158264,0,1827,1827
44,R1,WELL-00011_20140916050300,WELL-00011,2,far_1pct,131,0.7289154529571533,0.7436891198158264,0,1827,1827
44,R1,WELL-00011_20140916050300,WELL-00011,2,far_1pct,163,0.7294831871986389,0.7436891198158264,0,1827,1827
44,R1,WELL-00011_20140916050300,WELL-00011,2,far_1pct,195,0.7302711606025696,0.7436891198158264,0,1827,1827
44,R1,WELL-00011_20140916050300,WELL-00011,2,far_1pct,227,0.7315080165863037,0.7436891198158264,0,1827,1827
44,R1,WELL-00011_20140916050300,WELL-00011,2,far_1pct,259,0.7326482534408569,0.7436891198158264,0,1827,1827
44,R1,WELL-00011_20140916050300,WELL-00011,2,far_1pct,291,0.7334424257278442,0.7436891198158264,0,1827,1827
44,R1,WELL-00011_20140916050300,WELL-00011,2,far_1pct,323,0.7339234352111816,0.7436891198158264,0,1827,1827
44,R1,WELL-00011_20140916050300,WELL-00011,2,far_1pct,355,0.7341527342796326,0.7436891198158264,0,1827,1827
44,R1,WELL-00011_20140916050300,WELL-00011,2,far_1pct,387,0.7343945503234863,0.7436891198158264,0,1827,1827
44,R1,WELL-00011_20140916050300,WELL-00011,2,far_1pct,419,0.7346693873405457,0.7436891198158264,0,1827,1827
44,R1,WELL-00011_20140916050300,WELL-00011,2,far_1pct,451,0.7349212765693665,0.7436891198158264,0,1827,1827
44,R1,WELL-00011_20140916050300,WELL-00011,2,far_1pct,483,0.7351459264755249,0.7436891198158264,0,1827,1827
44,R1,WELL-00011_20140916050300,WELL-00011,2,far_5pct,-253,0.7273478507995605,0.7381008267402649,0,1027,1027
44,R1,WELL-00011_20140916050300,WELL-00011,2,far_5pct,-221,0.7273557186126709,0.7381008267402649,0,1027,1027
44,R1,WELL-00011_20140916050300,WELL-00011,2,far_5pct,-189,0.7273603677749634,0.7381008267402649,0,1027,1027
44,R1,WELL-00011_20140916050300,WELL-00011,2,far_5pct,-157,0.727371096611023,0.7381008267402649,0,1027,1027
44,R1,WELL-00011_20140916050300,WELL-00011,2,far_5pct,-125,0.727378249168396,0.7381008267402649,0,1027,1027
44,R1,WELL-00011_20140916050300,WELL-00011,2,far_5pct,-93,0.7273597717285156,0.7381008267402649,0,1027,1027
44,R1,WELL-00011_20140916050300,WELL-00011,2,far_5pct,-61,0.7273539304733276,0.7381008267402649,0,1027,1027
44,R1,WELL-00011_20140916050300,WELL-00011,2,far_5pct,-29,0.7273576259613037,0.7381008267402649,0,1027,1027
44,R1,WELL-00011_20140916050300,WELL-00011,2,far_5pct,3,0.7273606061935425,0.7381008267402649,0,1027,1027
44,R1,WELL-00011_20140916050300,WELL-00011,2,far_5pct,35,0.727383017539978,0.7381008267402649,0,1027,1027
44,R1,WELL-00011_20140916050300,WELL-00011,2,far_5pct,67,0.7277978658676147,0.7381008267402649,0,1027,1027
44,R1,WELL-00011_20140916050300,WELL-00011,2,far_5pct,99,0.7284636497497559,0.7381008267402649,0,1027,1027
44,R1,WELL-00011_20140916050300,WELL-00011,2,far_5pct,131,0.7289154529571533,0.7381008267402649,0,1027,1027
44,R1,WELL-00011_20140916050300,WELL-00011,2,far_5pct,163,0.7294831871986389,0.7381008267402649,0,1027,1027
44,R1,WELL-00011_20140916050300,WELL-00011,2,far_5pct,195,0.7302711606025696,0.7381008267402649,0,1027,1027
44,R1,WELL-00011_20140916050300,WELL-00011,2,far_5pct,227,0.7315080165863037,0.7381008267402649,0,1027,1027
44,R1,WELL-00011_20140916050300,WELL-00011,2,far_5pct,259,0.7326482534408569,0.7381008267402649,0,1027,1027
44,R1,WELL-00011_20140916050300,WELL-00011,2,far_5pct,291,0.7334424257278442,0.7381008267402649,0,1027,1027
44,R1,WELL-00011_20140916050300,WELL-00011,2,far_5pct,323,0.7339234352111816,0.7381008267402649,0,1027,1027
44,R1,WELL-00011_20140916050300,WELL-00011,2,far_5pct,355,0.7341527342796326,0.7381008267402649,0,1027,1027
44,R1,WELL-00011_20140916050300,WELL-00011,2,far_5pct,387,0.7343945503234863,0.7381008267402649,0,1027,1027
44,R1,WELL-00011_20140916050300,WELL-00011,2,far_5pct,419,0.7346693873405457,0.7381008267402649,0,1027,1027
44,R1,WELL-00011_20140916050300,WELL-00011,2,far_5pct,451,0.7349212765693665,0.7381008267402649,0,1027,1027
44,R1,WELL-00011_20140916050300,WELL-00011,2,far_5pct,483,0.7351459264755249,0.7381008267402649,0,1027,1027
44,R1,WELL-00011_20140921183228,WELL-00011,2,far_1pct,-241,0.727271318435669,0.7436891198158264,0,1743,1743
44,R1,WELL-00011_20140921183228,WELL-00011,2,far_1pct,-209,0.7272711396217346,0.7436891198158264,0,1743,1743
44,R1,WELL-00011_20140921183228,WELL-00011,2,far_1pct,-177,0.7272704839706421,0.7436891198158264,0,1743,1743
44,R1,WELL-00011_20140921183228,WELL-00011,2,far_1pct,-145,0.7272655963897705,0.7436891198158264,0,1743,1743
44,R1,WELL-00011_20140921183228,WELL-00011,2,far_1pct,-113,0.7272688150405884,0.7436891198158264,0,1743,1743
44,R1,WELL-00011_20140921183228,WELL-00011,2,far_1pct,-81,0.7272839546203613,0.7436891198158264,0,1743,1743
44,R1,WELL-00011_20140921183228,WELL-00011,2,far_1pct,-49,0.7272936105728149,0.7436891198158264,0,1743,1743
44,R1,WELL-00011_20140921183228,WELL-00011,2,far_1pct,-17,0.7273049354553223,0.7436891198158264,0,1743,1743
44,R1,WELL-00011_20140921183228,WELL-00011,2,far_1pct,15,0.7273415327072144,0.7436891198158264,0,1743,1743
44,R1,WELL-00011_20140921183228,WELL-00011,2,far_1pct,47,0.727660059928894,0.7436891198158264,0,1743,1743
44,R1,WELL-00011_20140921183228,WELL-00011,2,far_1pct,79,0.728324294090271,0.7436891198158264,0,1743,1743
44,R1,WELL-00011_20140921183228,WELL-00011,2,far_1pct,111,0.7288336753845215,0.7436891198158264,0,1743,1743
44,R1,WELL-00011_20140921183228,WELL-00011,2,far_1pct,143,0.7295154333114624,0.7436891198158264,0,1743,1743
44,R1,WELL-00011_20140921183228,WELL-00011,2,far_1pct,175,0.7305011749267578,0.7436891198158264,0,1743,1743
44,R1,WELL-00011_20140921183228,WELL-00011,2,far_1pct,207,0.7317646741867065,0.7436891198158264,0,1743,1743
44,R1,WELL-00011_20140921183228,WELL-00011,2,far_1pct,239,0.7328516244888306,0.7436891198158264,0,1743,1743
44,R1,WELL-00011_20140921183228,WELL-00011,2,far_1pct,271,0.7336052656173706,0.7436891198158264,0,1743,1743
44,R1,WELL-00011_20140921183228,WELL-00011,2,far_1pct,303,0.7339979410171509,0.7436891198158264,0,1743,1743
44,R1,WELL-00011_20140921183228,WELL-00011,2,far_1pct,335,0.7342270612716675,0.7436891198158264,0,1743,1743
44,R1,WELL-00011_20140921183228,WELL-00011,2,far_1pct,367,0.7345109581947327,0.7436891198158264,0,1743,1743
44,R1,WELL-00011_20140921183228,WELL-00011,2,far_1pct,399,0.7347829341888428,0.7436891198158264,0,1743,1743
44,R1,WELL-00011_20140921183228,WELL-00011,2,far_1pct,431,0.7350519895553589,0.7436891198158264,0,1743,1743
44,R1,WELL-00011_20140921183228,WELL-00011,2,far_1pct,463,0.7353025674819946,0.7436891198158264,0,1743,1743
44,R1,WELL-00011_20140921183228,WELL-00011,2,far_1pct,495,0.7355085611343384,0.7436891198158264,0,1743,1743
44,R1,WELL-00011_20140921183228,WELL-00011,2,far_5pct,-241,0.727271318435669,0.7381008267402649,0,975,975
44,R1,WELL-00011_20140921183228,WELL-00011,2,far_5pct,-209,0.7272711396217346,0.7381008267402649,0,975,975
44,R1,WELL-00011_20140921183228,WELL-00011,2,far_5pct,-177,0.7272704839706421,0.7381008267402649,0,975,975
44,R1,WELL-00011_20140921183228,WELL-00011,2,far_5pct,-145,0.7272655963897705,0.7381008267402649,0,975,975
44,R1,WELL-00011_20140921183228,WELL-00011,2,far_5pct,-113,0.7272688150405884,0.7381008267402649,0,975,975
44,R1,WELL-00011_20140921183228,WELL-00011,2,far_5pct,-81,0.7272839546203613,0.7381008267402649,0,975,975
44,R1,WELL-00011_20140921183228,WELL-00011,2,far_5pct,-49,0.7272936105728149,0.7381008267402649,0,975,975
44,R1,WELL-00011_20140921183228,WELL-00011,2,far_5pct,-17,0.7273049354553223,0.7381008267402649,0,975,975
44,R1,WELL-00011_20140921183228,WELL-00011,2,far_5pct,15,0.7273415327072144,0.7381008267402649,0,975,975
44,R1,WELL-00011_20140921183228,WELL-00011,2,far_5pct,47,0.727660059928894,0.7381008267402649,0,975,975
44,R1,WELL-00011_20140921183228,WELL-00011,2,far_5pct,79,0.728324294090271,0.7381008267402649,0,975,975
44,R1,WELL-00011_20140921183228,WELL-00011,2,far_5pct,111,0.7288336753845215,0.7381008267402649,0,975,975
44,R1,WELL-00011_20140921183228,WELL-00011,2,far_5pct,143,0.7295154333114624,0.7381008267402649,0,975,975
44,R1,WELL-00011_20140921183228,WELL-00011,2,far_5pct,175,0.7305011749267578,0.7381008267402649,0,975,975
44,R1,WELL-00011_20140921183228,WELL-00011,2,far_5pct,207,0.7317646741867065,0.7381008267402649,0,975,975
44,R1,WELL-00011_20140921183228,WELL-00011,2,far_5pct,239,0.7328516244888306,0.7381008267402649,0,975,975
44,R1,WELL-00011_20140921183228,WELL-00011,2,far_5pct,271,0.7336052656173706,0.7381008267402649,0,975,975
44,R1,WELL-00011_20140921183228,WELL-00011,2,far_5pct,303,0.7339979410171509,0.7381008267402649,0,975,975
44,R1,WELL-00011_20140921183228,WELL-00011,2,far_5pct,335,0.7342270612716675,0.7381008267402649,0,975,975
44,R1,WELL-00011_20140921183228,WELL-00011,2,far_5pct,367,0.7345109581947327,0.7381008267402649,0,975,975
44,R1,WELL-00011_20140921183228,WELL-00011,2,far_5pct,399,0.7347829341888428,0.7381008267402649,0,975,975
44,R1,WELL-00011_20140921183228,WELL-00011,2,far_5pct,431,0.7350519895553589,0.7381008267402649,0,975,975
44,R1,WELL-00011_20140921183228,WELL-00011,2,far_5pct,463,0.7353025674819946,0.7381008267402649,0,975,975
44,R1,WELL-00011_20140921183228,WELL-00011,2,far_5pct,495,0.7355085611343384,0.7381008267402649,0,975,975
44,R1,WELL-00011_20140928090056,WELL-00011,2,far_1pct,-226,0.7270876169204712,0.7436891198158264,0,1790,1790
44,R1,WELL-00011_20140928090056,WELL-00011,2,far_1pct,-194,0.7270870208740234,0.7436891198158264,0,1790,1790
44,R1,WELL-00011_20140928090056,WELL-00011,2,far_1pct,-162,0.7270893454551697,0.7436891198158264,0,1790,1790
44,R1,WELL-00011_20140928090056,WELL-00011,2,far_1pct,-130,0.7270926237106323,0.7436891198158264,0,1790,1790
44,R1,WELL-00011_20140928090056,WELL-00011,2,far_1pct,-98,0.7270947098731995,0.7436891198158264,0,1790,1790
44,R1,WELL-00011_20140928090056,WELL-00011,2,far_1pct,-66,0.7271069288253784,0.7436891198158264,0,1790,1790
44,R1,WELL-00011_20140928090056,WELL-00011,2,far_1pct,-34,0.7271181344985962,0.7436891198158264,0,1790,1790
44,R1,WELL-00011_20140928090056,WELL-00011,2,far_1pct,-2,0.7271042466163635,0.7436891198158264,0,1790,1790
44,R1,WELL-00011_20140928090056,WELL-00011,2,far_1pct,30,0.7271778583526611,0.7436891198158264,0,1790,1790
44,R1,WELL-00011_20140928090056,WELL-00011,2,far_1pct,62,0.7278766632080078,0.7436891198158264,0,1790,1790
44,R1,WELL-00011_20140928090056,WELL-00011,2,far_1pct,94,0.7285749912261963,0.7436891198158264,0,1790,1790
44,R1,WELL-00011_20140928090056,WELL-00011,2,far_1pct,126,0.7291043996810913,0.7436891198158264,0,1790,1790
44,R1,WELL-00011_20140928090056,WELL-00011,2,far_1pct,158,0.7299839854240417,0.7436891198158264,0,1790,1790
44,R1,WELL-00011_20140928090056,WELL-00011,2,far_1pct,190,0.7312265634536743,0.7436891198158264,0,1790,1790
44,R1,WELL-00011_20140928090056,WELL-00011,2,far_1pct,222,0.732451319694519,0.7436891198158264,0,1790,1790
44,R1,WELL-00011_20140928090056,WELL-00011,2,far_1pct,254,0.7333123683929443,0.7436891198158264,0,1790,1790
44,R1,WELL-00011_20140928090056,WELL-00011,2,far_1pct,286,0.733802080154419,0.7436891198158264,0,1790,1790
44,R1,WELL-00011_20140928090056,WELL-00011,2,far_1pct,318,0.7340390682220459,0.7436891198158264,0,1790,1790
44,R1,WELL-00011_20140928090056,WELL-00011,2,far_1pct,350,0.7343199253082275,0.7436891198158264,0,1790,1790
44,R1,WELL-00011_20140928090056,WELL-00011,2,far_1pct,382,0.7346068620681763,0.7436891198158264,0,1790,1790
44,R1,WELL-00011_20140928090056,WELL-00011,2,far_1pct,414,0.7348743677139282,0.7436891198158264,0,1790,1790
44,R1,WELL-00011_20140928090056,WELL-00011,2,far_1pct,446,0.7351253032684326,0.7436891198158264,0,1790,1790
44,R1,WELL-00011_20140928090056,WELL-00011,2,far_1pct,478,0.7353440523147583,0.7436891198158264,0,1790,1790
44,R1,WELL-00011_20140928090056,WELL-00011,2,far_1pct,510,0.735558271408081,0.7436891198158264,0,1790,1790
44,R1,WELL-00011_20140928090056,WELL-00011,2,far_5pct,-226,0.7270876169204712,0.7381008267402649,0,990,990
44,R1,WELL-00011_20140928090056,WELL-00011,2,far_5pct,-194,0.7270870208740234,0.7381008267402649,0,990,990
44,R1,WELL-00011_20140928090056,WELL-00011,2,far_5pct,-162,0.7270893454551697,0.7381008267402649,0,990,990
44,R1,WELL-00011_20140928090056,WELL-00011,2,far_5pct,-130,0.7270926237106323,0.7381008267402649,0,990,990
44,R1,WELL-00011_20140928090056,WELL-00011,2,far_5pct,-98,0.7270947098731995,0.7381008267402649,0,990,990
44,R1,WELL-00011_20140928090056,WELL-00011,2,far_5pct,-66,0.7271069288253784,0.7381008267402649,0,990,990
44,R1,WELL-00011_20140928090056,WELL-00011,2,far_5pct,-34,0.7271181344985962,0.7381008267402649,0,990,990
44,R1,WELL-00011_20140928090056,WELL-00011,2,far_5pct,-2,0.7271042466163635,0.7381008267402649,0,990,990
44,R1,WELL-00011_20140928090056,WELL-00011,2,far_5pct,30,0.7271778583526611,0.7381008267402649,0,990,990
44,R1,WELL-00011_20140928090056,WELL-00011,2,far_5pct,62,0.7278766632080078,0.7381008267402649,0,990,990
44,R1,WELL-00011_20140928090056,WELL-00011,2,far_5pct,94,0.7285749912261963,0.7381008267402649,0,990,990
44,R1,WELL-00011_20140928090056,WELL-00011,2,far_5pct,126,0.7291043996810913,0.7381008267402649,0,990,990
44,R1,WELL-00011_20140928090056,WELL-00011,2,far_5pct,158,0.7299839854240417,0.7381008267402649,0,990,990
44,R1,WELL-00011_20140928090056,WELL-00011,2,far_5pct,190,0.7312265634536743,0.7381008267402649,0,990,990
44,R1,WELL-00011_20140928090056,WELL-00011,2,far_5pct,222,0.732451319694519,0.7381008267402649,0,990,990
44,R1,WELL-00011_20140928090056,WELL-00011,2,far_5pct,254,0.7333123683929443,0.7381008267402649,0,990,990
44,R1,WELL-00011_20140928090056,WELL-00011,2,far_5pct,286,0.733802080154419,0.7381008267402649,0,990,990
44,R1,WELL-00011_20140928090056,WELL-00011,2,far_5pct,318,0.7340390682220459,0.7381008267402649,0,990,990
44,R1,WELL-00011_20140928090056,WELL-00011,2,far_5pct,350,0.7343199253082275,0.7381008267402649,0,990,990
44,R1,WELL-00011_20140928090056,WELL-00011,2,far_5pct,382,0.7346068620681763,0.7381008267402649,0,990,990
44,R1,WELL-00011_20140928090056,WELL-00011,2,far_5pct,414,0.7348743677139282,0.7381008267402649,0,990,990
44,R1,WELL-00011_20140928090056,WELL-00011,2,far_5pct,446,0.7351253032684326,0.7381008267402649,0,990,990
44,R1,WELL-00011_20140928090056,WELL-00011,2,far_5pct,478,0.7353440523147583,0.7381008267402649,0,990,990
44,R1,WELL-00011_20140928090056,WELL-00011,2,far_5pct,510,0.735558271408081,0.7381008267402649,0,990,990
44,R1,WELL-00011_20140929153332,WELL-00011,2,far_1pct,-237,0.7269241809844971,0.7436891198158264,0,,
44,R1,WELL-00011_20140929153332,WELL-00011,2,far_1pct,-205,0.7269155979156494,0.7436891198158264,0,,
44,R1,WELL-00011_20140929153332,WELL-00011,2,far_1pct,-173,0.7269147634506226,0.7436891198158264,0,,
44,R1,WELL-00011_20140929153332,WELL-00011,2,far_1pct,-141,0.7269272804260254,0.7436891198158264,0,,
44,R1,WELL-00011_20140929153332,WELL-00011,2,far_1pct,-109,0.7269362211227417,0.7436891198158264,0,,
44,R1,WELL-00011_20140929153332,WELL-00011,2,far_1pct,-77,0.7269417643547058,0.7436891198158264,0,,
44,R1,WELL-00011_20140929153332,WELL-00011,2,far_1pct,-45,0.7269485592842102,0.7436891198158264,0,,
44,R1,WELL-00011_20140929153332,WELL-00011,2,far_1pct,-13,0.7269496917724609,0.7436891198158264,0,,
44,R1,WELL-00011_20140929153332,WELL-00011,2,far_1pct,19,0.7270004749298096,0.7436891198158264,0,,
44,R1,WELL-00011_20140929153332,WELL-00011,2,far_1pct,51,0.7275956869125366,0.7436891198158264,0,,
44,R1,WELL-00011_20140929153332,WELL-00011,2,far_1pct,83,0.7282451391220093,0.7436891198158264,0,,
44,R1,WELL-00011_20140929153332,WELL-00011,2,far_1pct,115,0.7286916971206665,0.7436891198158264,0,,
44,R1,WELL-00011_20140929153332,WELL-00011,2,far_1pct,147,0.7293916344642639,0.7436891198158264,0,,
44,R1,WELL-00011_20140929153332,WELL-00011,2,far_1pct,179,0.7304656505584717,0.7436891198158264,0,,
44,R1,WELL-00011_20140929153332,WELL-00011,2,far_1pct,211,0.7318663597106934,0.7436891198158264,0,,
44,R1,WELL-00011_20140929153332,WELL-00011,2,far_1pct,243,0.7329415082931519,0.7436891198158264,0,,
44,R1,WELL-00011_20140929153332,WELL-00011,2,far_1pct,275,0.7335759401321411,0.7436891198158264,0,,
44,R1,WELL-00011_20140929153332,WELL-00011,2,far_1pct,307,0.7338736057281494,0.7436891198158264,0,,
44,R1,WELL-00011_20140929153332,WELL-00011,2,far_1pct,339,0.7341697812080383,0.7436891198158264,0,,
44,R1,WELL-00011_20140929153332,WELL-00011,2,far_1pct,371,0.7344835996627808,0.7436891198158264,0,,
44,R1,WELL-00011_20140929153332,WELL-00011,2,far_1pct,403,0.7347533702850342,0.7436891198158264,0,,
44,R1,WELL-00011_20140929153332,WELL-00011,2,far_1pct,435,0.7349947094917297,0.7436891198158264,0,,
44,R1,WELL-00011_20140929153332,WELL-00011,2,far_1pct,467,0.7352231740951538,0.7436891198158264,0,,
44,R1,WELL-00011_20140929153332,WELL-00011,2,far_1pct,499,0.735443115234375,0.7436891198158264,0,,
44,R1,WELL-00011_20140929153332,WELL-00011,2,far_5pct,-237,0.7269241809844971,0.7381008267402649,0,1011,1011
44,R1,WELL-00011_20140929153332,WELL-00011,2,far_5pct,-205,0.7269155979156494,0.7381008267402649,0,1011,1011
44,R1,WELL-00011_20140929153332,WELL-00011,2,far_5pct,-173,0.7269147634506226,0.7381008267402649,0,1011,1011
44,R1,WELL-00011_20140929153332,WELL-00011,2,far_5pct,-141,0.7269272804260254,0.7381008267402649,0,1011,1011
44,R1,WELL-00011_20140929153332,WELL-00011,2,far_5pct,-109,0.7269362211227417,0.7381008267402649,0,1011,1011
44,R1,WELL-00011_20140929153332,WELL-00011,2,far_5pct,-77,0.7269417643547058,0.7381008267402649,0,1011,1011
44,R1,WELL-00011_20140929153332,WELL-00011,2,far_5pct,-45,0.7269485592842102,0.7381008267402649,0,1011,1011
44,R1,WELL-00011_20140929153332,WELL-00011,2,far_5pct,-13,0.7269496917724609,0.7381008267402649,0,1011,1011
44,R1,WELL-00011_20140929153332,WELL-00011,2,far_5pct,19,0.7270004749298096,0.7381008267402649,0,1011,1011
44,R1,WELL-00011_20140929153332,WELL-00011,2,far_5pct,51,0.7275956869125366,0.7381008267402649,0,1011,1011
44,R1,WELL-00011_20140929153332,WELL-00011,2,far_5pct,83,0.7282451391220093,0.7381008267402649,0,1011,1011
44,R1,WELL-00011_20140929153332,WELL-00011,2,far_5pct,115,0.7286916971206665,0.7381008267402649,0,1011,1011
44,R1,WELL-00011_20140929153332,WELL-00011,2,far_5pct,147,0.7293916344642639,0.7381008267402649,0,1011,1011
44,R1,WELL-00011_20140929153332,WELL-00011,2,far_5pct,179,0.7304656505584717,0.7381008267402649,0,1011,1011
44,R1,WELL-00011_20140929153332,WELL-00011,2,far_5pct,211,0.7318663597106934,0.7381008267402649,0,1011,1011
44,R1,WELL-00011_20140929153332,WELL-00011,2,far_5pct,243,0.7329415082931519,0.7381008267402649,0,1011,1011
44,R1,WELL-00011_20140929153332,WELL-00011,2,far_5pct,275,0.7335759401321411,0.7381008267402649,0,1011,1011
44,R1,WELL-00011_20140929153332,WELL-00011,2,far_5pct,307,0.7338736057281494,0.7381008267402649,0,1011,1011
44,R1,WELL-00011_20140929153332,WELL-00011,2,far_5pct,339,0.7341697812080383,0.7381008267402649,0,1011,1011
44,R1,WELL-00011_20140929153332,WELL-00011,2,far_5pct,371,0.7344835996627808,0.7381008267402649,0,1011,1011
44,R1,WELL-00011_20140929153332,WELL-00011,2,far_5pct,403,0.7347533702850342,0.7381008267402649,0,1011,1011
44,R1,WELL-00011_20140929153332,WELL-00011,2,far_5pct,435,0.7349947094917297,0.7381008267402649,0,1011,1011
44,R1,WELL-00011_20140929153332,WELL-00011,2,far_5pct,467,0.7352231740951538,0.7381008267402649,0,1011,1011
44,R1,WELL-00011_20140929153332,WELL-00011,2,far_5pct,499,0.735443115234375,0.7381008267402649,0,1011,1011
44,R1,WELL-00011_20140929210121,WELL-00011,2,far_1pct,-239,0.7272887825965881,0.7436891198158264,0,,
44,R1,WELL-00011_20140929210121,WELL-00011,2,far_1pct,-207,0.7272980213165283,0.7436891198158264,0,,
44,R1,WELL-00011_20140929210121,WELL-00011,2,far_1pct,-175,0.7272957563400269,0.7436891198158264,0,,
44,R1,WELL-00011_20140929210121,WELL-00011,2,far_1pct,-143,0.7272821664810181,0.7436891198158264,0,,
44,R1,WELL-00011_20140929210121,WELL-00011,2,far_1pct,-111,0.7272741794586182,0.7436891198158264,0,,
44,R1,WELL-00011_20140929210121,WELL-00011,2,far_1pct,-79,0.7272924184799194,0.7436891198158264,0,,
44,R1,WELL-00011_20140929210121,WELL-00011,2,far_1pct,-47,0.7272976636886597,0.7436891198158264,0,,
44,R1,WELL-00011_20140929210121,WELL-00011,2,far_1pct,-15,0.7272936105728149,0.7436891198158264,0,,
44,R1,WELL-00011_20140929210121,WELL-00011,2,far_1pct,17,0.7272896766662598,0.7436891198158264,0,,
44,R1,WELL-00011_20140929210121,WELL-00011,2,far_1pct,49,0.7277148962020874,0.7436891198158264,0,,
44,R1,WELL-00011_20140929210121,WELL-00011,2,far_1pct,81,0.7285233736038208,0.7436891198158264,0,,
44,R1,WELL-00011_20140929210121,WELL-00011,2,far_1pct,113,0.7291162014007568,0.7436891198158264,0,,
44,R1,WELL-00011_20140929210121,WELL-00011,2,far_1pct,145,0.7298870086669922,0.7436891198158264,0,,
44,R1,WELL-00011_20140929210121,WELL-00011,2,far_1pct,177,0.731097936630249,0.7436891198158264,0,,
44,R1,WELL-00011_20140929210121,WELL-00011,2,far_1pct,209,0.7324028015136719,0.7436891198158264,0,,
44,R1,WELL-00011_20140929210121,WELL-00011,2,far_1pct,241,0.7333824038505554,0.7436891198158264,0,,
44,R1,WELL-00011_20140929210121,WELL-00011,2,far_1pct,273,0.7339929342269897,0.7436891198158264,0,,
44,R1,WELL-00011_20140929210121,WELL-00011,2,far_1pct,305,0.7343025207519531,0.7436891198158264,0,,
44,R1,WELL-00011_20140929210121,WELL-00011,2,far_1pct,337,0.7346012592315674,0.7436891198158264,0,,
44,R1,WELL-00011_20140929210121,WELL-00011,2,far_1pct,369,0.734902024269104,0.7436891198158264,0,,
44,R1,WELL-00011_20140929210121,WELL-00011,2,far_1pct,401,0.7351973652839661,0.7436891198158264,0,,
44,R1,WELL-00011_20140929210121,WELL-00011,2,far_1pct,433,0.7354637384414673,0.7436891198158264,0,,
44,R1,WELL-00011_20140929210121,WELL-00011,2,far_1pct,465,0.7357176542282104,0.7436891198158264,0,,
44,R1,WELL-00011_20140929210121,WELL-00011,2,far_1pct,497,0.7359843254089355,0.7436891198158264,0,,
44,R1,WELL-00011_20140929210121,WELL-00011,2,far_5pct,-239,0.7272887825965881,0.7381008267402649,0,849,849
44,R1,WELL-00011_20140929210121,WELL-00011,2,far_5pct,-207,0.7272980213165283,0.7381008267402649,0,849,849
44,R1,WELL-00011_20140929210121,WELL-00011,2,far_5pct,-175,0.7272957563400269,0.7381008267402649,0,849,849
44,R1,WELL-00011_20140929210121,WELL-00011,2,far_5pct,-143,0.7272821664810181,0.7381008267402649,0,849,849
44,R1,WELL-00011_20140929210121,WELL-00011,2,far_5pct,-111,0.7272741794586182,0.7381008267402649,0,849,849
44,R1,WELL-00011_20140929210121,WELL-00011,2,far_5pct,-79,0.7272924184799194,0.7381008267402649,0,849,849
44,R1,WELL-00011_20140929210121,WELL-00011,2,far_5pct,-47,0.7272976636886597,0.7381008267402649,0,849,849
44,R1,WELL-00011_20140929210121,WELL-00011,2,far_5pct,-15,0.7272936105728149,0.7381008267402649,0,849,849
44,R1,WELL-00011_20140929210121,WELL-00011,2,far_5pct,17,0.7272896766662598,0.7381008267402649,0,849,849
44,R1,WELL-00011_20140929210121,WELL-00011,2,far_5pct,49,0.7277148962020874,0.7381008267402649,0,849,849
44,R1,WELL-00011_20140929210121,WELL-00011,2,far_5pct,81,0.7285233736038208,0.7381008267402649,0,849,849
44,R1,WELL-00011_20140929210121,WELL-00011,2,far_5pct,113,0.7291162014007568,0.7381008267402649,0,849,849
44,R1,WELL-00011_20140929210121,WELL-00011,2,far_5pct,145,0.7298870086669922,0.7381008267402649,0,849,849
44,R1,WELL-00011_20140929210121,WELL-00011,2,far_5pct,177,0.731097936630249,0.7381008267402649,0,849,849
44,R1,WELL-00011_20140929210121,WELL-00011,2,far_5pct,209,0.7324028015136719,0.7381008267402649,0,849,849
44,R1,WELL-00011_20140929210121,WELL-00011,2,far_5pct,241,0.7333824038505554,0.7381008267402649,0,849,849
44,R1,WELL-00011_20140929210121,WELL-00011,2,far_5pct,273,0.7339929342269897,0.7381008267402649,0,849,849
44,R1,WELL-00011_20140929210121,WELL-00011,2,far_5pct,305,0.7343025207519531,0.7381008267402649,0,849,849
44,R1,WELL-00011_20140929210121,WELL-00011,2,far_5pct,337,0.7346012592315674,0.7381008267402649,0,849,849
44,R1,WELL-00011_20140929210121,WELL-00011,2,far_5pct,369,0.734902024269104,0.7381008267402649,0,849,849
44,R1,WELL-00011_20140929210121,WELL-00011,2,far_5pct,401,0.7351973652839661,0.7381008267402649,0,849,849
44,R1,WELL-00011_20140929210121,WELL-00011,2,far_5pct,433,0.7354637384414673,0.7381008267402649,0,849,849
44,R1,WELL-00011_20140929210121,WELL-00011,2,far_5pct,465,0.7357176542282104,0.7381008267402649,0,849,849
44,R1,WELL-00011_20140929210121,WELL-00011,2,far_5pct,497,0.7359843254089355,0.7381008267402649,0,849,849
44,R1,WELL-00011_20141005160056,WELL-00011,2,far_1pct,-251,0.7273499965667725,0.7436891198158264,0,1541,1541
44,R1,WELL-00011_20141005160056,WELL-00011,2,far_1pct,-219,0.7273532748222351,0.7436891198158264,0,1541,1541
44,R1,WELL-00011_20141005160056,WELL-00011,2,far_1pct,-187,0.7273553609848022,0.7436891198158264,0,1541,1541
44,R1,WELL-00011_20141005160056,WELL-00011,2,far_1pct,-155,0.727354884147644,0.7436891198158264,0,1541,1541
44,R1,WELL-00011_20141005160056,WELL-00011,2,far_1pct,-123,0.7273555994033813,0.7436891198158264,0,1541,1541
44,R1,WELL-00011_20141005160056,WELL-00011,2,far_1pct,-91,0.7273595333099365,0.7436891198158264,0,1541,1541
44,R1,WELL-00011_20141005160056,WELL-00011,2,far_1pct,-59,0.7273619174957275,0.7436891198158264,0,1541,1541
44,R1,WELL-00011_20141005160056,WELL-00011,2,far_1pct,-27,0.7273616790771484,0.7436891198158264,0,1541,1541
44,R1,WELL-00011_20141005160056,WELL-00011,2,far_1pct,5,0.7273617386817932,0.7436891198158264,0,1541,1541
44,R1,WELL-00011_20141005160056,WELL-00011,2,far_1pct,37,0.7273949384689331,0.7436891198158264,0,1541,1541
44,R1,WELL-00011_20141005160056,WELL-00011,2,far_1pct,69,0.7277488112449646,0.7436891198158264,0,1541,1541
44,R1,WELL-00011_20141005160056,WELL-00011,2,far_1pct,101,0.7283119559288025,0.7436891198158264,0,1541,1541
44,R1,WELL-00011_20141005160056,WELL-00011,2,far_1pct,133,0.7288658618927002,0.7436891198158264,0,1541,1541
44,R1,WELL-00011_20141005160056,WELL-00011,2,far_1pct,165,0.7297382950782776,0.7436891198158264,0,1541,1541
44,R1,WELL-00011_20141005160056,WELL-00011,2,far_1pct,197,0.731139600276947,0.7436891198158264,0,1541,1541
44,R1,WELL-00011_20141005160056,WELL-00011,2,far_1pct,229,0.7326338291168213,0.7436891198158264,0,1541,1541
44,R1,WELL-00011_20141005160056,WELL-00011,2,far_1pct,261,0.7336218357086182,0.7436891198158264,0,1541,1541
44,R1,WELL-00011_20141005160056,WELL-00011,2,far_1pct,293,0.7341378927230835,0.7436891198158264,0,1541,1541
44,R1,WELL-00011_20141005160056,WELL-00011,2,far_1pct,325,0.7345157861709595,0.7436891198158264,0,1541,1541
44,R1,WELL-00011_20141005160056,WELL-00011,2,far_1pct,357,0.7348703145980835,0.7436891198158264,0,1541,1541
44,R1,WELL-00011_20141005160056,WELL-00011,2,far_1pct,389,0.7352101802825928,0.7436891198158264,0,1541,1541
44,R1,WELL-00011_20141005160056,WELL-00011,2,far_1pct,421,0.7355401515960693,0.7436891198158264,0,1541,1541
44,R1,WELL-00011_20141005160056,WELL-00011,2,far_1pct,453,0.7358753085136414,0.7436891198158264,0,1541,1541
44,R1,WELL-00011_20141005160056,WELL-00011,2,far_1pct,485,0.7362039089202881,0.7436891198158264,0,1541,1541
44,R1,WELL-00011_20141005160056,WELL-00011,2,far_5pct,-251,0.7273499965667725,0.7381008267402649,0,773,773
44,R1,WELL-00011_20141005160056,WELL-00011,2,far_5pct,-219,0.7273532748222351,0.7381008267402649,0,773,773
44,R1,WELL-00011_20141005160056,WELL-00011,2,far_5pct,-187,0.7273553609848022,0.7381008267402649,0,773,773
44,R1,WELL-00011_20141005160056,WELL-00011,2,far_5pct,-155,0.727354884147644,0.7381008267402649,0,773,773
44,R1,WELL-00011_20141005160056,WELL-00011,2,far_5pct,-123,0.7273555994033813,0.7381008267402649,0,773,773
44,R1,WELL-00011_20141005160056,WELL-00011,2,far_5pct,-91,0.7273595333099365,0.7381008267402649,0,773,773
44,R1,WELL-00011_20141005160056,WELL-00011,2,far_5pct,-59,0.7273619174957275,0.7381008267402649,0,773,773
44,R1,WELL-00011_20141005160056,WELL-00011,2,far_5pct,-27,0.7273616790771484,0.7381008267402649,0,773,773
44,R1,WELL-00011_20141005160056,WELL-00011,2,far_5pct,5,0.7273617386817932,0.7381008267402649,0,773,773
44,R1,WELL-00011_20141005160056,WELL-00011,2,far_5pct,37,0.7273949384689331,0.7381008267402649,0,773,773
44,R1,WELL-00011_20141005160056,WELL-00011,2,far_5pct,69,0.7277488112449646,0.7381008267402649,0,773,773
44,R1,WELL-00011_20141005160056,WELL-00011,2,far_5pct,101,0.7283119559288025,0.7381008267402649,0,773,773
44,R1,WELL-00011_20141005160056,WELL-00011,2,far_5pct,133,0.7288658618927002,0.7381008267402649,0,773,773
44,R1,WELL-00011_20141005160056,WELL-00011,2,far_5pct,165,0.7297382950782776,0.7381008267402649,0,773,773
44,R1,WELL-00011_20141005160056,WELL-00011,2,far_5pct,197,0.731139600276947,0.7381008267402649,0,773,773
44,R1,WELL-00011_20141005160056,WELL-00011,2,far_5pct,229,0.7326338291168213,0.7381008267402649,0,773,773
44,R1,WELL-00011_20141005160056,WELL-00011,2,far_5pct,261,0.7336218357086182,0.7381008267402649,0,773,773
44,R1,WELL-00011_20141005160056,WELL-00011,2,far_5pct,293,0.7341378927230835,0.7381008267402649,0,773,773
44,R1,WELL-00011_20141005160056,WELL-00011,2,far_5pct,325,0.7345157861709595,0.7381008267402649,0,773,773
44,R1,WELL-00011_20141005160056,WELL-00011,2,far_5pct,357,0.7348703145980835,0.7381008267402649,0,773,773
44,R1,WELL-00011_20141005160056,WELL-00011,2,far_5pct,389,0.7352101802825928,0.7381008267402649,0,773,773
44,R1,WELL-00011_20141005160056,WELL-00011,2,far_5pct,421,0.7355401515960693,0.7381008267402649,0,773,773
44,R1,WELL-00011_20141005160056,WELL-00011,2,far_5pct,453,0.7358753085136414,0.7381008267402649,0,773,773
44,R1,WELL-00011_20141005160056,WELL-00011,2,far_5pct,485,0.7362039089202881,0.7381008267402649,0,773,773
44,R1,WELL-00011_20141006150121,WELL-00011,2,far_1pct,-248,0.7272883653640747,0.7436891198158264,0,1288,1288
44,R1,WELL-00011_20141006150121,WELL-00011,2,far_1pct,-216,0.7272781133651733,0.7436891198158264,0,1288,1288
44,R1,WELL-00011_20141006150121,WELL-00011,2,far_1pct,-184,0.7272707223892212,0.7436891198158264,0,1288,1288
44,R1,WELL-00011_20141006150121,WELL-00011,2,far_1pct,-152,0.7272852659225464,0.7436891198158264,0,1288,1288
44,R1,WELL-00011_20141006150121,WELL-00011,2,far_1pct,-120,0.7272763252258301,0.7436891198158264,0,1288,1288
44,R1,WELL-00011_20141006150121,WELL-00011,2,far_1pct,-88,0.7272499799728394,0.7436891198158264,0,1288,1288
44,R1,WELL-00011_20141006150121,WELL-00011,2,far_1pct,-56,0.7272518277168274,0.7436891198158264,0,1288,1288
44,R1,WELL-00011_20141006150121,WELL-00011,2,far_1pct,-24,0.7272770404815674,0.7436891198158264,0,1288,1288
44,R1,WELL-00011_20141006150121,WELL-00011,2,far_1pct,8,0.7272859811782837,0.7436891198158264,0,1288,1288
44,R1,WELL-00011_20141006150121,WELL-00011,2,far_1pct,40,0.7272763252258301,0.7436891198158264,0,1288,1288
44,R1,WELL-00011_20141006150121,WELL-00011,2,far_1pct,72,0.7275583744049072,0.7436891198158264,0,1288,1288
44,R1,WELL-00011_20141006150121,WELL-00011,2,far_1pct,104,0.728236198425293,0.7436891198158264,0,1288,1288
44,R1,WELL-00011_20141006150121,WELL-00011,2,far_1pct,136,0.7288113832473755,0.7436891198158264,0,1288,1288
44,R1,WELL-00011_20141006150121,WELL-00011,2,far_1pct,168,0.7297542691230774,0.7436891198158264,0,1288,1288
44,R1,WELL-00011_20141006150121,WELL-00011,2,far_1pct,200,0.7315926551818848,0.7436891198158264,0,1288,1288
44,R1,WELL-00011_20141006150121,WELL-00011,2,far_1pct,232,0.7334576845169067,0.7436891198158264,0,1288,1288
44,R1,WELL-00011_20141006150121,WELL-00011,2,far_1pct,264,0.7343481779098511,0.7436891198158264,0,1288,1288
44,R1,WELL-00011_20141006150121,WELL-00011,2,far_1pct,296,0.7348675727844238,0.7436891198158264,0,1288,1288
44,R1,WELL-00011_20141006150121,WELL-00011,2,far_1pct,328,0.7353836297988892,0.7436891198158264,0,1288,1288
44,R1,WELL-00011_20141006150121,WELL-00011,2,far_1pct,360,0.7358584403991699,0.7436891198158264,0,1288,1288
44,R1,WELL-00011_20141006150121,WELL-00011,2,far_1pct,392,0.7363168001174927,0.7436891198158264,0,1288,1288
44,R1,WELL-00011_20141006150121,WELL-00011,2,far_1pct,424,0.7367217540740967,0.7436891198158264,0,1288,1288
44,R1,WELL-00011_20141006150121,WELL-00011,2,far_1pct,456,0.7370657920837402,0.7436891198158264,0,1288,1288
44,R1,WELL-00011_20141006150121,WELL-00011,2,far_1pct,488,0.7373379468917847,0.7436891198158264,0,1288,1288
44,R1,WELL-00011_20141006150121,WELL-00011,2,far_5pct,-248,0.7272883653640747,0.7381008267402649,0,616,616
44,R1,WELL-00011_20141006150121,WELL-00011,2,far_5pct,-216,0.7272781133651733,0.7381008267402649,0,616,616
44,R1,WELL-00011_20141006150121,WELL-00011,2,far_5pct,-184,0.7272707223892212,0.7381008267402649,0,616,616
44,R1,WELL-00011_20141006150121,WELL-00011,2,far_5pct,-152,0.7272852659225464,0.7381008267402649,0,616,616
44,R1,WELL-00011_20141006150121,WELL-00011,2,far_5pct,-120,0.7272763252258301,0.7381008267402649,0,616,616
44,R1,WELL-00011_20141006150121,WELL-00011,2,far_5pct,-88,0.7272499799728394,0.7381008267402649,0,616,616
44,R1,WELL-00011_20141006150121,WELL-00011,2,far_5pct,-56,0.7272518277168274,0.7381008267402649,0,616,616
44,R1,WELL-00011_20141006150121,WELL-00011,2,far_5pct,-24,0.7272770404815674,0.7381008267402649,0,616,616
44,R1,WELL-00011_20141006150121,WELL-00011,2,far_5pct,8,0.7272859811782837,0.7381008267402649,0,616,616
44,R1,WELL-00011_20141006150121,WELL-00011,2,far_5pct,40,0.7272763252258301,0.7381008267402649,0,616,616
44,R1,WELL-00011_20141006150121,WELL-00011,2,far_5pct,72,0.7275583744049072,0.7381008267402649,0,616,616
44,R1,WELL-00011_20141006150121,WELL-00011,2,far_5pct,104,0.728236198425293,0.7381008267402649,0,616,616
44,R1,WELL-00011_20141006150121,WELL-00011,2,far_5pct,136,0.7288113832473755,0.7381008267402649,0,616,616
44,R1,WELL-00011_20141006150121,WELL-00011,2,far_5pct,168,0.7297542691230774,0.7381008267402649,0,616,616
44,R1,WELL-00011_20141006150121,WELL-00011,2,far_5pct,200,0.7315926551818848,0.7381008267402649,0,616,616
44,R1,WELL-00011_20141006150121,WELL-00011,2,far_5pct,232,0.7334576845169067,0.7381008267402649,0,616,616
44,R1,WELL-00011_20141006150121,WELL-00011,2,far_5pct,264,0.7343481779098511,0.7381008267402649,0,616,616
44,R1,WELL-00011_20141006150121,WELL-00011,2,far_5pct,296,0.7348675727844238,0.7381008267402649,0,616,616
44,R1,WELL-00011_20141006150121,WELL-00011,2,far_5pct,328,0.7353836297988892,0.7381008267402649,0,616,616
44,R1,WELL-00011_20141006150121,WELL-00011,2,far_5pct,360,0.7358584403991699,0.7381008267402649,0,616,616
44,R1,WELL-00011_20141006150121,WELL-00011,2,far_5pct,392,0.7363168001174927,0.7381008267402649,0,616,616
44,R1,WELL-00011_20141006150121,WELL-00011,2,far_5pct,424,0.7367217540740967,0.7381008267402649,0,616,616
44,R1,WELL-00011_20141006150121,WELL-00011,2,far_5pct,456,0.7370657920837402,0.7381008267402649,0,616,616
44,R1,WELL-00011_20141006150121,WELL-00011,2,far_5pct,488,0.7373379468917847,0.7381008267402649,0,616,616
44,R1,WELL-00012_20170320011000,WELL-00012,2,far_1pct,-228,0.7113764882087708,0.7436891198158264,0,,
44,R1,WELL-00012_20170320011000,WELL-00012,2,far_1pct,-196,0.7113752961158752,0.7436891198158264,0,,
44,R1,WELL-00012_20170320011000,WELL-00012,2,far_1pct,-164,0.7113747596740723,0.7436891198158264,0,,
44,R1,WELL-00012_20170320011000,WELL-00012,2,far_1pct,-132,0.7113759517669678,0.7436891198158264,0,,
44,R1,WELL-00012_20170320011000,WELL-00012,2,far_1pct,-100,0.7113760113716125,0.7436891198158264,0,,
44,R1,WELL-00012_20170320011000,WELL-00012,2,far_1pct,-68,0.7113744020462036,0.7436891198158264,0,,
44,R1,WELL-00012_20170320011000,WELL-00012,2,far_1pct,-36,0.7113730907440186,0.7436891198158264,0,,
44,R1,WELL-00012_20170320011000,WELL-00012,2,far_1pct,-4,0.7113733291625977,0.7436891198158264,0,,
44,R1,WELL-00012_20170320011000,WELL-00012,2,far_1pct,28,0.7113569378852844,0.7436891198158264,0,,
44,R1,WELL-00012_20170320011000,WELL-00012,2,far_1pct,60,0.711237907409668,0.7436891198158264,0,,
44,R1,WELL-00012_20170320011000,WELL-00012,2,far_1pct,92,0.7112730145454407,0.7436891198158264,0,,
44,R1,WELL-00012_20170320011000,WELL-00012,2,far_1pct,124,0.7123700380325317,0.7436891198158264,0,,
44,R1,WELL-00012_20170320011000,WELL-00012,2,far_1pct,156,0.7143803834915161,0.7436891198158264,0,,
44,R1,WELL-00012_20170320011000,WELL-00012,2,far_1pct,188,0.7160067558288574,0.7436891198158264,0,,
44,R1,WELL-00012_20170320011000,WELL-00012,2,far_1pct,220,0.7167971134185791,0.7436891198158264,0,,
44,R1,WELL-00012_20170320011000,WELL-00012,2,far_1pct,252,0.7172901034355164,0.7436891198158264,0,,
44,R1,WELL-00012_20170320011000,WELL-00012,2,far_1pct,284,0.7177213430404663,0.7436891198158264,0,,
44,R1,WELL-00012_20170320011000,WELL-00012,2,far_1pct,316,0.7180391550064087,0.7436891198158264,0,,
44,R1,WELL-00012_20170320011000,WELL-00012,2,far_1pct,348,0.7184046506881714,0.7436891198158264,0,,
44,R1,WELL-00012_20170320011000,WELL-00012,2,far_1pct,380,0.7188253998756409,0.7436891198158264,0,,
44,R1,WELL-00012_20170320011000,WELL-00012,2,far_1pct,412,0.7192614674568176,0.7436891198158264,0,,
44,R1,WELL-00012_20170320011000,WELL-00012,2,far_1pct,444,0.7197304964065552,0.7436891198158264,0,,
44,R1,WELL-00012_20170320011000,WELL-00012,2,far_1pct,476,0.720341682434082,0.7436891198158264,0,,
44,R1,WELL-00012_20170320011000,WELL-00012,2,far_1pct,508,0.720964789390564,0.7436891198158264,0,,
44,R1,WELL-00012_20170320011000,WELL-00012,2,far_5pct,-228,0.7113764882087708,0.7381008267402649,0,1116,1116
44,R1,WELL-00012_20170320011000,WELL-00012,2,far_5pct,-196,0.7113752961158752,0.7381008267402649,0,1116,1116
44,R1,WELL-00012_20170320011000,WELL-00012,2,far_5pct,-164,0.7113747596740723,0.7381008267402649,0,1116,1116
44,R1,WELL-00012_20170320011000,WELL-00012,2,far_5pct,-132,0.7113759517669678,0.7381008267402649,0,1116,1116
44,R1,WELL-00012_20170320011000,WELL-00012,2,far_5pct,-100,0.7113760113716125,0.7381008267402649,0,1116,1116
44,R1,WELL-00012_20170320011000,WELL-00012,2,far_5pct,-68,0.7113744020462036,0.7381008267402649,0,1116,1116
44,R1,WELL-00012_20170320011000,WELL-00012,2,far_5pct,-36,0.7113730907440186,0.7381008267402649,0,1116,1116
44,R1,WELL-00012_20170320011000,WELL-00012,2,far_5pct,-4,0.7113733291625977,0.7381008267402649,0,1116,1116
44,R1,WELL-00012_20170320011000,WELL-00012,2,far_5pct,28,0.7113569378852844,0.7381008267402649,0,1116,1116
44,R1,WELL-00012_20170320011000,WELL-00012,2,far_5pct,60,0.711237907409668,0.7381008267402649,0,1116,1116
44,R1,WELL-00012_20170320011000,WELL-00012,2,far_5pct,92,0.7112730145454407,0.7381008267402649,0,1116,1116
44,R1,WELL-00012_20170320011000,WELL-00012,2,far_5pct,124,0.7123700380325317,0.7381008267402649,0,1116,1116
44,R1,WELL-00012_20170320011000,WELL-00012,2,far_5pct,156,0.7143803834915161,0.7381008267402649,0,1116,1116
44,R1,WELL-00012_20170320011000,WELL-00012,2,far_5pct,188,0.7160067558288574,0.7381008267402649,0,1116,1116
44,R1,WELL-00012_20170320011000,WELL-00012,2,far_5pct,220,0.7167971134185791,0.7381008267402649,0,1116,1116
44,R1,WELL-00012_20170320011000,WELL-00012,2,far_5pct,252,0.7172901034355164,0.7381008267402649,0,1116,1116
44,R1,WELL-00012_20170320011000,WELL-00012,2,far_5pct,284,0.7177213430404663,0.7381008267402649,0,1116,1116
44,R1,WELL-00012_20170320011000,WELL-00012,2,far_5pct,316,0.7180391550064087,0.7381008267402649,0,1116,1116
44,R1,WELL-00012_20170320011000,WELL-00012,2,far_5pct,348,0.7184046506881714,0.7381008267402649,0,1116,1116
44,R1,WELL-00012_20170320011000,WELL-00012,2,far_5pct,380,0.7188253998756409,0.7381008267402649,0,1116,1116
44,R1,WELL-00012_20170320011000,WELL-00012,2,far_5pct,412,0.7192614674568176,0.7381008267402649,0,1116,1116
44,R1,WELL-00012_20170320011000,WELL-00012,2,far_5pct,444,0.7197304964065552,0.7381008267402649,0,1116,1116
44,R1,WELL-00012_20170320011000,WELL-00012,2,far_5pct,476,0.720341682434082,0.7381008267402649,0,1116,1116
44,R1,WELL-00012_20170320011000,WELL-00012,2,far_5pct,508,0.720964789390564,0.7381008267402649,0,1116,1116
44,R1,WELL-00012_20170320123144,WELL-00012,2,far_1pct,-228,0.7116681337356567,0.7436891198158264,0,1148,1148
44,R1,WELL-00012_20170320123144,WELL-00012,2,far_1pct,-196,0.7116667032241821,0.7436891198158264,0,1148,1148
44,R1,WELL-00012_20170320123144,WELL-00012,2,far_1pct,-164,0.7116698026657104,0.7436891198158264,0,1148,1148
44,R1,WELL-00012_20170320123144,WELL-00012,2,far_1pct,-132,0.7116743922233582,0.7436891198158264,0,1148,1148
44,R1,WELL-00012_20170320123144,WELL-00012,2,far_1pct,-100,0.7116764783859253,0.7436891198158264,0,1148,1148
44,R1,WELL-00012_20170320123144,WELL-00012,2,far_1pct,-68,0.7116875648498535,0.7436891198158264,0,1148,1148
44,R1,WELL-00012_20170320123144,WELL-00012,2,far_1pct,-36,0.7116779088973999,0.7436891198158264,0,1148,1148
44,R1,WELL-00012_20170320123144,WELL-00012,2,far_1pct,-4,0.7116807699203491,0.7436891198158264,0,1148,1148
44,R1,WELL-00012_20170320123144,WELL-00012,2,far_1pct,28,0.7116665244102478,0.7436891198158264,0,1148,1148
44,R1,WELL-00012_20170320123144,WELL-00012,2,far_1pct,60,0.7115687727928162,0.7436891198158264,0,1148,1148
44,R1,WELL-00012_20170320123144,WELL-00012,2,far_1pct,92,0.7121989727020264,0.7436891198158264,0,1148,1148
44,R1,WELL-00012_20170320123144,WELL-00012,2,far_1pct,124,0.7139476537704468,0.7436891198158264,0,1148,1148
44,R1,WELL-00012_20170320123144,WELL-00012,2,far_1pct,156,0.7158913612365723,0.7436891198158264,0,1148,1148
44,R1,WELL-00012_20170320123144,WELL-00012,2,far_1pct,188,0.7170385122299194,0.7436891198158264,0,1148,1148
44,R1,WELL-00012_20170320123144,WELL-00012,2,far_1pct,220,0.7175713777542114,0.7436891198158264,0,1148,1148
44,R1,WELL-00012_20170320123144,WELL-00012,2,far_1pct,252,0.7180237770080566,0.7436891198158264,0,1148,1148
44,R1,WELL-00012_20170320123144,WELL-00012,2,far_1pct,284,0.7184134721755981,0.7436891198158264,0,1148,1148
44,R1,WELL-00012_20170320123144,WELL-00012,2,far_1pct,316,0.7187858819961548,0.7436891198158264,0,1148,1148
44,R1,WELL-00012_20170320123144,WELL-00012,2,far_1pct,348,0.719240665435791,0.7436891198158264,0,1148,1148
44,R1,WELL-00012_20170320123144,WELL-00012,2,far_1pct,380,0.7197878360748291,0.7436891198158264,0,1148,1148
44,R1,WELL-00012_20170320123144,WELL-00012,2,far_1pct,412,0.7205606698989868,0.7436891198158264,0,1148,1148
44,R1,WELL-00012_20170320123144,WELL-00012,2,far_1pct,444,0.7208519577980042,0.7436891198158264,0,1148,1148
44,R1,WELL-00012_20170320123144,WELL-00012,2,far_1pct,476,0.7201921343803406,0.7436891198158264,0,1148,1148
44,R1,WELL-00012_20170320123144,WELL-00012,2,far_1pct,508,0.7215332388877869,0.7436891198158264,0,1148,1148
44,R1,WELL-00012_20170320123144,WELL-00012,2,far_5pct,-228,0.7116681337356567,0.7381008267402649,0,892,892
44,R1,WELL-00012_20170320123144,WELL-00012,2,far_5pct,-196,0.7116667032241821,0.7381008267402649,0,892,892
44,R1,WELL-00012_20170320123144,WELL-00012,2,far_5pct,-164,0.7116698026657104,0.7381008267402649,0,892,892
44,R1,WELL-00012_20170320123144,WELL-00012,2,far_5pct,-132,0.7116743922233582,0.7381008267402649,0,892,892
44,R1,WELL-00012_20170320123144,WELL-00012,2,far_5pct,-100,0.7116764783859253,0.7381008267402649,0,892,892
44,R1,WELL-00012_20170320123144,WELL-00012,2,far_5pct,-68,0.7116875648498535,0.7381008267402649,0,892,892
44,R1,WELL-00012_20170320123144,WELL-00012,2,far_5pct,-36,0.7116779088973999,0.7381008267402649,0,892,892
44,R1,WELL-00012_20170320123144,WELL-00012,2,far_5pct,-4,0.7116807699203491,0.7381008267402649,0,892,892
44,R1,WELL-00012_20170320123144,WELL-00012,2,far_5pct,28,0.7116665244102478,0.7381008267402649,0,892,892
44,R1,WELL-00012_20170320123144,WELL-00012,2,far_5pct,60,0.7115687727928162,0.7381008267402649,0,892,892
44,R1,WELL-00012_20170320123144,WELL-00012,2,far_5pct,92,0.7121989727020264,0.7381008267402649,0,892,892
44,R1,WELL-00012_20170320123144,WELL-00012,2,far_5pct,124,0.7139476537704468,0.7381008267402649,0,892,892
44,R1,WELL-00012_20170320123144,WELL-00012,2,far_5pct,156,0.7158913612365723,0.7381008267402649,0,892,892
44,R1,WELL-00012_20170320123144,WELL-00012,2,far_5pct,188,0.7170385122299194,0.7381008267402649,0,892,892
44,R1,WELL-00012_20170320123144,WELL-00012,2,far_5pct,220,0.7175713777542114,0.7381008267402649,0,892,892
44,R1,WELL-00012_20170320123144,WELL-00012,2,far_5pct,252,0.7180237770080566,0.7381008267402649,0,892,892
44,R1,WELL-00012_20170320123144,WELL-00012,2,far_5pct,284,0.7184134721755981,0.7381008267402649,0,892,892
44,R1,WELL-00012_20170320123144,WELL-00012,2,far_5pct,316,0.7187858819961548,0.7381008267402649,0,892,892
44,R1,WELL-00012_20170320123144,WELL-00012,2,far_5pct,348,0.719240665435791,0.7381008267402649,0,892,892
44,R1,WELL-00012_20170320123144,WELL-00012,2,far_5pct,380,0.7197878360748291,0.7381008267402649,0,892,892
44,R1,WELL-00012_20170320123144,WELL-00012,2,far_5pct,412,0.7205606698989868,0.7381008267402649,0,892,892
44,R1,WELL-00012_20170320123144,WELL-00012,2,far_5pct,444,0.7208519577980042,0.7381008267402649,0,892,892
44,R1,WELL-00012_20170320123144,WELL-00012,2,far_5pct,476,0.7201921343803406,0.7381008267402649,0,892,892
44,R1,WELL-00012_20170320123144,WELL-00012,2,far_5pct,508,0.7215332388877869,0.7381008267402649,0,892,892
44,R1,WELL-00019_20120601165020,WELL-00019,8,far_1pct,-248,0.7269284725189209,0.7436891198158264,0,6920,6920
44,R1,WELL-00019_20120601165020,WELL-00019,8,far_1pct,-216,0.7269138097763062,0.7436891198158264,0,6920,6920
44,R1,WELL-00019_20120601165020,WELL-00019,8,far_1pct,-184,0.7267468571662903,0.7436891198158264,0,6920,6920
44,R1,WELL-00019_20120601165020,WELL-00019,8,far_1pct,-152,0.7267501354217529,0.7436891198158264,0,6920,6920
44,R1,WELL-00019_20120601165020,WELL-00019,8,far_1pct,-120,0.7256962060928345,0.7436891198158264,0,6920,6920
44,R1,WELL-00019_20120601165020,WELL-00019,8,far_1pct,-88,0.7088406085968018,0.7436891198158264,0,6920,6920
44,R1,WELL-00019_20120601165020,WELL-00019,8,far_1pct,-56,0.7003353834152222,0.7436891198158264,0,6920,6920
44,R1,WELL-00019_20120601165020,WELL-00019,8,far_1pct,-24,0.7002894878387451,0.7436891198158264,0,6920,6920
44,R1,WELL-00019_20120601165020,WELL-00019,8,far_1pct,8,0.7002617120742798,0.7436891198158264,0,6920,6920
44,R1,WELL-00019_20120601165020,WELL-00019,8,far_1pct,40,0.7002362012863159,0.7436891198158264,0,6920,6920
44,R1,WELL-00019_20120601165020,WELL-00019,8,far_1pct,72,0.7002125978469849,0.7436891198158264,0,6920,6920
44,R1,WELL-00019_20120601165020,WELL-00019,8,far_1pct,104,0.7002649307250977,0.7436891198158264,0,6920,6920
44,R1,WELL-00019_20120601165020,WELL-00019,8,far_1pct,136,0.7004221677780151,0.7436891198158264,0,6920,6920
44,R1,WELL-00019_20120601165020,WELL-00019,8,far_1pct,168,0.7006295323371887,0.7436891198158264,0,6920,6920
44,R1,WELL-00019_20120601165020,WELL-00019,8,far_1pct,200,0.7006184458732605,0.7436891198158264,0,6920,6920
44,R1,WELL-00019_20120601165020,WELL-00019,8,far_1pct,232,0.7020474672317505,0.7436891198158264,0,6920,6920
44,R1,WELL-00019_20120601165020,WELL-00019,8,far_1pct,264,0.7030877470970154,0.7436891198158264,0,6920,6920
44,R1,WELL-00019_20120601165020,WELL-00019,8,far_1pct,296,0.7034318447113037,0.7436891198158264,0,6920,6920
44,R1,WELL-00019_20120601165020,WELL-00019,8,far_1pct,328,0.7037652730941772,0.7436891198158264,0,6920,6920
44,R1,WELL-00019_20120601165020,WELL-00019,8,far_1pct,360,0.7040703892707825,0.7436891198158264,0,6920,6920
44,R1,WELL-00019_20120601165020,WELL-00019,8,far_1pct,392,0.7043493986129761,0.7436891198158264,0,6920,6920
44,R1,WELL-00019_20120601165020,WELL-00019,8,far_1pct,424,0.7045957446098328,0.7436891198158264,0,6920,6920
44,R1,WELL-00019_20120601165020,WELL-00019,8,far_1pct,456,0.7048109173774719,0.7436891198158264,0,6920,6920
44,R1,WELL-00019_20120601165020,WELL-00019,8,far_1pct,488,0.7050207853317261,0.7436891198158264,0,6920,6920
44,R1,WELL-00019_20120601165020,WELL-00019,8,far_5pct,-248,0.7269284725189209,0.7381008267402649,0,6920,6920
44,R1,WELL-00019_20120601165020,WELL-00019,8,far_5pct,-216,0.7269138097763062,0.7381008267402649,0,6920,6920
44,R1,WELL-00019_20120601165020,WELL-00019,8,far_5pct,-184,0.7267468571662903,0.7381008267402649,0,6920,6920
44,R1,WELL-00019_20120601165020,WELL-00019,8,far_5pct,-152,0.7267501354217529,0.7381008267402649,0,6920,6920
44,R1,WELL-00019_20120601165020,WELL-00019,8,far_5pct,-120,0.7256962060928345,0.7381008267402649,0,6920,6920
44,R1,WELL-00019_20120601165020,WELL-00019,8,far_5pct,-88,0.7088406085968018,0.7381008267402649,0,6920,6920
44,R1,WELL-00019_20120601165020,WELL-00019,8,far_5pct,-56,0.7003353834152222,0.7381008267402649,0,6920,6920
44,R1,WELL-00019_20120601165020,WELL-00019,8,far_5pct,-24,0.7002894878387451,0.7381008267402649,0,6920,6920
44,R1,WELL-00019_20120601165020,WELL-00019,8,far_5pct,8,0.7002617120742798,0.7381008267402649,0,6920,6920
44,R1,WELL-00019_20120601165020,WELL-00019,8,far_5pct,40,0.7002362012863159,0.7381008267402649,0,6920,6920
44,R1,WELL-00019_20120601165020,WELL-00019,8,far_5pct,72,0.7002125978469849,0.7381008267402649,0,6920,6920
44,R1,WELL-00019_20120601165020,WELL-00019,8,far_5pct,104,0.7002649307250977,0.7381008267402649,0,6920,6920
44,R1,WELL-00019_20120601165020,WELL-00019,8,far_5pct,136,0.7004221677780151,0.7381008267402649,0,6920,6920
44,R1,WELL-00019_20120601165020,WELL-00019,8,far_5pct,168,0.7006295323371887,0.7381008267402649,0,6920,6920
44,R1,WELL-00019_20120601165020,WELL-00019,8,far_5pct,200,0.7006184458732605,0.7381008267402649,0,6920,6920
44,R1,WELL-00019_20120601165020,WELL-00019,8,far_5pct,232,0.7020474672317505,0.7381008267402649,0,6920,6920
44,R1,WELL-00019_20120601165020,WELL-00019,8,far_5pct,264,0.7030877470970154,0.7381008267402649,0,6920,6920
44,R1,WELL-00019_20120601165020,WELL-00019,8,far_5pct,296,0.7034318447113037,0.7381008267402649,0,6920,6920
44,R1,WELL-00019_20120601165020,WELL-00019,8,far_5pct,328,0.7037652730941772,0.7381008267402649,0,6920,6920
44,R1,WELL-00019_20120601165020,WELL-00019,8,far_5pct,360,0.7040703892707825,0.7381008267402649,0,6920,6920
44,R1,WELL-00019_20120601165020,WELL-00019,8,far_5pct,392,0.7043493986129761,0.7381008267402649,0,6920,6920
44,R1,WELL-00019_20120601165020,WELL-00019,8,far_5pct,424,0.7045957446098328,0.7381008267402649,0,6920,6920
44,R1,WELL-00019_20120601165020,WELL-00019,8,far_5pct,456,0.7048109173774719,0.7381008267402649,0,6920,6920
44,R1,WELL-00019_20120601165020,WELL-00019,8,far_5pct,488,0.7050207853317261,0.7381008267402649,0,6920,6920
44,R1,WELL-00019_20141117190526,WELL-00019,8,far_1pct,-247,0.7381203174591064,0.7436891198158264,0,2761,2761
44,R1,WELL-00019_20141117190526,WELL-00019,8,far_1pct,-215,0.7380951642990112,0.7436891198158264,0,2761,2761
44,R1,WELL-00019_20141117190526,WELL-00019,8,far_1pct,-183,0.738140344619751,0.7436891198158264,0,2761,2761
44,R1,WELL-00019_20141117190526,WELL-00019,8,far_1pct,-151,0.7385016679763794,0.7436891198158264,0,2761,2761
44,R1,WELL-00019_20141117190526,WELL-00019,8,far_1pct,-119,0.7397313714027405,0.7436891198158264,0,2761,2761
44,R1,WELL-00019_20141117190526,WELL-00019,8,far_1pct,-87,0.7399647235870361,0.7436891198158264,0,2761,2761
44,R1,WELL-00019_20141117190526,WELL-00019,8,far_1pct,-55,0.7390406727790833,0.7436891198158264,0,2761,2761
44,R1,WELL-00019_20141117190526,WELL-00019,8,far_1pct,-23,0.7370535731315613,0.7436891198158264,0,2761,2761
44,R1,WELL-00019_20141117190526,WELL-00019,8,far_1pct,9,0.7299643754959106,0.7436891198158264,0,2761,2761
44,R1,WELL-00019_20141117190526,WELL-00019,8,far_1pct,41,0.7281710505485535,0.7436891198158264,0,2761,2761
44,R1,WELL-00019_20141117190526,WELL-00019,8,far_1pct,73,0.7320593595504761,0.7436891198158264,0,2761,2761
44,R1,WELL-00019_20141117190526,WELL-00019,8,far_1pct,105,0.7343282699584961,0.7436891198158264,0,2761,2761
44,R1,WELL-00019_20141117190526,WELL-00019,8,far_1pct,137,0.734550952911377,0.7436891198158264,0,2761,2761
44,R1,WELL-00019_20141117190526,WELL-00019,8,far_1pct,169,0.7343384623527527,0.7436891198158264,0,2761,2761
44,R1,WELL-00019_20141117190526,WELL-00019,8,far_1pct,201,0.7338635921478271,0.7436891198158264,0,2761,2761
44,R1,WELL-00019_20141117190526,WELL-00019,8,far_1pct,233,0.7339743375778198,0.7436891198158264,0,2761,2761
44,R1,WELL-00019_20141117190526,WELL-00019,8,far_1pct,265,0.7343735694885254,0.7436891198158264,0,2761,2761
44,R1,WELL-00019_20141117190526,WELL-00019,8,far_1pct,297,0.734673261642456,0.7436891198158264,0,2761,2761
44,R1,WELL-00019_20141117190526,WELL-00019,8,far_1pct,329,0.7342563271522522,0.7436891198158264,0,2761,2761
44,R1,WELL-00019_20141117190526,WELL-00019,8,far_1pct,361,0.7343862056732178,0.7436891198158264,0,2761,2761
44,R1,WELL-00019_20141117190526,WELL-00019,8,far_1pct,393,0.7343508005142212,0.7436891198158264,0,2761,2761
44,R1,WELL-00019_20141117190526,WELL-00019,8,far_1pct,425,0.7342702150344849,0.7436891198158264,0,2761,2761
44,R1,WELL-00019_20141117190526,WELL-00019,8,far_1pct,457,0.7343074083328247,0.7436891198158264,0,2761,2761
44,R1,WELL-00019_20141117190526,WELL-00019,8,far_1pct,489,0.7345525622367859,0.7436891198158264,0,2761,2761
44,R1,WELL-00019_20141117190526,WELL-00019,8,far_5pct,-247,0.7381203174591064,0.7381008267402649,1,1929,2089
44,R1,WELL-00019_20141117190526,WELL-00019,8,far_5pct,-215,0.7380951642990112,0.7381008267402649,0,1929,2089
44,R1,WELL-00019_20141117190526,WELL-00019,8,far_5pct,-183,0.738140344619751,0.7381008267402649,1,1929,2089
44,R1,WELL-00019_20141117190526,WELL-00019,8,far_5pct,-151,0.7385016679763794,0.7381008267402649,1,1929,2089
44,R1,WELL-00019_20141117190526,WELL-00019,8,far_5pct,-119,0.7397313714027405,0.7381008267402649,1,1929,2089
44,R1,WELL-00019_20141117190526,WELL-00019,8,far_5pct,-87,0.7399647235870361,0.7381008267402649,1,1929,2089
44,R1,WELL-00019_20141117190526,WELL-00019,8,far_5pct,-55,0.7390406727790833,0.7381008267402649,1,1929,2089
44,R1,WELL-00019_20141117190526,WELL-00019,8,far_5pct,-23,0.7370535731315613,0.7381008267402649,0,1929,2089
44,R1,WELL-00019_20141117190526,WELL-00019,8,far_5pct,9,0.7299643754959106,0.7381008267402649,0,1929,2089
44,R1,WELL-00019_20141117190526,WELL-00019,8,far_5pct,41,0.7281710505485535,0.7381008267402649,0,1929,2089
44,R1,WELL-00019_20141117190526,WELL-00019,8,far_5pct,73,0.7320593595504761,0.7381008267402649,0,1929,2089
44,R1,WELL-00019_20141117190526,WELL-00019,8,far_5pct,105,0.7343282699584961,0.7381008267402649,0,1929,2089
44,R1,WELL-00019_20141117190526,WELL-00019,8,far_5pct,137,0.734550952911377,0.7381008267402649,0,1929,2089
44,R1,WELL-00019_20141117190526,WELL-00019,8,far_5pct,169,0.7343384623527527,0.7381008267402649,0,1929,2089
44,R1,WELL-00019_20141117190526,WELL-00019,8,far_5pct,201,0.7338635921478271,0.7381008267402649,0,1929,2089
44,R1,WELL-00019_20141117190526,WELL-00019,8,far_5pct,233,0.7339743375778198,0.7381008267402649,0,1929,2089
44,R1,WELL-00019_20141117190526,WELL-00019,8,far_5pct,265,0.7343735694885254,0.7381008267402649,0,1929,2089
44,R1,WELL-00019_20141117190526,WELL-00019,8,far_5pct,297,0.734673261642456,0.7381008267402649,0,1929,2089
44,R1,WELL-00019_20141117190526,WELL-00019,8,far_5pct,329,0.7342563271522522,0.7381008267402649,0,1929,2089
44,R1,WELL-00019_20141117190526,WELL-00019,8,far_5pct,361,0.7343862056732178,0.7381008267402649,0,1929,2089
44,R1,WELL-00019_20141117190526,WELL-00019,8,far_5pct,393,0.7343508005142212,0.7381008267402649,0,1929,2089
44,R1,WELL-00019_20141117190526,WELL-00019,8,far_5pct,425,0.7342702150344849,0.7381008267402649,0,1929,2089
44,R1,WELL-00019_20141117190526,WELL-00019,8,far_5pct,457,0.7343074083328247,0.7381008267402649,0,1929,2089
44,R1,WELL-00019_20141117190526,WELL-00019,8,far_5pct,489,0.7345525622367859,0.7381008267402649,0,1929,2089
44,R1,WELL-00019_20150614025713,WELL-00019,8,far_1pct,-226,0.7361249923706055,0.7436891198158264,0,382,382
44,R1,WELL-00019_20150614025713,WELL-00019,8,far_1pct,-194,0.7363533973693848,0.7436891198158264,0,382,382
44,R1,WELL-00019_20150614025713,WELL-00019,8,far_1pct,-162,0.7366262674331665,0.7436891198158264,0,382,382
44,R1,WELL-00019_20150614025713,WELL-00019,8,far_1pct,-130,0.7385125756263733,0.7436891198158264,0,382,382
44,R1,WELL-00019_20150614025713,WELL-00019,8,far_1pct,-98,0.7381364107131958,0.7436891198158264,0,382,382
44,R1,WELL-00019_20150614025713,WELL-00019,8,far_1pct,-66,0.7361782789230347,0.7436891198158264,0,382,382
44,R1,WELL-00019_20150614025713,WELL-00019,8,far_1pct,-34,0.7360309362411499,0.7436891198158264,0,382,382
44,R1,WELL-00019_20150614025713,WELL-00019,8,far_1pct,-2,0.7359737157821655,0.7436891198158264,0,382,382
44,R1,WELL-00019_20150614025713,WELL-00019,8,far_1pct,30,0.7359336614608765,0.7436891198158264,0,382,382
44,R1,WELL-00019_20150614025713,WELL-00019,8,far_1pct,62,0.7358360886573792,0.7436891198158264,0,382,382
44,R1,WELL-00019_20150614025713,WELL-00019,8,far_1pct,94,0.7370251417160034,0.7436891198158264,0,382,382
44,R1,WELL-00019_20150614025713,WELL-00019,8,far_1pct,126,0.739216685295105,0.7436891198158264,0,382,382
44,R1,WELL-00019_20150614025713,WELL-00019,8,far_1pct,158,0.7390944957733154,0.7436891198158264,0,382,382
44,R1,WELL-00019_20150614025713,WELL-00019,8,far_1pct,190,0.7385803461074829,0.7436891198158264,0,382,382
44,R1,WELL-00019_20150614025713,WELL-00019,8,far_1pct,222,0.7380750179290771,0.7436891198158264,0,382,382
44,R1,WELL-00019_20150614025713,WELL-00019,8,far_1pct,254,0.7368143200874329,0.7436891198158264,0,382,382
44,R1,WELL-00019_20150614025713,WELL-00019,8,far_1pct,286,0.7364886999130249,0.7436891198158264,0,382,382
44,R1,WELL-00019_20150614025713,WELL-00019,8,far_1pct,318,0.7378621697425842,0.7436891198158264,0,382,382
44,R1,WELL-00019_20150614025713,WELL-00019,8,far_1pct,350,0.7418596744537354,0.7436891198158264,0,382,382
44,R1,WELL-00019_20150614025713,WELL-00019,8,far_1pct,382,0.7460219860076904,0.7436891198158264,1,382,382
44,R1,WELL-00019_20150614025713,WELL-00019,8,far_1pct,414,0.746666669845581,0.7436891198158264,1,382,382
44,R1,WELL-00019_20150614025713,WELL-00019,8,far_1pct,446,0.744184136390686,0.7436891198158264,1,382,382
44,R1,WELL-00019_20150614025713,WELL-00019,8,far_1pct,478,0.7435439825057983,0.7436891198158264,0,382,382
44,R1,WELL-00019_20150614025713,WELL-00019,8,far_1pct,510,0.7445496320724487,0.7436891198158264,1,382,382
44,R1,WELL-00019_20150614025713,WELL-00019,8,far_5pct,-226,0.7361249923706055,0.7381008267402649,0,126,126
44,R1,WELL-00019_20150614025713,WELL-00019,8,far_5pct,-194,0.7363533973693848,0.7381008267402649,0,126,126
44,R1,WELL-00019_20150614025713,WELL-00019,8,far_5pct,-162,0.7366262674331665,0.7381008267402649,0,126,126
44,R1,WELL-00019_20150614025713,WELL-00019,8,far_5pct,-130,0.7385125756263733,0.7381008267402649,1,126,126
44,R1,WELL-00019_20150614025713,WELL-00019,8,far_5pct,-98,0.7381364107131958,0.7381008267402649,1,126,126
44,R1,WELL-00019_20150614025713,WELL-00019,8,far_5pct,-66,0.7361782789230347,0.7381008267402649,0,126,126
44,R1,WELL-00019_20150614025713,WELL-00019,8,far_5pct,-34,0.7360309362411499,0.7381008267402649,0,126,126
44,R1,WELL-00019_20150614025713,WELL-00019,8,far_5pct,-2,0.7359737157821655,0.7381008267402649,0,126,126
44,R1,WELL-00019_20150614025713,WELL-00019,8,far_5pct,30,0.7359336614608765,0.7381008267402649,0,126,126
44,R1,WELL-00019_20150614025713,WELL-00019,8,far_5pct,62,0.7358360886573792,0.7381008267402649,0,126,126
44,R1,WELL-00019_20150614025713,WELL-00019,8,far_5pct,94,0.7370251417160034,0.7381008267402649,0,126,126
44,R1,WELL-00019_20150614025713,WELL-00019,8,far_5pct,126,0.739216685295105,0.7381008267402649,1,126,126
44,R1,WELL-00019_20150614025713,WELL-00019,8,far_5pct,158,0.7390944957733154,0.7381008267402649,1,126,126
44,R1,WELL-00019_20150614025713,WELL-00019,8,far_5pct,190,0.7385803461074829,0.7381008267402649,1,126,126
44,R1,WELL-00019_20150614025713,WELL-00019,8,far_5pct,222,0.7380750179290771,0.7381008267402649,0,126,126
44,R1,WELL-00019_20150614025713,WELL-00019,8,far_5pct,254,0.7368143200874329,0.7381008267402649,0,126,126
44,R1,WELL-00019_20150614025713,WELL-00019,8,far_5pct,286,0.7364886999130249,0.7381008267402649,0,126,126
44,R1,WELL-00019_20150614025713,WELL-00019,8,far_5pct,318,0.7378621697425842,0.7381008267402649,0,126,126
44,R1,WELL-00019_20150614025713,WELL-00019,8,far_5pct,350,0.7418596744537354,0.7381008267402649,1,126,126
44,R1,WELL-00019_20150614025713,WELL-00019,8,far_5pct,382,0.7460219860076904,0.7381008267402649,1,126,126
44,R1,WELL-00019_20150614025713,WELL-00019,8,far_5pct,414,0.746666669845581,0.7381008267402649,1,126,126
44,R1,WELL-00019_20150614025713,WELL-00019,8,far_5pct,446,0.744184136390686,0.7381008267402649,1,126,126
44,R1,WELL-00019_20150614025713,WELL-00019,8,far_5pct,478,0.7435439825057983,0.7381008267402649,1,126,126
44,R1,WELL-00019_20150614025713,WELL-00019,8,far_5pct,510,0.7445496320724487,0.7381008267402649,1,126,126
44,R1,WELL-00019_20210617032654,WELL-00019,8,far_1pct,-227,0.7395487427711487,0.7436891198158264,0,93,93
44,R1,WELL-00019_20210617032654,WELL-00019,8,far_1pct,-195,0.7401413321495056,0.7436891198158264,0,93,93
44,R1,WELL-00019_20210617032654,WELL-00019,8,far_1pct,-163,0.7404228448867798,0.7436891198158264,0,93,93
44,R1,WELL-00019_20210617032654,WELL-00019,8,far_1pct,-131,0.7406476736068726,0.7436891198158264,0,93,93
44,R1,WELL-00019_20210617032654,WELL-00019,8,far_1pct,-99,0.7410423755645752,0.7436891198158264,0,93,93
44,R1,WELL-00019_20210617032654,WELL-00019,8,far_1pct,-67,0.7410809993743896,0.7436891198158264,0,93,93
44,R1,WELL-00019_20210617032654,WELL-00019,8,far_1pct,-35,0.740933358669281,0.7436891198158264,0,93,93
44,R1,WELL-00019_20210617032654,WELL-00019,8,far_1pct,-3,0.7410993576049805,0.7436891198158264,0,93,93
44,R1,WELL-00019_20210617032654,WELL-00019,8,far_1pct,29,0.7409312725067139,0.7436891198158264,0,93,93
44,R1,WELL-00019_20210617032654,WELL-00019,8,far_1pct,61,0.7420983910560608,0.7436891198158264,0,93,93
44,R1,WELL-00019_20210617032654,WELL-00019,8,far_1pct,93,0.7473191022872925,0.7436891198158264,1,93,93
44,R1,WELL-00019_20210617032654,WELL-00019,8,far_1pct,125,0.7517542839050293,0.7436891198158264,1,93,93
44,R1,WELL-00019_20210617032654,WELL-00019,8,far_1pct,157,0.7535746097564697,0.7436891198158264,1,93,93
44,R1,WELL-00019_20210617032654,WELL-00019,8,far_1pct,189,0.7538210153579712,0.7436891198158264,1,93,93
44,R1,WELL-00019_20210617032654,WELL-00019,8,far_1pct,221,0.7534492611885071,0.7436891198158264,1,93,93
44,R1,WELL-00019_20210617032654,WELL-00019,8,far_1pct,253,0.7526649832725525,0.7436891198158264,1,93,93
44,R1,WELL-00019_20210617032654,WELL-00019,8,far_1pct,285,0.7517539262771606,0.7436891198158264,1,93,93
44,R1,WELL-00019_20210617032654,WELL-00019,8,far_1pct,317,0.752116858959198,0.7436891198158264,1,93,93
44,R1,WELL-00019_20210617032654,WELL-00019,8,far_1pct,349,0.7529346346855164,0.7436891198158264,1,93,93
44,R1,WELL-00019_20210617032654,WELL-00019,8,far_1pct,381,0.7530084252357483,0.7436891198158264,1,93,93
44,R1,WELL-00019_20210617032654,WELL-00019,8,far_1pct,413,0.7529020309448242,0.7436891198158264,1,93,93
44,R1,WELL-00019_20210617032654,WELL-00019,8,far_1pct,445,0.7530431747436523,0.7436891198158264,1,93,93
44,R1,WELL-00019_20210617032654,WELL-00019,8,far_1pct,477,0.7518799304962158,0.7436891198158264,1,93,93
44,R1,WELL-00019_20210617032654,WELL-00019,8,far_1pct,509,0.7507103681564331,0.7436891198158264,1,93,93
44,R1,WELL-00019_20210617032654,WELL-00019,8,far_5pct,-227,0.7395487427711487,0.7381008267402649,1,29,29
44,R1,WELL-00019_20210617032654,WELL-00019,8,far_5pct,-195,0.7401413321495056,0.7381008267402649,1,29,29
44,R1,WELL-00019_20210617032654,WELL-00019,8,far_5pct,-163,0.7404228448867798,0.7381008267402649,1,29,29
44,R1,WELL-00019_20210617032654,WELL-00019,8,far_5pct,-131,0.7406476736068726,0.7381008267402649,1,29,29
44,R1,WELL-00019_20210617032654,WELL-00019,8,far_5pct,-99,0.7410423755645752,0.7381008267402649,1,29,29
44,R1,WELL-00019_20210617032654,WELL-00019,8,far_5pct,-67,0.7410809993743896,0.7381008267402649,1,29,29
44,R1,WELL-00019_20210617032654,WELL-00019,8,far_5pct,-35,0.740933358669281,0.7381008267402649,1,29,29
44,R1,WELL-00019_20210617032654,WELL-00019,8,far_5pct,-3,0.7410993576049805,0.7381008267402649,1,29,29
44,R1,WELL-00019_20210617032654,WELL-00019,8,far_5pct,29,0.7409312725067139,0.7381008267402649,1,29,29
44,R1,WELL-00019_20210617032654,WELL-00019,8,far_5pct,61,0.7420983910560608,0.7381008267402649,1,29,29
44,R1,WELL-00019_20210617032654,WELL-00019,8,far_5pct,93,0.7473191022872925,0.7381008267402649,1,29,29
44,R1,WELL-00019_20210617032654,WELL-00019,8,far_5pct,125,0.7517542839050293,0.7381008267402649,1,29,29
44,R1,WELL-00019_20210617032654,WELL-00019,8,far_5pct,157,0.7535746097564697,0.7381008267402649,1,29,29
44,R1,WELL-00019_20210617032654,WELL-00019,8,far_5pct,189,0.7538210153579712,0.7381008267402649,1,29,29
44,R1,WELL-00019_20210617032654,WELL-00019,8,far_5pct,221,0.7534492611885071,0.7381008267402649,1,29,29
44,R1,WELL-00019_20210617032654,WELL-00019,8,far_5pct,253,0.7526649832725525,0.7381008267402649,1,29,29
44,R1,WELL-00019_20210617032654,WELL-00019,8,far_5pct,285,0.7517539262771606,0.7381008267402649,1,29,29
44,R1,WELL-00019_20210617032654,WELL-00019,8,far_5pct,317,0.752116858959198,0.7381008267402649,1,29,29
44,R1,WELL-00019_20210617032654,WELL-00019,8,far_5pct,349,0.7529346346855164,0.7381008267402649,1,29,29
44,R1,WELL-00019_20210617032654,WELL-00019,8,far_5pct,381,0.7530084252357483,0.7381008267402649,1,29,29
44,R1,WELL-00019_20210617032654,WELL-00019,8,far_5pct,413,0.7529020309448242,0.7381008267402649,1,29,29
44,R1,WELL-00019_20210617032654,WELL-00019,8,far_5pct,445,0.7530431747436523,0.7381008267402649,1,29,29
44,R1,WELL-00019_20210617032654,WELL-00019,8,far_5pct,477,0.7518799304962158,0.7381008267402649,1,29,29
44,R1,WELL-00019_20210617032654,WELL-00019,8,far_5pct,509,0.7507103681564331,0.7381008267402649,1,29,29
44,R1,WELL-00031_20140403170404,WELL-00031,8,far_1pct,-251,0.7385159730911255,0.7436891198158264,0,165,165
44,R1,WELL-00031_20140403170404,WELL-00031,8,far_1pct,-219,0.7385186553001404,0.7436891198158264,0,165,165
44,R1,WELL-00031_20140403170404,WELL-00031,8,far_1pct,-187,0.7385271191596985,0.7436891198158264,0,165,165
44,R1,WELL-00031_20140403170404,WELL-00031,8,far_1pct,-155,0.7385558485984802,0.7436891198158264,0,165,165
44,R1,WELL-00031_20140403170404,WELL-00031,8,far_1pct,-123,0.7384922504425049,0.7436891198158264,0,165,165
44,R1,WELL-00031_20140403170404,WELL-00031,8,far_1pct,-91,0.7384648323059082,0.7436891198158264,0,165,165
44,R1,WELL-00031_20140403170404,WELL-00031,8,far_1pct,-59,0.7383651733398438,0.7436891198158264,0,165,165
44,R1,WELL-00031_20140403170404,WELL-00031,8,far_1pct,-27,0.7382338643074036,0.7436891198158264,0,165,165
44,R1,WELL-00031_20140403170404,WELL-00031,8,far_1pct,5,0.7381600141525269,0.7436891198158264,0,165,165
44,R1,WELL-00031_20140403170404,WELL-00031,8,far_1pct,37,0.7381851077079773,0.7436891198158264,0,165,165
44,R1,WELL-00031_20140403170404,WELL-00031,8,far_1pct,69,0.7383050918579102,0.7436891198158264,0,165,165
44,R1,WELL-00031_20140403170404,WELL-00031,8,far_1pct,101,0.740685760974884,0.7436891198158264,0,165,165
44,R1,WELL-00031_20140403170404,WELL-00031,8,far_1pct,133,0.7436648011207581,0.7436891198158264,0,165,165
44,R1,WELL-00031_20140403170404,WELL-00031,8,far_1pct,165,0.7440372109413147,0.7436891198158264,1,165,165
44,R1,WELL-00031_20140403170404,WELL-00031,8,far_1pct,197,0.7440268993377686,0.7436891198158264,1,165,165
44,R1,WELL-00031_20140403170404,WELL-00031,8,far_1pct,229,0.7440208196640015,0.7436891198158264,1,165,165
44,R1,WELL-00031_20140403170404,WELL-00031,8,far_1pct,261,0.7440147995948792,0.7436891198158264,1,165,165
44,R1,WELL-00031_20140403170404,WELL-00031,8,far_1pct,293,0.7440087795257568,0.7436891198158264,1,165,165
44,R1,WELL-00031_20140403170404,WELL-00031,8,far_1pct,325,0.7440027594566345,0.7436891198158264,1,165,165
44,R1,WELL-00031_20140403170404,WELL-00031,8,far_1pct,357,0.7439967393875122,0.7436891198158264,1,165,165
44,R1,WELL-00031_20140403170404,WELL-00031,8,far_1pct,389,0.7439906597137451,0.7436891198158264,1,165,165
44,R1,WELL-00031_20140403170404,WELL-00031,8,far_1pct,421,0.7439846396446228,0.7436891198158264,1,165,165
44,R1,WELL-00031_20140403170404,WELL-00031,8,far_1pct,453,0.7439785599708557,0.7436891198158264,1,165,165
44,R1,WELL-00031_20140403170404,WELL-00031,8,far_1pct,485,0.7439725399017334,0.7436891198158264,1,165,165
44,R1,WELL-00031_20140403170404,WELL-00031,8,far_5pct,-251,0.7385159730911255,0.7381008267402649,1,5,5
44,R1,WELL-00031_20140403170404,WELL-00031,8,far_5pct,-219,0.7385186553001404,0.7381008267402649,1,5,5
44,R1,WELL-00031_20140403170404,WELL-00031,8,far_5pct,-187,0.7385271191596985,0.7381008267402649,1,5,5
44,R1,WELL-00031_20140403170404,WELL-00031,8,far_5pct,-155,0.7385558485984802,0.7381008267402649,1,5,5
44,R1,WELL-00031_20140403170404,WELL-00031,8,far_5pct,-123,0.7384922504425049,0.7381008267402649,1,5,5
44,R1,WELL-00031_20140403170404,WELL-00031,8,far_5pct,-91,0.7384648323059082,0.7381008267402649,1,5,5
44,R1,WELL-00031_20140403170404,WELL-00031,8,far_5pct,-59,0.7383651733398438,0.7381008267402649,1,5,5
44,R1,WELL-00031_20140403170404,WELL-00031,8,far_5pct,-27,0.7382338643074036,0.7381008267402649,1,5,5
44,R1,WELL-00031_20140403170404,WELL-00031,8,far_5pct,5,0.7381600141525269,0.7381008267402649,1,5,5
44,R1,WELL-00031_20140403170404,WELL-00031,8,far_5pct,37,0.7381851077079773,0.7381008267402649,1,5,5
44,R1,WELL-00031_20140403170404,WELL-00031,8,far_5pct,69,0.7383050918579102,0.7381008267402649,1,5,5
44,R1,WELL-00031_20140403170404,WELL-00031,8,far_5pct,101,0.740685760974884,0.7381008267402649,1,5,5
44,R1,WELL-00031_20140403170404,WELL-00031,8,far_5pct,133,0.7436648011207581,0.7381008267402649,1,5,5
44,R1,WELL-00031_20140403170404,WELL-00031,8,far_5pct,165,0.7440372109413147,0.7381008267402649,1,5,5
44,R1,WELL-00031_20140403170404,WELL-00031,8,far_5pct,197,0.7440268993377686,0.7381008267402649,1,5,5
44,R1,WELL-00031_20140403170404,WELL-00031,8,far_5pct,229,0.7440208196640015,0.7381008267402649,1,5,5
44,R1,WELL-00031_20140403170404,WELL-00031,8,far_5pct,261,0.7440147995948792,0.7381008267402649,1,5,5
44,R1,WELL-00031_20140403170404,WELL-00031,8,far_5pct,293,0.7440087795257568,0.7381008267402649,1,5,5
44,R1,WELL-00031_20140403170404,WELL-00031,8,far_5pct,325,0.7440027594566345,0.7381008267402649,1,5,5
44,R1,WELL-00031_20140403170404,WELL-00031,8,far_5pct,357,0.7439967393875122,0.7381008267402649,1,5,5
44,R1,WELL-00031_20140403170404,WELL-00031,8,far_5pct,389,0.7439906597137451,0.7381008267402649,1,5,5
44,R1,WELL-00031_20140403170404,WELL-00031,8,far_5pct,421,0.7439846396446228,0.7381008267402649,1,5,5
44,R1,WELL-00031_20140403170404,WELL-00031,8,far_5pct,453,0.7439785599708557,0.7381008267402649,1,5,5
44,R1,WELL-00031_20140403170404,WELL-00031,8,far_5pct,485,0.7439725399017334,0.7381008267402649,1,5,5
44,R1,WELL-00014_20160304155906,WELL-00014,9,far_1pct,-248,0.7371158003807068,0.7436891198158264,0,,
44,R1,WELL-00014_20160304155906,WELL-00014,9,far_1pct,-216,0.7371546626091003,0.7436891198158264,0,,
44,R1,WELL-00014_20160304155906,WELL-00014,9,far_1pct,-184,0.737190842628479,0.7436891198158264,0,,
44,R1,WELL-00014_20160304155906,WELL-00014,9,far_1pct,-152,0.7372713685035706,0.7436891198158264,0,,
44,R1,WELL-00014_20160304155906,WELL-00014,9,far_1pct,-120,0.7373537421226501,0.7436891198158264,0,,
44,R1,WELL-00014_20160304155906,WELL-00014,9,far_1pct,-88,0.737411618232727,0.7436891198158264,0,,
44,R1,WELL-00014_20160304155906,WELL-00014,9,far_1pct,-56,0.7374590635299683,0.7436891198158264,0,,
44,R1,WELL-00014_20160304155906,WELL-00014,9,far_1pct,-24,0.737439751625061,0.7436891198158264,0,,
44,R1,WELL-00014_20160304155906,WELL-00014,9,far_1pct,8,0.7373966574668884,0.7436891198158264,0,,
44,R1,WELL-00014_20160304155906,WELL-00014,9,far_1pct,40,0.7373639941215515,0.7436891198158264,0,,
44,R1,WELL-00014_20160304155906,WELL-00014,9,far_1pct,72,0.7373306155204773,0.7436891198158264,0,,
44,R1,WELL-00014_20160304155906,WELL-00014,9,far_1pct,104,0.7372862100601196,0.7436891198158264,0,,
44,R1,WELL-00014_20160304155906,WELL-00014,9,far_1pct,136,0.7372355461120605,0.7436891198158264,0,,
44,R1,WELL-00014_20160304155906,WELL-00014,9,far_1pct,168,0.737157940864563,0.7436891198158264,0,,
44,R1,WELL-00014_20160304155906,WELL-00014,9,far_1pct,200,0.7370699644088745,0.7436891198158264,0,,
44,R1,WELL-00014_20160304155906,WELL-00014,9,far_1pct,232,0.7370007038116455,0.7436891198158264,0,,
44,R1,WELL-00014_20160304155906,WELL-00014,9,far_1pct,264,0.7369003295898438,0.7436891198158264,0,,
44,R1,WELL-00014_20160304155906,WELL-00014,9,far_1pct,296,0.7367904186248779,0.7436891198158264,0,,
44,R1,WELL-00014_20160304155906,WELL-00014,9,far_1pct,328,0.7367220520973206,0.7436891198158264,0,,
44,R1,WELL-00014_20160304155906,WELL-00014,9,far_1pct,360,0.7366889715194702,0.7436891198158264,0,,
44,R1,WELL-00014_20160304155906,WELL-00014,9,far_1pct,392,0.7366957068443298,0.7436891198158264,0,,
44,R1,WELL-00014_20160304155906,WELL-00014,9,far_1pct,424,0.7367268800735474,0.7436891198158264,0,,
44,R1,WELL-00014_20160304155906,WELL-00014,9,far_1pct,456,0.7368373870849609,0.7436891198158264,0,,
44,R1,WELL-00014_20160304155906,WELL-00014,9,far_1pct,488,0.7369431853294373,0.7436891198158264,0,,
44,R1,WELL-00014_20160304155906,WELL-00014,9,far_5pct,-248,0.7371158003807068,0.7381008267402649,0,,
44,R1,WELL-00014_20160304155906,WELL-00014,9,far_5pct,-216,0.7371546626091003,0.7381008267402649,0,,
44,R1,WELL-00014_20160304155906,WELL-00014,9,far_5pct,-184,0.737190842628479,0.7381008267402649,0,,
44,R1,WELL-00014_20160304155906,WELL-00014,9,far_5pct,-152,0.7372713685035706,0.7381008267402649,0,,
44,R1,WELL-00014_20160304155906,WELL-00014,9,far_5pct,-120,0.7373537421226501,0.7381008267402649,0,,
44,R1,WELL-00014_20160304155906,WELL-00014,9,far_5pct,-88,0.737411618232727,0.7381008267402649,0,,
44,R1,WELL-00014_20160304155906,WELL-00014,9,far_5pct,-56,0.7374590635299683,0.7381008267402649,0,,
44,R1,WELL-00014_20160304155906,WELL-00014,9,far_5pct,-24,0.737439751625061,0.7381008267402649,0,,
44,R1,WELL-00014_20160304155906,WELL-00014,9,far_5pct,8,0.7373966574668884,0.7381008267402649,0,,
44,R1,WELL-00014_20160304155906,WELL-00014,9,far_5pct,40,0.7373639941215515,0.7381008267402649,0,,
44,R1,WELL-00014_20160304155906,WELL-00014,9,far_5pct,72,0.7373306155204773,0.7381008267402649,0,,
44,R1,WELL-00014_20160304155906,WELL-00014,9,far_5pct,104,0.7372862100601196,0.7381008267402649,0,,
44,R1,WELL-00014_20160304155906,WELL-00014,9,far_5pct,136,0.7372355461120605,0.7381008267402649,0,,
44,R1,WELL-00014_20160304155906,WELL-00014,9,far_5pct,168,0.737157940864563,0.7381008267402649,0,,
44,R1,WELL-00014_20160304155906,WELL-00014,9,far_5pct,200,0.7370699644088745,0.7381008267402649,0,,
44,R1,WELL-00014_20160304155906,WELL-00014,9,far_5pct,232,0.7370007038116455,0.7381008267402649,0,,
44,R1,WELL-00014_20160304155906,WELL-00014,9,far_5pct,264,0.7369003295898438,0.7381008267402649,0,,
44,R1,WELL-00014_20160304155906,WELL-00014,9,far_5pct,296,0.7367904186248779,0.7381008267402649,0,,
44,R1,WELL-00014_20160304155906,WELL-00014,9,far_5pct,328,0.7367220520973206,0.7381008267402649,0,,
44,R1,WELL-00014_20160304155906,WELL-00014,9,far_5pct,360,0.7366889715194702,0.7381008267402649,0,,
44,R1,WELL-00014_20160304155906,WELL-00014,9,far_5pct,392,0.7366957068443298,0.7381008267402649,0,,
44,R1,WELL-00014_20160304155906,WELL-00014,9,far_5pct,424,0.7367268800735474,0.7381008267402649,0,,
44,R1,WELL-00014_20160304155906,WELL-00014,9,far_5pct,456,0.7368373870849609,0.7381008267402649,0,,
44,R1,WELL-00014_20160304155906,WELL-00014,9,far_5pct,488,0.7369431853294373,0.7381008267402649,0,,
44,R1,WELL-00014_20160306070000,WELL-00014,9,far_1pct,-256,0.7317191958427429,0.7436891198158264,0,,
44,R1,WELL-00014_20160306070000,WELL-00014,9,far_1pct,-224,0.7315884828567505,0.7436891198158264,0,,
44,R1,WELL-00014_20160306070000,WELL-00014,9,far_1pct,-192,0.7314125895500183,0.7436891198158264,0,,
44,R1,WELL-00014_20160306070000,WELL-00014,9,far_1pct,-160,0.7312857508659363,0.7436891198158264,0,,
44,R1,WELL-00014_20160306070000,WELL-00014,9,far_1pct,-128,0.7312048673629761,0.7436891198158264,0,,
44,R1,WELL-00014_20160306070000,WELL-00014,9,far_1pct,-96,0.7311335206031799,0.7436891198158264,0,,
44,R1,WELL-00014_20160306070000,WELL-00014,9,far_1pct,-64,0.7311288118362427,0.7436891198158264,0,,
44,R1,WELL-00014_20160306070000,WELL-00014,9,far_1pct,-32,0.7311828136444092,0.7436891198158264,0,,
44,R1,WELL-00014_20160306070000,WELL-00014,9,far_1pct,0,0.7312560081481934,0.7436891198158264,0,,
44,R1,WELL-00014_20160306070000,WELL-00014,9,far_1pct,32,0.7312827110290527,0.7436891198158264,0,,
44,R1,WELL-00014_20160306070000,WELL-00014,9,far_1pct,64,0.731230616569519,0.7436891198158264,0,,
44,R1,WELL-00014_20160306070000,WELL-00014,9,far_1pct,96,0.7310019135475159,0.7436891198158264,0,,
44,R1,WELL-00014_20160306070000,WELL-00014,9,far_1pct,128,0.7307144403457642,0.7436891198158264,0,,
44,R1,WELL-00014_20160306070000,WELL-00014,9,far_1pct,160,0.7306485176086426,0.7436891198158264,0,,
44,R1,WELL-00014_20160306070000,WELL-00014,9,far_1pct,192,0.7305864095687866,0.7436891198158264,0,,
44,R1,WELL-00014_20160306070000,WELL-00014,9,far_1pct,224,0.7305287718772888,0.7436891198158264,0,,
44,R1,WELL-00014_20160306070000,WELL-00014,9,far_1pct,256,0.7307263612747192,0.7436891198158264,0,,
44,R1,WELL-00014_20160306070000,WELL-00014,9,far_1pct,288,0.7308896780014038,0.7436891198158264,0,,
44,R1,WELL-00014_20160306070000,WELL-00014,9,far_1pct,320,0.7309067249298096,0.7436891198158264,0,,
44,R1,WELL-00014_20160306070000,WELL-00014,9,far_1pct,352,0.7308790683746338,0.7436891198158264,0,,
44,R1,WELL-00014_20160306070000,WELL-00014,9,far_1pct,384,0.7308168411254883,0.7436891198158264,0,,
44,R1,WELL-00014_20160306070000,WELL-00014,9,far_1pct,416,0.7307069301605225,0.7436891198158264,0,,
44,R1,WELL-00014_20160306070000,WELL-00014,9,far_1pct,448,0.7306894063949585,0.7436891198158264,0,,
44,R1,WELL-00014_20160306070000,WELL-00014,9,far_1pct,480,0.7307329177856445,0.7436891198158264,0,,
44,R1,WELL-00014_20160306070000,WELL-00014,9,far_1pct,512,0.7306634187698364,0.7436891198158264,0,,
44,R1,WELL-00014_20160306070000,WELL-00014,9,far_5pct,-256,0.7317191958427429,0.7381008267402649,0,,
44,R1,WELL-00014_20160306070000,WELL-00014,9,far_5pct,-224,0.7315884828567505,0.7381008267402649,0,,
44,R1,WELL-00014_20160306070000,WELL-00014,9,far_5pct,-192,0.7314125895500183,0.7381008267402649,0,,
44,R1,WELL-00014_20160306070000,WELL-00014,9,far_5pct,-160,0.7312857508659363,0.7381008267402649,0,,
44,R1,WELL-00014_20160306070000,WELL-00014,9,far_5pct,-128,0.7312048673629761,0.7381008267402649,0,,
44,R1,WELL-00014_20160306070000,WELL-00014,9,far_5pct,-96,0.7311335206031799,0.7381008267402649,0,,
44,R1,WELL-00014_20160306070000,WELL-00014,9,far_5pct,-64,0.7311288118362427,0.7381008267402649,0,,
44,R1,WELL-00014_20160306070000,WELL-00014,9,far_5pct,-32,0.7311828136444092,0.7381008267402649,0,,
44,R1,WELL-00014_20160306070000,WELL-00014,9,far_5pct,0,0.7312560081481934,0.7381008267402649,0,,
44,R1,WELL-00014_20160306070000,WELL-00014,9,far_5pct,32,0.7312827110290527,0.7381008267402649,0,,
44,R1,WELL-00014_20160306070000,WELL-00014,9,far_5pct,64,0.731230616569519,0.7381008267402649,0,,
44,R1,WELL-00014_20160306070000,WELL-00014,9,far_5pct,96,0.7310019135475159,0.7381008267402649,0,,
44,R1,WELL-00014_20160306070000,WELL-00014,9,far_5pct,128,0.7307144403457642,0.7381008267402649,0,,
44,R1,WELL-00014_20160306070000,WELL-00014,9,far_5pct,160,0.7306485176086426,0.7381008267402649,0,,
44,R1,WELL-00014_20160306070000,WELL-00014,9,far_5pct,192,0.7305864095687866,0.7381008267402649,0,,
44,R1,WELL-00014_20160306070000,WELL-00014,9,far_5pct,224,0.7305287718772888,0.7381008267402649,0,,
44,R1,WELL-00014_20160306070000,WELL-00014,9,far_5pct,256,0.7307263612747192,0.7381008267402649,0,,
44,R1,WELL-00014_20160306070000,WELL-00014,9,far_5pct,288,0.7308896780014038,0.7381008267402649,0,,
44,R1,WELL-00014_20160306070000,WELL-00014,9,far_5pct,320,0.7309067249298096,0.7381008267402649,0,,
44,R1,WELL-00014_20160306070000,WELL-00014,9,far_5pct,352,0.7308790683746338,0.7381008267402649,0,,
44,R1,WELL-00014_20160306070000,WELL-00014,9,far_5pct,384,0.7308168411254883,0.7381008267402649,0,,
44,R1,WELL-00014_20160306070000,WELL-00014,9,far_5pct,416,0.7307069301605225,0.7381008267402649,0,,
44,R1,WELL-00014_20160306070000,WELL-00014,9,far_5pct,448,0.7306894063949585,0.7381008267402649,0,,
44,R1,WELL-00014_20160306070000,WELL-00014,9,far_5pct,480,0.7307329177856445,0.7381008267402649,0,,
44,R1,WELL-00014_20160306070000,WELL-00014,9,far_5pct,512,0.7306634187698364,0.7381008267402649,0,,
44,R1,WELL-00014_20170214190000,WELL-00014,9,far_1pct,-239,0.7279567718505859,0.7436891198158264,0,,
44,R1,WELL-00014_20170214190000,WELL-00014,9,far_1pct,-207,0.7279454469680786,0.7436891198158264,0,,
44,R1,WELL-00014_20170214190000,WELL-00014,9,far_1pct,-175,0.7278114557266235,0.7436891198158264,0,,
44,R1,WELL-00014_20170214190000,WELL-00014,9,far_1pct,-143,0.7271115183830261,0.7436891198158264,0,,
44,R1,WELL-00014_20170214190000,WELL-00014,9,far_1pct,-111,0.7271782159805298,0.7436891198158264,0,,
44,R1,WELL-00014_20170214190000,WELL-00014,9,far_1pct,-79,0.7278842926025391,0.7436891198158264,0,,
44,R1,WELL-00014_20170214190000,WELL-00014,9,far_1pct,-47,0.7279009819030762,0.7436891198158264,0,,
44,R1,WELL-00014_20170214190000,WELL-00014,9,far_1pct,-15,0.7278859615325928,0.7436891198158264,0,,
44,R1,WELL-00014_20170214190000,WELL-00014,9,far_1pct,17,0.727892279624939,0.7436891198158264,0,,
44,R1,WELL-00014_20170214190000,WELL-00014,9,far_1pct,49,0.7278882265090942,0.7436891198158264,0,,
44,R1,WELL-00014_20170214190000,WELL-00014,9,far_1pct,81,0.7278705835342407,0.7436891198158264,0,,
44,R1,WELL-00014_20170214190000,WELL-00014,9,far_1pct,113,0.7278450727462769,0.7436891198158264,0,,
44,R1,WELL-00014_20170214190000,WELL-00014,9,far_1pct,145,0.7279118299484253,0.7436891198158264,0,,
44,R1,WELL-00014_20170214190000,WELL-00014,9,far_1pct,177,0.7280837297439575,0.7436891198158264,0,,
44,R1,WELL-00014_20170214190000,WELL-00014,9,far_1pct,209,0.7280306220054626,0.7436891198158264,0,,
44,R1,WELL-00014_20170214190000,WELL-00014,9,far_1pct,241,0.7278321981430054,0.7436891198158264,0,,
44,R1,WELL-00014_20170214190000,WELL-00014,9,far_1pct,273,0.7276174426078796,0.7436891198158264,0,,
44,R1,WELL-00014_20170214190000,WELL-00014,9,far_1pct,305,0.7273660898208618,0.7436891198158264,0,,
44,R1,WELL-00014_20170214190000,WELL-00014,9,far_1pct,337,0.7270858287811279,0.7436891198158264,0,,
44,R1,WELL-00014_20170214190000,WELL-00014,9,far_1pct,369,0.7267496585845947,0.7436891198158264,0,,
44,R1,WELL-00014_20170214190000,WELL-00014,9,far_1pct,401,0.7261474132537842,0.7436891198158264,0,,
44,R1,WELL-00014_20170214190000,WELL-00014,9,far_1pct,433,0.7251893281936646,0.7436891198158264,0,,
44,R1,WELL-00014_20170214190000,WELL-00014,9,far_1pct,465,0.7241315841674805,0.7436891198158264,0,,
44,R1,WELL-00014_20170214190000,WELL-00014,9,far_1pct,497,0.7224607467651367,0.7436891198158264,0,,
44,R1,WELL-00014_20170214190000,WELL-00014,9,far_5pct,-239,0.7279567718505859,0.7381008267402649,0,,
44,R1,WELL-00014_20170214190000,WELL-00014,9,far_5pct,-207,0.7279454469680786,0.7381008267402649,0,,
44,R1,WELL-00014_20170214190000,WELL-00014,9,far_5pct,-175,0.7278114557266235,0.7381008267402649,0,,
44,R1,WELL-00014_20170214190000,WELL-00014,9,far_5pct,-143,0.7271115183830261,0.7381008267402649,0,,
44,R1,WELL-00014_20170214190000,WELL-00014,9,far_5pct,-111,0.7271782159805298,0.7381008267402649,0,,
44,R1,WELL-00014_20170214190000,WELL-00014,9,far_5pct,-79,0.7278842926025391,0.7381008267402649,0,,
44,R1,WELL-00014_20170214190000,WELL-00014,9,far_5pct,-47,0.7279009819030762,0.7381008267402649,0,,
44,R1,WELL-00014_20170214190000,WELL-00014,9,far_5pct,-15,0.7278859615325928,0.7381008267402649,0,,
44,R1,WELL-00014_20170214190000,WELL-00014,9,far_5pct,17,0.727892279624939,0.7381008267402649,0,,
44,R1,WELL-00014_20170214190000,WELL-00014,9,far_5pct,49,0.7278882265090942,0.7381008267402649,0,,
44,R1,WELL-00014_20170214190000,WELL-00014,9,far_5pct,81,0.7278705835342407,0.7381008267402649,0,,
44,R1,WELL-00014_20170214190000,WELL-00014,9,far_5pct,113,0.7278450727462769,0.7381008267402649,0,,
44,R1,WELL-00014_20170214190000,WELL-00014,9,far_5pct,145,0.7279118299484253,0.7381008267402649,0,,
44,R1,WELL-00014_20170214190000,WELL-00014,9,far_5pct,177,0.7280837297439575,0.7381008267402649,0,,
44,R1,WELL-00014_20170214190000,WELL-00014,9,far_5pct,209,0.7280306220054626,0.7381008267402649,0,,
44,R1,WELL-00014_20170214190000,WELL-00014,9,far_5pct,241,0.7278321981430054,0.7381008267402649,0,,
44,R1,WELL-00014_20170214190000,WELL-00014,9,far_5pct,273,0.7276174426078796,0.7381008267402649,0,,
44,R1,WELL-00014_20170214190000,WELL-00014,9,far_5pct,305,0.7273660898208618,0.7381008267402649,0,,
44,R1,WELL-00014_20170214190000,WELL-00014,9,far_5pct,337,0.7270858287811279,0.7381008267402649,0,,
44,R1,WELL-00014_20170214190000,WELL-00014,9,far_5pct,369,0.7267496585845947,0.7381008267402649,0,,
44,R1,WELL-00014_20170214190000,WELL-00014,9,far_5pct,401,0.7261474132537842,0.7381008267402649,0,,
44,R1,WELL-00014_20170214190000,WELL-00014,9,far_5pct,433,0.7251893281936646,0.7381008267402649,0,,
44,R1,WELL-00014_20170214190000,WELL-00014,9,far_5pct,465,0.7241315841674805,0.7381008267402649,0,,
44,R1,WELL-00014_20170214190000,WELL-00014,9,far_5pct,497,0.7224607467651367,0.7381008267402649,0,,
44,R1,WELL-00020_20131004225400,WELL-00020,9,far_1pct,-235,0.734068751335144,0.7436891198158264,0,,
44,R1,WELL-00020_20131004225400,WELL-00020,9,far_1pct,-203,0.7339098453521729,0.7436891198158264,0,,
44,R1,WELL-00020_20131004225400,WELL-00020,9,far_1pct,-171,0.7339290380477905,0.7436891198158264,0,,
44,R1,WELL-00020_20131004225400,WELL-00020,9,far_1pct,-139,0.7339708805084229,0.7436891198158264,0,,
44,R1,WELL-00020_20131004225400,WELL-00020,9,far_1pct,-107,0.7328181266784668,0.7436891198158264,0,,
44,R1,WELL-00020_20131004225400,WELL-00020,9,far_1pct,-75,0.7276684045791626,0.7436891198158264,0,,
44,R1,WELL-00020_20131004225400,WELL-00020,9,far_1pct,-43,0.7267688512802124,0.7436891198158264,0,,
44,R1,WELL-00020_20131004225400,WELL-00020,9,far_1pct,-11,0.7267634868621826,0.7436891198158264,0,,
44,R1,WELL-00020_20131004225400,WELL-00020,9,far_1pct,21,0.7269186973571777,0.7436891198158264,0,,
44,R1,WELL-00020_20131004225400,WELL-00020,9,far_1pct,53,0.7275442481040955,0.7436891198158264,0,,
44,R1,WELL-00020_20131004225400,WELL-00020,9,far_1pct,85,0.7284030318260193,0.7436891198158264,0,,
44,R1,WELL-00020_20131004225400,WELL-00020,9,far_1pct,117,0.7293585538864136,0.7436891198158264,0,,
44,R1,WELL-00020_20131004225400,WELL-00020,9,far_1pct,149,0.7303045392036438,0.7436891198158264,0,,
44,R1,WELL-00020_20131004225400,WELL-00020,9,far_1pct,181,0.729671835899353,0.7436891198158264,0,,
44,R1,WELL-00020_20131004225400,WELL-00020,9,far_5pct,-235,0.734068751335144,0.7381008267402649,0,,
44,R1,WELL-00020_20131004225400,WELL-00020,9,far_5pct,-203,0.7339098453521729,0.7381008267402649,0,,
44,R1,WELL-00020_20131004225400,WELL-00020,9,far_5pct,-171,0.7339290380477905,0.7381008267402649,0,,
44,R1,WELL-00020_20131004225400,WELL-00020,9,far_5pct,-139,0.7339708805084229,0.7381008267402649,0,,
44,R1,WELL-00020_20131004225400,WELL-00020,9,far_5pct,-107,0.7328181266784668,0.7381008267402649,0,,
44,R1,WELL-00020_20131004225400,WELL-00020,9,far_5pct,-75,0.7276684045791626,0.7381008267402649,0,,
44,R1,WELL-00020_20131004225400,WELL-00020,9,far_5pct,-43,0.7267688512802124,0.7381008267402649,0,,
44,R1,WELL-00020_20131004225400,WELL-00020,9,far_5pct,-11,0.7267634868621826,0.7381008267402649,0,,
44,R1,WELL-00020_20131004225400,WELL-00020,9,far_5pct,21,0.7269186973571777,0.7381008267402649,0,,
44,R1,WELL-00020_20131004225400,WELL-00020,9,far_5pct,53,0.7275442481040955,0.7381008267402649,0,,
44,R1,WELL-00020_20131004225400,WELL-00020,9,far_5pct,85,0.7284030318260193,0.7381008267402649,0,,
44,R1,WELL-00020_20131004225400,WELL-00020,9,far_5pct,117,0.7293585538864136,0.7381008267402649,0,,
44,R1,WELL-00020_20131004225400,WELL-00020,9,far_5pct,149,0.7303045392036438,0.7381008267402649,0,,
44,R1,WELL-00020_20131004225400,WELL-00020,9,far_5pct,181,0.729671835899353,0.7381008267402649,0,,
44,DRFD,WELL-00011_20140515083000,WELL-00011,2,far_1pct,-231,0.7332834005355835,0.8450891375541687,0,313,313
44,DRFD,WELL-00011_20140515083000,WELL-00011,2,far_1pct,-199,0.7332988381385803,0.8450891375541687,0,313,313
44,DRFD,WELL-00011_20140515083000,WELL-00011,2,far_1pct,-167,0.733319103717804,0.8450891375541687,0,313,313
44,DRFD,WELL-00011_20140515083000,WELL-00011,2,far_1pct,-135,0.7333038449287415,0.8450891375541687,0,313,313
44,DRFD,WELL-00011_20140515083000,WELL-00011,2,far_1pct,-103,0.7332870364189148,0.8450891375541687,0,313,313
44,DRFD,WELL-00011_20140515083000,WELL-00011,2,far_1pct,-71,0.7333089113235474,0.8450891375541687,0,313,313
44,DRFD,WELL-00011_20140515083000,WELL-00011,2,far_1pct,-39,0.7333218455314636,0.8450891375541687,0,313,313
44,DRFD,WELL-00011_20140515083000,WELL-00011,2,far_1pct,-7,0.7333212494850159,0.8450891375541687,0,313,313
44,DRFD,WELL-00011_20140515083000,WELL-00011,2,far_1pct,25,0.7335585951805115,0.8450891375541687,0,313,313
44,DRFD,WELL-00011_20140515083000,WELL-00011,2,far_1pct,57,0.7360832691192627,0.8450891375541687,0,313,313
44,DRFD,WELL-00011_20140515083000,WELL-00011,2,far_1pct,89,0.7422682046890259,0.8450891375541687,0,313,313
44,DRFD,WELL-00011_20140515083000,WELL-00011,2,far_1pct,121,0.7532866597175598,0.8450891375541687,0,313,313
44,DRFD,WELL-00011_20140515083000,WELL-00011,2,far_1pct,153,0.7703301906585693,0.8450891375541687,0,313,313
44,DRFD,WELL-00011_20140515083000,WELL-00011,2,far_1pct,185,0.7909368276596069,0.8450891375541687,0,313,313
44,DRFD,WELL-00011_20140515083000,WELL-00011,2,far_1pct,217,0.8102704882621765,0.8450891375541687,0,313,313
44,DRFD,WELL-00011_20140515083000,WELL-00011,2,far_1pct,249,0.8250599503517151,0.8450891375541687,0,313,313
44,DRFD,WELL-00011_20140515083000,WELL-00011,2,far_1pct,281,0.8371819257736206,0.8450891375541687,0,313,313
44,DRFD,WELL-00011_20140515083000,WELL-00011,2,far_1pct,313,0.8485238552093506,0.8450891375541687,1,313,313
44,DRFD,WELL-00011_20140515083000,WELL-00011,2,far_1pct,345,0.8580989837646484,0.8450891375541687,1,313,313
44,DRFD,WELL-00011_20140515083000,WELL-00011,2,far_1pct,377,0.8665175437927246,0.8450891375541687,1,313,313
44,DRFD,WELL-00011_20140515083000,WELL-00011,2,far_1pct,409,0.8744933009147644,0.8450891375541687,1,313,313
44,DRFD,WELL-00011_20140515083000,WELL-00011,2,far_1pct,441,0.8812401294708252,0.8450891375541687,1,313,313
44,DRFD,WELL-00011_20140515083000,WELL-00011,2,far_1pct,473,0.8873809576034546,0.8450891375541687,1,313,313
44,DRFD,WELL-00011_20140515083000,WELL-00011,2,far_1pct,505,0.892568051815033,0.8450891375541687,1,313,313
44,DRFD,WELL-00011_20140515083000,WELL-00011,2,far_5pct,-231,0.7332834005355835,0.7387873530387878,0,89,89
44,DRFD,WELL-00011_20140515083000,WELL-00011,2,far_5pct,-199,0.7332988381385803,0.7387873530387878,0,89,89
44,DRFD,WELL-00011_20140515083000,WELL-00011,2,far_5pct,-167,0.733319103717804,0.7387873530387878,0,89,89
44,DRFD,WELL-00011_20140515083000,WELL-00011,2,far_5pct,-135,0.7333038449287415,0.7387873530387878,0,89,89
44,DRFD,WELL-00011_20140515083000,WELL-00011,2,far_5pct,-103,0.7332870364189148,0.7387873530387878,0,89,89
44,DRFD,WELL-00011_20140515083000,WELL-00011,2,far_5pct,-71,0.7333089113235474,0.7387873530387878,0,89,89
44,DRFD,WELL-00011_20140515083000,WELL-00011,2,far_5pct,-39,0.7333218455314636,0.7387873530387878,0,89,89
44,DRFD,WELL-00011_20140515083000,WELL-00011,2,far_5pct,-7,0.7333212494850159,0.7387873530387878,0,89,89
44,DRFD,WELL-00011_20140515083000,WELL-00011,2,far_5pct,25,0.7335585951805115,0.7387873530387878,0,89,89
44,DRFD,WELL-00011_20140515083000,WELL-00011,2,far_5pct,57,0.7360832691192627,0.7387873530387878,0,89,89
44,DRFD,WELL-00011_20140515083000,WELL-00011,2,far_5pct,89,0.7422682046890259,0.7387873530387878,1,89,89
44,DRFD,WELL-00011_20140515083000,WELL-00011,2,far_5pct,121,0.7532866597175598,0.7387873530387878,1,89,89
44,DRFD,WELL-00011_20140515083000,WELL-00011,2,far_5pct,153,0.7703301906585693,0.7387873530387878,1,89,89
44,DRFD,WELL-00011_20140515083000,WELL-00011,2,far_5pct,185,0.7909368276596069,0.7387873530387878,1,89,89
44,DRFD,WELL-00011_20140515083000,WELL-00011,2,far_5pct,217,0.8102704882621765,0.7387873530387878,1,89,89
44,DRFD,WELL-00011_20140515083000,WELL-00011,2,far_5pct,249,0.8250599503517151,0.7387873530387878,1,89,89
44,DRFD,WELL-00011_20140515083000,WELL-00011,2,far_5pct,281,0.8371819257736206,0.7387873530387878,1,89,89
44,DRFD,WELL-00011_20140515083000,WELL-00011,2,far_5pct,313,0.8485238552093506,0.7387873530387878,1,89,89
44,DRFD,WELL-00011_20140515083000,WELL-00011,2,far_5pct,345,0.8580989837646484,0.7387873530387878,1,89,89
44,DRFD,WELL-00011_20140515083000,WELL-00011,2,far_5pct,377,0.8665175437927246,0.7387873530387878,1,89,89
44,DRFD,WELL-00011_20140515083000,WELL-00011,2,far_5pct,409,0.8744933009147644,0.7387873530387878,1,89,89
44,DRFD,WELL-00011_20140515083000,WELL-00011,2,far_5pct,441,0.8812401294708252,0.7387873530387878,1,89,89
44,DRFD,WELL-00011_20140515083000,WELL-00011,2,far_5pct,473,0.8873809576034546,0.7387873530387878,1,89,89
44,DRFD,WELL-00011_20140515083000,WELL-00011,2,far_5pct,505,0.892568051815033,0.7387873530387878,1,89,89
44,DRFD,WELL-00011_20140530083203,WELL-00011,2,far_1pct,-256,0.5835770964622498,0.8450891375541687,0,,
44,DRFD,WELL-00011_20140530083203,WELL-00011,2,far_1pct,-224,0.5834301710128784,0.8450891375541687,0,,
44,DRFD,WELL-00011_20140530083203,WELL-00011,2,far_1pct,-192,0.5834121108055115,0.8450891375541687,0,,
44,DRFD,WELL-00011_20140530083203,WELL-00011,2,far_1pct,-160,0.5834147930145264,0.8450891375541687,0,,
44,DRFD,WELL-00011_20140530083203,WELL-00011,2,far_1pct,-128,0.5834429264068604,0.8450891375541687,0,,
44,DRFD,WELL-00011_20140530083203,WELL-00011,2,far_1pct,-96,0.5834509134292603,0.8450891375541687,0,,
44,DRFD,WELL-00011_20140530083203,WELL-00011,2,far_1pct,-64,0.5834654569625854,0.8450891375541687,0,,
44,DRFD,WELL-00011_20140530083203,WELL-00011,2,far_1pct,-32,0.5836457014083862,0.8450891375541687,0,,
44,DRFD,WELL-00011_20140530083203,WELL-00011,2,far_1pct,0,0.5836690068244934,0.8450891375541687,0,,
44,DRFD,WELL-00011_20140530083203,WELL-00011,2,far_1pct,32,0.5836650133132935,0.8450891375541687,0,,
44,DRFD,WELL-00011_20140530083203,WELL-00011,2,far_1pct,64,0.5891352891921997,0.8450891375541687,0,,
44,DRFD,WELL-00011_20140530083203,WELL-00011,2,far_1pct,96,0.599186897277832,0.8450891375541687,0,,
44,DRFD,WELL-00011_20140530083203,WELL-00011,2,far_1pct,128,0.6104239225387573,0.8450891375541687,0,,
44,DRFD,WELL-00011_20140530083203,WELL-00011,2,far_1pct,160,0.6230477690696716,0.8450891375541687,0,,
44,DRFD,WELL-00011_20140530083203,WELL-00011,2,far_1pct,192,0.6358004808425903,0.8450891375541687,0,,
44,DRFD,WELL-00011_20140530083203,WELL-00011,2,far_1pct,224,0.6475677490234375,0.8450891375541687,0,,
44,DRFD,WELL-00011_20140530083203,WELL-00011,2,far_1pct,256,0.6564817428588867,0.8450891375541687,0,,
44,DRFD,WELL-00011_20140530083203,WELL-00011,2,far_1pct,288,0.6644895076751709,0.8450891375541687,0,,
44,DRFD,WELL-00011_20140530083203,WELL-00011,2,far_1pct,320,0.6717009544372559,0.8450891375541687,0,,
44,DRFD,WELL-00011_20140530083203,WELL-00011,2,far_1pct,352,0.678389310836792,0.8450891375541687,0,,
44,DRFD,WELL-00011_20140530083203,WELL-00011,2,far_1pct,384,0.6848539113998413,0.8450891375541687,0,,
44,DRFD,WELL-00011_20140530083203,WELL-00011,2,far_1pct,416,0.6910626888275146,0.8450891375541687,0,,
44,DRFD,WELL-00011_20140530083203,WELL-00011,2,far_1pct,448,0.696739912033081,0.8450891375541687,0,,
44,DRFD,WELL-00011_20140530083203,WELL-00011,2,far_1pct,480,0.7024877071380615,0.8450891375541687,0,,
44,DRFD,WELL-00011_20140530083203,WELL-00011,2,far_1pct,512,0.7078010439872742,0.8450891375541687,0,,
44,DRFD,WELL-00011_20140530083203,WELL-00011,2,far_5pct,-256,0.5835770964622498,0.7387873530387878,0,768,768
44,DRFD,WELL-00011_20140530083203,WELL-00011,2,far_5pct,-224,0.5834301710128784,0.7387873530387878,0,768,768
44,DRFD,WELL-00011_20140530083203,WELL-00011,2,far_5pct,-192,0.5834121108055115,0.7387873530387878,0,768,768
44,DRFD,WELL-00011_20140530083203,WELL-00011,2,far_5pct,-160,0.5834147930145264,0.7387873530387878,0,768,768
44,DRFD,WELL-00011_20140530083203,WELL-00011,2,far_5pct,-128,0.5834429264068604,0.7387873530387878,0,768,768
44,DRFD,WELL-00011_20140530083203,WELL-00011,2,far_5pct,-96,0.5834509134292603,0.7387873530387878,0,768,768
44,DRFD,WELL-00011_20140530083203,WELL-00011,2,far_5pct,-64,0.5834654569625854,0.7387873530387878,0,768,768
44,DRFD,WELL-00011_20140530083203,WELL-00011,2,far_5pct,-32,0.5836457014083862,0.7387873530387878,0,768,768
44,DRFD,WELL-00011_20140530083203,WELL-00011,2,far_5pct,0,0.5836690068244934,0.7387873530387878,0,768,768
44,DRFD,WELL-00011_20140530083203,WELL-00011,2,far_5pct,32,0.5836650133132935,0.7387873530387878,0,768,768
44,DRFD,WELL-00011_20140530083203,WELL-00011,2,far_5pct,64,0.5891352891921997,0.7387873530387878,0,768,768
44,DRFD,WELL-00011_20140530083203,WELL-00011,2,far_5pct,96,0.599186897277832,0.7387873530387878,0,768,768
44,DRFD,WELL-00011_20140530083203,WELL-00011,2,far_5pct,128,0.6104239225387573,0.7387873530387878,0,768,768
44,DRFD,WELL-00011_20140530083203,WELL-00011,2,far_5pct,160,0.6230477690696716,0.7387873530387878,0,768,768
44,DRFD,WELL-00011_20140530083203,WELL-00011,2,far_5pct,192,0.6358004808425903,0.7387873530387878,0,768,768
44,DRFD,WELL-00011_20140530083203,WELL-00011,2,far_5pct,224,0.6475677490234375,0.7387873530387878,0,768,768
44,DRFD,WELL-00011_20140530083203,WELL-00011,2,far_5pct,256,0.6564817428588867,0.7387873530387878,0,768,768
44,DRFD,WELL-00011_20140530083203,WELL-00011,2,far_5pct,288,0.6644895076751709,0.7387873530387878,0,768,768
44,DRFD,WELL-00011_20140530083203,WELL-00011,2,far_5pct,320,0.6717009544372559,0.7387873530387878,0,768,768
44,DRFD,WELL-00011_20140530083203,WELL-00011,2,far_5pct,352,0.678389310836792,0.7387873530387878,0,768,768
44,DRFD,WELL-00011_20140530083203,WELL-00011,2,far_5pct,384,0.6848539113998413,0.7387873530387878,0,768,768
44,DRFD,WELL-00011_20140530083203,WELL-00011,2,far_5pct,416,0.6910626888275146,0.7387873530387878,0,768,768
44,DRFD,WELL-00011_20140530083203,WELL-00011,2,far_5pct,448,0.696739912033081,0.7387873530387878,0,768,768
44,DRFD,WELL-00011_20140530083203,WELL-00011,2,far_5pct,480,0.7024877071380615,0.7387873530387878,0,768,768
44,DRFD,WELL-00011_20140530083203,WELL-00011,2,far_5pct,512,0.7078010439872742,0.7387873530387878,0,768,768
44,DRFD,WELL-00011_20140606213810,WELL-00011,2,far_1pct,-234,0.5792496204376221,0.8450891375541687,0,2294,2294
44,DRFD,WELL-00011_20140606213810,WELL-00011,2,far_1pct,-202,0.5792508125305176,0.8450891375541687,0,2294,2294
44,DRFD,WELL-00011_20140606213810,WELL-00011,2,far_1pct,-170,0.57927405834198,0.8450891375541687,0,2294,2294
44,DRFD,WELL-00011_20140606213810,WELL-00011,2,far_1pct,-138,0.5792891979217529,0.8450891375541687,0,2294,2294
44,DRFD,WELL-00011_20140606213810,WELL-00011,2,far_1pct,-106,0.5793271064758301,0.8450891375541687,0,2294,2294
44,DRFD,WELL-00011_20140606213810,WELL-00011,2,far_1pct,-74,0.5793429613113403,0.8450891375541687,0,2294,2294
44,DRFD,WELL-00011_20140606213810,WELL-00011,2,far_1pct,-42,0.5793202519416809,0.8450891375541687,0,2294,2294
44,DRFD,WELL-00011_20140606213810,WELL-00011,2,far_1pct,-10,0.579359769821167,0.8450891375541687,0,2294,2294
44,DRFD,WELL-00011_20140606213810,WELL-00011,2,far_1pct,22,0.5793671011924744,0.8450891375541687,0,2294,2294
44,DRFD,WELL-00011_20140606213810,WELL-00011,2,far_1pct,54,0.5793977975845337,0.8450891375541687,0,2294,2294
44,DRFD,WELL-00011_20140606213810,WELL-00011,2,far_1pct,86,0.5825799703598022,0.8450891375541687,0,2294,2294
44,DRFD,WELL-00011_20140606213810,WELL-00011,2,far_1pct,118,0.5908052325248718,0.8450891375541687,0,2294,2294
44,DRFD,WELL-00011_20140606213810,WELL-00011,2,far_1pct,150,0.6007697582244873,0.8450891375541687,0,2294,2294
44,DRFD,WELL-00011_20140606213810,WELL-00011,2,far_1pct,182,0.6135402321815491,0.8450891375541687,0,2294,2294
44,DRFD,WELL-00011_20140606213810,WELL-00011,2,far_1pct,214,0.6275616884231567,0.8450891375541687,0,2294,2294
44,DRFD,WELL-00011_20140606213810,WELL-00011,2,far_1pct,246,0.640350341796875,0.8450891375541687,0,2294,2294
44,DRFD,WELL-00011_20140606213810,WELL-00011,2,far_1pct,278,0.6510117053985596,0.8450891375541687,0,2294,2294
44,DRFD,WELL-00011_20140606213810,WELL-00011,2,far_1pct,310,0.6603504419326782,0.8450891375541687,0,2294,2294
44,DRFD,WELL-00011_20140606213810,WELL-00011,2,far_1pct,342,0.6680659055709839,0.8450891375541687,0,2294,2294
44,DRFD,WELL-00011_20140606213810,WELL-00011,2,far_1pct,374,0.6751358509063721,0.8450891375541687,0,2294,2294
44,DRFD,WELL-00011_20140606213810,WELL-00011,2,far_1pct,406,0.6816966533660889,0.8450891375541687,0,2294,2294
44,DRFD,WELL-00011_20140606213810,WELL-00011,2,far_1pct,438,0.6884660720825195,0.8450891375541687,0,2294,2294
44,DRFD,WELL-00011_20140606213810,WELL-00011,2,far_1pct,470,0.6950269937515259,0.8450891375541687,0,2294,2294
44,DRFD,WELL-00011_20140606213810,WELL-00011,2,far_1pct,502,0.7006722092628479,0.8450891375541687,0,2294,2294
44,DRFD,WELL-00011_20140606213810,WELL-00011,2,far_5pct,-234,0.5792496204376221,0.7387873530387878,0,790,790
44,DRFD,WELL-00011_20140606213810,WELL-00011,2,far_5pct,-202,0.5792508125305176,0.7387873530387878,0,790,790
44,DRFD,WELL-00011_20140606213810,WELL-00011,2,far_5pct,-170,0.57927405834198,0.7387873530387878,0,790,790
44,DRFD,WELL-00011_20140606213810,WELL-00011,2,far_5pct,-138,0.5792891979217529,0.7387873530387878,0,790,790
44,DRFD,WELL-00011_20140606213810,WELL-00011,2,far_5pct,-106,0.5793271064758301,0.7387873530387878,0,790,790
44,DRFD,WELL-00011_20140606213810,WELL-00011,2,far_5pct,-74,0.5793429613113403,0.7387873530387878,0,790,790
44,DRFD,WELL-00011_20140606213810,WELL-00011,2,far_5pct,-42,0.5793202519416809,0.7387873530387878,0,790,790
44,DRFD,WELL-00011_20140606213810,WELL-00011,2,far_5pct,-10,0.579359769821167,0.7387873530387878,0,790,790
44,DRFD,WELL-00011_20140606213810,WELL-00011,2,far_5pct,22,0.5793671011924744,0.7387873530387878,0,790,790
44,DRFD,WELL-00011_20140606213810,WELL-00011,2,far_5pct,54,0.5793977975845337,0.7387873530387878,0,790,790
44,DRFD,WELL-00011_20140606213810,WELL-00011,2,far_5pct,86,0.5825799703598022,0.7387873530387878,0,790,790
44,DRFD,WELL-00011_20140606213810,WELL-00011,2,far_5pct,118,0.5908052325248718,0.7387873530387878,0,790,790
44,DRFD,WELL-00011_20140606213810,WELL-00011,2,far_5pct,150,0.6007697582244873,0.7387873530387878,0,790,790
44,DRFD,WELL-00011_20140606213810,WELL-00011,2,far_5pct,182,0.6135402321815491,0.7387873530387878,0,790,790
44,DRFD,WELL-00011_20140606213810,WELL-00011,2,far_5pct,214,0.6275616884231567,0.7387873530387878,0,790,790
44,DRFD,WELL-00011_20140606213810,WELL-00011,2,far_5pct,246,0.640350341796875,0.7387873530387878,0,790,790
44,DRFD,WELL-00011_20140606213810,WELL-00011,2,far_5pct,278,0.6510117053985596,0.7387873530387878,0,790,790
44,DRFD,WELL-00011_20140606213810,WELL-00011,2,far_5pct,310,0.6603504419326782,0.7387873530387878,0,790,790
44,DRFD,WELL-00011_20140606213810,WELL-00011,2,far_5pct,342,0.6680659055709839,0.7387873530387878,0,790,790
44,DRFD,WELL-00011_20140606213810,WELL-00011,2,far_5pct,374,0.6751358509063721,0.7387873530387878,0,790,790
44,DRFD,WELL-00011_20140606213810,WELL-00011,2,far_5pct,406,0.6816966533660889,0.7387873530387878,0,790,790
44,DRFD,WELL-00011_20140606213810,WELL-00011,2,far_5pct,438,0.6884660720825195,0.7387873530387878,0,790,790
44,DRFD,WELL-00011_20140606213810,WELL-00011,2,far_5pct,470,0.6950269937515259,0.7387873530387878,0,790,790
44,DRFD,WELL-00011_20140606213810,WELL-00011,2,far_5pct,502,0.7006722092628479,0.7387873530387878,0,790,790
44,DRFD,WELL-00011_20140720110102,WELL-00011,2,far_1pct,-252,0.5534753799438477,0.8450891375541687,0,2980,2980
44,DRFD,WELL-00011_20140720110102,WELL-00011,2,far_1pct,-220,0.5534823536872864,0.8450891375541687,0,2980,2980
44,DRFD,WELL-00011_20140720110102,WELL-00011,2,far_1pct,-188,0.5535025596618652,0.8450891375541687,0,2980,2980
44,DRFD,WELL-00011_20140720110102,WELL-00011,2,far_1pct,-156,0.5535207986831665,0.8450891375541687,0,2980,2980
44,DRFD,WELL-00011_20140720110102,WELL-00011,2,far_1pct,-124,0.5535280704498291,0.8450891375541687,0,2980,2980
44,DRFD,WELL-00011_20140720110102,WELL-00011,2,far_1pct,-92,0.5534977316856384,0.8450891375541687,0,2980,2980
44,DRFD,WELL-00011_20140720110102,WELL-00011,2,far_1pct,-60,0.5534681677818298,0.8450891375541687,0,2980,2980
44,DRFD,WELL-00011_20140720110102,WELL-00011,2,far_1pct,-28,0.5534636378288269,0.8450891375541687,0,2980,2980
44,DRFD,WELL-00011_20140720110102,WELL-00011,2,far_1pct,4,0.5534861087799072,0.8450891375541687,0,2980,2980
44,DRFD,WELL-00011_20140720110102,WELL-00011,2,far_1pct,36,0.5536234974861145,0.8450891375541687,0,2980,2980
44,DRFD,WELL-00011_20140720110102,WELL-00011,2,far_1pct,68,0.5540858507156372,0.8450891375541687,0,2980,2980
44,DRFD,WELL-00011_20140720110102,WELL-00011,2,far_1pct,100,0.5549094676971436,0.8450891375541687,0,2980,2980
44,DRFD,WELL-00011_20140720110102,WELL-00011,2,far_1pct,132,0.5559760332107544,0.8450891375541687,0,2980,2980
44,DRFD,WELL-00011_20140720110102,WELL-00011,2,far_1pct,164,0.5573132038116455,0.8450891375541687,0,2980,2980
44,DRFD,WELL-00011_20140720110102,WELL-00011,2,far_1pct,196,0.5587635040283203,0.8450891375541687,0,2980,2980
44,DRFD,WELL-00011_20140720110102,WELL-00011,2,far_1pct,228,0.5602482557296753,0.8450891375541687,0,2980,2980
44,DRFD,WELL-00011_20140720110102,WELL-00011,2,far_1pct,260,0.5619444847106934,0.8450891375541687,0,2980,2980
44,DRFD,WELL-00011_20140720110102,WELL-00011,2,far_1pct,292,0.5637609958648682,0.8450891375541687,0,2980,2980
44,DRFD,WELL-00011_20140720110102,WELL-00011,2,far_1pct,324,0.5653800964355469,0.8450891375541687,0,2980,2980
44,DRFD,WELL-00011_20140720110102,WELL-00011,2,far_1pct,356,0.5669509172439575,0.8450891375541687,0,2980,2980
44,DRFD,WELL-00011_20140720110102,WELL-00011,2,far_1pct,388,0.5690270662307739,0.8450891375541687,0,2980,2980
44,DRFD,WELL-00011_20140720110102,WELL-00011,2,far_1pct,420,0.5710634589195251,0.8450891375541687,0,2980,2980
44,DRFD,WELL-00011_20140720110102,WELL-00011,2,far_1pct,452,0.572536051273346,0.8450891375541687,0,2980,2980
44,DRFD,WELL-00011_20140720110102,WELL-00011,2,far_1pct,484,0.5743581652641296,0.8450891375541687,0,2980,2980
44,DRFD,WELL-00011_20140720110102,WELL-00011,2,far_5pct,-252,0.5534753799438477,0.7387873530387878,0,1444,1444
44,DRFD,WELL-00011_20140720110102,WELL-00011,2,far_5pct,-220,0.5534823536872864,0.7387873530387878,0,1444,1444
44,DRFD,WELL-00011_20140720110102,WELL-00011,2,far_5pct,-188,0.5535025596618652,0.7387873530387878,0,1444,1444
44,DRFD,WELL-00011_20140720110102,WELL-00011,2,far_5pct,-156,0.5535207986831665,0.7387873530387878,0,1444,1444
44,DRFD,WELL-00011_20140720110102,WELL-00011,2,far_5pct,-124,0.5535280704498291,0.7387873530387878,0,1444,1444
44,DRFD,WELL-00011_20140720110102,WELL-00011,2,far_5pct,-92,0.5534977316856384,0.7387873530387878,0,1444,1444
44,DRFD,WELL-00011_20140720110102,WELL-00011,2,far_5pct,-60,0.5534681677818298,0.7387873530387878,0,1444,1444
44,DRFD,WELL-00011_20140720110102,WELL-00011,2,far_5pct,-28,0.5534636378288269,0.7387873530387878,0,1444,1444
44,DRFD,WELL-00011_20140720110102,WELL-00011,2,far_5pct,4,0.5534861087799072,0.7387873530387878,0,1444,1444
44,DRFD,WELL-00011_20140720110102,WELL-00011,2,far_5pct,36,0.5536234974861145,0.7387873530387878,0,1444,1444
44,DRFD,WELL-00011_20140720110102,WELL-00011,2,far_5pct,68,0.5540858507156372,0.7387873530387878,0,1444,1444
44,DRFD,WELL-00011_20140720110102,WELL-00011,2,far_5pct,100,0.5549094676971436,0.7387873530387878,0,1444,1444
44,DRFD,WELL-00011_20140720110102,WELL-00011,2,far_5pct,132,0.5559760332107544,0.7387873530387878,0,1444,1444
44,DRFD,WELL-00011_20140720110102,WELL-00011,2,far_5pct,164,0.5573132038116455,0.7387873530387878,0,1444,1444
44,DRFD,WELL-00011_20140720110102,WELL-00011,2,far_5pct,196,0.5587635040283203,0.7387873530387878,0,1444,1444
44,DRFD,WELL-00011_20140720110102,WELL-00011,2,far_5pct,228,0.5602482557296753,0.7387873530387878,0,1444,1444
44,DRFD,WELL-00011_20140720110102,WELL-00011,2,far_5pct,260,0.5619444847106934,0.7387873530387878,0,1444,1444
44,DRFD,WELL-00011_20140720110102,WELL-00011,2,far_5pct,292,0.5637609958648682,0.7387873530387878,0,1444,1444
44,DRFD,WELL-00011_20140720110102,WELL-00011,2,far_5pct,324,0.5653800964355469,0.7387873530387878,0,1444,1444
44,DRFD,WELL-00011_20140720110102,WELL-00011,2,far_5pct,356,0.5669509172439575,0.7387873530387878,0,1444,1444
44,DRFD,WELL-00011_20140720110102,WELL-00011,2,far_5pct,388,0.5690270662307739,0.7387873530387878,0,1444,1444
44,DRFD,WELL-00011_20140720110102,WELL-00011,2,far_5pct,420,0.5710634589195251,0.7387873530387878,0,1444,1444
44,DRFD,WELL-00011_20140720110102,WELL-00011,2,far_5pct,452,0.572536051273346,0.7387873530387878,0,1444,1444
44,DRFD,WELL-00011_20140720110102,WELL-00011,2,far_5pct,484,0.5743581652641296,0.7387873530387878,0,1444,1444
44,DRFD,WELL-00011_20140726165720,WELL-00011,2,far_1pct,-236,0.5968791246414185,0.8450891375541687,0,2036,2036
44,DRFD,WELL-00011_20140726165720,WELL-00011,2,far_1pct,-204,0.5973525047302246,0.8450891375541687,0,2036,2036
44,DRFD,WELL-00011_20140726165720,WELL-00011,2,far_1pct,-172,0.5979431867599487,0.8450891375541687,0,2036,2036
44,DRFD,WELL-00011_20140726165720,WELL-00011,2,far_1pct,-140,0.5985378623008728,0.8450891375541687,0,2036,2036
44,DRFD,WELL-00011_20140726165720,WELL-00011,2,far_1pct,-108,0.5991591811180115,0.8450891375541687,0,2036,2036
44,DRFD,WELL-00011_20140726165720,WELL-00011,2,far_1pct,-76,0.5996716022491455,0.8450891375541687,0,2036,2036
44,DRFD,WELL-00011_20140726165720,WELL-00011,2,far_1pct,-44,0.5998018980026245,0.8450891375541687,0,2036,2036
44,DRFD,WELL-00011_20140726165720,WELL-00011,2,far_1pct,-12,0.5998455286026001,0.8450891375541687,0,2036,2036
44,DRFD,WELL-00011_20140726165720,WELL-00011,2,far_1pct,20,0.6012368202209473,0.8450891375541687,0,2036,2036
44,DRFD,WELL-00011_20140726165720,WELL-00011,2,far_1pct,52,0.605750560760498,0.8450891375541687,0,2036,2036
44,DRFD,WELL-00011_20140726165720,WELL-00011,2,far_1pct,84,0.6153224110603333,0.8450891375541687,0,2036,2036
44,DRFD,WELL-00011_20140726165720,WELL-00011,2,far_1pct,116,0.6261599659919739,0.8450891375541687,0,2036,2036
44,DRFD,WELL-00011_20140726165720,WELL-00011,2,far_1pct,148,0.6376622915267944,0.8450891375541687,0,2036,2036
44,DRFD,WELL-00011_20140726165720,WELL-00011,2,far_1pct,180,0.6514292359352112,0.8450891375541687,0,2036,2036
44,DRFD,WELL-00011_20140726165720,WELL-00011,2,far_1pct,212,0.6626523733139038,0.8450891375541687,0,2036,2036
44,DRFD,WELL-00011_20140726165720,WELL-00011,2,far_1pct,244,0.6721726655960083,0.8450891375541687,0,2036,2036
44,DRFD,WELL-00011_20140726165720,WELL-00011,2,far_1pct,276,0.6805324554443359,0.8450891375541687,0,2036,2036
44,DRFD,WELL-00011_20140726165720,WELL-00011,2,far_1pct,308,0.6884181499481201,0.8450891375541687,0,2036,2036
44,DRFD,WELL-00011_20140726165720,WELL-00011,2,far_1pct,340,0.6957122683525085,0.8450891375541687,0,2036,2036
44,DRFD,WELL-00011_20140726165720,WELL-00011,2,far_1pct,372,0.7018485069274902,0.8450891375541687,0,2036,2036
44,DRFD,WELL-00011_20140726165720,WELL-00011,2,far_1pct,404,0.7073554992675781,0.8450891375541687,0,2036,2036
44,DRFD,WELL-00011_20140726165720,WELL-00011,2,far_1pct,436,0.7125102281570435,0.8450891375541687,0,2036,2036
44,DRFD,WELL-00011_20140726165720,WELL-00011,2,far_1pct,468,0.7170908451080322,0.8450891375541687,0,2036,2036
44,DRFD,WELL-00011_20140726165720,WELL-00011,2,far_1pct,500,0.7216076850891113,0.8450891375541687,0,2036,2036
44,DRFD,WELL-00011_20140726165720,WELL-00011,2,far_5pct,-236,0.5968791246414185,0.7387873530387878,0,628,628
44,DRFD,WELL-00011_20140726165720,WELL-00011,2,far_5pct,-204,0.5973525047302246,0.7387873530387878,0,628,628
44,DRFD,WELL-00011_20140726165720,WELL-00011,2,far_5pct,-172,0.5979431867599487,0.7387873530387878,0,628,628
44,DRFD,WELL-00011_20140726165720,WELL-00011,2,far_5pct,-140,0.5985378623008728,0.7387873530387878,0,628,628
44,DRFD,WELL-00011_20140726165720,WELL-00011,2,far_5pct,-108,0.5991591811180115,0.7387873530387878,0,628,628
44,DRFD,WELL-00011_20140726165720,WELL-00011,2,far_5pct,-76,0.5996716022491455,0.7387873530387878,0,628,628
44,DRFD,WELL-00011_20140726165720,WELL-00011,2,far_5pct,-44,0.5998018980026245,0.7387873530387878,0,628,628
44,DRFD,WELL-00011_20140726165720,WELL-00011,2,far_5pct,-12,0.5998455286026001,0.7387873530387878,0,628,628
44,DRFD,WELL-00011_20140726165720,WELL-00011,2,far_5pct,20,0.6012368202209473,0.7387873530387878,0,628,628
44,DRFD,WELL-00011_20140726165720,WELL-00011,2,far_5pct,52,0.605750560760498,0.7387873530387878,0,628,628
44,DRFD,WELL-00011_20140726165720,WELL-00011,2,far_5pct,84,0.6153224110603333,0.7387873530387878,0,628,628
44,DRFD,WELL-00011_20140726165720,WELL-00011,2,far_5pct,116,0.6261599659919739,0.7387873530387878,0,628,628
44,DRFD,WELL-00011_20140726165720,WELL-00011,2,far_5pct,148,0.6376622915267944,0.7387873530387878,0,628,628
44,DRFD,WELL-00011_20140726165720,WELL-00011,2,far_5pct,180,0.6514292359352112,0.7387873530387878,0,628,628
44,DRFD,WELL-00011_20140726165720,WELL-00011,2,far_5pct,212,0.6626523733139038,0.7387873530387878,0,628,628
44,DRFD,WELL-00011_20140726165720,WELL-00011,2,far_5pct,244,0.6721726655960083,0.7387873530387878,0,628,628
44,DRFD,WELL-00011_20140726165720,WELL-00011,2,far_5pct,276,0.6805324554443359,0.7387873530387878,0,628,628
44,DRFD,WELL-00011_20140726165720,WELL-00011,2,far_5pct,308,0.6884181499481201,0.7387873530387878,0,628,628
44,DRFD,WELL-00011_20140726165720,WELL-00011,2,far_5pct,340,0.6957122683525085,0.7387873530387878,0,628,628
44,DRFD,WELL-00011_20140726165720,WELL-00011,2,far_5pct,372,0.7018485069274902,0.7387873530387878,0,628,628
44,DRFD,WELL-00011_20140726165720,WELL-00011,2,far_5pct,404,0.7073554992675781,0.7387873530387878,0,628,628
44,DRFD,WELL-00011_20140726165720,WELL-00011,2,far_5pct,436,0.7125102281570435,0.7387873530387878,0,628,628
44,DRFD,WELL-00011_20140726165720,WELL-00011,2,far_5pct,468,0.7170908451080322,0.7387873530387878,0,628,628
44,DRFD,WELL-00011_20140726165720,WELL-00011,2,far_5pct,500,0.7216076850891113,0.7387873530387878,0,628,628
44,DRFD,WELL-00011_20140823230118,WELL-00011,2,far_1pct,-252,0.565943717956543,0.8450891375541687,0,1732,1732
44,DRFD,WELL-00011_20140823230118,WELL-00011,2,far_1pct,-220,0.5660499930381775,0.8450891375541687,0,1732,1732
44,DRFD,WELL-00011_20140823230118,WELL-00011,2,far_1pct,-188,0.5660735368728638,0.8450891375541687,0,1732,1732
44,DRFD,WELL-00011_20140823230118,WELL-00011,2,far_1pct,-156,0.5661070346832275,0.8450891375541687,0,1732,1732
44,DRFD,WELL-00011_20140823230118,WELL-00011,2,far_1pct,-124,0.5661376714706421,0.8450891375541687,0,1732,1732
44,DRFD,WELL-00011_20140823230118,WELL-00011,2,far_1pct,-92,0.5661618709564209,0.8450891375541687,0,1732,1732
44,DRFD,WELL-00011_20140823230118,WELL-00011,2,far_1pct,-60,0.5661831498146057,0.8450891375541687,0,1732,1732
44,DRFD,WELL-00011_20140823230118,WELL-00011,2,far_1pct,-28,0.5660879611968994,0.8450891375541687,0,1732,1732
44,DRFD,WELL-00011_20140823230118,WELL-00011,2,far_1pct,4,0.5660386085510254,0.8450891375541687,0,1732,1732
44,DRFD,WELL-00011_20140823230118,WELL-00011,2,far_1pct,36,0.5661866664886475,0.8450891375541687,0,1732,1732
44,DRFD,WELL-00011_20140823230118,WELL-00011,2,far_1pct,68,0.5662307739257812,0.8450891375541687,0,1732,1732
44,DRFD,WELL-00011_20140823230118,WELL-00011,2,far_1pct,100,0.5665779113769531,0.8450891375541687,0,1732,1732
44,DRFD,WELL-00011_20140823230118,WELL-00011,2,far_1pct,132,0.5674165487289429,0.8450891375541687,0,1732,1732
44,DRFD,WELL-00011_20140823230118,WELL-00011,2,far_1pct,164,0.5681312084197998,0.8450891375541687,0,1732,1732
44,DRFD,WELL-00011_20140823230118,WELL-00011,2,far_1pct,196,0.5688576102256775,0.8450891375541687,0,1732,1732
44,DRFD,WELL-00011_20140823230118,WELL-00011,2,far_1pct,228,0.5698903799057007,0.8450891375541687,0,1732,1732
44,DRFD,WELL-00011_20140823230118,WELL-00011,2,far_1pct,260,0.5711123943328857,0.8450891375541687,0,1732,1732
44,DRFD,WELL-00011_20140823230118,WELL-00011,2,far_1pct,292,0.5723762512207031,0.8450891375541687,0,1732,1732
44,DRFD,WELL-00011_20140823230118,WELL-00011,2,far_1pct,324,0.573634147644043,0.8450891375541687,0,1732,1732
44,DRFD,WELL-00011_20140823230118,WELL-00011,2,far_1pct,356,0.5747868418693542,0.8450891375541687,0,1732,1732
44,DRFD,WELL-00011_20140823230118,WELL-00011,2,far_1pct,388,0.5762649774551392,0.8450891375541687,0,1732,1732
44,DRFD,WELL-00011_20140823230118,WELL-00011,2,far_1pct,420,0.5780494213104248,0.8450891375541687,0,1732,1732
44,DRFD,WELL-00011_20140823230118,WELL-00011,2,far_1pct,452,0.5838315486907959,0.8450891375541687,0,1732,1732
44,DRFD,WELL-00011_20140823230118,WELL-00011,2,far_1pct,484,0.5922367572784424,0.8450891375541687,0,1732,1732
44,DRFD,WELL-00011_20140823230118,WELL-00011,2,far_5pct,-252,0.565943717956543,0.7387873530387878,0,772,772
44,DRFD,WELL-00011_20140823230118,WELL-00011,2,far_5pct,-220,0.5660499930381775,0.7387873530387878,0,772,772
44,DRFD,WELL-00011_20140823230118,WELL-00011,2,far_5pct,-188,0.5660735368728638,0.7387873530387878,0,772,772
44,DRFD,WELL-00011_20140823230118,WELL-00011,2,far_5pct,-156,0.5661070346832275,0.7387873530387878,0,772,772
44,DRFD,WELL-00011_20140823230118,WELL-00011,2,far_5pct,-124,0.5661376714706421,0.7387873530387878,0,772,772
44,DRFD,WELL-00011_20140823230118,WELL-00011,2,far_5pct,-92,0.5661618709564209,0.7387873530387878,0,772,772
44,DRFD,WELL-00011_20140823230118,WELL-00011,2,far_5pct,-60,0.5661831498146057,0.7387873530387878,0,772,772
44,DRFD,WELL-00011_20140823230118,WELL-00011,2,far_5pct,-28,0.5660879611968994,0.7387873530387878,0,772,772
44,DRFD,WELL-00011_20140823230118,WELL-00011,2,far_5pct,4,0.5660386085510254,0.7387873530387878,0,772,772
44,DRFD,WELL-00011_20140823230118,WELL-00011,2,far_5pct,36,0.5661866664886475,0.7387873530387878,0,772,772
44,DRFD,WELL-00011_20140823230118,WELL-00011,2,far_5pct,68,0.5662307739257812,0.7387873530387878,0,772,772
44,DRFD,WELL-00011_20140823230118,WELL-00011,2,far_5pct,100,0.5665779113769531,0.7387873530387878,0,772,772
44,DRFD,WELL-00011_20140823230118,WELL-00011,2,far_5pct,132,0.5674165487289429,0.7387873530387878,0,772,772
44,DRFD,WELL-00011_20140823230118,WELL-00011,2,far_5pct,164,0.5681312084197998,0.7387873530387878,0,772,772
44,DRFD,WELL-00011_20140823230118,WELL-00011,2,far_5pct,196,0.5688576102256775,0.7387873530387878,0,772,772
44,DRFD,WELL-00011_20140823230118,WELL-00011,2,far_5pct,228,0.5698903799057007,0.7387873530387878,0,772,772
44,DRFD,WELL-00011_20140823230118,WELL-00011,2,far_5pct,260,0.5711123943328857,0.7387873530387878,0,772,772
44,DRFD,WELL-00011_20140823230118,WELL-00011,2,far_5pct,292,0.5723762512207031,0.7387873530387878,0,772,772
44,DRFD,WELL-00011_20140823230118,WELL-00011,2,far_5pct,324,0.573634147644043,0.7387873530387878,0,772,772
44,DRFD,WELL-00011_20140823230118,WELL-00011,2,far_5pct,356,0.5747868418693542,0.7387873530387878,0,772,772
44,DRFD,WELL-00011_20140823230118,WELL-00011,2,far_5pct,388,0.5762649774551392,0.7387873530387878,0,772,772
44,DRFD,WELL-00011_20140823230118,WELL-00011,2,far_5pct,420,0.5780494213104248,0.7387873530387878,0,772,772
44,DRFD,WELL-00011_20140823230118,WELL-00011,2,far_5pct,452,0.5838315486907959,0.7387873530387878,0,772,772
44,DRFD,WELL-00011_20140823230118,WELL-00011,2,far_5pct,484,0.5922367572784424,0.7387873530387878,0,772,772
44,DRFD,WELL-00011_20140916050300,WELL-00011,2,far_1pct,-253,0.5171672105789185,0.8450891375541687,0,1795,1795
44,DRFD,WELL-00011_20140916050300,WELL-00011,2,far_1pct,-221,0.5172408819198608,0.8450891375541687,0,1795,1795
44,DRFD,WELL-00011_20140916050300,WELL-00011,2,far_1pct,-189,0.5172854661941528,0.8450891375541687,0,1795,1795
44,DRFD,WELL-00011_20140916050300,WELL-00011,2,far_1pct,-157,0.5173871517181396,0.8450891375541687,0,1795,1795
44,DRFD,WELL-00011_20140916050300,WELL-00011,2,far_1pct,-125,0.5174580812454224,0.8450891375541687,0,1795,1795
44,DRFD,WELL-00011_20140916050300,WELL-00011,2,far_1pct,-93,0.5172877311706543,0.8450891375541687,0,1795,1795
44,DRFD,WELL-00011_20140916050300,WELL-00011,2,far_1pct,-61,0.5172172784805298,0.8450891375541687,0,1795,1795
44,DRFD,WELL-00011_20140916050300,WELL-00011,2,far_1pct,-29,0.5172460079193115,0.8450891375541687,0,1795,1795
44,DRFD,WELL-00011_20140916050300,WELL-00011,2,far_1pct,3,0.5172810554504395,0.8450891375541687,0,1795,1795
44,DRFD,WELL-00011_20140916050300,WELL-00011,2,far_1pct,35,0.5174447298049927,0.8450891375541687,0,1795,1795
44,DRFD,WELL-00011_20140916050300,WELL-00011,2,far_1pct,67,0.5208756327629089,0.8450891375541687,0,1795,1795
44,DRFD,WELL-00011_20140916050300,WELL-00011,2,far_1pct,99,0.5294014811515808,0.8450891375541687,0,1795,1795
44,DRFD,WELL-00011_20140916050300,WELL-00011,2,far_1pct,131,0.5382598638534546,0.8450891375541687,0,1795,1795
44,DRFD,WELL-00011_20140916050300,WELL-00011,2,far_1pct,163,0.5500112771987915,0.8450891375541687,0,1795,1795
44,DRFD,WELL-00011_20140916050300,WELL-00011,2,far_1pct,195,0.5673880577087402,0.8450891375541687,0,1795,1795
44,DRFD,WELL-00011_20140916050300,WELL-00011,2,far_1pct,227,0.5925804376602173,0.8450891375541687,0,1795,1795
44,DRFD,WELL-00011_20140916050300,WELL-00011,2,far_1pct,259,0.619088351726532,0.8450891375541687,0,1795,1795
44,DRFD,WELL-00011_20140916050300,WELL-00011,2,far_1pct,291,0.6436286568641663,0.8450891375541687,0,1795,1795
44,DRFD,WELL-00011_20140916050300,WELL-00011,2,far_1pct,323,0.665382981300354,0.8450891375541687,0,1795,1795
44,DRFD,WELL-00011_20140916050300,WELL-00011,2,far_1pct,355,0.6842279434204102,0.8450891375541687,0,1795,1795
44,DRFD,WELL-00011_20140916050300,WELL-00011,2,far_1pct,387,0.6971437335014343,0.8450891375541687,0,1795,1795
44,DRFD,WELL-00011_20140916050300,WELL-00011,2,far_1pct,419,0.7065537571907043,0.8450891375541687,0,1795,1795
44,DRFD,WELL-00011_20140916050300,WELL-00011,2,far_1pct,451,0.7146810293197632,0.8450891375541687,0,1795,1795
44,DRFD,WELL-00011_20140916050300,WELL-00011,2,far_1pct,483,0.7220919132232666,0.8450891375541687,0,1795,1795
44,DRFD,WELL-00011_20140916050300,WELL-00011,2,far_5pct,-253,0.5171672105789185,0.7387873530387878,0,579,579
44,DRFD,WELL-00011_20140916050300,WELL-00011,2,far_5pct,-221,0.5172408819198608,0.7387873530387878,0,579,579
44,DRFD,WELL-00011_20140916050300,WELL-00011,2,far_5pct,-189,0.5172854661941528,0.7387873530387878,0,579,579
44,DRFD,WELL-00011_20140916050300,WELL-00011,2,far_5pct,-157,0.5173871517181396,0.7387873530387878,0,579,579
44,DRFD,WELL-00011_20140916050300,WELL-00011,2,far_5pct,-125,0.5174580812454224,0.7387873530387878,0,579,579
44,DRFD,WELL-00011_20140916050300,WELL-00011,2,far_5pct,-93,0.5172877311706543,0.7387873530387878,0,579,579
44,DRFD,WELL-00011_20140916050300,WELL-00011,2,far_5pct,-61,0.5172172784805298,0.7387873530387878,0,579,579
44,DRFD,WELL-00011_20140916050300,WELL-00011,2,far_5pct,-29,0.5172460079193115,0.7387873530387878,0,579,579
44,DRFD,WELL-00011_20140916050300,WELL-00011,2,far_5pct,3,0.5172810554504395,0.7387873530387878,0,579,579
44,DRFD,WELL-00011_20140916050300,WELL-00011,2,far_5pct,35,0.5174447298049927,0.7387873530387878,0,579,579
44,DRFD,WELL-00011_20140916050300,WELL-00011,2,far_5pct,67,0.5208756327629089,0.7387873530387878,0,579,579
44,DRFD,WELL-00011_20140916050300,WELL-00011,2,far_5pct,99,0.5294014811515808,0.7387873530387878,0,579,579
44,DRFD,WELL-00011_20140916050300,WELL-00011,2,far_5pct,131,0.5382598638534546,0.7387873530387878,0,579,579
44,DRFD,WELL-00011_20140916050300,WELL-00011,2,far_5pct,163,0.5500112771987915,0.7387873530387878,0,579,579
44,DRFD,WELL-00011_20140916050300,WELL-00011,2,far_5pct,195,0.5673880577087402,0.7387873530387878,0,579,579
44,DRFD,WELL-00011_20140916050300,WELL-00011,2,far_5pct,227,0.5925804376602173,0.7387873530387878,0,579,579
44,DRFD,WELL-00011_20140916050300,WELL-00011,2,far_5pct,259,0.619088351726532,0.7387873530387878,0,579,579
44,DRFD,WELL-00011_20140916050300,WELL-00011,2,far_5pct,291,0.6436286568641663,0.7387873530387878,0,579,579
44,DRFD,WELL-00011_20140916050300,WELL-00011,2,far_5pct,323,0.665382981300354,0.7387873530387878,0,579,579
44,DRFD,WELL-00011_20140916050300,WELL-00011,2,far_5pct,355,0.6842279434204102,0.7387873530387878,0,579,579
44,DRFD,WELL-00011_20140916050300,WELL-00011,2,far_5pct,387,0.6971437335014343,0.7387873530387878,0,579,579
44,DRFD,WELL-00011_20140916050300,WELL-00011,2,far_5pct,419,0.7065537571907043,0.7387873530387878,0,579,579
44,DRFD,WELL-00011_20140916050300,WELL-00011,2,far_5pct,451,0.7146810293197632,0.7387873530387878,0,579,579
44,DRFD,WELL-00011_20140916050300,WELL-00011,2,far_5pct,483,0.7220919132232666,0.7387873530387878,0,579,579
44,DRFD,WELL-00011_20140921183228,WELL-00011,2,far_1pct,-241,0.5175031423568726,0.8450891375541687,0,1679,1679
44,DRFD,WELL-00011_20140921183228,WELL-00011,2,far_1pct,-209,0.5175024271011353,0.8450891375541687,0,1679,1679
44,DRFD,WELL-00011_20140921183228,WELL-00011,2,far_1pct,-177,0.5174939632415771,0.8450891375541687,0,1679,1679
44,DRFD,WELL-00011_20140921183228,WELL-00011,2,far_1pct,-145,0.517493724822998,0.8450891375541687,0,1679,1679
44,DRFD,WELL-00011_20140921183228,WELL-00011,2,far_1pct,-113,0.5175787210464478,0.8450891375541687,0,1679,1679
44,DRFD,WELL-00011_20140921183228,WELL-00011,2,far_1pct,-81,0.5176564455032349,0.8450891375541687,0,1679,1679
44,DRFD,WELL-00011_20140921183228,WELL-00011,2,far_1pct,-49,0.5176811218261719,0.8450891375541687,0,1679,1679
44,DRFD,WELL-00011_20140921183228,WELL-00011,2,far_1pct,-17,0.5177936553955078,0.8450891375541687,0,1679,1679
44,DRFD,WELL-00011_20140921183228,WELL-00011,2,far_1pct,15,0.5181570053100586,0.8450891375541687,0,1679,1679
44,DRFD,WELL-00011_20140921183228,WELL-00011,2,far_1pct,47,0.520923376083374,0.8450891375541687,0,1679,1679
44,DRFD,WELL-00011_20140921183228,WELL-00011,2,far_1pct,79,0.5293464660644531,0.8450891375541687,0,1679,1679
44,DRFD,WELL-00011_20140921183228,WELL-00011,2,far_1pct,111,0.5389267206192017,0.8450891375541687,0,1679,1679
44,DRFD,WELL-00011_20140921183228,WELL-00011,2,far_1pct,143,0.5528701543807983,0.8450891375541687,0,1679,1679
44,DRFD,WELL-00011_20140921183228,WELL-00011,2,far_1pct,175,0.5735951662063599,0.8450891375541687,0,1679,1679
44,DRFD,WELL-00011_20140921183228,WELL-00011,2,far_1pct,207,0.5994288921356201,0.8450891375541687,0,1679,1679
44,DRFD,WELL-00011_20140921183228,WELL-00011,2,far_1pct,239,0.6264868974685669,0.8450891375541687,0,1679,1679
44,DRFD,WELL-00011_20140921183228,WELL-00011,2,far_1pct,271,0.6529182195663452,0.8450891375541687,0,1679,1679
44,DRFD,WELL-00011_20140921183228,WELL-00011,2,far_1pct,303,0.6759281158447266,0.8450891375541687,0,1679,1679
44,DRFD,WELL-00011_20140921183228,WELL-00011,2,far_1pct,335,0.6918250918388367,0.8450891375541687,0,1679,1679
44,DRFD,WELL-00011_20140921183228,WELL-00011,2,far_1pct,367,0.7028172016143799,0.8450891375541687,0,1679,1679
44,DRFD,WELL-00011_20140921183228,WELL-00011,2,far_1pct,399,0.7120603322982788,0.8450891375541687,0,1679,1679
44,DRFD,WELL-00011_20140921183228,WELL-00011,2,far_1pct,431,0.7209693193435669,0.8450891375541687,0,1679,1679
44,DRFD,WELL-00011_20140921183228,WELL-00011,2,far_1pct,463,0.7288531064987183,0.8450891375541687,0,1679,1679
44,DRFD,WELL-00011_20140921183228,WELL-00011,2,far_1pct,495,0.735124945640564,0.8450891375541687,0,1679,1679
44,DRFD,WELL-00011_20140921183228,WELL-00011,2,far_5pct,-241,0.5175031423568726,0.7387873530387878,0,527,527
44,DRFD,WELL-00011_20140921183228,WELL-00011,2,far_5pct,-209,0.5175024271011353,0.7387873530387878,0,527,527
44,DRFD,WELL-00011_20140921183228,WELL-00011,2,far_5pct,-177,0.5174939632415771,0.7387873530387878,0,527,527
44,DRFD,WELL-00011_20140921183228,WELL-00011,2,far_5pct,-145,0.517493724822998,0.7387873530387878,0,527,527
44,DRFD,WELL-00011_20140921183228,WELL-00011,2,far_5pct,-113,0.5175787210464478,0.7387873530387878,0,527,527
44,DRFD,WELL-00011_20140921183228,WELL-00011,2,far_5pct,-81,0.5176564455032349,0.7387873530387878,0,527,527
44,DRFD,WELL-00011_20140921183228,WELL-00011,2,far_5pct,-49,0.5176811218261719,0.7387873530387878,0,527,527
44,DRFD,WELL-00011_20140921183228,WELL-00011,2,far_5pct,-17,0.5177936553955078,0.7387873530387878,0,527,527
44,DRFD,WELL-00011_20140921183228,WELL-00011,2,far_5pct,15,0.5181570053100586,0.7387873530387878,0,527,527
44,DRFD,WELL-00011_20140921183228,WELL-00011,2,far_5pct,47,0.520923376083374,0.7387873530387878,0,527,527
44,DRFD,WELL-00011_20140921183228,WELL-00011,2,far_5pct,79,0.5293464660644531,0.7387873530387878,0,527,527
44,DRFD,WELL-00011_20140921183228,WELL-00011,2,far_5pct,111,0.5389267206192017,0.7387873530387878,0,527,527
44,DRFD,WELL-00011_20140921183228,WELL-00011,2,far_5pct,143,0.5528701543807983,0.7387873530387878,0,527,527
44,DRFD,WELL-00011_20140921183228,WELL-00011,2,far_5pct,175,0.5735951662063599,0.7387873530387878,0,527,527
44,DRFD,WELL-00011_20140921183228,WELL-00011,2,far_5pct,207,0.5994288921356201,0.7387873530387878,0,527,527
44,DRFD,WELL-00011_20140921183228,WELL-00011,2,far_5pct,239,0.6264868974685669,0.7387873530387878,0,527,527
44,DRFD,WELL-00011_20140921183228,WELL-00011,2,far_5pct,271,0.6529182195663452,0.7387873530387878,0,527,527
44,DRFD,WELL-00011_20140921183228,WELL-00011,2,far_5pct,303,0.6759281158447266,0.7387873530387878,0,527,527
44,DRFD,WELL-00011_20140921183228,WELL-00011,2,far_5pct,335,0.6918250918388367,0.7387873530387878,0,527,527
44,DRFD,WELL-00011_20140921183228,WELL-00011,2,far_5pct,367,0.7028172016143799,0.7387873530387878,0,527,527
44,DRFD,WELL-00011_20140921183228,WELL-00011,2,far_5pct,399,0.7120603322982788,0.7387873530387878,0,527,527
44,DRFD,WELL-00011_20140921183228,WELL-00011,2,far_5pct,431,0.7209693193435669,0.7387873530387878,0,527,527
44,DRFD,WELL-00011_20140921183228,WELL-00011,2,far_5pct,463,0.7288531064987183,0.7387873530387878,0,527,527
44,DRFD,WELL-00011_20140921183228,WELL-00011,2,far_5pct,495,0.735124945640564,0.7387873530387878,0,527,527
44,DRFD,WELL-00011_20140928090056,WELL-00011,2,far_1pct,-226,0.5159807801246643,0.8450891375541687,0,1758,1758
44,DRFD,WELL-00011_20140928090056,WELL-00011,2,far_1pct,-194,0.5160233378410339,0.8450891375541687,0,1758,1758
44,DRFD,WELL-00011_20140928090056,WELL-00011,2,far_1pct,-162,0.5160561800003052,0.8450891375541687,0,1758,1758
44,DRFD,WELL-00011_20140928090056,WELL-00011,2,far_1pct,-130,0.5160534381866455,0.8450891375541687,0,1758,1758
44,DRFD,WELL-00011_20140928090056,WELL-00011,2,far_1pct,-98,0.5160661935806274,0.8450891375541687,0,1758,1758
44,DRFD,WELL-00011_20140928090056,WELL-00011,2,far_1pct,-66,0.5161840915679932,0.8450891375541687,0,1758,1758
44,DRFD,WELL-00011_20140928090056,WELL-00011,2,far_1pct,-34,0.5162897706031799,0.8450891375541687,0,1758,1758
44,DRFD,WELL-00011_20140928090056,WELL-00011,2,far_1pct,-2,0.5161603689193726,0.8450891375541687,0,1758,1758
44,DRFD,WELL-00011_20140928090056,WELL-00011,2,far_1pct,30,0.5165814757347107,0.8450891375541687,0,1758,1758
44,DRFD,WELL-00011_20140928090056,WELL-00011,2,far_1pct,62,0.5244871973991394,0.8450891375541687,0,1758,1758
44,DRFD,WELL-00011_20140928090056,WELL-00011,2,far_1pct,94,0.5348793268203735,0.8450891375541687,0,1758,1758
44,DRFD,WELL-00011_20140928090056,WELL-00011,2,far_1pct,126,0.5453290939331055,0.8450891375541687,0,1758,1758
44,DRFD,WELL-00011_20140928090056,WELL-00011,2,far_1pct,158,0.5638512372970581,0.8450891375541687,0,1758,1758
44,DRFD,WELL-00011_20140928090056,WELL-00011,2,far_1pct,190,0.5888357162475586,0.8450891375541687,0,1758,1758
44,DRFD,WELL-00011_20140928090056,WELL-00011,2,far_1pct,222,0.6167524456977844,0.8450891375541687,0,1758,1758
44,DRFD,WELL-00011_20140928090056,WELL-00011,2,far_1pct,254,0.6423814296722412,0.8450891375541687,0,1758,1758
44,DRFD,WELL-00011_20140928090056,WELL-00011,2,far_1pct,286,0.6653276681900024,0.8450891375541687,0,1758,1758
44,DRFD,WELL-00011_20140928090056,WELL-00011,2,far_1pct,318,0.6846060156822205,0.8450891375541687,0,1758,1758
44,DRFD,WELL-00011_20140928090056,WELL-00011,2,far_1pct,350,0.6976488828659058,0.8450891375541687,0,1758,1758
44,DRFD,WELL-00011_20140928090056,WELL-00011,2,far_1pct,382,0.7074307203292847,0.8450891375541687,0,1758,1758
44,DRFD,WELL-00011_20140928090056,WELL-00011,2,far_1pct,414,0.716320276260376,0.8450891375541687,0,1758,1758
44,DRFD,WELL-00011_20140928090056,WELL-00011,2,far_1pct,446,0.7244480848312378,0.8450891375541687,0,1758,1758
44,DRFD,WELL-00011_20140928090056,WELL-00011,2,far_1pct,478,0.7313927412033081,0.8450891375541687,0,1758,1758
44,DRFD,WELL-00011_20140928090056,WELL-00011,2,far_1pct,510,0.7375426292419434,0.8450891375541687,0,1758,1758
44,DRFD,WELL-00011_20140928090056,WELL-00011,2,far_5pct,-226,0.5159807801246643,0.7387873530387878,0,542,542
44,DRFD,WELL-00011_20140928090056,WELL-00011,2,far_5pct,-194,0.5160233378410339,0.7387873530387878,0,542,542
44,DRFD,WELL-00011_20140928090056,WELL-00011,2,far_5pct,-162,0.5160561800003052,0.7387873530387878,0,542,542
44,DRFD,WELL-00011_20140928090056,WELL-00011,2,far_5pct,-130,0.5160534381866455,0.7387873530387878,0,542,542
44,DRFD,WELL-00011_20140928090056,WELL-00011,2,far_5pct,-98,0.5160661935806274,0.7387873530387878,0,542,542
44,DRFD,WELL-00011_20140928090056,WELL-00011,2,far_5pct,-66,0.5161840915679932,0.7387873530387878,0,542,542
44,DRFD,WELL-00011_20140928090056,WELL-00011,2,far_5pct,-34,0.5162897706031799,0.7387873530387878,0,542,542
44,DRFD,WELL-00011_20140928090056,WELL-00011,2,far_5pct,-2,0.5161603689193726,0.7387873530387878,0,542,542
44,DRFD,WELL-00011_20140928090056,WELL-00011,2,far_5pct,30,0.5165814757347107,0.7387873530387878,0,542,542
44,DRFD,WELL-00011_20140928090056,WELL-00011,2,far_5pct,62,0.5244871973991394,0.7387873530387878,0,542,542
44,DRFD,WELL-00011_20140928090056,WELL-00011,2,far_5pct,94,0.5348793268203735,0.7387873530387878,0,542,542
44,DRFD,WELL-00011_20140928090056,WELL-00011,2,far_5pct,126,0.5453290939331055,0.7387873530387878,0,542,542
44,DRFD,WELL-00011_20140928090056,WELL-00011,2,far_5pct,158,0.5638512372970581,0.7387873530387878,0,542,542
44,DRFD,WELL-00011_20140928090056,WELL-00011,2,far_5pct,190,0.5888357162475586,0.7387873530387878,0,542,542
44,DRFD,WELL-00011_20140928090056,WELL-00011,2,far_5pct,222,0.6167524456977844,0.7387873530387878,0,542,542
44,DRFD,WELL-00011_20140928090056,WELL-00011,2,far_5pct,254,0.6423814296722412,0.7387873530387878,0,542,542
44,DRFD,WELL-00011_20140928090056,WELL-00011,2,far_5pct,286,0.6653276681900024,0.7387873530387878,0,542,542
44,DRFD,WELL-00011_20140928090056,WELL-00011,2,far_5pct,318,0.6846060156822205,0.7387873530387878,0,542,542
44,DRFD,WELL-00011_20140928090056,WELL-00011,2,far_5pct,350,0.6976488828659058,0.7387873530387878,0,542,542
44,DRFD,WELL-00011_20140928090056,WELL-00011,2,far_5pct,382,0.7074307203292847,0.7387873530387878,0,542,542
44,DRFD,WELL-00011_20140928090056,WELL-00011,2,far_5pct,414,0.716320276260376,0.7387873530387878,0,542,542
44,DRFD,WELL-00011_20140928090056,WELL-00011,2,far_5pct,446,0.7244480848312378,0.7387873530387878,0,542,542
44,DRFD,WELL-00011_20140928090056,WELL-00011,2,far_5pct,478,0.7313927412033081,0.7387873530387878,0,542,542
44,DRFD,WELL-00011_20140928090056,WELL-00011,2,far_5pct,510,0.7375426292419434,0.7387873530387878,0,542,542
44,DRFD,WELL-00011_20140929153332,WELL-00011,2,far_1pct,-237,0.5153073072433472,0.8450891375541687,0,,
44,DRFD,WELL-00011_20140929153332,WELL-00011,2,far_1pct,-205,0.5151509046554565,0.8450891375541687,0,,
44,DRFD,WELL-00011_20140929153332,WELL-00011,2,far_1pct,-173,0.5150284767150879,0.8450891375541687,0,,
44,DRFD,WELL-00011_20140929153332,WELL-00011,2,far_1pct,-141,0.5151394605636597,0.8450891375541687,0,,
44,DRFD,WELL-00011_20140929153332,WELL-00011,2,far_1pct,-109,0.5152554512023926,0.8450891375541687,0,,
44,DRFD,WELL-00011_20140929153332,WELL-00011,2,far_1pct,-77,0.5153359174728394,0.8450891375541687,0,,
44,DRFD,WELL-00011_20140929153332,WELL-00011,2,far_1pct,-45,0.5154125094413757,0.8450891375541687,0,,
44,DRFD,WELL-00011_20140929153332,WELL-00011,2,far_1pct,-13,0.5154273509979248,0.8450891375541687,0,,
44,DRFD,WELL-00011_20140929153332,WELL-00011,2,far_1pct,19,0.5157648324966431,0.8450891375541687,0,,
44,DRFD,WELL-00011_20140929153332,WELL-00011,2,far_1pct,51,0.5210069417953491,0.8450891375541687,0,,
44,DRFD,WELL-00011_20140929153332,WELL-00011,2,far_1pct,83,0.5296235084533691,0.8450891375541687,0,,
44,DRFD,WELL-00011_20140929153332,WELL-00011,2,far_1pct,115,0.538914144039154,0.8450891375541687,0,,
44,DRFD,WELL-00011_20140929153332,WELL-00011,2,far_1pct,147,0.5534795522689819,0.8450891375541687,0,,
44,DRFD,WELL-00011_20140929153332,WELL-00011,2,far_1pct,179,0.5758545398712158,0.8450891375541687,0,,
44,DRFD,WELL-00011_20140929153332,WELL-00011,2,far_1pct,211,0.6049873232841492,0.8450891375541687,0,,
44,DRFD,WELL-00011_20140929153332,WELL-00011,2,far_1pct,243,0.6333402395248413,0.8450891375541687,0,,
44,DRFD,WELL-00011_20140929153332,WELL-00011,2,far_1pct,275,0.6580408811569214,0.8450891375541687,0,,
44,DRFD,WELL-00011_20140929153332,WELL-00011,2,far_1pct,307,0.6793941259384155,0.8450891375541687,0,,
44,DRFD,WELL-00011_20140929153332,WELL-00011,2,far_1pct,339,0.6950231790542603,0.8450891375541687,0,,
44,DRFD,WELL-00011_20140929153332,WELL-00011,2,far_1pct,371,0.7058625221252441,0.8450891375541687,0,,
44,DRFD,WELL-00011_20140929153332,WELL-00011,2,far_1pct,403,0.7147989273071289,0.8450891375541687,0,,
44,DRFD,WELL-00011_20140929153332,WELL-00011,2,far_1pct,435,0.722779393196106,0.8450891375541687,0,,
44,DRFD,WELL-00011_20140929153332,WELL-00011,2,far_1pct,467,0.7301074266433716,0.8450891375541687,0,,
44,DRFD,WELL-00011_20140929153332,WELL-00011,2,far_1pct,499,0.7365087270736694,0.8450891375541687,0,,
44,DRFD,WELL-00011_20140929153332,WELL-00011,2,far_5pct,-237,0.5153073072433472,0.7387873530387878,0,531,531
44,DRFD,WELL-00011_20140929153332,WELL-00011,2,far_5pct,-205,0.5151509046554565,0.7387873530387878,0,531,531
44,DRFD,WELL-00011_20140929153332,WELL-00011,2,far_5pct,-173,0.5150284767150879,0.7387873530387878,0,531,531
44,DRFD,WELL-00011_20140929153332,WELL-00011,2,far_5pct,-141,0.5151394605636597,0.7387873530387878,0,531,531
44,DRFD,WELL-00011_20140929153332,WELL-00011,2,far_5pct,-109,0.5152554512023926,0.7387873530387878,0,531,531
44,DRFD,WELL-00011_20140929153332,WELL-00011,2,far_5pct,-77,0.5153359174728394,0.7387873530387878,0,531,531
44,DRFD,WELL-00011_20140929153332,WELL-00011,2,far_5pct,-45,0.5154125094413757,0.7387873530387878,0,531,531
44,DRFD,WELL-00011_20140929153332,WELL-00011,2,far_5pct,-13,0.5154273509979248,0.7387873530387878,0,531,531
44,DRFD,WELL-00011_20140929153332,WELL-00011,2,far_5pct,19,0.5157648324966431,0.7387873530387878,0,531,531
44,DRFD,WELL-00011_20140929153332,WELL-00011,2,far_5pct,51,0.5210069417953491,0.7387873530387878,0,531,531
44,DRFD,WELL-00011_20140929153332,WELL-00011,2,far_5pct,83,0.5296235084533691,0.7387873530387878,0,531,531
44,DRFD,WELL-00011_20140929153332,WELL-00011,2,far_5pct,115,0.538914144039154,0.7387873530387878,0,531,531
44,DRFD,WELL-00011_20140929153332,WELL-00011,2,far_5pct,147,0.5534795522689819,0.7387873530387878,0,531,531
44,DRFD,WELL-00011_20140929153332,WELL-00011,2,far_5pct,179,0.5758545398712158,0.7387873530387878,0,531,531
44,DRFD,WELL-00011_20140929153332,WELL-00011,2,far_5pct,211,0.6049873232841492,0.7387873530387878,0,531,531
44,DRFD,WELL-00011_20140929153332,WELL-00011,2,far_5pct,243,0.6333402395248413,0.7387873530387878,0,531,531
44,DRFD,WELL-00011_20140929153332,WELL-00011,2,far_5pct,275,0.6580408811569214,0.7387873530387878,0,531,531
44,DRFD,WELL-00011_20140929153332,WELL-00011,2,far_5pct,307,0.6793941259384155,0.7387873530387878,0,531,531
44,DRFD,WELL-00011_20140929153332,WELL-00011,2,far_5pct,339,0.6950231790542603,0.7387873530387878,0,531,531
44,DRFD,WELL-00011_20140929153332,WELL-00011,2,far_5pct,371,0.7058625221252441,0.7387873530387878,0,531,531
44,DRFD,WELL-00011_20140929153332,WELL-00011,2,far_5pct,403,0.7147989273071289,0.7387873530387878,0,531,531
44,DRFD,WELL-00011_20140929153332,WELL-00011,2,far_5pct,435,0.722779393196106,0.7387873530387878,0,531,531
44,DRFD,WELL-00011_20140929153332,WELL-00011,2,far_5pct,467,0.7301074266433716,0.7387873530387878,0,531,531
44,DRFD,WELL-00011_20140929153332,WELL-00011,2,far_5pct,499,0.7365087270736694,0.7387873530387878,0,531,531
44,DRFD,WELL-00011_20140929210121,WELL-00011,2,far_1pct,-239,0.5169398784637451,0.8450891375541687,0,,
44,DRFD,WELL-00011_20140929210121,WELL-00011,2,far_1pct,-207,0.517032265663147,0.8450891375541687,0,,
44,DRFD,WELL-00011_20140929210121,WELL-00011,2,far_1pct,-175,0.517015814781189,0.8450891375541687,0,,
44,DRFD,WELL-00011_20140929210121,WELL-00011,2,far_1pct,-143,0.5168820023536682,0.8450891375541687,0,,
44,DRFD,WELL-00011_20140929210121,WELL-00011,2,far_1pct,-111,0.5168008804321289,0.8450891375541687,0,,
44,DRFD,WELL-00011_20140929210121,WELL-00011,2,far_1pct,-79,0.5169672966003418,0.8450891375541687,0,,
44,DRFD,WELL-00011_20140929210121,WELL-00011,2,far_1pct,-47,0.5170247554779053,0.8450891375541687,0,,
44,DRFD,WELL-00011_20140929210121,WELL-00011,2,far_1pct,-15,0.5169714093208313,0.8450891375541687,0,,
44,DRFD,WELL-00011_20140929210121,WELL-00011,2,far_1pct,17,0.5169278383255005,0.8450891375541687,0,,
44,DRFD,WELL-00011_20140929210121,WELL-00011,2,far_1pct,49,0.5210391283035278,0.8450891375541687,0,,
44,DRFD,WELL-00011_20140929210121,WELL-00011,2,far_1pct,81,0.5317214131355286,0.8450891375541687,0,,
44,DRFD,WELL-00011_20140929210121,WELL-00011,2,far_1pct,113,0.5428732633590698,0.8450891375541687,0,,
44,DRFD,WELL-00011_20140929210121,WELL-00011,2,far_1pct,145,0.558952808380127,0.8450891375541687,0,,
44,DRFD,WELL-00011_20140929210121,WELL-00011,2,far_1pct,177,0.5838720798492432,0.8450891375541687,0,,
44,DRFD,WELL-00011_20140929210121,WELL-00011,2,far_1pct,209,0.612835168838501,0.8450891375541687,0,,
44,DRFD,WELL-00011_20140929210121,WELL-00011,2,far_1pct,241,0.6411699652671814,0.8450891375541687,0,,
44,DRFD,WELL-00011_20140929210121,WELL-00011,2,far_1pct,273,0.669006884098053,0.8450891375541687,0,,
44,DRFD,WELL-00011_20140929210121,WELL-00011,2,far_1pct,305,0.6904564499855042,0.8450891375541687,0,,
44,DRFD,WELL-00011_20140929210121,WELL-00011,2,far_1pct,337,0.7028753757476807,0.8450891375541687,0,,
44,DRFD,WELL-00011_20140929210121,WELL-00011,2,far_1pct,369,0.7129157185554504,0.8450891375541687,0,,
44,DRFD,WELL-00011_20140929210121,WELL-00011,2,far_1pct,401,0.7224932909011841,0.8450891375541687,0,,
44,DRFD,WELL-00011_20140929210121,WELL-00011,2,far_1pct,433,0.7309163808822632,0.8450891375541687,0,,
44,DRFD,WELL-00011_20140929210121,WELL-00011,2,far_1pct,465,0.7380502223968506,0.8450891375541687,0,,
44,DRFD,WELL-00011_20140929210121,WELL-00011,2,far_1pct,497,0.744745135307312,0.8450891375541687,0,,
44,DRFD,WELL-00011_20140929210121,WELL-00011,2,far_5pct,-239,0.5169398784637451,0.7387873530387878,0,497,497
44,DRFD,WELL-00011_20140929210121,WELL-00011,2,far_5pct,-207,0.517032265663147,0.7387873530387878,0,497,497
44,DRFD,WELL-00011_20140929210121,WELL-00011,2,far_5pct,-175,0.517015814781189,0.7387873530387878,0,497,497
44,DRFD,WELL-00011_20140929210121,WELL-00011,2,far_5pct,-143,0.5168820023536682,0.7387873530387878,0,497,497
44,DRFD,WELL-00011_20140929210121,WELL-00011,2,far_5pct,-111,0.5168008804321289,0.7387873530387878,0,497,497
44,DRFD,WELL-00011_20140929210121,WELL-00011,2,far_5pct,-79,0.5169672966003418,0.7387873530387878,0,497,497
44,DRFD,WELL-00011_20140929210121,WELL-00011,2,far_5pct,-47,0.5170247554779053,0.7387873530387878,0,497,497
44,DRFD,WELL-00011_20140929210121,WELL-00011,2,far_5pct,-15,0.5169714093208313,0.7387873530387878,0,497,497
44,DRFD,WELL-00011_20140929210121,WELL-00011,2,far_5pct,17,0.5169278383255005,0.7387873530387878,0,497,497
44,DRFD,WELL-00011_20140929210121,WELL-00011,2,far_5pct,49,0.5210391283035278,0.7387873530387878,0,497,497
44,DRFD,WELL-00011_20140929210121,WELL-00011,2,far_5pct,81,0.5317214131355286,0.7387873530387878,0,497,497
44,DRFD,WELL-00011_20140929210121,WELL-00011,2,far_5pct,113,0.5428732633590698,0.7387873530387878,0,497,497
44,DRFD,WELL-00011_20140929210121,WELL-00011,2,far_5pct,145,0.558952808380127,0.7387873530387878,0,497,497
44,DRFD,WELL-00011_20140929210121,WELL-00011,2,far_5pct,177,0.5838720798492432,0.7387873530387878,0,497,497
44,DRFD,WELL-00011_20140929210121,WELL-00011,2,far_5pct,209,0.612835168838501,0.7387873530387878,0,497,497
44,DRFD,WELL-00011_20140929210121,WELL-00011,2,far_5pct,241,0.6411699652671814,0.7387873530387878,0,497,497
44,DRFD,WELL-00011_20140929210121,WELL-00011,2,far_5pct,273,0.669006884098053,0.7387873530387878,0,497,497
44,DRFD,WELL-00011_20140929210121,WELL-00011,2,far_5pct,305,0.6904564499855042,0.7387873530387878,0,497,497
44,DRFD,WELL-00011_20140929210121,WELL-00011,2,far_5pct,337,0.7028753757476807,0.7387873530387878,0,497,497
44,DRFD,WELL-00011_20140929210121,WELL-00011,2,far_5pct,369,0.7129157185554504,0.7387873530387878,0,497,497
44,DRFD,WELL-00011_20140929210121,WELL-00011,2,far_5pct,401,0.7224932909011841,0.7387873530387878,0,497,497
44,DRFD,WELL-00011_20140929210121,WELL-00011,2,far_5pct,433,0.7309163808822632,0.7387873530387878,0,497,497
44,DRFD,WELL-00011_20140929210121,WELL-00011,2,far_5pct,465,0.7380502223968506,0.7387873530387878,0,497,497
44,DRFD,WELL-00011_20140929210121,WELL-00011,2,far_5pct,497,0.744745135307312,0.7387873530387878,1,497,497
44,DRFD,WELL-00011_20141005160056,WELL-00011,2,far_1pct,-251,0.5189751386642456,0.8450891375541687,0,1509,1509
44,DRFD,WELL-00011_20141005160056,WELL-00011,2,far_1pct,-219,0.5190247893333435,0.8450891375541687,0,1509,1509
44,DRFD,WELL-00011_20141005160056,WELL-00011,2,far_1pct,-187,0.5190495252609253,0.8450891375541687,0,1509,1509
44,DRFD,WELL-00011_20141005160056,WELL-00011,2,far_1pct,-155,0.5190491676330566,0.8450891375541687,0,1509,1509
44,DRFD,WELL-00011_20141005160056,WELL-00011,2,far_1pct,-123,0.5190544128417969,0.8450891375541687,0,1509,1509
44,DRFD,WELL-00011_20141005160056,WELL-00011,2,far_1pct,-91,0.5190906524658203,0.8450891375541687,0,1509,1509
44,DRFD,WELL-00011_20141005160056,WELL-00011,2,far_1pct,-59,0.51911461353302,0.8450891375541687,0,1509,1509
44,DRFD,WELL-00011_20141005160056,WELL-00011,2,far_1pct,-27,0.5191158056259155,0.8450891375541687,0,1509,1509
44,DRFD,WELL-00011_20141005160056,WELL-00011,2,far_1pct,5,0.5191181898117065,0.8450891375541687,0,1509,1509
44,DRFD,WELL-00011_20141005160056,WELL-00011,2,far_1pct,37,0.5193742513656616,0.8450891375541687,0,1509,1509
44,DRFD,WELL-00011_20141005160056,WELL-00011,2,far_1pct,69,0.5227683782577515,0.8450891375541687,0,1509,1509
44,DRFD,WELL-00011_20141005160056,WELL-00011,2,far_1pct,101,0.5304149389266968,0.8450891375541687,0,1509,1509
44,DRFD,WELL-00011_20141005160056,WELL-00011,2,far_1pct,133,0.5406574010848999,0.8450891375541687,0,1509,1509
44,DRFD,WELL-00011_20141005160056,WELL-00011,2,far_1pct,165,0.5583468675613403,0.8450891375541687,0,1509,1509
44,DRFD,WELL-00011_20141005160056,WELL-00011,2,far_1pct,197,0.5870504379272461,0.8450891375541687,0,1509,1509
44,DRFD,WELL-00011_20141005160056,WELL-00011,2,far_1pct,229,0.6216863393783569,0.8450891375541687,0,1509,1509
44,DRFD,WELL-00011_20141005160056,WELL-00011,2,far_1pct,261,0.6561414003372192,0.8450891375541687,0,1509,1509
44,DRFD,WELL-00011_20141005160056,WELL-00011,2,far_1pct,293,0.6847277879714966,0.8450891375541687,0,1509,1509
44,DRFD,WELL-00011_20141005160056,WELL-00011,2,far_1pct,325,0.701891303062439,0.8450891375541687,0,1509,1509
44,DRFD,WELL-00011_20141005160056,WELL-00011,2,far_1pct,357,0.7142897844314575,0.8450891375541687,0,1509,1509
44,DRFD,WELL-00011_20141005160056,WELL-00011,2,far_1pct,389,0.7257484793663025,0.8450891375541687,0,1509,1509
44,DRFD,WELL-00011_20141005160056,WELL-00011,2,far_1pct,421,0.7357701063156128,0.8450891375541687,0,1509,1509
44,DRFD,WELL-00011_20141005160056,WELL-00011,2,far_1pct,453,0.7443857192993164,0.8450891375541687,0,1509,1509
44,DRFD,WELL-00011_20141005160056,WELL-00011,2,far_1pct,485,0.7521200776100159,0.8450891375541687,0,1509,1509
44,DRFD,WELL-00011_20141005160056,WELL-00011,2,far_5pct,-251,0.5189751386642456,0.7387873530387878,0,453,453
44,DRFD,WELL-00011_20141005160056,WELL-00011,2,far_5pct,-219,0.5190247893333435,0.7387873530387878,0,453,453
44,DRFD,WELL-00011_20141005160056,WELL-00011,2,far_5pct,-187,0.5190495252609253,0.7387873530387878,0,453,453
44,DRFD,WELL-00011_20141005160056,WELL-00011,2,far_5pct,-155,0.5190491676330566,0.7387873530387878,0,453,453
44,DRFD,WELL-00011_20141005160056,WELL-00011,2,far_5pct,-123,0.5190544128417969,0.7387873530387878,0,453,453
44,DRFD,WELL-00011_20141005160056,WELL-00011,2,far_5pct,-91,0.5190906524658203,0.7387873530387878,0,453,453
44,DRFD,WELL-00011_20141005160056,WELL-00011,2,far_5pct,-59,0.51911461353302,0.7387873530387878,0,453,453
44,DRFD,WELL-00011_20141005160056,WELL-00011,2,far_5pct,-27,0.5191158056259155,0.7387873530387878,0,453,453
44,DRFD,WELL-00011_20141005160056,WELL-00011,2,far_5pct,5,0.5191181898117065,0.7387873530387878,0,453,453
44,DRFD,WELL-00011_20141005160056,WELL-00011,2,far_5pct,37,0.5193742513656616,0.7387873530387878,0,453,453
44,DRFD,WELL-00011_20141005160056,WELL-00011,2,far_5pct,69,0.5227683782577515,0.7387873530387878,0,453,453
44,DRFD,WELL-00011_20141005160056,WELL-00011,2,far_5pct,101,0.5304149389266968,0.7387873530387878,0,453,453
44,DRFD,WELL-00011_20141005160056,WELL-00011,2,far_5pct,133,0.5406574010848999,0.7387873530387878,0,453,453
44,DRFD,WELL-00011_20141005160056,WELL-00011,2,far_5pct,165,0.5583468675613403,0.7387873530387878,0,453,453
44,DRFD,WELL-00011_20141005160056,WELL-00011,2,far_5pct,197,0.5870504379272461,0.7387873530387878,0,453,453
44,DRFD,WELL-00011_20141005160056,WELL-00011,2,far_5pct,229,0.6216863393783569,0.7387873530387878,0,453,453
44,DRFD,WELL-00011_20141005160056,WELL-00011,2,far_5pct,261,0.6561414003372192,0.7387873530387878,0,453,453
44,DRFD,WELL-00011_20141005160056,WELL-00011,2,far_5pct,293,0.6847277879714966,0.7387873530387878,0,453,453
44,DRFD,WELL-00011_20141005160056,WELL-00011,2,far_5pct,325,0.701891303062439,0.7387873530387878,0,453,453
44,DRFD,WELL-00011_20141005160056,WELL-00011,2,far_5pct,357,0.7142897844314575,0.7387873530387878,0,453,453
44,DRFD,WELL-00011_20141005160056,WELL-00011,2,far_5pct,389,0.7257484793663025,0.7387873530387878,0,453,453
44,DRFD,WELL-00011_20141005160056,WELL-00011,2,far_5pct,421,0.7357701063156128,0.7387873530387878,0,453,453
44,DRFD,WELL-00011_20141005160056,WELL-00011,2,far_5pct,453,0.7443857192993164,0.7387873530387878,1,453,453
44,DRFD,WELL-00011_20141005160056,WELL-00011,2,far_5pct,485,0.7521200776100159,0.7387873530387878,1,453,453
44,DRFD,WELL-00011_20141006150121,WELL-00011,2,far_1pct,-248,0.5177409648895264,0.8450891375541687,0,1288,1288
44,DRFD,WELL-00011_20141006150121,WELL-00011,2,far_1pct,-216,0.5175642967224121,0.8450891375541687,0,1288,1288
44,DRFD,WELL-00011_20141006150121,WELL-00011,2,far_1pct,-184,0.5174604654312134,0.8450891375541687,0,1288,1288
44,DRFD,WELL-00011_20141006150121,WELL-00011,2,far_1pct,-152,0.5175440311431885,0.8450891375541687,0,1288,1288
44,DRFD,WELL-00011_20141006150121,WELL-00011,2,far_1pct,-120,0.517512321472168,0.8450891375541687,0,1288,1288
44,DRFD,WELL-00011_20141006150121,WELL-00011,2,far_1pct,-88,0.5173499584197998,0.8450891375541687,0,1288,1288
44,DRFD,WELL-00011_20141006150121,WELL-00011,2,far_1pct,-56,0.517417311668396,0.8450891375541687,0,1288,1288
44,DRFD,WELL-00011_20141006150121,WELL-00011,2,far_1pct,-24,0.5176240801811218,0.8450891375541687,0,1288,1288
44,DRFD,WELL-00011_20141006150121,WELL-00011,2,far_1pct,8,0.5176489353179932,0.8450891375541687,0,1288,1288
44,DRFD,WELL-00011_20141006150121,WELL-00011,2,far_1pct,40,0.5175638198852539,0.8450891375541687,0,1288,1288
44,DRFD,WELL-00011_20141006150121,WELL-00011,2,far_1pct,72,0.5199639797210693,0.8450891375541687,0,1288,1288
44,DRFD,WELL-00011_20141006150121,WELL-00011,2,far_1pct,104,0.5282663702964783,0.8450891375541687,0,1288,1288
44,DRFD,WELL-00011_20141006150121,WELL-00011,2,far_1pct,136,0.5386096239089966,0.8450891375541687,0,1288,1288
44,DRFD,WELL-00011_20141006150121,WELL-00011,2,far_1pct,168,0.5574839115142822,0.8450891375541687,0,1288,1288
44,DRFD,WELL-00011_20141006150121,WELL-00011,2,far_1pct,200,0.5965160727500916,0.8450891375541687,0,1288,1288
44,DRFD,WELL-00011_20141006150121,WELL-00011,2,far_1pct,232,0.6469615697860718,0.8450891375541687,0,1288,1288
44,DRFD,WELL-00011_20141006150121,WELL-00011,2,far_1pct,264,0.6868405342102051,0.8450891375541687,0,1288,1288
44,DRFD,WELL-00011_20141006150121,WELL-00011,2,far_1pct,296,0.7095726728439331,0.8450891375541687,0,1288,1288
44,DRFD,WELL-00011_20141006150121,WELL-00011,2,far_1pct,328,0.7261006236076355,0.8450891375541687,0,1288,1288
44,DRFD,WELL-00011_20141006150121,WELL-00011,2,far_1pct,360,0.7396785020828247,0.8450891375541687,0,1288,1288
44,DRFD,WELL-00011_20141006150121,WELL-00011,2,far_1pct,392,0.7510696649551392,0.8450891375541687,0,1288,1288
44,DRFD,WELL-00011_20141006150121,WELL-00011,2,far_1pct,424,0.7604893445968628,0.8450891375541687,0,1288,1288
44,DRFD,WELL-00011_20141006150121,WELL-00011,2,far_1pct,456,0.7683115005493164,0.8450891375541687,0,1288,1288
44,DRFD,WELL-00011_20141006150121,WELL-00011,2,far_1pct,488,0.7749190926551819,0.8450891375541687,0,1288,1288
44,DRFD,WELL-00011_20141006150121,WELL-00011,2,far_5pct,-248,0.5177409648895264,0.7387873530387878,0,360,360
44,DRFD,WELL-00011_20141006150121,WELL-00011,2,far_5pct,-216,0.5175642967224121,0.7387873530387878,0,360,360
44,DRFD,WELL-00011_20141006150121,WELL-00011,2,far_5pct,-184,0.5174604654312134,0.7387873530387878,0,360,360
44,DRFD,WELL-00011_20141006150121,WELL-00011,2,far_5pct,-152,0.5175440311431885,0.7387873530387878,0,360,360
44,DRFD,WELL-00011_20141006150121,WELL-00011,2,far_5pct,-120,0.517512321472168,0.7387873530387878,0,360,360
44,DRFD,WELL-00011_20141006150121,WELL-00011,2,far_5pct,-88,0.5173499584197998,0.7387873530387878,0,360,360
44,DRFD,WELL-00011_20141006150121,WELL-00011,2,far_5pct,-56,0.517417311668396,0.7387873530387878,0,360,360
44,DRFD,WELL-00011_20141006150121,WELL-00011,2,far_5pct,-24,0.5176240801811218,0.7387873530387878,0,360,360
44,DRFD,WELL-00011_20141006150121,WELL-00011,2,far_5pct,8,0.5176489353179932,0.7387873530387878,0,360,360
44,DRFD,WELL-00011_20141006150121,WELL-00011,2,far_5pct,40,0.5175638198852539,0.7387873530387878,0,360,360
44,DRFD,WELL-00011_20141006150121,WELL-00011,2,far_5pct,72,0.5199639797210693,0.7387873530387878,0,360,360
44,DRFD,WELL-00011_20141006150121,WELL-00011,2,far_5pct,104,0.5282663702964783,0.7387873530387878,0,360,360
44,DRFD,WELL-00011_20141006150121,WELL-00011,2,far_5pct,136,0.5386096239089966,0.7387873530387878,0,360,360
44,DRFD,WELL-00011_20141006150121,WELL-00011,2,far_5pct,168,0.5574839115142822,0.7387873530387878,0,360,360
44,DRFD,WELL-00011_20141006150121,WELL-00011,2,far_5pct,200,0.5965160727500916,0.7387873530387878,0,360,360
44,DRFD,WELL-00011_20141006150121,WELL-00011,2,far_5pct,232,0.6469615697860718,0.7387873530387878,0,360,360
44,DRFD,WELL-00011_20141006150121,WELL-00011,2,far_5pct,264,0.6868405342102051,0.7387873530387878,0,360,360
44,DRFD,WELL-00011_20141006150121,WELL-00011,2,far_5pct,296,0.7095726728439331,0.7387873530387878,0,360,360
44,DRFD,WELL-00011_20141006150121,WELL-00011,2,far_5pct,328,0.7261006236076355,0.7387873530387878,0,360,360
44,DRFD,WELL-00011_20141006150121,WELL-00011,2,far_5pct,360,0.7396785020828247,0.7387873530387878,1,360,360
44,DRFD,WELL-00011_20141006150121,WELL-00011,2,far_5pct,392,0.7510696649551392,0.7387873530387878,1,360,360
44,DRFD,WELL-00011_20141006150121,WELL-00011,2,far_5pct,424,0.7604893445968628,0.7387873530387878,1,360,360
44,DRFD,WELL-00011_20141006150121,WELL-00011,2,far_5pct,456,0.7683115005493164,0.7387873530387878,1,360,360
44,DRFD,WELL-00011_20141006150121,WELL-00011,2,far_5pct,488,0.7749190926551819,0.7387873530387878,1,360,360
44,DRFD,WELL-00012_20170320011000,WELL-00012,2,far_1pct,-228,0.5594760179519653,0.8450891375541687,0,1180,1180
44,DRFD,WELL-00012_20170320011000,WELL-00012,2,far_1pct,-196,0.5594785809516907,0.8450891375541687,0,1180,1180
44,DRFD,WELL-00012_20170320011000,WELL-00012,2,far_1pct,-164,0.5594977140426636,0.8450891375541687,0,1180,1180
44,DRFD,WELL-00012_20170320011000,WELL-00012,2,far_1pct,-132,0.5594632625579834,0.8450891375541687,0,1180,1180
44,DRFD,WELL-00012_20170320011000,WELL-00012,2,far_1pct,-100,0.5594749450683594,0.8450891375541687,0,1180,1180
44,DRFD,WELL-00012_20170320011000,WELL-00012,2,far_1pct,-68,0.5595213770866394,0.8450891375541687,0,1180,1180
44,DRFD,WELL-00012_20170320011000,WELL-00012,2,far_1pct,-36,0.5595200061798096,0.8450891375541687,0,1180,1180
44,DRFD,WELL-00012_20170320011000,WELL-00012,2,far_1pct,-4,0.5595214366912842,0.8450891375541687,0,1180,1180
44,DRFD,WELL-00012_20170320011000,WELL-00012,2,far_1pct,28,0.5589367151260376,0.8450891375541687,0,1180,1180
44,DRFD,WELL-00012_20170320011000,WELL-00012,2,far_1pct,60,0.5536577701568604,0.8450891375541687,0,1180,1180
44,DRFD,WELL-00012_20170320011000,WELL-00012,2,far_1pct,92,0.5502195954322815,0.8450891375541687,0,1180,1180
44,DRFD,WELL-00012_20170320011000,WELL-00012,2,far_1pct,124,0.5633103251457214,0.8450891375541687,0,1180,1180
44,DRFD,WELL-00012_20170320011000,WELL-00012,2,far_1pct,156,0.5919394493103027,0.8450891375541687,0,1180,1180
44,DRFD,WELL-00012_20170320011000,WELL-00012,2,far_1pct,188,0.6156457662582397,0.8450891375541687,0,1180,1180
44,DRFD,WELL-00012_20170320011000,WELL-00012,2,far_1pct,220,0.6319535970687866,0.8450891375541687,0,1180,1180
44,DRFD,WELL-00012_20170320011000,WELL-00012,2,far_1pct,252,0.6447478532791138,0.8450891375541687,0,1180,1180
44,DRFD,WELL-00012_20170320011000,WELL-00012,2,far_1pct,284,0.6559802889823914,0.8450891375541687,0,1180,1180
44,DRFD,WELL-00012_20170320011000,WELL-00012,2,far_1pct,316,0.6653512716293335,0.8450891375541687,0,1180,1180
44,DRFD,WELL-00012_20170320011000,WELL-00012,2,far_1pct,348,0.6735594272613525,0.8450891375541687,0,1180,1180
44,DRFD,WELL-00012_20170320011000,WELL-00012,2,far_1pct,380,0.6810563206672668,0.8450891375541687,0,1180,1180
44,DRFD,WELL-00012_20170320011000,WELL-00012,2,far_1pct,412,0.6879849433898926,0.8450891375541687,0,1180,1180
44,DRFD,WELL-00012_20170320011000,WELL-00012,2,far_1pct,444,0.6940897703170776,0.8450891375541687,0,1180,1180
44,DRFD,WELL-00012_20170320011000,WELL-00012,2,far_1pct,476,0.7010892629623413,0.8450891375541687,0,1180,1180
44,DRFD,WELL-00012_20170320011000,WELL-00012,2,far_1pct,508,0.7076520323753357,0.8450891375541687,0,1180,1180
44,DRFD,WELL-00012_20170320011000,WELL-00012,2,far_5pct,-228,0.5594760179519653,0.7387873530387878,0,732,732
44,DRFD,WELL-00012_20170320011000,WELL-00012,2,far_5pct,-196,0.5594785809516907,0.7387873530387878,0,732,732
44,DRFD,WELL-00012_20170320011000,WELL-00012,2,far_5pct,-164,0.5594977140426636,0.7387873530387878,0,732,732
44,DRFD,WELL-00012_20170320011000,WELL-00012,2,far_5pct,-132,0.5594632625579834,0.7387873530387878,0,732,732
44,DRFD,WELL-00012_20170320011000,WELL-00012,2,far_5pct,-100,0.5594749450683594,0.7387873530387878,0,732,732
44,DRFD,WELL-00012_20170320011000,WELL-00012,2,far_5pct,-68,0.5595213770866394,0.7387873530387878,0,732,732
44,DRFD,WELL-00012_20170320011000,WELL-00012,2,far_5pct,-36,0.5595200061798096,0.7387873530387878,0,732,732
44,DRFD,WELL-00012_20170320011000,WELL-00012,2,far_5pct,-4,0.5595214366912842,0.7387873530387878,0,732,732
44,DRFD,WELL-00012_20170320011000,WELL-00012,2,far_5pct,28,0.5589367151260376,0.7387873530387878,0,732,732
44,DRFD,WELL-00012_20170320011000,WELL-00012,2,far_5pct,60,0.5536577701568604,0.7387873530387878,0,732,732
44,DRFD,WELL-00012_20170320011000,WELL-00012,2,far_5pct,92,0.5502195954322815,0.7387873530387878,0,732,732
44,DRFD,WELL-00012_20170320011000,WELL-00012,2,far_5pct,124,0.5633103251457214,0.7387873530387878,0,732,732
44,DRFD,WELL-00012_20170320011000,WELL-00012,2,far_5pct,156,0.5919394493103027,0.7387873530387878,0,732,732
44,DRFD,WELL-00012_20170320011000,WELL-00012,2,far_5pct,188,0.6156457662582397,0.7387873530387878,0,732,732
44,DRFD,WELL-00012_20170320011000,WELL-00012,2,far_5pct,220,0.6319535970687866,0.7387873530387878,0,732,732
44,DRFD,WELL-00012_20170320011000,WELL-00012,2,far_5pct,252,0.6447478532791138,0.7387873530387878,0,732,732
44,DRFD,WELL-00012_20170320011000,WELL-00012,2,far_5pct,284,0.6559802889823914,0.7387873530387878,0,732,732
44,DRFD,WELL-00012_20170320011000,WELL-00012,2,far_5pct,316,0.6653512716293335,0.7387873530387878,0,732,732
44,DRFD,WELL-00012_20170320011000,WELL-00012,2,far_5pct,348,0.6735594272613525,0.7387873530387878,0,732,732
44,DRFD,WELL-00012_20170320011000,WELL-00012,2,far_5pct,380,0.6810563206672668,0.7387873530387878,0,732,732
44,DRFD,WELL-00012_20170320011000,WELL-00012,2,far_5pct,412,0.6879849433898926,0.7387873530387878,0,732,732
44,DRFD,WELL-00012_20170320011000,WELL-00012,2,far_5pct,444,0.6940897703170776,0.7387873530387878,0,732,732
44,DRFD,WELL-00012_20170320011000,WELL-00012,2,far_5pct,476,0.7010892629623413,0.7387873530387878,0,732,732
44,DRFD,WELL-00012_20170320011000,WELL-00012,2,far_5pct,508,0.7076520323753357,0.7387873530387878,0,732,732
44,DRFD,WELL-00012_20170320123144,WELL-00012,2,far_1pct,-228,0.5771207213401794,0.8450891375541687,0,892,892
44,DRFD,WELL-00012_20170320123144,WELL-00012,2,far_1pct,-196,0.5770491361618042,0.8450891375541687,0,892,892
44,DRFD,WELL-00012_20170320123144,WELL-00012,2,far_1pct,-164,0.5770056247711182,0.8450891375541687,0,892,892
44,DRFD,WELL-00012_20170320123144,WELL-00012,2,far_1pct,-132,0.5769542455673218,0.8450891375541687,0,892,892
44,DRFD,WELL-00012_20170320123144,WELL-00012,2,far_1pct,-100,0.5769177675247192,0.8450891375541687,0,892,892
44,DRFD,WELL-00012_20170320123144,WELL-00012,2,far_1pct,-68,0.5768802762031555,0.8450891375541687,0,892,892
44,DRFD,WELL-00012_20170320123144,WELL-00012,2,far_1pct,-36,0.5768975019454956,0.8450891375541687,0,892,892
44,DRFD,WELL-00012_20170320123144,WELL-00012,2,far_1pct,-4,0.5768015384674072,0.8450891375541687,0,892,892
44,DRFD,WELL-00012_20170320123144,WELL-00012,2,far_1pct,28,0.5754579305648804,0.8450891375541687,0,892,892
44,DRFD,WELL-00012_20170320123144,WELL-00012,2,far_1pct,60,0.5693806409835815,0.8450891375541687,0,892,892
44,DRFD,WELL-00012_20170320123144,WELL-00012,2,far_1pct,92,0.5741398334503174,0.8450891375541687,0,892,892
44,DRFD,WELL-00012_20170320123144,WELL-00012,2,far_1pct,124,0.5996782779693604,0.8450891375541687,0,892,892
44,DRFD,WELL-00012_20170320123144,WELL-00012,2,far_1pct,156,0.6269068717956543,0.8450891375541687,0,892,892
44,DRFD,WELL-00012_20170320123144,WELL-00012,2,far_1pct,188,0.6443976163864136,0.8450891375541687,0,892,892
44,DRFD,WELL-00012_20170320123144,WELL-00012,2,far_1pct,220,0.6573679447174072,0.8450891375541687,0,892,892
44,DRFD,WELL-00012_20170320123144,WELL-00012,2,far_1pct,252,0.6682473421096802,0.8450891375541687,0,892,892
44,DRFD,WELL-00012_20170320123144,WELL-00012,2,far_1pct,284,0.6788202524185181,0.8450891375541687,0,892,892
44,DRFD,WELL-00012_20170320123144,WELL-00012,2,far_1pct,316,0.6887120008468628,0.8450891375541687,0,892,892
44,DRFD,WELL-00012_20170320123144,WELL-00012,2,far_1pct,348,0.6982120275497437,0.8450891375541687,0,892,892
44,DRFD,WELL-00012_20170320123144,WELL-00012,2,far_1pct,380,0.7079144716262817,0.8450891375541687,0,892,892
44,DRFD,WELL-00012_20170320123144,WELL-00012,2,far_1pct,412,0.7183772325515747,0.8450891375541687,0,892,892
44,DRFD,WELL-00012_20170320123144,WELL-00012,2,far_1pct,444,0.7237734794616699,0.8450891375541687,0,892,892
44,DRFD,WELL-00012_20170320123144,WELL-00012,2,far_1pct,476,0.7320653200149536,0.8450891375541687,0,892,892
44,DRFD,WELL-00012_20170320123144,WELL-00012,2,far_1pct,508,0.7478718757629395,0.8450891375541687,0,892,892
44,DRFD,WELL-00012_20170320123144,WELL-00012,2,far_5pct,-228,0.5771207213401794,0.7387873530387878,0,508,508
44,DRFD,WELL-00012_20170320123144,WELL-00012,2,far_5pct,-196,0.5770491361618042,0.7387873530387878,0,508,508
44,DRFD,WELL-00012_20170320123144,WELL-00012,2,far_5pct,-164,0.5770056247711182,0.7387873530387878,0,508,508
44,DRFD,WELL-00012_20170320123144,WELL-00012,2,far_5pct,-132,0.5769542455673218,0.7387873530387878,0,508,508
44,DRFD,WELL-00012_20170320123144,WELL-00012,2,far_5pct,-100,0.5769177675247192,0.7387873530387878,0,508,508
44,DRFD,WELL-00012_20170320123144,WELL-00012,2,far_5pct,-68,0.5768802762031555,0.7387873530387878,0,508,508
44,DRFD,WELL-00012_20170320123144,WELL-00012,2,far_5pct,-36,0.5768975019454956,0.7387873530387878,0,508,508
44,DRFD,WELL-00012_20170320123144,WELL-00012,2,far_5pct,-4,0.5768015384674072,0.7387873530387878,0,508,508
44,DRFD,WELL-00012_20170320123144,WELL-00012,2,far_5pct,28,0.5754579305648804,0.7387873530387878,0,508,508
44,DRFD,WELL-00012_20170320123144,WELL-00012,2,far_5pct,60,0.5693806409835815,0.7387873530387878,0,508,508
44,DRFD,WELL-00012_20170320123144,WELL-00012,2,far_5pct,92,0.5741398334503174,0.7387873530387878,0,508,508
44,DRFD,WELL-00012_20170320123144,WELL-00012,2,far_5pct,124,0.5996782779693604,0.7387873530387878,0,508,508
44,DRFD,WELL-00012_20170320123144,WELL-00012,2,far_5pct,156,0.6269068717956543,0.7387873530387878,0,508,508
44,DRFD,WELL-00012_20170320123144,WELL-00012,2,far_5pct,188,0.6443976163864136,0.7387873530387878,0,508,508
44,DRFD,WELL-00012_20170320123144,WELL-00012,2,far_5pct,220,0.6573679447174072,0.7387873530387878,0,508,508
44,DRFD,WELL-00012_20170320123144,WELL-00012,2,far_5pct,252,0.6682473421096802,0.7387873530387878,0,508,508
44,DRFD,WELL-00012_20170320123144,WELL-00012,2,far_5pct,284,0.6788202524185181,0.7387873530387878,0,508,508
44,DRFD,WELL-00012_20170320123144,WELL-00012,2,far_5pct,316,0.6887120008468628,0.7387873530387878,0,508,508
44,DRFD,WELL-00012_20170320123144,WELL-00012,2,far_5pct,348,0.6982120275497437,0.7387873530387878,0,508,508
44,DRFD,WELL-00012_20170320123144,WELL-00012,2,far_5pct,380,0.7079144716262817,0.7387873530387878,0,508,508
44,DRFD,WELL-00012_20170320123144,WELL-00012,2,far_5pct,412,0.7183772325515747,0.7387873530387878,0,508,508
44,DRFD,WELL-00012_20170320123144,WELL-00012,2,far_5pct,444,0.7237734794616699,0.7387873530387878,0,508,508
44,DRFD,WELL-00012_20170320123144,WELL-00012,2,far_5pct,476,0.7320653200149536,0.7387873530387878,0,508,508
44,DRFD,WELL-00012_20170320123144,WELL-00012,2,far_5pct,508,0.7478718757629395,0.7387873530387878,1,508,508
44,DRFD,WELL-00019_20120601165020,WELL-00019,8,far_1pct,-248,0.4831462502479553,0.8450891375541687,0,8,8
44,DRFD,WELL-00019_20120601165020,WELL-00019,8,far_1pct,-216,0.4822269082069397,0.8450891375541687,0,8,8
44,DRFD,WELL-00019_20120601165020,WELL-00019,8,far_1pct,-184,0.48197418451309204,0.8450891375541687,0,8,8
44,DRFD,WELL-00019_20120601165020,WELL-00019,8,far_1pct,-152,0.4894329905509949,0.8450891375541687,0,8,8
44,DRFD,WELL-00019_20120601165020,WELL-00019,8,far_1pct,-120,0.5504497289657593,0.8450891375541687,0,8,8
44,DRFD,WELL-00019_20120601165020,WELL-00019,8,far_1pct,-88,0.8212695717811584,0.8450891375541687,0,8,8
44,DRFD,WELL-00019_20120601165020,WELL-00019,8,far_1pct,-56,0.9396706223487854,0.8450891375541687,1,8,8
44,DRFD,WELL-00019_20120601165020,WELL-00019,8,far_1pct,-24,0.939208447933197,0.8450891375541687,1,8,8
44,DRFD,WELL-00019_20120601165020,WELL-00019,8,far_1pct,8,0.9389710426330566,0.8450891375541687,1,8,8
44,DRFD,WELL-00019_20120601165020,WELL-00019,8,far_1pct,40,0.9386659264564514,0.8450891375541687,1,8,8
44,DRFD,WELL-00019_20120601165020,WELL-00019,8,far_1pct,72,0.9382117986679077,0.8450891375541687,1,8,8
44,DRFD,WELL-00019_20120601165020,WELL-00019,8,far_1pct,104,0.9383123517036438,0.8450891375541687,1,8,8
44,DRFD,WELL-00019_20120601165020,WELL-00019,8,far_1pct,136,0.9391706585884094,0.8450891375541687,1,8,8
44,DRFD,WELL-00019_20120601165020,WELL-00019,8,far_1pct,168,0.9404531717300415,0.8450891375541687,1,8,8
44,DRFD,WELL-00019_20120601165020,WELL-00019,8,far_1pct,200,0.9310912489891052,0.8450891375541687,1,8,8
44,DRFD,WELL-00019_20120601165020,WELL-00019,8,far_1pct,232,0.9041071534156799,0.8450891375541687,1,8,8
44,DRFD,WELL-00019_20120601165020,WELL-00019,8,far_1pct,264,0.894351065158844,0.8450891375541687,1,8,8
44,DRFD,WELL-00019_20120601165020,WELL-00019,8,far_1pct,296,0.8965467810630798,0.8450891375541687,1,8,8
44,DRFD,WELL-00019_20120601165020,WELL-00019,8,far_1pct,328,0.8985202312469482,0.8450891375541687,1,8,8
44,DRFD,WELL-00019_20120601165020,WELL-00019,8,far_1pct,360,0.900263249874115,0.8450891375541687,1,8,8
44,DRFD,WELL-00019_20120601165020,WELL-00019,8,far_1pct,392,0.9017850756645203,0.8450891375541687,1,8,8
44,DRFD,WELL-00019_20120601165020,WELL-00019,8,far_1pct,424,0.9031454920768738,0.8450891375541687,1,8,8
44,DRFD,WELL-00019_20120601165020,WELL-00019,8,far_1pct,456,0.9043839573860168,0.8450891375541687,1,8,8
44,DRFD,WELL-00019_20120601165020,WELL-00019,8,far_1pct,488,0.9054967761039734,0.8450891375541687,1,8,8
44,DRFD,WELL-00019_20120601165020,WELL-00019,8,far_5pct,-248,0.4831462502479553,0.7387873530387878,0,8,8
44,DRFD,WELL-00019_20120601165020,WELL-00019,8,far_5pct,-216,0.4822269082069397,0.7387873530387878,0,8,8
44,DRFD,WELL-00019_20120601165020,WELL-00019,8,far_5pct,-184,0.48197418451309204,0.7387873530387878,0,8,8
44,DRFD,WELL-00019_20120601165020,WELL-00019,8,far_5pct,-152,0.4894329905509949,0.7387873530387878,0,8,8
44,DRFD,WELL-00019_20120601165020,WELL-00019,8,far_5pct,-120,0.5504497289657593,0.7387873530387878,0,8,8
44,DRFD,WELL-00019_20120601165020,WELL-00019,8,far_5pct,-88,0.8212695717811584,0.7387873530387878,1,8,8
44,DRFD,WELL-00019_20120601165020,WELL-00019,8,far_5pct,-56,0.9396706223487854,0.7387873530387878,1,8,8
44,DRFD,WELL-00019_20120601165020,WELL-00019,8,far_5pct,-24,0.939208447933197,0.7387873530387878,1,8,8
44,DRFD,WELL-00019_20120601165020,WELL-00019,8,far_5pct,8,0.9389710426330566,0.7387873530387878,1,8,8
44,DRFD,WELL-00019_20120601165020,WELL-00019,8,far_5pct,40,0.9386659264564514,0.7387873530387878,1,8,8
44,DRFD,WELL-00019_20120601165020,WELL-00019,8,far_5pct,72,0.9382117986679077,0.7387873530387878,1,8,8
44,DRFD,WELL-00019_20120601165020,WELL-00019,8,far_5pct,104,0.9383123517036438,0.7387873530387878,1,8,8
44,DRFD,WELL-00019_20120601165020,WELL-00019,8,far_5pct,136,0.9391706585884094,0.7387873530387878,1,8,8
44,DRFD,WELL-00019_20120601165020,WELL-00019,8,far_5pct,168,0.9404531717300415,0.7387873530387878,1,8,8
44,DRFD,WELL-00019_20120601165020,WELL-00019,8,far_5pct,200,0.9310912489891052,0.7387873530387878,1,8,8
44,DRFD,WELL-00019_20120601165020,WELL-00019,8,far_5pct,232,0.9041071534156799,0.7387873530387878,1,8,8
44,DRFD,WELL-00019_20120601165020,WELL-00019,8,far_5pct,264,0.894351065158844,0.7387873530387878,1,8,8
44,DRFD,WELL-00019_20120601165020,WELL-00019,8,far_5pct,296,0.8965467810630798,0.7387873530387878,1,8,8
44,DRFD,WELL-00019_20120601165020,WELL-00019,8,far_5pct,328,0.8985202312469482,0.7387873530387878,1,8,8
44,DRFD,WELL-00019_20120601165020,WELL-00019,8,far_5pct,360,0.900263249874115,0.7387873530387878,1,8,8
44,DRFD,WELL-00019_20120601165020,WELL-00019,8,far_5pct,392,0.9017850756645203,0.7387873530387878,1,8,8
44,DRFD,WELL-00019_20120601165020,WELL-00019,8,far_5pct,424,0.9031454920768738,0.7387873530387878,1,8,8
44,DRFD,WELL-00019_20120601165020,WELL-00019,8,far_5pct,456,0.9043839573860168,0.7387873530387878,1,8,8
44,DRFD,WELL-00019_20120601165020,WELL-00019,8,far_5pct,488,0.9054967761039734,0.7387873530387878,1,8,8
44,DRFD,WELL-00019_20141117190526,WELL-00019,8,far_1pct,-247,0.7649350166320801,0.8450891375541687,0,3177,3177
44,DRFD,WELL-00019_20141117190526,WELL-00019,8,far_1pct,-215,0.764926016330719,0.8450891375541687,0,3177,3177
44,DRFD,WELL-00019_20141117190526,WELL-00019,8,far_1pct,-183,0.7653024792671204,0.8450891375541687,0,3177,3177
44,DRFD,WELL-00019_20141117190526,WELL-00019,8,far_1pct,-151,0.767884373664856,0.8450891375541687,0,3177,3177
44,DRFD,WELL-00019_20141117190526,WELL-00019,8,far_1pct,-119,0.7786564826965332,0.8450891375541687,0,3177,3177
44,DRFD,WELL-00019_20141117190526,WELL-00019,8,far_1pct,-87,0.7806724905967712,0.8450891375541687,0,3177,3177
44,DRFD,WELL-00019_20141117190526,WELL-00019,8,far_1pct,-55,0.7719272375106812,0.8450891375541687,0,3177,3177
44,DRFD,WELL-00019_20141117190526,WELL-00019,8,far_1pct,-23,0.7481671571731567,0.8450891375541687,0,3177,3177
44,DRFD,WELL-00019_20141117190526,WELL-00019,8,far_1pct,9,0.6947339773178101,0.8450891375541687,0,3177,3177
44,DRFD,WELL-00019_20141117190526,WELL-00019,8,far_1pct,41,0.7213309407234192,0.8450891375541687,0,3177,3177
44,DRFD,WELL-00019_20141117190526,WELL-00019,8,far_1pct,73,0.7720467448234558,0.8450891375541687,0,3177,3177
44,DRFD,WELL-00019_20141117190526,WELL-00019,8,far_1pct,105,0.7841293811798096,0.8450891375541687,0,3177,3177
44,DRFD,WELL-00019_20141117190526,WELL-00019,8,far_1pct,137,0.7822185754776001,0.8450891375541687,0,3177,3177
44,DRFD,WELL-00019_20141117190526,WELL-00019,8,far_1pct,169,0.7797931432723999,0.8450891375541687,0,3177,3177
44,DRFD,WELL-00019_20141117190526,WELL-00019,8,far_1pct,201,0.7823194861412048,0.8450891375541687,0,3177,3177
44,DRFD,WELL-00019_20141117190526,WELL-00019,8,far_1pct,233,0.7925142049789429,0.8450891375541687,0,3177,3177
44,DRFD,WELL-00019_20141117190526,WELL-00019,8,far_1pct,265,0.8007847666740417,0.8450891375541687,0,3177,3177
44,DRFD,WELL-00019_20141117190526,WELL-00019,8,far_1pct,297,0.8028212785720825,0.8450891375541687,0,3177,3177
44,DRFD,WELL-00019_20141117190526,WELL-00019,8,far_1pct,329,0.8039299249649048,0.8450891375541687,0,3177,3177
44,DRFD,WELL-00019_20141117190526,WELL-00019,8,far_1pct,361,0.8004897832870483,0.8450891375541687,0,3177,3177
44,DRFD,WELL-00019_20141117190526,WELL-00019,8,far_1pct,393,0.7998626828193665,0.8450891375541687,0,3177,3177
44,DRFD,WELL-00019_20141117190526,WELL-00019,8,far_1pct,425,0.7981669902801514,0.8450891375541687,0,3177,3177
44,DRFD,WELL-00019_20141117190526,WELL-00019,8,far_1pct,457,0.796638548374176,0.8450891375541687,0,3177,3177
44,DRFD,WELL-00019_20141117190526,WELL-00019,8,far_1pct,489,0.794762134552002,0.8450891375541687,0,3177,3177
44,DRFD,WELL-00019_20141117190526,WELL-00019,8,far_5pct,-247,0.7649350166320801,0.7387873530387878,1,73,73
44,DRFD,WELL-00019_20141117190526,WELL-00019,8,far_5pct,-215,0.764926016330719,0.7387873530387878,1,73,73
44,DRFD,WELL-00019_20141117190526,WELL-00019,8,far_5pct,-183,0.7653024792671204,0.7387873530387878,1,73,73
44,DRFD,WELL-00019_20141117190526,WELL-00019,8,far_5pct,-151,0.767884373664856,0.7387873530387878,1,73,73
44,DRFD,WELL-00019_20141117190526,WELL-00019,8,far_5pct,-119,0.7786564826965332,0.7387873530387878,1,73,73
44,DRFD,WELL-00019_20141117190526,WELL-00019,8,far_5pct,-87,0.7806724905967712,0.7387873530387878,1,73,73
44,DRFD,WELL-00019_20141117190526,WELL-00019,8,far_5pct,-55,0.7719272375106812,0.7387873530387878,1,73,73
44,DRFD,WELL-00019_20141117190526,WELL-00019,8,far_5pct,-23,0.7481671571731567,0.7387873530387878,1,73,73
44,DRFD,WELL-00019_20141117190526,WELL-00019,8,far_5pct,9,0.6947339773178101,0.7387873530387878,0,73,73
44,DRFD,WELL-00019_20141117190526,WELL-00019,8,far_5pct,41,0.7213309407234192,0.7387873530387878,0,73,73
44,DRFD,WELL-00019_20141117190526,WELL-00019,8,far_5pct,73,0.7720467448234558,0.7387873530387878,1,73,73
44,DRFD,WELL-00019_20141117190526,WELL-00019,8,far_5pct,105,0.7841293811798096,0.7387873530387878,1,73,73
44,DRFD,WELL-00019_20141117190526,WELL-00019,8,far_5pct,137,0.7822185754776001,0.7387873530387878,1,73,73
44,DRFD,WELL-00019_20141117190526,WELL-00019,8,far_5pct,169,0.7797931432723999,0.7387873530387878,1,73,73
44,DRFD,WELL-00019_20141117190526,WELL-00019,8,far_5pct,201,0.7823194861412048,0.7387873530387878,1,73,73
44,DRFD,WELL-00019_20141117190526,WELL-00019,8,far_5pct,233,0.7925142049789429,0.7387873530387878,1,73,73
44,DRFD,WELL-00019_20141117190526,WELL-00019,8,far_5pct,265,0.8007847666740417,0.7387873530387878,1,73,73
44,DRFD,WELL-00019_20141117190526,WELL-00019,8,far_5pct,297,0.8028212785720825,0.7387873530387878,1,73,73
44,DRFD,WELL-00019_20141117190526,WELL-00019,8,far_5pct,329,0.8039299249649048,0.7387873530387878,1,73,73
44,DRFD,WELL-00019_20141117190526,WELL-00019,8,far_5pct,361,0.8004897832870483,0.7387873530387878,1,73,73
44,DRFD,WELL-00019_20141117190526,WELL-00019,8,far_5pct,393,0.7998626828193665,0.7387873530387878,1,73,73
44,DRFD,WELL-00019_20141117190526,WELL-00019,8,far_5pct,425,0.7981669902801514,0.7387873530387878,1,73,73
44,DRFD,WELL-00019_20141117190526,WELL-00019,8,far_5pct,457,0.796638548374176,0.7387873530387878,1,73,73
44,DRFD,WELL-00019_20141117190526,WELL-00019,8,far_5pct,489,0.794762134552002,0.7387873530387878,1,73,73
44,DRFD,WELL-00019_20150614025713,WELL-00019,8,far_1pct,-226,0.7567147612571716,0.8450891375541687,0,2814,2814
44,DRFD,WELL-00019_20150614025713,WELL-00019,8,far_1pct,-194,0.7589632868766785,0.8450891375541687,0,2814,2814
44,DRFD,WELL-00019_20150614025713,WELL-00019,8,far_1pct,-162,0.7607204914093018,0.8450891375541687,0,2814,2814
44,DRFD,WELL-00019_20150614025713,WELL-00019,8,far_1pct,-130,0.7756698727607727,0.8450891375541687,0,2814,2814
44,DRFD,WELL-00019_20150614025713,WELL-00019,8,far_1pct,-98,0.7725906372070312,0.8450891375541687,0,2814,2814
44,DRFD,WELL-00019_20150614025713,WELL-00019,8,far_1pct,-66,0.7566336393356323,0.8450891375541687,0,2814,2814
44,DRFD,WELL-00019_20150614025713,WELL-00019,8,far_1pct,-34,0.7550602555274963,0.8450891375541687,0,2814,2814
44,DRFD,WELL-00019_20150614025713,WELL-00019,8,far_1pct,-2,0.7543814778327942,0.8450891375541687,0,2814,2814
44,DRFD,WELL-00019_20150614025713,WELL-00019,8,far_1pct,30,0.7537513971328735,0.8450891375541687,0,2814,2814
44,DRFD,WELL-00019_20150614025713,WELL-00019,8,far_1pct,62,0.7525507211685181,0.8450891375541687,0,2814,2814
44,DRFD,WELL-00019_20150614025713,WELL-00019,8,far_1pct,94,0.7619315385818481,0.8450891375541687,0,2814,2814
44,DRFD,WELL-00019_20150614025713,WELL-00019,8,far_1pct,126,0.7816137671470642,0.8450891375541687,0,2814,2814
44,DRFD,WELL-00019_20150614025713,WELL-00019,8,far_1pct,158,0.7805080413818359,0.8450891375541687,0,2814,2814
44,DRFD,WELL-00019_20150614025713,WELL-00019,8,far_1pct,190,0.7767542600631714,0.8450891375541687,0,2814,2814
44,DRFD,WELL-00019_20150614025713,WELL-00019,8,far_1pct,222,0.7710207104682922,0.8450891375541687,0,2814,2814
44,DRFD,WELL-00019_20150614025713,WELL-00019,8,far_1pct,254,0.7623094320297241,0.8450891375541687,0,2814,2814
44,DRFD,WELL-00019_20150614025713,WELL-00019,8,far_1pct,286,0.7596608996391296,0.8450891375541687,0,2814,2814
44,DRFD,WELL-00019_20150614025713,WELL-00019,8,far_1pct,318,0.7698296308517456,0.8450891375541687,0,2814,2814
44,DRFD,WELL-00019_20150614025713,WELL-00019,8,far_1pct,350,0.7934414744377136,0.8450891375541687,0,2814,2814
44,DRFD,WELL-00019_20150614025713,WELL-00019,8,far_1pct,382,0.8233113884925842,0.8450891375541687,0,2814,2814
44,DRFD,WELL-00019_20150614025713,WELL-00019,8,far_1pct,414,0.835268497467041,0.8450891375541687,0,2814,2814
44,DRFD,WELL-00019_20150614025713,WELL-00019,8,far_1pct,446,0.8353686928749084,0.8450891375541687,0,2814,2814
44,DRFD,WELL-00019_20150614025713,WELL-00019,8,far_1pct,478,0.836445689201355,0.8450891375541687,0,2814,2814
44,DRFD,WELL-00019_20150614025713,WELL-00019,8,far_1pct,510,0.8389480113983154,0.8450891375541687,0,2814,2814
44,DRFD,WELL-00019_20150614025713,WELL-00019,8,far_5pct,-226,0.7567147612571716,0.7387873530387878,1,30,30
44,DRFD,WELL-00019_20150614025713,WELL-00019,8,far_5pct,-194,0.7589632868766785,0.7387873530387878,1,30,30
44,DRFD,WELL-00019_20150614025713,WELL-00019,8,far_5pct,-162,0.7607204914093018,0.7387873530387878,1,30,30
44,DRFD,WELL-00019_20150614025713,WELL-00019,8,far_5pct,-130,0.7756698727607727,0.7387873530387878,1,30,30
44,DRFD,WELL-00019_20150614025713,WELL-00019,8,far_5pct,-98,0.7725906372070312,0.7387873530387878,1,30,30
44,DRFD,WELL-00019_20150614025713,WELL-00019,8,far_5pct,-66,0.7566336393356323,0.7387873530387878,1,30,30
44,DRFD,WELL-00019_20150614025713,WELL-00019,8,far_5pct,-34,0.7550602555274963,0.7387873530387878,1,30,30
44,DRFD,WELL-00019_20150614025713,WELL-00019,8,far_5pct,-2,0.7543814778327942,0.7387873530387878,1,30,30
44,DRFD,WELL-00019_20150614025713,WELL-00019,8,far_5pct,30,0.7537513971328735,0.7387873530387878,1,30,30
44,DRFD,WELL-00019_20150614025713,WELL-00019,8,far_5pct,62,0.7525507211685181,0.7387873530387878,1,30,30
44,DRFD,WELL-00019_20150614025713,WELL-00019,8,far_5pct,94,0.7619315385818481,0.7387873530387878,1,30,30
44,DRFD,WELL-00019_20150614025713,WELL-00019,8,far_5pct,126,0.7816137671470642,0.7387873530387878,1,30,30
44,DRFD,WELL-00019_20150614025713,WELL-00019,8,far_5pct,158,0.7805080413818359,0.7387873530387878,1,30,30
44,DRFD,WELL-00019_20150614025713,WELL-00019,8,far_5pct,190,0.7767542600631714,0.7387873530387878,1,30,30
44,DRFD,WELL-00019_20150614025713,WELL-00019,8,far_5pct,222,0.7710207104682922,0.7387873530387878,1,30,30
44,DRFD,WELL-00019_20150614025713,WELL-00019,8,far_5pct,254,0.7623094320297241,0.7387873530387878,1,30,30
44,DRFD,WELL-00019_20150614025713,WELL-00019,8,far_5pct,286,0.7596608996391296,0.7387873530387878,1,30,30
44,DRFD,WELL-00019_20150614025713,WELL-00019,8,far_5pct,318,0.7698296308517456,0.7387873530387878,1,30,30
44,DRFD,WELL-00019_20150614025713,WELL-00019,8,far_5pct,350,0.7934414744377136,0.7387873530387878,1,30,30
44,DRFD,WELL-00019_20150614025713,WELL-00019,8,far_5pct,382,0.8233113884925842,0.7387873530387878,1,30,30
44,DRFD,WELL-00019_20150614025713,WELL-00019,8,far_5pct,414,0.835268497467041,0.7387873530387878,1,30,30
44,DRFD,WELL-00019_20150614025713,WELL-00019,8,far_5pct,446,0.8353686928749084,0.7387873530387878,1,30,30
44,DRFD,WELL-00019_20150614025713,WELL-00019,8,far_5pct,478,0.836445689201355,0.7387873530387878,1,30,30
44,DRFD,WELL-00019_20150614025713,WELL-00019,8,far_5pct,510,0.8389480113983154,0.7387873530387878,1,30,30
44,DRFD,WELL-00019_20210617032654,WELL-00019,8,far_1pct,-227,0.8488523960113525,0.8450891375541687,1,29,29
44,DRFD,WELL-00019_20210617032654,WELL-00019,8,far_1pct,-195,0.8522517681121826,0.8450891375541687,1,29,29
44,DRFD,WELL-00019_20210617032654,WELL-00019,8,far_1pct,-163,0.8537266850471497,0.8450891375541687,1,29,29
44,DRFD,WELL-00019_20210617032654,WELL-00019,8,far_1pct,-131,0.8558453917503357,0.8450891375541687,1,29,29
44,DRFD,WELL-00019_20210617032654,WELL-00019,8,far_1pct,-99,0.8586648106575012,0.8450891375541687,1,29,29
44,DRFD,WELL-00019_20210617032654,WELL-00019,8,far_1pct,-67,0.8594967126846313,0.8450891375541687,1,29,29
44,DRFD,WELL-00019_20210617032654,WELL-00019,8,far_1pct,-35,0.8586175441741943,0.8450891375541687,1,29,29
44,DRFD,WELL-00019_20210617032654,WELL-00019,8,far_1pct,-3,0.8588771224021912,0.8450891375541687,1,29,29
44,DRFD,WELL-00019_20210617032654,WELL-00019,8,far_1pct,29,0.8564611673355103,0.8450891375541687,1,29,29
44,DRFD,WELL-00019_20210617032654,WELL-00019,8,far_1pct,61,0.8667770624160767,0.8450891375541687,1,29,29
44,DRFD,WELL-00019_20210617032654,WELL-00019,8,far_1pct,93,0.8942297101020813,0.8450891375541687,1,29,29
44,DRFD,WELL-00019_20210617032654,WELL-00019,8,far_1pct,125,0.9091268181800842,0.8450891375541687,1,29,29
44,DRFD,WELL-00019_20210617032654,WELL-00019,8,far_1pct,157,0.9144045114517212,0.8450891375541687,1,29,29
44,DRFD,WELL-00019_20210617032654,WELL-00019,8,far_1pct,189,0.9138302803039551,0.8450891375541687,1,29,29
44,DRFD,WELL-00019_20210617032654,WELL-00019,8,far_1pct,221,0.9113838076591492,0.8450891375541687,1,29,29
44,DRFD,WELL-00019_20210617032654,WELL-00019,8,far_1pct,253,0.9093934297561646,0.8450891375541687,1,29,29
44,DRFD,WELL-00019_20210617032654,WELL-00019,8,far_1pct,285,0.9060344099998474,0.8450891375541687,1,29,29
44,DRFD,WELL-00019_20210617032654,WELL-00019,8,far_1pct,317,0.9079587459564209,0.8450891375541687,1,29,29
44,DRFD,WELL-00019_20210617032654,WELL-00019,8,far_1pct,349,0.9102492332458496,0.8450891375541687,1,29,29
44,DRFD,WELL-00019_20210617032654,WELL-00019,8,far_1pct,381,0.9091684222221375,0.8450891375541687,1,29,29
44,DRFD,WELL-00019_20210617032654,WELL-00019,8,far_1pct,413,0.9091811180114746,0.8450891375541687,1,29,29
44,DRFD,WELL-00019_20210617032654,WELL-00019,8,far_1pct,445,0.9092637300491333,0.8450891375541687,1,29,29
44,DRFD,WELL-00019_20210617032654,WELL-00019,8,far_1pct,477,0.9032707214355469,0.8450891375541687,1,29,29
44,DRFD,WELL-00019_20210617032654,WELL-00019,8,far_1pct,509,0.8997611999511719,0.8450891375541687,1,29,29
44,DRFD,WELL-00019_20210617032654,WELL-00019,8,far_5pct,-227,0.8488523960113525,0.7387873530387878,1,29,29
44,DRFD,WELL-00019_20210617032654,WELL-00019,8,far_5pct,-195,0.8522517681121826,0.7387873530387878,1,29,29
44,DRFD,WELL-00019_20210617032654,WELL-00019,8,far_5pct,-163,0.8537266850471497,0.7387873530387878,1,29,29
44,DRFD,WELL-00019_20210617032654,WELL-00019,8,far_5pct,-131,0.8558453917503357,0.7387873530387878,1,29,29
44,DRFD,WELL-00019_20210617032654,WELL-00019,8,far_5pct,-99,0.8586648106575012,0.7387873530387878,1,29,29
44,DRFD,WELL-00019_20210617032654,WELL-00019,8,far_5pct,-67,0.8594967126846313,0.7387873530387878,1,29,29
44,DRFD,WELL-00019_20210617032654,WELL-00019,8,far_5pct,-35,0.8586175441741943,0.7387873530387878,1,29,29
44,DRFD,WELL-00019_20210617032654,WELL-00019,8,far_5pct,-3,0.8588771224021912,0.7387873530387878,1,29,29
44,DRFD,WELL-00019_20210617032654,WELL-00019,8,far_5pct,29,0.8564611673355103,0.7387873530387878,1,29,29
44,DRFD,WELL-00019_20210617032654,WELL-00019,8,far_5pct,61,0.8667770624160767,0.7387873530387878,1,29,29
44,DRFD,WELL-00019_20210617032654,WELL-00019,8,far_5pct,93,0.8942297101020813,0.7387873530387878,1,29,29
44,DRFD,WELL-00019_20210617032654,WELL-00019,8,far_5pct,125,0.9091268181800842,0.7387873530387878,1,29,29
44,DRFD,WELL-00019_20210617032654,WELL-00019,8,far_5pct,157,0.9144045114517212,0.7387873530387878,1,29,29
44,DRFD,WELL-00019_20210617032654,WELL-00019,8,far_5pct,189,0.9138302803039551,0.7387873530387878,1,29,29
44,DRFD,WELL-00019_20210617032654,WELL-00019,8,far_5pct,221,0.9113838076591492,0.7387873530387878,1,29,29
44,DRFD,WELL-00019_20210617032654,WELL-00019,8,far_5pct,253,0.9093934297561646,0.7387873530387878,1,29,29
44,DRFD,WELL-00019_20210617032654,WELL-00019,8,far_5pct,285,0.9060344099998474,0.7387873530387878,1,29,29
44,DRFD,WELL-00019_20210617032654,WELL-00019,8,far_5pct,317,0.9079587459564209,0.7387873530387878,1,29,29
44,DRFD,WELL-00019_20210617032654,WELL-00019,8,far_5pct,349,0.9102492332458496,0.7387873530387878,1,29,29
44,DRFD,WELL-00019_20210617032654,WELL-00019,8,far_5pct,381,0.9091684222221375,0.7387873530387878,1,29,29
44,DRFD,WELL-00019_20210617032654,WELL-00019,8,far_5pct,413,0.9091811180114746,0.7387873530387878,1,29,29
44,DRFD,WELL-00019_20210617032654,WELL-00019,8,far_5pct,445,0.9092637300491333,0.7387873530387878,1,29,29
44,DRFD,WELL-00019_20210617032654,WELL-00019,8,far_5pct,477,0.9032707214355469,0.7387873530387878,1,29,29
44,DRFD,WELL-00019_20210617032654,WELL-00019,8,far_5pct,509,0.8997611999511719,0.7387873530387878,1,29,29
44,DRFD,WELL-00031_20140403170404,WELL-00031,8,far_1pct,-251,0.7786328196525574,0.8450891375541687,0,2277,2277
44,DRFD,WELL-00031_20140403170404,WELL-00031,8,far_1pct,-219,0.7786588072776794,0.8450891375541687,0,2277,2277
44,DRFD,WELL-00031_20140403170404,WELL-00031,8,far_1pct,-187,0.7787487506866455,0.8450891375541687,0,2277,2277
44,DRFD,WELL-00031_20140403170404,WELL-00031,8,far_1pct,-155,0.7789720296859741,0.8450891375541687,0,2277,2277
44,DRFD,WELL-00031_20140403170404,WELL-00031,8,far_1pct,-123,0.7784756422042847,0.8450891375541687,0,2277,2277
44,DRFD,WELL-00031_20140403170404,WELL-00031,8,far_1pct,-91,0.7782394886016846,0.8450891375541687,0,2277,2277
44,DRFD,WELL-00031_20140403170404,WELL-00031,8,far_1pct,-59,0.7773925065994263,0.8450891375541687,0,2277,2277
44,DRFD,WELL-00031_20140403170404,WELL-00031,8,far_1pct,-27,0.7763262391090393,0.8450891375541687,0,2277,2277
44,DRFD,WELL-00031_20140403170404,WELL-00031,8,far_1pct,5,0.7756856679916382,0.8450891375541687,0,2277,2277
44,DRFD,WELL-00031_20140403170404,WELL-00031,8,far_1pct,37,0.775905966758728,0.8450891375541687,0,2277,2277
44,DRFD,WELL-00031_20140403170404,WELL-00031,8,far_1pct,69,0.777104377746582,0.8450891375541687,0,2277,2277
44,DRFD,WELL-00031_20140403170404,WELL-00031,8,far_1pct,101,0.8055129051208496,0.8450891375541687,0,2277,2277
44,DRFD,WELL-00031_20140403170404,WELL-00031,8,far_1pct,133,0.8386910557746887,0.8450891375541687,0,2277,2277
44,DRFD,WELL-00031_20140403170404,WELL-00031,8,far_1pct,165,0.8414322733879089,0.8450891375541687,0,2277,2277
44,DRFD,WELL-00031_20140403170404,WELL-00031,8,far_1pct,197,0.8413168787956238,0.8450891375541687,0,2277,2277
44,DRFD,WELL-00031_20140403170404,WELL-00031,8,far_1pct,229,0.8412142992019653,0.8450891375541687,0,2277,2277
44,DRFD,WELL-00031_20140403170404,WELL-00031,8,far_1pct,261,0.8411117196083069,0.8450891375541687,0,2277,2277
44,DRFD,WELL-00031_20140403170404,WELL-00031,8,far_1pct,293,0.8410091400146484,0.8450891375541687,0,2277,2277
44,DRFD,WELL-00031_20140403170404,WELL-00031,8,far_1pct,325,0.8409064412117004,0.8450891375541687,0,2277,2277
44,DRFD,WELL-00031_20140403170404,WELL-00031,8,far_1pct,357,0.8408037424087524,0.8450891375541687,0,2277,2277
44,DRFD,WELL-00031_20140403170404,WELL-00031,8,far_1pct,389,0.8407009840011597,0.8450891375541687,0,2277,2277
44,DRFD,WELL-00031_20140403170404,WELL-00031,8,far_1pct,421,0.8405982255935669,0.8450891375541687,0,2277,2277
44,DRFD,WELL-00031_20140403170404,WELL-00031,8,far_1pct,453,0.8404954075813293,0.8450891375541687,0,2277,2277
44,DRFD,WELL-00031_20140403170404,WELL-00031,8,far_1pct,485,0.8403924703598022,0.8450891375541687,0,2277,2277
44,DRFD,WELL-00031_20140403170404,WELL-00031,8,far_5pct,-251,0.7786328196525574,0.7387873530387878,1,5,5
44,DRFD,WELL-00031_20140403170404,WELL-00031,8,far_5pct,-219,0.7786588072776794,0.7387873530387878,1,5,5
44,DRFD,WELL-00031_20140403170404,WELL-00031,8,far_5pct,-187,0.7787487506866455,0.7387873530387878,1,5,5
44,DRFD,WELL-00031_20140403170404,WELL-00031,8,far_5pct,-155,0.7789720296859741,0.7387873530387878,1,5,5
44,DRFD,WELL-00031_20140403170404,WELL-00031,8,far_5pct,-123,0.7784756422042847,0.7387873530387878,1,5,5
44,DRFD,WELL-00031_20140403170404,WELL-00031,8,far_5pct,-91,0.7782394886016846,0.7387873530387878,1,5,5
44,DRFD,WELL-00031_20140403170404,WELL-00031,8,far_5pct,-59,0.7773925065994263,0.7387873530387878,1,5,5
44,DRFD,WELL-00031_20140403170404,WELL-00031,8,far_5pct,-27,0.7763262391090393,0.7387873530387878,1,5,5
44,DRFD,WELL-00031_20140403170404,WELL-00031,8,far_5pct,5,0.7756856679916382,0.7387873530387878,1,5,5
44,DRFD,WELL-00031_20140403170404,WELL-00031,8,far_5pct,37,0.775905966758728,0.7387873530387878,1,5,5
44,DRFD,WELL-00031_20140403170404,WELL-00031,8,far_5pct,69,0.777104377746582,0.7387873530387878,1,5,5
44,DRFD,WELL-00031_20140403170404,WELL-00031,8,far_5pct,101,0.8055129051208496,0.7387873530387878,1,5,5
44,DRFD,WELL-00031_20140403170404,WELL-00031,8,far_5pct,133,0.8386910557746887,0.7387873530387878,1,5,5
44,DRFD,WELL-00031_20140403170404,WELL-00031,8,far_5pct,165,0.8414322733879089,0.7387873530387878,1,5,5
44,DRFD,WELL-00031_20140403170404,WELL-00031,8,far_5pct,197,0.8413168787956238,0.7387873530387878,1,5,5
44,DRFD,WELL-00031_20140403170404,WELL-00031,8,far_5pct,229,0.8412142992019653,0.7387873530387878,1,5,5
44,DRFD,WELL-00031_20140403170404,WELL-00031,8,far_5pct,261,0.8411117196083069,0.7387873530387878,1,5,5
44,DRFD,WELL-00031_20140403170404,WELL-00031,8,far_5pct,293,0.8410091400146484,0.7387873530387878,1,5,5
44,DRFD,WELL-00031_20140403170404,WELL-00031,8,far_5pct,325,0.8409064412117004,0.7387873530387878,1,5,5
44,DRFD,WELL-00031_20140403170404,WELL-00031,8,far_5pct,357,0.8408037424087524,0.7387873530387878,1,5,5
44,DRFD,WELL-00031_20140403170404,WELL-00031,8,far_5pct,389,0.8407009840011597,0.7387873530387878,1,5,5
44,DRFD,WELL-00031_20140403170404,WELL-00031,8,far_5pct,421,0.8405982255935669,0.7387873530387878,1,5,5
44,DRFD,WELL-00031_20140403170404,WELL-00031,8,far_5pct,453,0.8404954075813293,0.7387873530387878,1,5,5
44,DRFD,WELL-00031_20140403170404,WELL-00031,8,far_5pct,485,0.8403924703598022,0.7387873530387878,1,5,5
44,DRFD,WELL-00014_20160304155906,WELL-00014,9,far_1pct,-248,0.526564359664917,0.8450891375541687,0,,
44,DRFD,WELL-00014_20160304155906,WELL-00014,9,far_1pct,-216,0.5284131169319153,0.8450891375541687,0,,
44,DRFD,WELL-00014_20160304155906,WELL-00014,9,far_1pct,-184,0.5297936201095581,0.8450891375541687,0,,
44,DRFD,WELL-00014_20160304155906,WELL-00014,9,far_1pct,-152,0.5307908654212952,0.8450891375541687,0,,
44,DRFD,WELL-00014_20160304155906,WELL-00014,9,far_1pct,-120,0.53240966796875,0.8450891375541687,0,,
44,DRFD,WELL-00014_20160304155906,WELL-00014,9,far_1pct,-88,0.5333067774772644,0.8450891375541687,0,,
44,DRFD,WELL-00014_20160304155906,WELL-00014,9,far_1pct,-56,0.5327452421188354,0.8450891375541687,0,,
44,DRFD,WELL-00014_20160304155906,WELL-00014,9,far_1pct,-24,0.5328121781349182,0.8450891375541687,0,,
44,DRFD,WELL-00014_20160304155906,WELL-00014,9,far_1pct,8,0.53302001953125,0.8450891375541687,0,,
44,DRFD,WELL-00014_20160304155906,WELL-00014,9,far_1pct,40,0.5325796604156494,0.8450891375541687,0,,
44,DRFD,WELL-00014_20160304155906,WELL-00014,9,far_1pct,72,0.5319861173629761,0.8450891375541687,0,,
44,DRFD,WELL-00014_20160304155906,WELL-00014,9,far_1pct,104,0.5313013195991516,0.8450891375541687,0,,
44,DRFD,WELL-00014_20160304155906,WELL-00014,9,far_1pct,136,0.5309261083602905,0.8450891375541687,0,,
44,DRFD,WELL-00014_20160304155906,WELL-00014,9,far_1pct,168,0.530057430267334,0.8450891375541687,0,,
44,DRFD,WELL-00014_20160304155906,WELL-00014,9,far_1pct,200,0.5287355184555054,0.8450891375541687,0,,
44,DRFD,WELL-00014_20160304155906,WELL-00014,9,far_1pct,232,0.5278477072715759,0.8450891375541687,0,,
44,DRFD,WELL-00014_20160304155906,WELL-00014,9,far_1pct,264,0.5264871120452881,0.8450891375541687,0,,
44,DRFD,WELL-00014_20160304155906,WELL-00014,9,far_1pct,296,0.5245704054832458,0.8450891375541687,0,,
44,DRFD,WELL-00014_20160304155906,WELL-00014,9,far_1pct,328,0.5235919952392578,0.8450891375541687,0,,
44,DRFD,WELL-00014_20160304155906,WELL-00014,9,far_1pct,360,0.5235644578933716,0.8450891375541687,0,,
44,DRFD,WELL-00014_20160304155906,WELL-00014,9,far_1pct,392,0.5243619680404663,0.8450891375541687,0,,
44,DRFD,WELL-00014_20160304155906,WELL-00014,9,far_1pct,424,0.5247445106506348,0.8450891375541687,0,,
44,DRFD,WELL-00014_20160304155906,WELL-00014,9,far_1pct,456,0.5258136987686157,0.8450891375541687,0,,
44,DRFD,WELL-00014_20160304155906,WELL-00014,9,far_1pct,488,0.5272305011749268,0.8450891375541687,0,,
44,DRFD,WELL-00014_20160304155906,WELL-00014,9,far_5pct,-248,0.526564359664917,0.7387873530387878,0,,
44,DRFD,WELL-00014_20160304155906,WELL-00014,9,far_5pct,-216,0.5284131169319153,0.7387873530387878,0,,
44,DRFD,WELL-00014_20160304155906,WELL-00014,9,far_5pct,-184,0.5297936201095581,0.7387873530387878,0,,
44,DRFD,WELL-00014_20160304155906,WELL-00014,9,far_5pct,-152,0.5307908654212952,0.7387873530387878,0,,
44,DRFD,WELL-00014_20160304155906,WELL-00014,9,far_5pct,-120,0.53240966796875,0.7387873530387878,0,,
44,DRFD,WELL-00014_20160304155906,WELL-00014,9,far_5pct,-88,0.5333067774772644,0.7387873530387878,0,,
44,DRFD,WELL-00014_20160304155906,WELL-00014,9,far_5pct,-56,0.5327452421188354,0.7387873530387878,0,,
44,DRFD,WELL-00014_20160304155906,WELL-00014,9,far_5pct,-24,0.5328121781349182,0.7387873530387878,0,,
44,DRFD,WELL-00014_20160304155906,WELL-00014,9,far_5pct,8,0.53302001953125,0.7387873530387878,0,,
44,DRFD,WELL-00014_20160304155906,WELL-00014,9,far_5pct,40,0.5325796604156494,0.7387873530387878,0,,
44,DRFD,WELL-00014_20160304155906,WELL-00014,9,far_5pct,72,0.5319861173629761,0.7387873530387878,0,,
44,DRFD,WELL-00014_20160304155906,WELL-00014,9,far_5pct,104,0.5313013195991516,0.7387873530387878,0,,
44,DRFD,WELL-00014_20160304155906,WELL-00014,9,far_5pct,136,0.5309261083602905,0.7387873530387878,0,,
44,DRFD,WELL-00014_20160304155906,WELL-00014,9,far_5pct,168,0.530057430267334,0.7387873530387878,0,,
44,DRFD,WELL-00014_20160304155906,WELL-00014,9,far_5pct,200,0.5287355184555054,0.7387873530387878,0,,
44,DRFD,WELL-00014_20160304155906,WELL-00014,9,far_5pct,232,0.5278477072715759,0.7387873530387878,0,,
44,DRFD,WELL-00014_20160304155906,WELL-00014,9,far_5pct,264,0.5264871120452881,0.7387873530387878,0,,
44,DRFD,WELL-00014_20160304155906,WELL-00014,9,far_5pct,296,0.5245704054832458,0.7387873530387878,0,,
44,DRFD,WELL-00014_20160304155906,WELL-00014,9,far_5pct,328,0.5235919952392578,0.7387873530387878,0,,
44,DRFD,WELL-00014_20160304155906,WELL-00014,9,far_5pct,360,0.5235644578933716,0.7387873530387878,0,,
44,DRFD,WELL-00014_20160304155906,WELL-00014,9,far_5pct,392,0.5243619680404663,0.7387873530387878,0,,
44,DRFD,WELL-00014_20160304155906,WELL-00014,9,far_5pct,424,0.5247445106506348,0.7387873530387878,0,,
44,DRFD,WELL-00014_20160304155906,WELL-00014,9,far_5pct,456,0.5258136987686157,0.7387873530387878,0,,
44,DRFD,WELL-00014_20160304155906,WELL-00014,9,far_5pct,488,0.5272305011749268,0.7387873530387878,0,,
44,DRFD,WELL-00014_20160306070000,WELL-00014,9,far_1pct,-256,0.5279492139816284,0.8450891375541687,0,,
44,DRFD,WELL-00014_20160306070000,WELL-00014,9,far_1pct,-224,0.5255964398384094,0.8450891375541687,0,,
44,DRFD,WELL-00014_20160306070000,WELL-00014,9,far_1pct,-192,0.5247101783752441,0.8450891375541687,0,,
44,DRFD,WELL-00014_20160306070000,WELL-00014,9,far_1pct,-160,0.5260316133499146,0.8450891375541687,0,,
44,DRFD,WELL-00014_20160306070000,WELL-00014,9,far_1pct,-128,0.5276203155517578,0.8450891375541687,0,,
44,DRFD,WELL-00014_20160306070000,WELL-00014,9,far_1pct,-96,0.5288270711898804,0.8450891375541687,0,,
44,DRFD,WELL-00014_20160306070000,WELL-00014,9,far_1pct,-64,0.5298482775688171,0.8450891375541687,0,,
44,DRFD,WELL-00014_20160306070000,WELL-00014,9,far_1pct,-32,0.528844952583313,0.8450891375541687,0,,
44,DRFD,WELL-00014_20160306070000,WELL-00014,9,far_1pct,0,0.5280392169952393,0.8450891375541687,0,,
44,DRFD,WELL-00014_20160306070000,WELL-00014,9,far_1pct,32,0.528268575668335,0.8450891375541687,0,,
44,DRFD,WELL-00014_20160306070000,WELL-00014,9,far_1pct,64,0.5305434465408325,0.8450891375541687,0,,
44,DRFD,WELL-00014_20160306070000,WELL-00014,9,far_1pct,96,0.5325722694396973,0.8450891375541687,0,,
44,DRFD,WELL-00014_20160306070000,WELL-00014,9,far_1pct,128,0.5321887731552124,0.8450891375541687,0,,
44,DRFD,WELL-00014_20160306070000,WELL-00014,9,far_1pct,160,0.5307226181030273,0.8450891375541687,0,,
44,DRFD,WELL-00014_20160306070000,WELL-00014,9,far_1pct,192,0.5299385190010071,0.8450891375541687,0,,
44,DRFD,WELL-00014_20160306070000,WELL-00014,9,far_1pct,224,0.530442476272583,0.8450891375541687,0,,
44,DRFD,WELL-00014_20160306070000,WELL-00014,9,far_1pct,256,0.5310143232345581,0.8450891375541687,0,,
44,DRFD,WELL-00014_20160306070000,WELL-00014,9,far_1pct,288,0.5308692455291748,0.8450891375541687,0,,
44,DRFD,WELL-00014_20160306070000,WELL-00014,9,far_1pct,320,0.5310372114181519,0.8450891375541687,0,,
44,DRFD,WELL-00014_20160306070000,WELL-00014,9,far_1pct,352,0.5319745540618896,0.8450891375541687,0,,
44,DRFD,WELL-00014_20160306070000,WELL-00014,9,far_1pct,384,0.532865047454834,0.8450891375541687,0,,
44,DRFD,WELL-00014_20160306070000,WELL-00014,9,far_1pct,416,0.5322418212890625,0.8450891375541687,0,,
44,DRFD,WELL-00014_20160306070000,WELL-00014,9,far_1pct,448,0.5311679840087891,0.8450891375541687,0,,
44,DRFD,WELL-00014_20160306070000,WELL-00014,9,far_1pct,480,0.5307910442352295,0.8450891375541687,0,,
44,DRFD,WELL-00014_20160306070000,WELL-00014,9,far_1pct,512,0.5300378799438477,0.8450891375541687,0,,
44,DRFD,WELL-00014_20160306070000,WELL-00014,9,far_5pct,-256,0.5279492139816284,0.7387873530387878,0,,
44,DRFD,WELL-00014_20160306070000,WELL-00014,9,far_5pct,-224,0.5255964398384094,0.7387873530387878,0,,
44,DRFD,WELL-00014_20160306070000,WELL-00014,9,far_5pct,-192,0.5247101783752441,0.7387873530387878,0,,
44,DRFD,WELL-00014_20160306070000,WELL-00014,9,far_5pct,-160,0.5260316133499146,0.7387873530387878,0,,
44,DRFD,WELL-00014_20160306070000,WELL-00014,9,far_5pct,-128,0.5276203155517578,0.7387873530387878,0,,
44,DRFD,WELL-00014_20160306070000,WELL-00014,9,far_5pct,-96,0.5288270711898804,0.7387873530387878,0,,
44,DRFD,WELL-00014_20160306070000,WELL-00014,9,far_5pct,-64,0.5298482775688171,0.7387873530387878,0,,
44,DRFD,WELL-00014_20160306070000,WELL-00014,9,far_5pct,-32,0.528844952583313,0.7387873530387878,0,,
44,DRFD,WELL-00014_20160306070000,WELL-00014,9,far_5pct,0,0.5280392169952393,0.7387873530387878,0,,
44,DRFD,WELL-00014_20160306070000,WELL-00014,9,far_5pct,32,0.528268575668335,0.7387873530387878,0,,
44,DRFD,WELL-00014_20160306070000,WELL-00014,9,far_5pct,64,0.5305434465408325,0.7387873530387878,0,,
44,DRFD,WELL-00014_20160306070000,WELL-00014,9,far_5pct,96,0.5325722694396973,0.7387873530387878,0,,
44,DRFD,WELL-00014_20160306070000,WELL-00014,9,far_5pct,128,0.5321887731552124,0.7387873530387878,0,,
44,DRFD,WELL-00014_20160306070000,WELL-00014,9,far_5pct,160,0.5307226181030273,0.7387873530387878,0,,
44,DRFD,WELL-00014_20160306070000,WELL-00014,9,far_5pct,192,0.5299385190010071,0.7387873530387878,0,,
44,DRFD,WELL-00014_20160306070000,WELL-00014,9,far_5pct,224,0.530442476272583,0.7387873530387878,0,,
44,DRFD,WELL-00014_20160306070000,WELL-00014,9,far_5pct,256,0.5310143232345581,0.7387873530387878,0,,
44,DRFD,WELL-00014_20160306070000,WELL-00014,9,far_5pct,288,0.5308692455291748,0.7387873530387878,0,,
44,DRFD,WELL-00014_20160306070000,WELL-00014,9,far_5pct,320,0.5310372114181519,0.7387873530387878,0,,
44,DRFD,WELL-00014_20160306070000,WELL-00014,9,far_5pct,352,0.5319745540618896,0.7387873530387878,0,,
44,DRFD,WELL-00014_20160306070000,WELL-00014,9,far_5pct,384,0.532865047454834,0.7387873530387878,0,,
44,DRFD,WELL-00014_20160306070000,WELL-00014,9,far_5pct,416,0.5322418212890625,0.7387873530387878,0,,
44,DRFD,WELL-00014_20160306070000,WELL-00014,9,far_5pct,448,0.5311679840087891,0.7387873530387878,0,,
44,DRFD,WELL-00014_20160306070000,WELL-00014,9,far_5pct,480,0.5307910442352295,0.7387873530387878,0,,
44,DRFD,WELL-00014_20160306070000,WELL-00014,9,far_5pct,512,0.5300378799438477,0.7387873530387878,0,,
44,DRFD,WELL-00014_20170214190000,WELL-00014,9,far_1pct,-239,0.642349123954773,0.8450891375541687,0,,
44,DRFD,WELL-00014_20170214190000,WELL-00014,9,far_1pct,-207,0.641417384147644,0.8450891375541687,0,,
44,DRFD,WELL-00014_20170214190000,WELL-00014,9,far_1pct,-175,0.6236920356750488,0.8450891375541687,0,,
44,DRFD,WELL-00014_20170214190000,WELL-00014,9,far_1pct,-143,0.575819730758667,0.8450891375541687,0,,
44,DRFD,WELL-00014_20170214190000,WELL-00014,9,far_1pct,-111,0.5897802710533142,0.8450891375541687,0,,
44,DRFD,WELL-00014_20170214190000,WELL-00014,9,far_1pct,-79,0.6387280225753784,0.8450891375541687,0,,
44,DRFD,WELL-00014_20170214190000,WELL-00014,9,far_1pct,-47,0.6388452053070068,0.8450891375541687,0,,
44,DRFD,WELL-00014_20170214190000,WELL-00014,9,far_1pct,-15,0.638222336769104,0.8450891375541687,0,,
44,DRFD,WELL-00014_20170214190000,WELL-00014,9,far_1pct,17,0.6390793323516846,0.8450891375541687,0,,
44,DRFD,WELL-00014_20170214190000,WELL-00014,9,far_1pct,49,0.6400090456008911,0.8450891375541687,0,,
44,DRFD,WELL-00014_20170214190000,WELL-00014,9,far_1pct,81,0.6397876739501953,0.8450891375541687,0,,
44,DRFD,WELL-00014_20170214190000,WELL-00014,9,far_1pct,113,0.6391226649284363,0.8450891375541687,0,,
44,DRFD,WELL-00014_20170214190000,WELL-00014,9,far_1pct,145,0.6414296627044678,0.8450891375541687,0,,
44,DRFD,WELL-00014_20170214190000,WELL-00014,9,far_1pct,177,0.6474734544754028,0.8450891375541687,0,,
44,DRFD,WELL-00014_20170214190000,WELL-00014,9,far_1pct,209,0.6483664512634277,0.8450891375541687,0,,
44,DRFD,WELL-00014_20170214190000,WELL-00014,9,far_1pct,241,0.6444745063781738,0.8450891375541687,0,,
44,DRFD,WELL-00014_20170214190000,WELL-00014,9,far_1pct,273,0.6402289867401123,0.8450891375541687,0,,
44,DRFD,WELL-00014_20170214190000,WELL-00014,9,far_1pct,305,0.6352963447570801,0.8450891375541687,0,,
44,DRFD,WELL-00014_20170214190000,WELL-00014,9,far_1pct,337,0.6295415163040161,0.8450891375541687,0,,
44,DRFD,WELL-00014_20170214190000,WELL-00014,9,far_1pct,369,0.6245039105415344,0.8450891375541687,0,,
44,DRFD,WELL-00014_20170214190000,WELL-00014,9,far_1pct,401,0.6229541301727295,0.8450891375541687,0,,
44,DRFD,WELL-00014_20170214190000,WELL-00014,9,far_1pct,433,0.6254028677940369,0.8450891375541687,0,,
44,DRFD,WELL-00014_20170214190000,WELL-00014,9,far_1pct,465,0.63006591796875,0.8450891375541687,0,,
44,DRFD,WELL-00014_20170214190000,WELL-00014,9,far_1pct,497,0.6375315189361572,0.8450891375541687,0,,
44,DRFD,WELL-00014_20170214190000,WELL-00014,9,far_5pct,-239,0.642349123954773,0.7387873530387878,0,689,689
44,DRFD,WELL-00014_20170214190000,WELL-00014,9,far_5pct,-207,0.641417384147644,0.7387873530387878,0,689,689
44,DRFD,WELL-00014_20170214190000,WELL-00014,9,far_5pct,-175,0.6236920356750488,0.7387873530387878,0,689,689
44,DRFD,WELL-00014_20170214190000,WELL-00014,9,far_5pct,-143,0.575819730758667,0.7387873530387878,0,689,689
44,DRFD,WELL-00014_20170214190000,WELL-00014,9,far_5pct,-111,0.5897802710533142,0.7387873530387878,0,689,689
44,DRFD,WELL-00014_20170214190000,WELL-00014,9,far_5pct,-79,0.6387280225753784,0.7387873530387878,0,689,689
44,DRFD,WELL-00014_20170214190000,WELL-00014,9,far_5pct,-47,0.6388452053070068,0.7387873530387878,0,689,689
44,DRFD,WELL-00014_20170214190000,WELL-00014,9,far_5pct,-15,0.638222336769104,0.7387873530387878,0,689,689
44,DRFD,WELL-00014_20170214190000,WELL-00014,9,far_5pct,17,0.6390793323516846,0.7387873530387878,0,689,689
44,DRFD,WELL-00014_20170214190000,WELL-00014,9,far_5pct,49,0.6400090456008911,0.7387873530387878,0,689,689
44,DRFD,WELL-00014_20170214190000,WELL-00014,9,far_5pct,81,0.6397876739501953,0.7387873530387878,0,689,689
44,DRFD,WELL-00014_20170214190000,WELL-00014,9,far_5pct,113,0.6391226649284363,0.7387873530387878,0,689,689
44,DRFD,WELL-00014_20170214190000,WELL-00014,9,far_5pct,145,0.6414296627044678,0.7387873530387878,0,689,689
44,DRFD,WELL-00014_20170214190000,WELL-00014,9,far_5pct,177,0.6474734544754028,0.7387873530387878,0,689,689
44,DRFD,WELL-00014_20170214190000,WELL-00014,9,far_5pct,209,0.6483664512634277,0.7387873530387878,0,689,689
44,DRFD,WELL-00014_20170214190000,WELL-00014,9,far_5pct,241,0.6444745063781738,0.7387873530387878,0,689,689
44,DRFD,WELL-00014_20170214190000,WELL-00014,9,far_5pct,273,0.6402289867401123,0.7387873530387878,0,689,689
44,DRFD,WELL-00014_20170214190000,WELL-00014,9,far_5pct,305,0.6352963447570801,0.7387873530387878,0,689,689
44,DRFD,WELL-00014_20170214190000,WELL-00014,9,far_5pct,337,0.6295415163040161,0.7387873530387878,0,689,689
44,DRFD,WELL-00014_20170214190000,WELL-00014,9,far_5pct,369,0.6245039105415344,0.7387873530387878,0,689,689
44,DRFD,WELL-00014_20170214190000,WELL-00014,9,far_5pct,401,0.6229541301727295,0.7387873530387878,0,689,689
44,DRFD,WELL-00014_20170214190000,WELL-00014,9,far_5pct,433,0.6254028677940369,0.7387873530387878,0,689,689
44,DRFD,WELL-00014_20170214190000,WELL-00014,9,far_5pct,465,0.63006591796875,0.7387873530387878,0,689,689
44,DRFD,WELL-00014_20170214190000,WELL-00014,9,far_5pct,497,0.6375315189361572,0.7387873530387878,0,689,689
44,DRFD,WELL-00020_20131004225400,WELL-00020,9,far_1pct,-235,0.8915121555328369,0.8450891375541687,1,21,21
44,DRFD,WELL-00020_20131004225400,WELL-00020,9,far_1pct,-203,0.8914546966552734,0.8450891375541687,1,21,21
44,DRFD,WELL-00020_20131004225400,WELL-00020,9,far_1pct,-171,0.8915174007415771,0.8450891375541687,1,21,21
44,DRFD,WELL-00020_20131004225400,WELL-00020,9,far_1pct,-139,0.8915945291519165,0.8450891375541687,1,21,21
44,DRFD,WELL-00020_20131004225400,WELL-00020,9,far_1pct,-107,0.9104066491127014,0.8450891375541687,1,21,21
44,DRFD,WELL-00020_20131004225400,WELL-00020,9,far_1pct,-75,0.9336565136909485,0.8450891375541687,1,21,21
44,DRFD,WELL-00020_20131004225400,WELL-00020,9,far_1pct,-43,0.9378533959388733,0.8450891375541687,1,21,21
44,DRFD,WELL-00020_20131004225400,WELL-00020,9,far_1pct,-11,0.9379375576972961,0.8450891375541687,1,21,21
44,DRFD,WELL-00020_20131004225400,WELL-00020,9,far_1pct,21,0.9383540153503418,0.8450891375541687,1,21,21
44,DRFD,WELL-00020_20131004225400,WELL-00020,9,far_1pct,53,0.9405681490898132,0.8450891375541687,1,21,21
44,DRFD,WELL-00020_20131004225400,WELL-00020,9,far_1pct,85,0.943630039691925,0.8450891375541687,1,21,21
44,DRFD,WELL-00020_20131004225400,WELL-00020,9,far_1pct,117,0.9472446441650391,0.8450891375541687,1,21,21
44,DRFD,WELL-00020_20131004225400,WELL-00020,9,far_1pct,149,0.9494712948799133,0.8450891375541687,1,21,21
44,DRFD,WELL-00020_20131004225400,WELL-00020,9,far_1pct,181,0.9468233585357666,0.8450891375541687,1,21,21
44,DRFD,WELL-00020_20131004225400,WELL-00020,9,far_5pct,-235,0.8915121555328369,0.7387873530387878,1,21,21
44,DRFD,WELL-00020_20131004225400,WELL-00020,9,far_5pct,-203,0.8914546966552734,0.7387873530387878,1,21,21
44,DRFD,WELL-00020_20131004225400,WELL-00020,9,far_5pct,-171,0.8915174007415771,0.7387873530387878,1,21,21
44,DRFD,WELL-00020_20131004225400,WELL-00020,9,far_5pct,-139,0.8915945291519165,0.7387873530387878,1,21,21
44,DRFD,WELL-00020_20131004225400,WELL-00020,9,far_5pct,-107,0.9104066491127014,0.7387873530387878,1,21,21
44,DRFD,WELL-00020_20131004225400,WELL-00020,9,far_5pct,-75,0.9336565136909485,0.7387873530387878,1,21,21
44,DRFD,WELL-00020_20131004225400,WELL-00020,9,far_5pct,-43,0.9378533959388733,0.7387873530387878,1,21,21
44,DRFD,WELL-00020_20131004225400,WELL-00020,9,far_5pct,-11,0.9379375576972961,0.7387873530387878,1,21,21
44,DRFD,WELL-00020_20131004225400,WELL-00020,9,far_5pct,21,0.9383540153503418,0.7387873530387878,1,21,21
44,DRFD,WELL-00020_20131004225400,WELL-00020,9,far_5pct,53,0.9405681490898132,0.7387873530387878,1,21,21
44,DRFD,WELL-00020_20131004225400,WELL-00020,9,far_5pct,85,0.943630039691925,0.7387873530387878,1,21,21
44,DRFD,WELL-00020_20131004225400,WELL-00020,9,far_5pct,117,0.9472446441650391,0.7387873530387878,1,21,21
44,DRFD,WELL-00020_20131004225400,WELL-00020,9,far_5pct,149,0.9494712948799133,0.7387873530387878,1,21,21
44,DRFD,WELL-00020_20131004225400,WELL-00020,9,far_5pct,181,0.9468233585357666,0.7387873530387878,1,21,21
