dataset,channel,frequency_bin,domain_score,domain_mask,fault_mask,quadrant
3W,0,0,0.9959290623664856,0.9889655113220215,0.36442673206329346,fault_low_domain_high
3W,0,1,0.6887729167938232,0.9724137783050537,0.34006267786026,fault_low_domain_high
3W,0,2,0.5158056616783142,0.8399999737739563,0.3768848180770874,fault_low_domain_high
3W,0,3,0.46962210536003113,0.7806896567344666,0.37819820642471313,fault_low_domain_high
3W,0,4,0.46924448013305664,0.7793103456497192,0.3783709406852722,fault_low_domain_high
3W,0,5,0.4644854664802551,0.7724137902259827,0.37896284461021423,fault_low_domain_high
3W,0,6,0.4474928081035614,0.7627586126327515,0.3838536739349365,fault_low_domain_high
3W,0,7,0.4478323757648468,0.7641379237174988,0.38440796732902527,fault_low_domain_high
3W,0,8,0.450949102640152,0.7668965458869934,0.3893374800682068,fault_low_domain_high
3W,0,9,0.46065258979797363,0.7710344791412354,0.385694682598114,fault_low_domain_high
3W,0,10,0.4447714686393738,0.7613793015480042,0.36997708678245544,fault_low_domain_high
3W,0,11,0.45180901885032654,0.7682758569717407,0.3865639567375183,fault_low_domain_high
3W,0,12,0.43363654613494873,0.7379310131072998,0.39306432008743286,fault_low_domain_high
3W,0,13,0.44210413098335266,0.7572413682937622,0.38737812638282776,fault_low_domain_high
3W,0,14,0.44428932666778564,0.7599999904632568,0.38399258255958557,fault_low_domain_high
3W,0,15,0.43982386589050293,0.751724123954773,0.38493722677230835,fault_low_domain_high
3W,0,16,0.4382270872592926,0.7489655017852783,0.3910444378852844,fault_low_domain_high
3W,0,17,0.4386058449745178,0.7503448128700256,0.3853205144405365,fault_low_domain_high
3W,0,18,0.4346493184566498,0.7406896352767944,0.3942876160144806,fault_low_domain_high
3W,0,19,0.4377661347389221,0.7462068796157837,0.3879348635673523,fault_low_domain_high
3W,0,20,0.43113812804222107,0.7310344576835632,0.3767823278903961,fault_low_domain_high
3W,0,21,0.4336605966091156,0.7393103241920471,0.3880050778388977,fault_low_domain_high
3W,0,22,0.4332978427410126,0.7365517020225525,0.3926010727882385,fault_low_domain_high
3W,0,23,0.4318561255931854,0.7324137687683105,0.3882339894771576,fault_low_domain_high
3W,0,24,0.4328470230102539,0.7337930798530579,0.38182082772254944,fault_low_domain_high
3W,0,25,0.4329700469970703,0.7351723909378052,0.38612666726112366,fault_low_domain_high
3W,0,26,0.43647247552871704,0.7434482574462891,0.3921074867248535,fault_low_domain_high
3W,0,27,0.44273674488067627,0.7586206793785095,0.3831062614917755,fault_low_domain_high
3W,0,28,0.436814546585083,0.7448275685310364,0.39313846826553345,fault_low_domain_high
3W,0,29,0.43783238530158997,0.747586190700531,0.38755887746810913,fault_low_domain_high
3W,0,30,0.4408273696899414,0.7544827461242676,0.3790220022201538,fault_low_domain_high
3W,0,31,0.44048231840133667,0.7531034350395203,0.38865572214126587,fault_low_domain_high
3W,0,32,0.4360424280166626,0.7420689463615417,0.3923971354961395,fault_low_domain_high
3W,1,0,0.9562276601791382,0.9806896448135376,0.38049837946891785,fault_low_domain_high
3W,1,1,0.08539599180221558,0.4689655303955078,0.2915205955505371,fault_low_domain_low
3W,1,2,0.10735350102186203,0.4855172336101532,0.2971326410770416,fault_low_domain_low
3W,1,3,0.09328620135784149,0.475862056016922,0.2934815287590027,fault_low_domain_low
3W,1,4,0.10136710107326508,0.48275861144065857,0.3012247085571289,fault_low_domain_low
3W,1,5,0.09288205951452255,0.47310343384742737,0.2966901957988739,fault_low_domain_low
3W,1,6,0.08613219112157822,0.4703448414802551,0.29042863845825195,fault_low_domain_low
3W,1,7,0.08479844778776169,0.4675862193107605,0.28841501474380493,fault_low_domain_low
3W,1,8,0.0603669174015522,0.45241379737854004,0.29071083664894104,fault_low_domain_low
3W,1,9,0.0428185872733593,0.44551724195480347,0.3106057643890381,fault_low_domain_low
3W,1,10,0.05576721951365471,0.4496551752090454,0.29976266622543335,fault_low_domain_low
3W,1,11,0.10191665589809418,0.4841379225254059,0.2882930636405945,fault_low_domain_low
3W,1,12,0.10907323658466339,0.4868965446949005,0.2888515293598175,fault_low_domain_low
3W,1,13,0.09323339909315109,0.4744827449321747,0.2883211374282837,fault_low_domain_low
3W,1,14,0.09777272492647171,0.4786206781864166,0.2888263165950775,fault_low_domain_low
3W,1,15,0.07860572636127472,0.46482759714126587,0.28894278407096863,fault_low_domain_low
3W,1,16,0.044080641120672226,0.4468965530395508,0.2996895909309387,fault_low_domain_low
3W,1,17,0.07453526556491852,0.46344828605651855,0.29166379570961,fault_low_domain_low
3W,1,18,0.05870867893099785,0.4510344862937927,0.29619479179382324,fault_low_domain_low
3W,1,19,0.052106138318777084,0.4482758641242981,0.30601927638053894,fault_low_domain_low
3W,1,20,0.08279112726449966,0.4662069082260132,0.29222580790519714,fault_low_domain_low
3W,1,21,0.11085330694913864,0.4882758557796478,0.28870248794555664,fault_low_domain_low
3W,1,22,0.1010633036494255,0.48137930035591125,0.28941577672958374,fault_low_domain_low
3W,1,23,0.0951126292347908,0.4772413671016693,0.2894674837589264,fault_low_domain_low
3W,1,24,0.07333622127771378,0.46206897497177124,0.2912578582763672,fault_low_domain_low
3W,1,25,0.07169517129659653,0.4606896638870239,0.2951115667819977,fault_low_domain_low
3W,1,26,0.07054030150175095,0.4593103528022766,0.2957301139831543,fault_low_domain_low
3W,1,27,0.06682324409484863,0.4579310417175293,0.29356998205184937,fault_low_domain_low
3W,1,28,0.06540193408727646,0.456551730632782,0.29548773169517517,fault_low_domain_low
3W,1,29,0.06500864028930664,0.45517241954803467,0.29770413041114807,fault_low_domain_low
3W,1,30,0.0922342836856842,0.47172415256500244,0.29046082496643066,fault_low_domain_low
3W,1,31,0.10061804950237274,0.47999998927116394,0.2903323769569397,fault_low_domain_low
3W,1,32,0.06248914450407028,0.45379310846328735,0.3414694368839264,fault_low_domain_low
3W,2,0,1.0,0.9931034445762634,0.30708837509155273,fault_low_domain_high
3W,2,1,0.0,0.22206896543502808,0.2882382273674011,fault_low_domain_low
3W,2,2,0.0,0.22206896543502808,0.2882382273674011,fault_low_domain_low
3W,2,3,0.0,0.22206896543502808,0.2882382273674011,fault_low_domain_low
3W,2,4,0.0,0.22206896543502808,0.2882382273674011,fault_low_domain_low
3W,2,5,0.0,0.22206896543502808,0.2882382273674011,fault_low_domain_low
3W,2,6,0.0,0.22206896543502808,0.2882382273674011,fault_low_domain_low
3W,2,7,0.0,0.22206896543502808,0.2882382273674011,fault_low_domain_low
3W,2,8,0.0,0.22206896543502808,0.2882382273674011,fault_low_domain_low
3W,2,9,0.0,0.22206896543502808,0.2882382273674011,fault_low_domain_low
3W,2,10,0.0,0.22206896543502808,0.2882382273674011,fault_low_domain_low
3W,2,11,0.0,0.22206896543502808,0.2882382273674011,fault_low_domain_low
3W,2,12,0.0,0.22206896543502808,0.2882382273674011,fault_low_domain_low
3W,2,13,0.0,0.22206896543502808,0.2882382273674011,fault_low_domain_low
3W,2,14,0.0,0.22206896543502808,0.2882382273674011,fault_low_domain_low
3W,2,15,0.0,0.22206896543502808,0.2882382273674011,fault_low_domain_low
3W,2,16,0.0,0.22206896543502808,0.2882382273674011,fault_low_domain_low
3W,2,17,0.0,0.22206896543502808,0.2882382273674011,fault_low_domain_low
3W,2,18,0.0,0.22206896543502808,0.2882382273674011,fault_low_domain_low
3W,2,19,0.0,0.22206896543502808,0.2882382273674011,fault_low_domain_low
3W,2,20,0.0,0.22206896543502808,0.2882382273674011,fault_low_domain_low
3W,2,21,0.0,0.22206896543502808,0.2882382273674011,fault_low_domain_low
3W,2,22,0.0,0.22206896543502808,0.2882382273674011,fault_low_domain_low
3W,2,23,0.0,0.22206896543502808,0.2882382273674011,fault_low_domain_low
3W,2,24,0.0,0.22206896543502808,0.2882382273674011,fault_low_domain_low
3W,2,25,0.0,0.22206896543502808,0.2882382273674011,fault_low_domain_low
3W,2,26,0.0,0.22206896543502808,0.2882382273674011,fault_low_domain_low
3W,2,27,0.0,0.22206896543502808,0.2882382273674011,fault_low_domain_low
3W,2,28,0.0,0.22206896543502808,0.2882382273674011,fault_low_domain_low
3W,2,29,0.0,0.22206896543502808,0.2882382273674011,fault_low_domain_low
3W,2,30,0.0,0.22206896543502808,0.2882382273674011,fault_low_domain_low
3W,2,31,0.0,0.22206896543502808,0.2882382273674011,fault_low_domain_low
3W,2,32,0.0,0.22206896543502808,0.2882382273674011,fault_low_domain_low
3W,3,0,0.0,0.22206896543502808,0.9890201687812805,fault_high_domain_low
3W,3,1,0.0,0.22206896543502808,0.5441790223121643,fault_high_domain_low
3W,3,2,0.0,0.22206896543502808,0.4565134346485138,fault_low_domain_low
3W,3,3,0.0,0.22206896543502808,0.5250791907310486,fault_high_domain_low
3W,3,4,0.0,0.22206896543502808,0.4565134346485138,fault_low_domain_low
3W,3,5,0.0,0.22206896543502808,0.4660622477531433,fault_low_domain_low
3W,3,6,0.0,0.22206896543502808,0.4565134346485138,fault_low_domain_low
3W,3,7,0.0,0.22206896543502808,0.5904443264007568,fault_high_domain_low
3W,3,8,0.0,0.22206896543502808,0.2882382273674011,fault_low_domain_low
3W,3,9,0.0,0.22206896543502808,0.5302077531814575,fault_high_domain_low
3W,3,10,0.0,0.22206896543502808,0.4565134346485138,fault_low_domain_low
3W,3,11,0.0,0.22206896543502808,0.553665280342102,fault_high_domain_low
3W,3,12,0.0,0.22206896543502808,0.4565134346485138,fault_low_domain_low
3W,3,13,0.0,0.22206896543502808,0.48043233156204224,fault_low_domain_low
3W,3,14,0.0,0.22206896543502808,0.4565134346485138,fault_low_domain_low
3W,3,15,0.0,0.22206896543502808,0.47291329503059387,fault_low_domain_low
3W,3,16,0.0,0.22206896543502808,0.2882382273674011,fault_low_domain_low
3W,3,17,0.0,0.22206896543502808,0.5742046236991882,fault_high_domain_low
3W,3,18,0.0,0.22206896543502808,0.4565134346485138,fault_low_domain_low
3W,3,19,0.0,0.22206896543502808,0.7710141539573669,fault_high_domain_low
3W,3,20,0.0,0.22206896543502808,0.4565134346485138,fault_low_domain_low
3W,3,21,0.0,0.22206896543502808,0.5948380827903748,fault_high_domain_low
3W,3,22,0.0,0.22206896543502808,0.4565134346485138,fault_low_domain_low
3W,3,23,0.0,0.22206896543502808,0.4584236443042755,fault_low_domain_low
3W,3,24,0.0,0.22206896543502808,0.2882382273674011,fault_low_domain_low
3W,3,25,0.0,0.22206896543502808,0.47173547744750977,fault_low_domain_low
3W,3,26,0.0,0.22206896543502808,0.4565134346485138,fault_low_domain_low
3W,3,27,0.0,0.22206896543502808,0.4504510760307312,fault_low_domain_low
3W,3,28,0.0,0.22206896543502808,0.4565134346485138,fault_low_domain_low
3W,3,29,0.0,0.22206896543502808,0.5591722130775452,fault_high_domain_low
3W,3,30,0.0,0.22206896543502808,0.4565134346485138,fault_low_domain_low
3W,3,31,0.0,0.22206896543502808,0.5264765620231628,fault_high_domain_low
3W,3,32,0.0,0.22206896543502808,0.2882382273674011,fault_low_domain_low
3W,4,0,1.0,0.9958620667457581,0.5561262965202332,fault_high_domain_high
3W,4,1,0.0,0.22206896543502808,0.2882382273674011,fault_low_domain_low
3W,4,2,0.0,0.22206896543502808,0.2882382273674011,fault_low_domain_low
3W,4,3,0.0,0.22206896543502808,0.2882382273674011,fault_low_domain_low
3W,4,4,0.0,0.22206896543502808,0.2882382273674011,fault_low_domain_low
3W,4,5,0.0,0.22206896543502808,0.2882382273674011,fault_low_domain_low
3W,4,6,0.0,0.22206896543502808,0.2882382273674011,fault_low_domain_low
3W,4,7,0.0,0.22206896543502808,0.2882382273674011,fault_low_domain_low
3W,4,8,0.0,0.22206896543502808,0.2882382273674011,fault_low_domain_low
3W,4,9,0.0,0.22206896543502808,0.2882382273674011,fault_low_domain_low
3W,4,10,0.0,0.22206896543502808,0.2882382273674011,fault_low_domain_low
3W,4,11,0.0,0.22206896543502808,0.2882382273674011,fault_low_domain_low
3W,4,12,0.0,0.22206896543502808,0.2882382273674011,fault_low_domain_low
3W,4,13,0.0,0.22206896543502808,0.2882382273674011,fault_low_domain_low
3W,4,14,0.0,0.22206896543502808,0.2882382273674011,fault_low_domain_low
3W,4,15,0.0,0.22206896543502808,0.2882382273674011,fault_low_domain_low
3W,4,16,0.0,0.22206896543502808,0.2882382273674011,fault_low_domain_low
3W,4,17,0.0,0.22206896543502808,0.2882382273674011,fault_low_domain_low
3W,4,18,0.0,0.22206896543502808,0.2882382273674011,fault_low_domain_low
3W,4,19,0.0,0.22206896543502808,0.2882382273674011,fault_low_domain_low
3W,4,20,0.0,0.22206896543502808,0.2882382273674011,fault_low_domain_low
3W,4,21,0.0,0.22206896543502808,0.2882382273674011,fault_low_domain_low
3W,4,22,0.0,0.22206896543502808,0.2882382273674011,fault_low_domain_low
3W,4,23,0.0,0.22206896543502808,0.2882382273674011,fault_low_domain_low
3W,4,24,0.0,0.22206896543502808,0.2882382273674011,fault_low_domain_low
3W,4,25,0.0,0.22206896543502808,0.2882382273674011,fault_low_domain_low
3W,4,26,0.0,0.22206896543502808,0.2882382273674011,fault_low_domain_low
3W,4,27,0.0,0.22206896543502808,0.2882382273674011,fault_low_domain_low
3W,4,28,0.0,0.22206896543502808,0.2882382273674011,fault_low_domain_low
3W,4,29,0.0,0.22206896543502808,0.2882382273674011,fault_low_domain_low
3W,4,30,0.0,0.22206896543502808,0.2882382273674011,fault_low_domain_low
3W,4,31,0.0,0.22206896543502808,0.2882382273674011,fault_low_domain_low
3W,4,32,0.0,0.22206896543502808,0.2882382273674011,fault_low_domain_low
3W,5,0,1.0,1.0,0.3018497824668884,fault_low_domain_high
3W,5,1,0.0,0.22206896543502808,0.2882382273674011,fault_low_domain_low
3W,5,2,0.0,0.22206896543502808,0.2882382273674011,fault_low_domain_low
3W,5,3,0.0,0.22206896543502808,0.2882382273674011,fault_low_domain_low
3W,5,4,0.0,0.22206896543502808,0.2882382273674011,fault_low_domain_low
3W,5,5,0.0,0.22206896543502808,0.2882382273674011,fault_low_domain_low
3W,5,6,0.0,0.22206896543502808,0.2882382273674011,fault_low_domain_low
3W,5,7,0.0,0.22206896543502808,0.2882382273674011,fault_low_domain_low
3W,5,8,0.0,0.22206896543502808,0.2882382273674011,fault_low_domain_low
3W,5,9,0.0,0.22206896543502808,0.2882382273674011,fault_low_domain_low
3W,5,10,0.0,0.22206896543502808,0.2882382273674011,fault_low_domain_low
3W,5,11,0.0,0.22206896543502808,0.2882382273674011,fault_low_domain_low
3W,5,12,0.0,0.22206896543502808,0.2882382273674011,fault_low_domain_low
3W,5,13,0.0,0.22206896543502808,0.2882382273674011,fault_low_domain_low
3W,5,14,0.0,0.22206896543502808,0.2882382273674011,fault_low_domain_low
3W,5,15,0.0,0.22206896543502808,0.2882382273674011,fault_low_domain_low
3W,5,16,0.0,0.22206896543502808,0.2882382273674011,fault_low_domain_low
3W,5,17,0.0,0.22206896543502808,0.2882382273674011,fault_low_domain_low
3W,5,18,0.0,0.22206896543502808,0.2882382273674011,fault_low_domain_low
3W,5,19,0.0,0.22206896543502808,0.2882382273674011,fault_low_domain_low
3W,5,20,0.0,0.22206896543502808,0.2882382273674011,fault_low_domain_low
3W,5,21,0.0,0.22206896543502808,0.2882382273674011,fault_low_domain_low
3W,5,22,0.0,0.22206896543502808,0.2882382273674011,fault_low_domain_low
3W,5,23,0.0,0.22206896543502808,0.2882382273674011,fault_low_domain_low
3W,5,24,0.0,0.22206896543502808,0.2882382273674011,fault_low_domain_low
3W,5,25,0.0,0.22206896543502808,0.2882382273674011,fault_low_domain_low
3W,5,26,0.0,0.22206896543502808,0.2882382273674011,fault_low_domain_low
3W,5,27,0.0,0.22206896543502808,0.2882382273674011,fault_low_domain_low
3W,5,28,0.0,0.22206896543502808,0.2882382273674011,fault_low_domain_low
3W,5,29,0.0,0.22206896543502808,0.2882382273674011,fault_low_domain_low
3W,5,30,0.0,0.22206896543502808,0.2882382273674011,fault_low_domain_low
3W,5,31,0.0,0.22206896543502808,0.2882382273674011,fault_low_domain_low
3W,5,32,0.0,0.22206896543502808,0.2882382273674011,fault_low_domain_low
3W,6,0,1.0,0.9944827556610107,0.4583064615726471,fault_low_domain_high
3W,6,1,0.0,0.22206896543502808,0.5232059359550476,fault_high_domain_low
3W,6,2,0.0,0.22206896543502808,0.4668987989425659,fault_low_domain_low
3W,6,3,0.0,0.22206896543502808,0.7710152268409729,fault_high_domain_low
3W,6,4,0.0,0.22206896543502808,0.7078519463539124,fault_high_domain_low
3W,6,5,0.0,0.22206896543502808,0.6919912695884705,fault_high_domain_low
3W,6,6,0.0,0.22206896543502808,0.44132664799690247,fault_low_domain_low
3W,6,7,0.0,0.22206896543502808,0.470511257648468,fault_low_domain_low
3W,6,8,0.0,0.22206896543502808,0.44997256994247437,fault_low_domain_low
3W,6,9,0.0,0.22206896543502808,0.767113983631134,fault_high_domain_low
3W,6,10,0.0,0.22206896543502808,0.5097289681434631,fault_high_domain_low
3W,6,11,0.0,0.22206896543502808,0.5049134492874146,fault_high_domain_low
3W,6,12,0.0,0.22206896543502808,0.6749945282936096,fault_high_domain_low
3W,6,13,0.0,0.22206896543502808,0.47079238295555115,fault_low_domain_low
3W,6,14,0.0,0.22206896543502808,0.5,fault_high_domain_low
3W,6,15,0.0,0.22206896543502808,0.760787844657898,fault_high_domain_low
3W,6,16,0.0,0.22206896543502808,0.44997256994247437,fault_low_domain_low
3W,6,17,0.0,0.22206896543502808,0.4746820628643036,fault_low_domain_low
3W,6,18,0.0,0.22206896543502808,0.5816051959991455,fault_high_domain_low
3W,6,19,0.0,0.22206896543502808,0.50309818983078,fault_high_domain_low
3W,6,20,0.0,0.22206896543502808,0.4908030331134796,fault_low_domain_low
3W,6,21,0.0,0.22206896543502808,0.4720304012298584,fault_low_domain_low
3W,6,22,0.0,0.22206896543502808,0.5842769742012024,fault_high_domain_low
3W,6,23,0.0,0.22206896543502808,0.5256547331809998,fault_high_domain_low
3W,6,24,0.0,0.22206896543502808,0.44997256994247437,fault_low_domain_low
3W,6,25,0.0,0.22206896543502808,0.5188705921173096,fault_high_domain_low
3W,6,26,0.0,0.22206896543502808,0.4829712510108948,fault_low_domain_low
3W,6,27,0.0,0.22206896543502808,0.5055442452430725,fault_high_domain_low
3W,6,28,0.0,0.22206896543502808,0.46397665143013,fault_low_domain_low
3W,6,29,0.0,0.22206896543502808,0.5336496233940125,fault_high_domain_low
3W,6,30,0.0,0.22206896543502808,0.5420804619789124,fault_high_domain_low
3W,6,31,0.0,0.22206896543502808,0.4709973633289337,fault_low_domain_low
3W,6,32,0.0,0.22206896543502808,0.44997256994247437,fault_low_domain_low
3W,7,0,0.5683480501174927,0.8703448176383972,0.8321351408958435,fault_high_domain_high
3W,7,1,0.0,0.22206896543502808,0.6564745903015137,fault_high_domain_low
3W,7,2,0.0,0.22206896543502808,0.6465120911598206,fault_high_domain_low
3W,7,3,0.0,0.22206896543502808,0.6719673871994019,fault_high_domain_low
3W,7,4,0.0,0.22206896543502808,0.7166516184806824,fault_high_domain_low
3W,7,5,0.0,0.22206896543502808,0.6685459613800049,fault_high_domain_low
3W,7,6,0.0,0.22206896543502808,0.6161840558052063,fault_high_domain_low
3W,7,7,0.0,0.22206896543502808,0.6358293294906616,fault_high_domain_low
3W,7,8,0.0,0.22206896543502808,0.6404368281364441,fault_high_domain_low
3W,7,9,0.0,0.22206896543502808,0.6729689836502075,fault_high_domain_low
3W,7,10,0.0,0.22206896543502808,0.6795855760574341,fault_high_domain_low
3W,7,11,0.0,0.22206896543502808,0.6737107634544373,fault_high_domain_low
3W,7,12,0.0,0.22206896543502808,0.6327875852584839,fault_high_domain_low
3W,7,13,0.0,0.22206896543502808,0.6805259585380554,fault_high_domain_low
3W,7,14,0.0,0.22206896543502808,0.6926126480102539,fault_high_domain_low
3W,7,15,0.0,0.22206896543502808,0.670555830001831,fault_high_domain_low
3W,7,16,0.0,0.22206896543502808,0.5505610704421997,fault_high_domain_low
3W,7,17,0.0,0.22206896543502808,0.666546106338501,fault_high_domain_low
3W,7,18,0.0,0.22206896543502808,0.7112676501274109,fault_high_domain_low
3W,7,19,0.0,0.22206896543502808,0.6901841759681702,fault_high_domain_low
3W,7,20,0.0,0.22206896543502808,0.6564543843269348,fault_high_domain_low
3W,7,21,0.0,0.22206896543502808,0.6664155125617981,fault_high_domain_low
3W,7,22,0.0,0.22206896543502808,0.6755118370056152,fault_high_domain_low
3W,7,23,0.0,0.22206896543502808,0.6224969625473022,fault_high_domain_low
3W,7,24,0.0,0.22206896543502808,0.620222806930542,fault_high_domain_low
3W,7,25,0.0,0.22206896543502808,0.6755822896957397,fault_high_domain_low
3W,7,26,0.0,0.22206896543502808,0.6915600299835205,fault_high_domain_low
3W,7,27,0.0,0.22206896543502808,0.6789002418518066,fault_high_domain_low
3W,7,28,0.0,0.22206896543502808,0.6705876588821411,fault_high_domain_low
3W,7,29,0.0,0.22206896543502808,0.6122002005577087,fault_high_domain_low
3W,7,30,0.0,0.22206896543502808,0.6616306900978088,fault_high_domain_low
3W,7,31,0.0,0.22206896543502808,0.668422281742096,fault_high_domain_low
3W,7,32,0.0,0.22206896543502808,0.6285524368286133,fault_high_domain_low
3W,8,0,0.0,0.22206896543502808,0.9882721304893494,fault_high_domain_low
3W,8,1,0.0,0.22206896543502808,0.5156601667404175,fault_high_domain_low
3W,8,2,0.0,0.22206896543502808,0.6474649906158447,fault_high_domain_low
3W,8,3,0.0,0.22206896543502808,0.5195372700691223,fault_high_domain_low
3W,8,4,0.0,0.22206896543502808,0.5077341794967651,fault_high_domain_low
3W,8,5,0.0,0.22206896543502808,0.5120586156845093,fault_high_domain_low
3W,8,6,0.0,0.22206896543502808,0.6969931721687317,fault_high_domain_low
3W,8,7,0.0,0.22206896543502808,0.5156662464141846,fault_high_domain_low
3W,8,8,0.0,0.22206896543502808,0.5206068754196167,fault_high_domain_low
3W,8,9,0.0,0.22206896543502808,0.5823649168014526,fault_high_domain_low
3W,8,10,0.0,0.22206896543502808,0.5141211152076721,fault_high_domain_low
3W,8,11,0.0,0.22206896543502808,0.60127854347229,fault_high_domain_low
3W,8,12,0.0,0.22206896543502808,0.5321758389472961,fault_high_domain_low
3W,8,13,0.0,0.22206896543502808,0.5158414840698242,fault_high_domain_low
3W,8,14,0.0,0.22206896543502808,0.49673575162887573,fault_low_domain_low
3W,8,15,0.0,0.22206896543502808,0.4945606291294098,fault_low_domain_low
3W,8,16,0.0,0.22206896543502808,0.5109665393829346,fault_high_domain_low
3W,8,17,0.0,0.22206896543502808,0.524752140045166,fault_high_domain_low
3W,8,18,0.0,0.22206896543502808,0.6154362559318542,fault_high_domain_low
3W,8,19,0.0,0.22206896543502808,0.5844590663909912,fault_high_domain_low
3W,8,20,0.0,0.22206896543502808,0.5418652892112732,fault_high_domain_low
3W,8,21,0.0,0.22206896543502808,0.6328572630882263,fault_high_domain_low
3W,8,22,0.0,0.22206896543502808,0.5905264019966125,fault_high_domain_low
3W,8,23,0.0,0.22206896543502808,0.5081866383552551,fault_high_domain_low
3W,8,24,0.0,0.22206896543502808,0.5532864928245544,fault_high_domain_low
3W,8,25,0.0,0.22206896543502808,0.5037388205528259,fault_high_domain_low
3W,8,26,0.0,0.22206896543502808,0.6940104365348816,fault_high_domain_low
3W,8,27,0.0,0.22206896543502808,0.7133890986442566,fault_high_domain_low
3W,8,28,0.0,0.22206896543502808,0.5577391982078552,fault_high_domain_low
3W,8,29,0.0,0.22206896543502808,0.5031176805496216,fault_high_domain_low
3W,8,30,0.0,0.22206896543502808,0.49237391352653503,fault_low_domain_low
3W,8,31,0.0,0.22206896543502808,0.5622138381004333,fault_high_domain_low
3W,8,32,0.0,0.22206896543502808,0.5109665393829346,fault_high_domain_low
3W,9,0,1.0,0.9972413778305054,0.5264484882354736,fault_high_domain_high
3W,9,1,0.0,0.22206896543502808,0.4186044931411743,fault_low_domain_low
3W,9,2,0.0,0.22206896543502808,0.40740692615509033,fault_low_domain_low
3W,9,3,0.0,0.22206896543502808,0.43928262591362,fault_low_domain_low
3W,9,4,0.0,0.22206896543502808,0.43669450283050537,fault_low_domain_low
3W,9,5,0.0,0.22206896543502808,0.418474942445755,fault_low_domain_low
3W,9,6,0.0,0.22206896543502808,0.4131980240345001,fault_low_domain_low
3W,9,7,0.0,0.22206896543502808,0.4194328188896179,fault_low_domain_low
3W,9,8,0.0,0.22206896543502808,0.4249055087566376,fault_low_domain_low
3W,9,9,0.0,0.22206896543502808,0.4837753176689148,fault_low_domain_low
3W,9,10,0.0,0.22206896543502808,0.44363316893577576,fault_low_domain_low
3W,9,11,0.0,0.22206896543502808,0.7358497381210327,fault_high_domain_low
3W,9,12,0.0,0.22206896543502808,0.4812339246273041,fault_low_domain_low
3W,9,13,0.0,0.22206896543502808,0.3929777443408966,fault_low_domain_low
3W,9,14,0.0,0.22206896543502808,0.7363876700401306,fault_high_domain_low
3W,9,15,0.0,0.22206896543502808,0.4108855724334717,fault_low_domain_low
3W,9,16,0.0,0.22206896543502808,0.4249055087566376,fault_low_domain_low
3W,9,17,0.0,0.22206896543502808,0.47787967324256897,fault_low_domain_low
3W,9,18,0.0,0.22206896543502808,0.414634644985199,fault_low_domain_low
3W,9,19,0.0,0.22206896543502808,0.46984827518463135,fault_low_domain_low
3W,9,20,0.0,0.22206896543502808,0.40417996048927307,fault_low_domain_low
3W,9,21,0.0,0.22206896543502808,0.5084747672080994,fault_high_domain_low
3W,9,22,0.0,0.22206896543502808,0.40860435366630554,fault_low_domain_low
3W,9,23,0.0,0.22206896543502808,0.4103601276874542,fault_low_domain_low
3W,9,24,0.0,0.22206896543502808,0.4249055087566376,fault_low_domain_low
3W,9,25,0.0,0.22206896543502808,0.4117843508720398,fault_low_domain_low
3W,9,26,0.0,0.22206896543502808,0.4265260100364685,fault_low_domain_low
3W,9,27,0.0,0.22206896543502808,0.41728323698043823,fault_low_domain_low
3W,9,28,0.0,0.22206896543502808,0.42617908120155334,fault_low_domain_low
3W,9,29,0.0,0.22206896543502808,0.41293013095855713,fault_low_domain_low
3W,9,30,0.0,0.22206896543502808,0.4567314684391022,fault_low_domain_low
3W,9,31,0.0,0.22206896543502808,0.428532212972641,fault_low_domain_low
3W,9,32,0.0,0.22206896543502808,0.4249055087566376,fault_low_domain_low
3W,10,0,0.0,0.22206896543502808,0.2882382273674011,fault_low_domain_low
3W,10,1,0.0,0.22206896543502808,0.2882382273674011,fault_low_domain_low
3W,10,2,0.0,0.22206896543502808,0.2882382273674011,fault_low_domain_low
3W,10,3,0.0,0.22206896543502808,0.2882382273674011,fault_low_domain_low
3W,10,4,0.0,0.22206896543502808,0.2882382273674011,fault_low_domain_low
3W,10,5,0.0,0.22206896543502808,0.2882382273674011,fault_low_domain_low
3W,10,6,0.0,0.22206896543502808,0.2882382273674011,fault_low_domain_low
3W,10,7,0.0,0.22206896543502808,0.2882382273674011,fault_low_domain_low
3W,10,8,0.0,0.22206896543502808,0.2882382273674011,fault_low_domain_low
3W,10,9,0.0,0.22206896543502808,0.2882382273674011,fault_low_domain_low
3W,10,10,0.0,0.22206896543502808,0.2882382273674011,fault_low_domain_low
3W,10,11,0.0,0.22206896543502808,0.2882382273674011,fault_low_domain_low
3W,10,12,0.0,0.22206896543502808,0.2882382273674011,fault_low_domain_low
3W,10,13,0.0,0.22206896543502808,0.2882382273674011,fault_low_domain_low
3W,10,14,0.0,0.22206896543502808,0.2882382273674011,fault_low_domain_low
3W,10,15,0.0,0.22206896543502808,0.2882382273674011,fault_low_domain_low
3W,10,16,0.0,0.22206896543502808,0.2882382273674011,fault_low_domain_low
3W,10,17,0.0,0.22206896543502808,0.2882382273674011,fault_low_domain_low
3W,10,18,0.0,0.22206896543502808,0.2882382273674011,fault_low_domain_low
3W,10,19,0.0,0.22206896543502808,0.2882382273674011,fault_low_domain_low
3W,10,20,0.0,0.22206896543502808,0.2882382273674011,fault_low_domain_low
3W,10,21,0.0,0.22206896543502808,0.2882382273674011,fault_low_domain_low
3W,10,22,0.0,0.22206896543502808,0.2882382273674011,fault_low_domain_low
3W,10,23,0.0,0.22206896543502808,0.2882382273674011,fault_low_domain_low
3W,10,24,0.0,0.22206896543502808,0.2882382273674011,fault_low_domain_low
3W,10,25,0.0,0.22206896543502808,0.2882382273674011,fault_low_domain_low
3W,10,26,0.0,0.22206896543502808,0.2882382273674011,fault_low_domain_low
3W,10,27,0.0,0.22206896543502808,0.2882382273674011,fault_low_domain_low
3W,10,28,0.0,0.22206896543502808,0.2882382273674011,fault_low_domain_low
3W,10,29,0.0,0.22206896543502808,0.2882382273674011,fault_low_domain_low
3W,10,30,0.0,0.22206896543502808,0.2882382273674011,fault_low_domain_low
3W,10,31,0.0,0.22206896543502808,0.2882382273674011,fault_low_domain_low
3W,10,32,0.0,0.22206896543502808,0.2882382273674011,fault_low_domain_low
3W,11,0,0.9781716465950012,0.9862068891525269,0.5078226923942566,fault_high_domain_high
3W,11,1,0.3390563130378723,0.6372413635253906,0.5894230604171753,fault_high_domain_high
3W,11,2,0.34397730231285095,0.6386206746101379,0.5076372027397156,fault_high_domain_high
3W,11,3,0.3016311824321747,0.6289654970169067,0.5244854092597961,fault_high_domain_high
3W,11,4,0.2594110667705536,0.6041379570960999,0.5113848447799683,fault_high_domain_high
3W,11,5,0.24537578225135803,0.5779310464859009,0.5250905752182007,fault_high_domain_high
3W,11,6,0.22223837673664093,0.5724138021469116,0.532216489315033,fault_high_domain_high
3W,11,7,0.21969956159591675,0.5710344910621643,0.5380289554595947,fault_high_domain_high
3W,11,8,0.20420120656490326,0.5586206912994385,0.5295822620391846,fault_high_domain_high
3W,11,9,0.21777498722076416,0.569655179977417,0.5456144213676453,fault_high_domain_high
3W,11,10,0.21160945296287537,0.5627586245536804,0.5522774457931519,fault_high_domain_high
3W,11,11,0.19947630167007446,0.543448269367218,0.5496854782104492,fault_high_domain_high
3W,11,12,0.20878224074840546,0.5613793134689331,0.5587419271469116,fault_high_domain_high
3W,11,13,0.20369328558444977,0.5558620691299438,0.5564844608306885,fault_high_domain_high
3W,11,14,0.20785538852214813,0.5600000023841858,0.5538186430931091,fault_high_domain_high
3W,11,15,0.19753392040729523,0.5365517139434814,0.5495291352272034,fault_high_domain_high
3W,11,16,0.2004515379667282,0.54758620262146,0.5562403798103333,fault_high_domain_high
3W,11,17,0.2036581188440323,0.5544827580451965,0.5483680963516235,fault_high_domain_high
3W,11,18,0.19954369962215424,0.5448275804519653,0.5439987778663635,fault_high_domain_high
3W,11,19,0.19944702088832855,0.5420689582824707,0.5539653301239014,fault_high_domain_high
3W,11,20,0.199149951338768,0.5393103361129761,0.5521028637886047,fault_high_domain_high
3W,11,21,0.2014852613210678,0.5517241358757019,0.5484212040901184,fault_high_domain_high
3W,11,22,0.19930577278137207,0.5406896471977234,0.5494627952575684,fault_high_domain_high
3W,11,23,0.19997724890708923,0.5462068915367126,0.5565106868743896,fault_high_domain_high
3W,11,24,0.196221724152565,0.5351724028587341,0.557405412197113,fault_high_domain_high
3W,11,25,0.1980602890253067,0.5379310250282288,0.557883083820343,fault_high_domain_high
3W,11,26,0.20125702023506165,0.5503448247909546,0.5545865893363953,fault_high_domain_high
3W,11,27,0.20406889915466309,0.5572413802146912,0.5563755631446838,fault_high_domain_high
3W,11,28,0.19603335857391357,0.5337930917739868,0.5556345582008362,fault_high_domain_high
3W,11,29,0.20072363317012787,0.5489655137062073,0.5508556962013245,fault_high_domain_high
3W,11,30,0.203447163105011,0.5531034469604492,0.615217924118042,fault_high_domain_high
3W,11,31,0.19452300667762756,0.5310344696044922,0.6136593818664551,fault_high_domain_high
3W,11,32,0.1954563409090042,0.5324137806892395,0.6201985478401184,fault_high_domain_high
3W,12,0,0.7616096138954163,0.977931022644043,0.4968099296092987,fault_low_domain_high
3W,12,1,0.23115544021129608,0.5751724243164062,0.5162177681922913,fault_high_domain_high
3W,12,2,0.22918395698070526,0.5737931132316589,0.5193015336990356,fault_high_domain_high
3W,12,3,0.1805325150489807,0.5296551585197449,0.5785682797431946,fault_high_domain_high
3W,12,4,0.15159162878990173,0.5268965363502502,0.6068969964981079,fault_high_domain_high
3W,12,5,0.15947389602661133,0.5282758474349976,0.6250320672988892,fault_high_domain_high
3W,12,6,0.15116721391677856,0.5255172252655029,0.6262332797050476,fault_high_domain_high
3W,12,7,0.13637113571166992,0.521379292011261,0.6238817572593689,fault_high_domain_high
3W,12,8,0.1412457972764969,0.5241379141807556,0.6251838207244873,fault_high_domain_high
3W,12,9,0.13784854114055634,0.5227586030960083,0.6273002028465271,fault_high_domain_high
3W,12,10,0.13005924224853516,0.517241358757019,0.6357800960540771,fault_high_domain_high
3W,12,11,0.13452361524105072,0.5186206698417664,0.6380553841590881,fault_high_domain_high
3W,12,12,0.13462229073047638,0.5199999809265137,0.6339742541313171,fault_high_domain_high
3W,12,13,0.12733641266822815,0.5117241144180298,0.6290218830108643,fault_high_domain_high
3W,12,14,0.1289912611246109,0.5131034255027771,0.6337578296661377,fault_high_domain_high
3W,12,15,0.1296364814043045,0.5158620476722717,0.6389158964157104,fault_high_domain_high
3W,12,16,0.12519052624702454,0.5048275589942932,0.6359222531318665,fault_high_domain_high
3W,12,17,0.12732848525047302,0.5103448033332825,0.6362864971160889,fault_high_domain_high
3W,12,18,0.12953436374664307,0.5144827365875244,0.636527419090271,fault_high_domain_high
3W,12,19,0.12511441111564636,0.5034482479095459,0.6364182233810425,fault_high_domain_high
3W,12,20,0.12590350210666656,0.5062068700790405,0.6354280114173889,fault_high_domain_high
3W,12,21,0.1272764801979065,0.5089654922485352,0.6396327018737793,fault_high_domain_high
3W,12,22,0.12458093464374542,0.5006896257400513,0.642433762550354,fault_high_domain_high
3W,12,23,0.12412235885858536,0.49931034445762634,0.6413326263427734,fault_high_domain_low
3W,12,24,0.12678325176239014,0.5075861811637878,0.6397262215614319,fault_high_domain_high
3W,12,25,0.12382376194000244,0.49793103337287903,0.6369143128395081,fault_high_domain_low
3W,12,26,0.1231459379196167,0.49241378903388977,0.6381504535675049,fault_high_domain_low
3W,12,27,0.12472018599510193,0.5020689368247986,0.6361051797866821,fault_high_domain_high
3W,12,28,0.12355875223875046,0.4951724112033844,0.6401697993278503,fault_high_domain_low
3W,12,29,0.1218033879995346,0.48965516686439514,0.642385721206665,fault_high_domain_low
3W,12,30,0.12371134757995605,0.4965517222881317,0.6376428008079529,fault_high_domain_low
3W,12,31,0.12323827296495438,0.4937931001186371,0.6387204527854919,fault_high_domain_low
3W,12,32,0.12188493460416794,0.49103447794914246,0.6377915143966675,fault_high_domain_low
3W,13,0,0.9818599224090576,0.9875862002372742,0.3486819863319397,fault_low_domain_high
3W,13,1,0.6207557320594788,0.9682758450508118,0.30187857151031494,fault_low_domain_high
3W,13,2,0.5945090055465698,0.9572413563728333,0.3029680848121643,fault_low_domain_high
3W,13,3,0.5926982760429382,0.9544827342033386,0.3020433187484741,fault_low_domain_high
3W,13,4,0.5897470712661743,0.947586178779602,0.3028371036052704,fault_low_domain_high
3W,13,5,0.588832437992096,0.9462068676948547,0.3034324645996094,fault_low_domain_high
3W,13,6,0.5881354808807373,0.9434483051300049,0.30353060364723206,fault_low_domain_high
3W,13,7,0.590388298034668,0.9503448009490967,0.3034694492816925,fault_low_domain_high
3W,13,8,0.5884315371513367,0.9448275566101074,0.3037288188934326,fault_low_domain_high
3W,13,9,0.5850445628166199,0.9324138164520264,0.3034801483154297,fault_low_domain_high
3W,13,10,0.5854402780532837,0.935172438621521,0.30321574211120605,fault_low_domain_high
3W,13,11,0.5837963819503784,0.9172413945198059,0.303353875875473,fault_low_domain_high
3W,13,12,0.5824941992759705,0.9006896615028381,0.3033357560634613,fault_low_domain_high
3W,13,13,0.5830039978027344,0.9048275947570801,0.30345308780670166,fault_low_domain_high
3W,13,14,0.5846461653709412,0.9268965721130371,0.3034933805465698,fault_low_domain_high
3W,13,15,0.5851656198501587,0.9337931275367737,0.30365800857543945,fault_low_domain_high
3W,13,16,0.5846617817878723,0.9282758831977844,0.30363523960113525,fault_low_domain_high
3W,13,17,0.5841259956359863,0.9213793277740479,0.30364397168159485,fault_low_domain_high
3W,13,18,0.5860233306884766,0.9379310607910156,0.30348455905914307,fault_low_domain_high
3W,13,19,0.5836723446846008,0.913103461265564,0.30355772376060486,fault_low_domain_high
3W,13,20,0.5830842852592468,0.9062069058418274,0.3035810589790344,fault_low_domain_high
3W,13,21,0.5832094550132751,0.908965528011322,0.30375197529792786,fault_low_domain_high
3W,13,22,0.5829792022705078,0.9034482836723328,0.3034829795360565,fault_low_domain_high
3W,13,23,0.5834325551986694,0.9117241501808167,0.3035218417644501,fault_low_domain_high
3W,13,24,0.584100067615509,0.9200000166893005,0.3035358488559723,fault_low_domain_high
3W,13,25,0.5837932825088501,0.9158620834350586,0.3035643398761749,fault_low_domain_high
3W,13,26,0.5846405029296875,0.9255172610282898,0.30363547801971436,fault_low_domain_high
3W,13,27,0.5849213004112244,0.931034505367279,0.30361825227737427,fault_low_domain_high
3W,13,28,0.5848156213760376,0.9296551942825317,0.3036876916885376,fault_low_domain_high
3W,13,29,0.5842671394348145,0.9227586388587952,0.3035624027252197,fault_low_domain_high
3W,13,30,0.5827144980430603,0.9020689725875854,0.3035300374031067,fault_low_domain_high
3W,13,31,0.5833188891410828,0.9103448390960693,0.3034588694572449,fault_low_domain_high
3W,13,32,0.5837975144386292,0.9186207056045532,0.3034225404262543,fault_low_domain_high
3W,14,0,0.7569018006324768,0.9765517115592957,0.5205621123313904,fault_high_domain_high
3W,14,1,0.5424986481666565,0.8634482622146606,0.45324113965034485,fault_low_domain_high
3W,14,2,0.5326848030090332,0.8551723957061768,0.40527498722076416,fault_low_domain_high
3W,14,3,0.5990569591522217,0.9613792896270752,0.3995097577571869,fault_low_domain_high
3W,14,4,0.5184616446495056,0.8427585959434509,0.38823437690734863,fault_low_domain_high
3W,14,5,0.4866347014904022,0.8055172562599182,0.37085026502609253,fault_low_domain_high
3W,14,6,0.4556312561035156,0.769655168056488,0.35498669743537903,fault_low_domain_high
3W,14,7,0.4157087206840515,0.7172414064407349,0.3486101031303406,fault_low_domain_high
3W,14,8,0.40638935565948486,0.6800000071525574,0.3499356806278229,fault_low_domain_high
3W,14,9,0.46537405252456665,0.77379310131073,0.35813769698143005,fault_low_domain_high
3W,14,10,0.4059886038303375,0.6772413849830627,0.3460109829902649,fault_low_domain_high
3W,14,11,0.41399896144866943,0.7158620953559875,0.34433773159980774,fault_low_domain_high
3W,14,12,0.37453871965408325,0.6620689630508423,0.34022918343544006,fault_low_domain_high
3W,14,13,0.3675699532032013,0.6551724076271057,0.33926713466644287,fault_low_domain_high
3W,14,14,0.3594144582748413,0.6441379189491272,0.33746516704559326,fault_low_domain_high
3W,14,15,0.4009349048137665,0.6717241406440735,0.3408527970314026,fault_low_domain_high
3W,14,16,0.39816880226135254,0.6703448295593262,0.3401873707771301,fault_low_domain_high
3W,14,17,0.38497090339660645,0.6662068963050842,0.3406659662723541,fault_low_domain_high
3W,14,18,0.3710784912109375,0.6579310297966003,0.339618057012558,fault_low_domain_high
3W,14,19,0.36431288719177246,0.6482758522033691,0.3383655846118927,fault_low_domain_high
3W,14,20,0.3694203794002533,0.656551718711853,0.33803415298461914,fault_low_domain_high
3W,14,21,0.3661300539970398,0.6510344743728638,0.3380075693130493,fault_low_domain_high
3W,14,22,0.3580777943134308,0.6427586078643799,0.33988240361213684,fault_low_domain_high
3W,14,23,0.3809369206428528,0.6648275852203369,0.34150075912475586,fault_low_domain_high
3W,14,24,0.3796154856681824,0.6634482741355896,0.339976042509079,fault_low_domain_high
3W,14,25,0.36438262462615967,0.6496551632881165,0.3374529480934143,fault_low_domain_high
3W,14,26,0.3627641797065735,0.6455172300338745,0.33782723546028137,fault_low_domain_high
3W,14,27,0.36660706996917725,0.6524137854576111,0.3383055329322815,fault_low_domain_high
3W,14,28,0.38740307092666626,0.6675862073898315,0.3392947018146515,fault_low_domain_high
3W,14,29,0.36750105023384094,0.6537930965423584,0.3375851511955261,fault_low_domain_high
3W,14,30,0.37129905819892883,0.6593103408813477,0.33680450916290283,fault_low_domain_high
3W,14,31,0.36324551701545715,0.6468965411186218,0.3363131284713745,fault_low_domain_high
3W,14,32,0.3462410569190979,0.6399999856948853,0.33604952692985535,fault_low_domain_high
3W,15,0,0.9776683449745178,0.9848275780677795,0.29869315028190613,fault_low_domain_high
3W,15,1,0.428602933883667,0.7268965244293213,0.29728224873542786,fault_low_domain_high
3W,15,2,0.4186694025993347,0.7200000286102295,0.2916259467601776,fault_low_domain_high
3W,15,3,0.4050429165363312,0.6744827628135681,0.2943306565284729,fault_low_domain_high
3W,15,4,0.4217378795146942,0.7213793396949768,0.2920985817909241,fault_low_domain_high
3W,15,5,0.41001394391059875,0.7131034731864929,0.2917059063911438,fault_low_domain_high
3W,15,6,0.41823911666870117,0.7186207175254822,0.28919389843940735,fault_low_domain_high
3W,15,7,0.4126499593257904,0.7144827842712402,0.2891193926334381,fault_low_domain_high
3W,15,8,0.40874525904655457,0.7062069177627563,0.2904033958911896,fault_low_domain_high
3W,15,9,0.4096181094646454,0.7103448510169983,0.29025253653526306,fault_low_domain_high
3W,15,10,0.40810057520866394,0.6965517401695251,0.28989270329475403,fault_low_domain_high
3W,15,11,0.40839746594429016,0.7020689845085144,0.28924232721328735,fault_low_domain_high
3W,15,12,0.40708935260772705,0.6813793182373047,0.2891756594181061,fault_low_domain_high
3W,15,13,0.4082760810852051,0.6993103623390198,0.288992315530777,fault_low_domain_high
3W,15,14,0.40973570942878723,0.7117241621017456,0.2900022566318512,fault_low_domain_high
3W,15,15,0.40774574875831604,0.6896551847457886,0.28942781686782837,fault_low_domain_high
3W,15,16,0.4074047803878784,0.682758629322052,0.28915366530418396,fault_low_domain_high
3W,15,17,0.4083041846752167,0.7006896734237671,0.2893460988998413,fault_low_domain_high
3W,15,18,0.40583205223083496,0.6758620738983154,0.289239764213562,fault_low_domain_high
3W,15,19,0.4075583219528198,0.686896562576294,0.2892041504383087,fault_low_domain_high
3W,15,20,0.40775373578071594,0.6910344958305359,0.2892850339412689,fault_low_domain_high
3W,15,21,0.40915805101394653,0.7075862288475037,0.2891131341457367,fault_low_domain_high
3W,15,22,0.4095856547355652,0.708965539932251,0.2891353964805603,fault_low_domain_high
3W,15,23,0.40808555483818054,0.6951724290847778,0.28954261541366577,fault_low_domain_high
3W,15,24,0.40825966000556946,0.6979310512542725,0.28930535912513733,fault_low_domain_high
3W,15,25,0.4086434841156006,0.704827606678009,0.2889734208583832,fault_low_domain_high
3W,15,26,0.4086073338985443,0.7034482955932617,0.288981556892395,fault_low_domain_high
3W,15,27,0.4077129364013672,0.6882758736610413,0.28907501697540283,fault_low_domain_high
3W,15,28,0.40751516819000244,0.6855172514915466,0.28916314244270325,fault_low_domain_high
3W,15,29,0.4074055552482605,0.6841379404067993,0.28941068053245544,fault_low_domain_high
3W,15,30,0.40801310539245605,0.6937931180000305,0.2891215682029724,fault_low_domain_high
3W,15,31,0.4079192280769348,0.6924138069152832,0.28897207975387573,fault_low_domain_high
3W,15,32,0.4060533046722412,0.6786206960678101,0.28899550437927246,fault_low_domain_high
3W,16,0,0.9707595705986023,0.9820689558982849,0.40001919865608215,fault_low_domain_high
3W,16,1,0.5898942947387695,0.9489654898643494,0.5436058640480042,fault_high_domain_high
3W,16,2,0.6750423908233643,0.9710344672203064,0.5078991055488586,fault_high_domain_high
3W,16,3,0.6093324422836304,0.9668965339660645,0.5256818532943726,fault_high_domain_high
3W,16,4,0.5864936113357544,0.9393103718757629,0.5655633211135864,fault_high_domain_high
3W,16,5,0.6055220365524292,0.9641379117965698,0.5679402947425842,fault_high_domain_high
3W,16,6,0.5566357374191284,0.8675861954689026,0.5681877136230469,fault_high_domain_high
3W,16,7,0.5376233458518982,0.860689640045166,0.5691925883293152,fault_high_domain_high
3W,16,8,0.563961923122406,0.8689655065536499,0.5705888867378235,fault_high_domain_high
3W,16,9,0.5018491744995117,0.817931056022644,0.5942485332489014,fault_high_domain_high
3W,16,10,0.5168760418891907,0.8413792848587036,0.5848018527030945,fault_high_domain_high
3W,16,11,0.4999288022518158,0.8151724338531494,0.5889396071434021,fault_high_domain_high
3W,16,12,0.46981239318847656,0.7820689678192139,0.5896500945091248,fault_high_domain_high
3W,16,13,0.4670454263687134,0.7751724123954773,0.5881312489509583,fault_high_domain_high
3W,16,14,0.4715752601623535,0.7875862121582031,0.586860716342926,fault_high_domain_high
3W,16,15,0.48149755597114563,0.7972413897514343,0.5968115925788879,fault_high_domain_high
3W,16,16,0.49179622530937195,0.8096551895141602,0.5928252935409546,fault_high_domain_high
3W,16,17,0.47962918877601624,0.7931034564971924,0.6003437638282776,fault_high_domain_high
3W,16,18,0.4934527277946472,0.8110345005989075,0.5920006632804871,fault_high_domain_high
3W,16,19,0.49554431438446045,0.8137931227684021,0.5885690450668335,fault_high_domain_high
3W,16,20,0.4721565544605255,0.7889655232429504,0.5950981378555298,fault_high_domain_high
3W,16,21,0.48882076144218445,0.8068965673446655,0.5922636389732361,fault_high_domain_high
3W,16,22,0.48071151971817017,0.7944827675819397,0.6021389365196228,fault_high_domain_high
3W,16,23,0.4730560779571533,0.7903448343276978,0.5964857935905457,fault_high_domain_high
3W,16,24,0.48447614908218384,0.8013793230056763,0.5987112522125244,fault_high_domain_high
3W,16,25,0.46833115816116333,0.7779310345649719,0.6000721454620361,fault_high_domain_high
3W,16,26,0.47108614444732666,0.7862069010734558,0.5980913639068604,fault_high_domain_high
3W,16,27,0.4698868691921234,0.7834482789039612,0.6012214422225952,fault_high_domain_high
3W,16,28,0.4701123833656311,0.7848275899887085,0.609222412109375,fault_high_domain_high
3W,16,29,0.49395158886909485,0.8124138116836548,0.5978879928588867,fault_high_domain_high
3W,16,30,0.48430949449539185,0.800000011920929,0.6019576787948608,fault_high_domain_high
3W,16,31,0.48152124881744385,0.7986207008361816,0.6058732867240906,fault_high_domain_high
3W,16,32,0.4850040078163147,0.8027586340904236,0.5936587452888489,fault_high_domain_high
3W,17,0,0.9738132953643799,0.9834482669830322,0.85289466381073,fault_high_domain_high
3W,17,1,0.7080332636833191,0.9751724004745483,0.4692212641239166,fault_low_domain_high
3W,17,2,0.6022212505340576,0.9627586007118225,0.37842613458633423,fault_low_domain_high
3W,17,3,0.5477142930030823,0.864827573299408,0.3648250699043274,fault_low_domain_high
3W,17,4,0.47402340173721313,0.7917241454124451,0.3472781479358673,fault_low_domain_high
3W,17,5,0.5710442066192627,0.8731034398078918,0.35342198610305786,fault_low_domain_high
3W,17,6,0.5710298418998718,0.8717241287231445,0.34507501125335693,fault_low_domain_high
3W,17,7,0.5517539978027344,0.8662068843841553,0.34321099519729614,fault_low_domain_high
3W,17,8,0.5406979918479919,0.8620689511299133,0.34609684348106384,fault_low_domain_high
3W,17,9,0.5344202518463135,0.8579310178756714,0.34430962800979614,fault_low_domain_high
3W,17,10,0.5341953039169312,0.8565517067909241,0.3451698124408722,fault_low_domain_high
3W,17,11,0.523036003112793,0.8482758402824402,0.34707218408584595,fault_low_domain_high
3W,17,12,0.5362014174461365,0.8593103289604187,0.3441823720932007,fault_low_domain_high
3W,17,13,0.5304200053215027,0.8524137735366821,0.34348082542419434,fault_low_domain_high
3W,17,14,0.5224717855453491,0.8468965291976929,0.3434608578681946,fault_low_domain_high
3W,17,15,0.5108299255371094,0.8317241668701172,0.3441525399684906,fault_low_domain_high
3W,17,16,0.5284513831138611,0.8510344624519348,0.3460402488708496,fault_low_domain_high
3W,17,17,0.5138510465621948,0.8358620405197144,0.34538567066192627,fault_low_domain_high
3W,17,18,0.5211324095726013,0.8455172181129456,0.34278541803359985,fault_low_domain_high
3W,17,19,0.5317113995552063,0.8537930846214294,0.34598249197006226,fault_low_domain_high
3W,17,20,0.5272532105445862,0.8496551513671875,0.34537115693092346,fault_low_domain_high
3W,17,21,0.5189825892448425,0.8441379070281982,0.34205928444862366,fault_low_domain_high
3W,17,22,0.5104218125343323,0.8303448557853699,0.3462737798690796,fault_low_domain_high
3W,17,23,0.5140472650527954,0.8372413516044617,0.34584853053092957,fault_low_domain_high
3W,17,24,0.5114784240722656,0.8331034779548645,0.3449524939060211,fault_low_domain_high
3W,17,25,0.5088842511177063,0.8248276114463806,0.34585773944854736,fault_low_domain_high
3W,17,26,0.5151417255401611,0.838620662689209,0.34632694721221924,fault_low_domain_high
3W,17,27,0.5055692195892334,0.8234483003616333,0.3425382077693939,fault_low_domain_high
3W,17,28,0.5023078918457031,0.8193103671073914,0.3483716547489166,fault_low_domain_high
3W,17,29,0.5033392310142517,0.8206896781921387,0.3452247381210327,fault_low_domain_high
3W,17,30,0.5123430490493774,0.834482729434967,0.34271925687789917,fault_low_domain_high
3W,17,31,0.5091691017150879,0.8262069225311279,0.3454665541648865,fault_low_domain_high
3W,17,32,0.5051432847976685,0.822068989276886,0.3458298444747925,fault_low_domain_high
3W,18,0,0.95327228307724,0.9793103337287903,0.2940613627433777,fault_low_domain_high
3W,18,1,0.32896584272384644,0.6358620524406433,0.3091561198234558,fault_low_domain_high
3W,18,2,0.30264490842819214,0.630344808101654,0.32606011629104614,fault_low_domain_high
3W,18,3,0.2879621386528015,0.6262068748474121,0.3412078320980072,fault_low_domain_high
3W,18,4,0.28085458278656006,0.6220689415931702,0.3434276878833771,fault_low_domain_high
3W,18,5,0.27532318234443665,0.6193103194236755,0.34663644433021545,fault_low_domain_high
3W,18,6,0.2698071300983429,0.6179310083389282,0.34876856207847595,fault_low_domain_high
3W,18,7,0.2691343426704407,0.6165516972541809,0.3470316529273987,fault_low_domain_high
3W,18,8,0.2665184438228607,0.6151723861694336,0.3474046587944031,fault_low_domain_high
3W,18,9,0.2621442377567291,0.6110345125198364,0.35043734312057495,fault_low_domain_high
3W,18,10,0.26409614086151123,0.612413763999939,0.34929755330085754,fault_low_domain_high
3W,18,11,0.2652730643749237,0.6137930750846863,0.3495616316795349,fault_low_domain_high
3W,18,12,0.2618502974510193,0.6096552014350891,0.35020917654037476,fault_low_domain_high
3W,18,13,0.2607966959476471,0.6082758903503418,0.3499053120613098,fault_low_domain_high
3W,18,14,0.25980159640312195,0.6055172681808472,0.3499702513217926,fault_low_domain_high
3W,18,15,0.26003947854042053,0.6068965792655945,0.3499177098274231,fault_low_domain_high
3W,18,16,0.2589366137981415,0.6000000238418579,0.3512329161167145,fault_low_domain_high
3W,18,17,0.2590920925140381,0.6013793349266052,0.35097259283065796,fault_low_domain_high
3W,18,18,0.2591853141784668,0.6027586460113525,0.3501569628715515,fault_low_domain_high
3W,18,19,0.2588372230529785,0.5986207127571106,0.3511240780353546,fault_low_domain_high
3W,18,20,0.2577779293060303,0.591724157333374,0.3505532145500183,fault_low_domain_high
3W,18,21,0.2579052746295929,0.5931034684181213,0.35062655806541443,fault_low_domain_high
3W,18,22,0.2586236000061035,0.5972414016723633,0.3510380983352661,fault_low_domain_high
3W,18,23,0.2566525638103485,0.5820689797401428,0.3515091836452484,fault_low_domain_high
3W,18,24,0.25670334696769714,0.5834482908248901,0.35140809416770935,fault_low_domain_high
3W,18,25,0.2579704523086548,0.5944827795028687,0.35011255741119385,fault_low_domain_high
3W,18,26,0.2571011185646057,0.5875862240791321,0.35106897354125977,fault_low_domain_high
3W,18,27,0.2570618987083435,0.5862069129943848,0.3511604070663452,fault_low_domain_high
3W,18,28,0.25840702652931213,0.595862090587616,0.3511619567871094,fault_low_domain_high
3W,18,29,0.2573533058166504,0.5903448462486267,0.3519096374511719,fault_low_domain_high
3W,18,30,0.2562054395675659,0.5806896686553955,0.3514802157878876,fault_low_domain_high
3W,18,31,0.25670886039733887,0.5848276019096375,0.35067984461784363,fault_low_domain_high
3W,18,32,0.25733309984207153,0.5889655351638794,0.3512287437915802,fault_low_domain_high
3W,19,0,0.9984205961227417,0.9917241334915161,0.3069869577884674,fault_low_domain_high
3W,19,1,0.6959095001220703,0.973793089389801,0.3159189820289612,fault_low_domain_high
3W,19,2,0.6302812099456787,0.9696551561355591,0.32174503803253174,fault_low_domain_high
3W,19,3,0.6075774431228638,0.9655172228813171,0.32452139258384705,fault_low_domain_high
3W,19,4,0.5921725034713745,0.9531034231185913,0.32554686069488525,fault_low_domain_high
3W,19,5,0.5979030132293701,0.9599999785423279,0.3259927034378052,fault_low_domain_high
3W,19,6,0.5941447615623474,0.9558620452880859,0.32675883173942566,fault_low_domain_high
3W,19,7,0.5907006859779358,0.951724112033844,0.3270739018917084,fault_low_domain_high
3W,19,8,0.587790846824646,0.9420689940452576,0.32825109362602234,fault_low_domain_high
3W,19,9,0.5866718292236328,0.9406896829605103,0.32797783613204956,fault_low_domain_high
3W,19,10,0.583747148513794,0.9144827723503113,0.3280330300331116,fault_low_domain_high
3W,19,11,0.5846084952354431,0.9241379499435425,0.3282349705696106,fault_low_domain_high
3W,19,12,0.583189845085144,0.9075862169265747,0.32829412817955017,fault_low_domain_high
3W,19,13,0.5824108123779297,0.8993103504180908,0.3283778131008148,fault_low_domain_high
3W,19,14,0.5854527354240417,0.9365517497062683,0.32793352007865906,fault_low_domain_high
3W,19,15,0.5811998844146729,0.8979310393333435,0.32875391840934753,fault_low_domain_high
3W,19,16,0.5801343321800232,0.8951724171638489,0.32857221364974976,fault_low_domain_high
3W,19,17,0.5795459747314453,0.8910344839096069,0.3285823464393616,fault_low_domain_high
3W,19,18,0.5806902647018433,0.8965517282485962,0.328390896320343,fault_low_domain_high
3W,19,19,0.5794484615325928,0.8896551728248596,0.32948049902915955,fault_low_domain_high
3W,19,20,0.5784165263175964,0.8813793063163757,0.3290940821170807,fault_low_domain_high
3W,19,21,0.579204261302948,0.8882758617401123,0.329243004322052,fault_low_domain_high
3W,19,22,0.5779755711555481,0.8758620619773865,0.3291609287261963,fault_low_domain_high
3W,19,23,0.5796765089035034,0.8937931060791016,0.32889384031295776,fault_low_domain_high
3W,19,24,0.5785312056541443,0.8841379284858704,0.32890990376472473,fault_low_domain_high
3W,19,25,0.5789320468902588,0.886896550655365,0.32910364866256714,fault_low_domain_high
3W,19,26,0.5765616297721863,0.8744827508926392,0.3290984332561493,fault_low_domain_high
3W,19,27,0.5785042643547058,0.882758617401123,0.3289574682712555,fault_low_domain_high
3W,19,28,0.5781530141830444,0.8786206841468811,0.32934466004371643,fault_low_domain_high
3W,19,29,0.5788965225219727,0.8855172395706177,0.32933342456817627,fault_low_domain_high
3W,19,30,0.579659104347229,0.8924137949943542,0.32943055033683777,fault_low_domain_high
3W,19,31,0.5780037045478821,0.8772413730621338,0.3296319544315338,fault_low_domain_high
3W,19,32,0.5782819986343384,0.8799999952316284,0.329355388879776,fault_low_domain_high
3W,20,0,1.0,0.9986206889152527,0.32709047198295593,fault_low_domain_high
3W,20,1,0.0,0.22206896543502808,0.2882382273674011,fault_low_domain_low
3W,20,2,0.0,0.22206896543502808,0.2882382273674011,fault_low_domain_low
3W,20,3,0.0,0.22206896543502808,0.2882382273674011,fault_low_domain_low
3W,20,4,0.0,0.22206896543502808,0.2882382273674011,fault_low_domain_low
3W,20,5,0.0,0.22206896543502808,0.2882382273674011,fault_low_domain_low
3W,20,6,0.0,0.22206896543502808,0.2882382273674011,fault_low_domain_low
3W,20,7,0.0,0.22206896543502808,0.2882382273674011,fault_low_domain_low
3W,20,8,0.0,0.22206896543502808,0.2882382273674011,fault_low_domain_low
3W,20,9,0.0,0.22206896543502808,0.2882382273674011,fault_low_domain_low
3W,20,10,0.0,0.22206896543502808,0.2882382273674011,fault_low_domain_low
3W,20,11,0.0,0.22206896543502808,0.2882382273674011,fault_low_domain_low
3W,20,12,0.0,0.22206896543502808,0.2882382273674011,fault_low_domain_low
3W,20,13,0.0,0.22206896543502808,0.2882382273674011,fault_low_domain_low
3W,20,14,0.0,0.22206896543502808,0.2882382273674011,fault_low_domain_low
3W,20,15,0.0,0.22206896543502808,0.2882382273674011,fault_low_domain_low
3W,20,16,0.0,0.22206896543502808,0.2882382273674011,fault_low_domain_low
3W,20,17,0.0,0.22206896543502808,0.2882382273674011,fault_low_domain_low
3W,20,18,0.0,0.22206896543502808,0.2882382273674011,fault_low_domain_low
3W,20,19,0.0,0.22206896543502808,0.2882382273674011,fault_low_domain_low
3W,20,20,0.0,0.22206896543502808,0.2882382273674011,fault_low_domain_low
3W,20,21,0.0,0.22206896543502808,0.2882382273674011,fault_low_domain_low
3W,20,22,0.0,0.22206896543502808,0.2882382273674011,fault_low_domain_low
3W,20,23,0.0,0.22206896543502808,0.2882382273674011,fault_low_domain_low
3W,20,24,0.0,0.22206896543502808,0.2882382273674011,fault_low_domain_low
3W,20,25,0.0,0.22206896543502808,0.2882382273674011,fault_low_domain_low
3W,20,26,0.0,0.22206896543502808,0.2882382273674011,fault_low_domain_low
3W,20,27,0.0,0.22206896543502808,0.2882382273674011,fault_low_domain_low
3W,20,28,0.0,0.22206896543502808,0.2882382273674011,fault_low_domain_low
3W,20,29,0.0,0.22206896543502808,0.2882382273674011,fault_low_domain_low
3W,20,30,0.0,0.22206896543502808,0.2882382273674011,fault_low_domain_low
3W,20,31,0.0,0.22206896543502808,0.2882382273674011,fault_low_domain_low
3W,20,32,0.0,0.22206896543502808,0.2882382273674011,fault_low_domain_low
3W,21,0,0.9962063431739807,0.9903448224067688,0.97425776720047,fault_high_domain_high
3W,21,1,0.31026458740234375,0.6331034302711487,0.700515866279602,fault_high_domain_high
3W,21,2,0.2981114089488983,0.6275861859321594,0.6931554675102234,fault_high_domain_high
3W,21,3,0.3265352249145508,0.634482741355896,0.6408961415290833,fault_high_domain_high
3W,21,4,0.4043377637863159,0.6731034517288208,0.5597606897354126,fault_high_domain_high
3W,21,5,0.4222641587257385,0.7227585911750793,0.5202299356460571,fault_high_domain_high
3W,21,6,0.4672916531562805,0.7765517234802246,0.4826970100402832,fault_low_domain_high
3W,21,7,0.4914560914039612,0.8082758784294128,0.5079236030578613,fault_high_domain_high
3W,21,8,0.450919508934021,0.7655172348022461,0.5167954564094543,fault_high_domain_high
3W,21,9,0.44173958897590637,0.7558620572090149,0.520221471786499,fault_high_domain_high
3W,21,10,0.4812212884426117,0.795862078666687,0.48289206624031067,fault_low_domain_high
3W,21,11,0.5098013281822205,0.8289655447006226,0.40295565128326416,fault_low_domain_high
3W,21,12,0.5964751243591309,0.9586206674575806,0.35180243849754333,fault_low_domain_high
3W,21,13,0.509709358215332,0.8275862336158752,0.3728468716144562,fault_low_domain_high
3W,21,14,0.48631057143211365,0.8041379451751709,0.41725295782089233,fault_low_domain_high
3W,21,15,0.43104177713394165,0.7296551465988159,0.4921404719352722,fault_low_domain_high
3W,21,16,0.3740696907043457,0.660689651966095,0.5396499633789062,fault_high_domain_high
3W,21,17,0.3950958847999573,0.6689655184745789,0.5200092196464539,fault_high_domain_high
3W,21,18,0.42899101972579956,0.7282758355140686,0.47120901942253113,fault_low_domain_high
3W,21,19,0.42723384499549866,0.725517213344574,0.4381755590438843,fault_low_domain_high
3W,21,20,0.5002750158309937,0.8165517449378967,0.41223177313804626,fault_low_domain_high
3W,21,21,0.42532509565353394,0.7241379022598267,0.4721577763557434,fault_low_domain_high
3W,21,22,0.3559771776199341,0.6413792967796326,0.5553867220878601,fault_high_domain_high
3W,21,23,0.3038254678249359,0.6317241191864014,0.5981529951095581,fault_high_domain_high
3W,21,24,0.28510141372680664,0.6248275637626648,0.613247275352478,fault_high_domain_high
3W,21,25,0.2761906683444977,0.6206896305084229,0.6230176687240601,fault_high_domain_high
3W,21,26,0.2821309566497803,0.6234482526779175,0.6130954623222351,fault_high_domain_high
3W,21,27,0.2551686763763428,0.5793103575706482,0.6368444561958313,fault_high_domain_high
3W,21,28,0.23326098918914795,0.5765517354011536,0.6532841920852661,fault_high_domain_high
3W,21,29,0.21546246111392975,0.5682758688926697,0.6661569476127625,fault_high_domain_high
3W,21,30,0.21217145025730133,0.5641379356384277,0.6653276681900024,fault_high_domain_high
3W,21,31,0.2131727635860443,0.565517246723175,0.6653217673301697,fault_high_domain_high
3W,21,32,0.2136528193950653,0.5668965578079224,0.6669731140136719,fault_high_domain_high
TEP,0,0,0.0450434572994709,0.12011662125587463,0.5618246793746948,fault_high_domain_low
TEP,0,1,0.11261200159788132,0.984839677810669,0.39267370104789734,fault_low_domain_high
TEP,0,2,0.06226680800318718,0.6443148851394653,0.34946680068969727,fault_low_domain_high
TEP,0,3,0.06649576127529144,0.7323614954948425,0.30751702189445496,fault_low_domain_high
TEP,0,4,0.07440400868654251,0.8629737496376038,0.33737650513648987,fault_low_domain_high
TEP,0,5,0.07441502809524536,0.8635568618774414,0.2804476320743561,fault_low_domain_high
TEP,0,6,0.054606467485427856,0.40699708461761475,0.31933268904685974,fault_low_domain_low
TEP,0,7,0.06668050587177277,0.735276997089386,0.374477744102478,fault_low_domain_high
TEP,0,8,0.05926854908466339,0.5580174922943115,0.3208998739719391,fault_low_domain_high
TEP,0,9,0.06983914971351624,0.7965014576911926,0.2738749086856842,fault_low_domain_high
TEP,0,10,0.06597602367401123,0.718367338180542,0.4326048493385315,fault_low_domain_high
TEP,0,11,0.06897536665201187,0.7807580232620239,0.41929328441619873,fault_low_domain_high
TEP,0,12,0.07752621173858643,0.8921282887458801,0.29434892535209656,fault_low_domain_high
TEP,0,13,0.06700792163610458,0.7411078810691833,0.3457193076610565,fault_low_domain_high
TEP,0,14,0.057319652289152145,0.4967930018901825,0.29371026158332825,fault_low_domain_low
TEP,0,15,0.07378201931715012,0.8524781465530396,0.3290543556213379,fault_low_domain_high
TEP,0,16,0.07155095040798187,0.82798832654953,0.30407944321632385,fault_low_domain_high
TEP,0,17,0.07885526120662689,0.903207004070282,0.33893683552742004,fault_low_domain_high
TEP,0,18,0.050006769597530365,0.26647230982780457,0.2604568302631378,fault_low_domain_low
TEP,0,19,0.05734679475426674,0.5002915263175964,0.3545745313167572,fault_low_domain_high
TEP,0,20,0.059131063520908356,0.5545189380645752,0.3233438730239868,fault_low_domain_high
TEP,0,21,0.06355313956737518,0.6723031997680664,0.4098680019378662,fault_low_domain_high
TEP,0,22,0.049878232181072235,0.2635568380355835,0.40546074509620667,fault_low_domain_low
TEP,0,23,0.049412086606025696,0.2489795982837677,0.3237699270248413,fault_low_domain_low
TEP,0,24,0.05508701130747795,0.41982507705688477,0.3830329179763794,fault_low_domain_low
TEP,0,25,0.048052918165922165,0.20932944118976593,0.36631152033805847,fault_low_domain_low
TEP,0,26,0.03453025966882706,0.004664722830057144,0.36503830552101135,fault_low_domain_low
TEP,0,27,0.046103328466415405,0.14577259123325348,0.3553120195865631,fault_low_domain_low
TEP,0,28,0.04802726209163666,0.20874635875225067,0.4016379714012146,fault_low_domain_low
TEP,0,29,0.04315463453531265,0.08454810827970505,0.3664553463459015,fault_low_domain_low
TEP,0,30,0.050649575889110565,0.28396502137184143,0.4038613736629486,fault_low_domain_low
TEP,0,31,0.05002876743674278,0.2676384747028351,0.4224255681037903,fault_low_domain_low
TEP,0,32,0.039251890033483505,0.03206996992230415,0.32927268743515015,fault_low_domain_low
TEP,1,0,0.07183048129081726,0.8297376036643982,0.4254855811595917,fault_low_domain_high
TEP,1,1,0.06647396832704544,0.7300291657447815,0.35725441575050354,fault_low_domain_high
TEP,1,2,0.06064881756901741,0.602332353591919,0.4592563807964325,fault_low_domain_high
TEP,1,3,0.06847968697547913,0.7655976414680481,0.27638593316078186,fault_low_domain_high
TEP,1,4,0.06252031773328781,0.6501457691192627,0.39410126209259033,fault_low_domain_high
TEP,1,5,0.0760342925786972,0.8810495734214783,0.3329533636569977,fault_low_domain_high
TEP,1,6,0.0619330108165741,0.6361516118049622,0.3004418611526489,fault_low_domain_high
TEP,1,7,0.06924055516719818,0.7848396301269531,0.32757434248924255,fault_low_domain_high
TEP,1,8,0.051738787442445755,0.3142857253551483,0.2988172769546509,fault_low_domain_low
TEP,1,9,0.05558077245950699,0.43673470616340637,0.28795427083969116,fault_low_domain_low
TEP,1,10,0.05452705919742584,0.40291544795036316,0.32480061054229736,fault_low_domain_low
TEP,1,11,0.06643515080213547,0.7294460535049438,0.3377424478530884,fault_low_domain_high
TEP,1,12,0.05753123387694359,0.5078717470169067,0.28141021728515625,fault_low_domain_high
TEP,1,13,0.04626942053437233,0.14752186834812164,0.29406774044036865,fault_low_domain_low
TEP,1,14,0.05911043658852577,0.5533527731895447,0.3297906816005707,fault_low_domain_high
TEP,1,15,0.060825176537036896,0.6064140200614929,0.34836655855178833,fault_low_domain_high
TEP,1,16,0.06828606873750687,0.7597667574882507,0.4444894790649414,fault_low_domain_high
TEP,1,17,0.06623143702745438,0.7241982221603394,0.35283124446868896,fault_low_domain_high
TEP,1,18,0.06254954636096954,0.6513119339942932,0.294175922870636,fault_low_domain_high
TEP,1,19,0.05882827565073967,0.5446063876152039,0.2676125466823578,fault_low_domain_high
TEP,1,20,0.043477557599544525,0.08804664760828018,0.2877252697944641,fault_low_domain_low
TEP,1,21,0.059136103838682175,0.5551020503044128,0.39714327454566956,fault_low_domain_high
TEP,1,22,0.045224785804748535,0.12536443769931793,0.28401559591293335,fault_low_domain_low
TEP,1,23,0.05607668682932854,0.45655977725982666,0.285035103559494,fault_low_domain_low
TEP,1,24,0.04848035052418709,0.2227405309677124,0.3112069368362427,fault_low_domain_low
TEP,1,25,0.057234808802604675,0.49096208810806274,0.3330227732658386,fault_low_domain_low
TEP,1,26,0.0389554537832737,0.030320700258016586,0.3275851905345917,fault_low_domain_low
TEP,1,27,0.049664344638586044,0.2530612349510193,0.3010968565940857,fault_low_domain_low
TEP,1,28,0.05599353462457657,0.4548105001449585,0.2923286557197571,fault_low_domain_low
TEP,1,29,0.04280226305127144,0.07813411206007004,0.28086215257644653,fault_low_domain_low
TEP,1,30,0.0483354777097702,0.21865889430046082,0.2997015118598938,fault_low_domain_low
TEP,1,31,0.04416570067405701,0.10320699959993362,0.30254650115966797,fault_low_domain_low
TEP,1,32,0.05053653195500374,0.2804664671421051,0.277499794960022,fault_low_domain_low
TEP,2,0,0.06147277355194092,0.6244897842407227,0.6307511925697327,fault_high_domain_high
TEP,2,1,0.15541930496692657,0.993586003780365,0.5824968218803406,fault_high_domain_high
TEP,2,2,0.05027419328689575,0.2728863060474396,0.48049575090408325,fault_low_domain_low
TEP,2,3,0.05834038183093071,0.5341107845306396,0.4112514853477478,fault_low_domain_high
TEP,2,4,0.05761902406811714,0.5125364661216736,0.3819003999233246,fault_low_domain_high
TEP,2,5,0.06089384853839874,0.6081632375717163,0.28528544306755066,fault_low_domain_high
TEP,2,6,0.054995711892843246,0.41749271750450134,0.27018481492996216,fault_low_domain_low
TEP,2,7,0.06991688162088394,0.8005830645561218,0.5866091251373291,fault_high_domain_high
TEP,2,8,0.04566890001296997,0.13586005568504333,0.30749762058258057,fault_low_domain_low
TEP,2,9,0.06342419981956482,0.6693877577781677,0.29183894395828247,fault_low_domain_high
TEP,2,10,0.06007708981633186,0.5836734771728516,0.2619873583316803,fault_low_domain_high
TEP,2,11,0.05106620118021965,0.29271137714385986,0.26758506894111633,fault_low_domain_low
TEP,2,12,0.05131134018301964,0.29970845580101013,0.2660684585571289,fault_low_domain_low
TEP,2,13,0.06553898006677628,0.7131195068359375,0.2789013087749481,fault_low_domain_high
TEP,2,14,0.05963907018303871,0.5708454847335815,0.3298215866088867,fault_low_domain_high
TEP,2,15,0.051112398505210876,0.2938775420188904,0.2851862609386444,fault_low_domain_low
TEP,2,16,0.05825459212064743,0.5294460654258728,0.34395700693130493,fault_low_domain_high
TEP,2,17,0.04733109846711159,0.18717201054096222,0.3246963322162628,fault_low_domain_low
TEP,2,18,0.05778076872229576,0.5166180729866028,0.3441507816314697,fault_low_domain_high
TEP,2,19,0.0624869130551815,0.6489796042442322,0.3031904101371765,fault_low_domain_high
TEP,2,20,0.05967722088098526,0.5720116496086121,0.2918124496936798,fault_low_domain_high
TEP,2,21,0.05805074796080589,0.5230320692062378,0.2654603123664856,fault_low_domain_high
TEP,2,22,0.039751604199409485,0.03615160286426544,0.3407438099384308,fault_low_domain_low
TEP,2,23,0.054032307118177414,0.388338178396225,0.334549218416214,fault_low_domain_low
TEP,2,24,0.06164732947945595,0.627988338470459,0.29409801959991455,fault_low_domain_high
TEP,2,25,0.04390871152281761,0.09504373371601105,0.33434417843818665,fault_low_domain_low
TEP,2,26,0.05003482103347778,0.268804669380188,0.2672121524810791,fault_low_domain_low
TEP,2,27,0.05706855654716492,0.48571428656578064,0.2792682349681854,fault_low_domain_low
TEP,2,28,0.05268455296754837,0.3434402346611023,0.3415212631225586,fault_low_domain_low
TEP,2,29,0.06009335443377495,0.5860058069229126,0.43556275963783264,fault_low_domain_high
TEP,2,30,0.05819518491625786,0.5259475111961365,0.3657393157482147,fault_low_domain_high
TEP,2,31,0.0470462292432785,0.17784257233142853,0.2658533453941345,fault_low_domain_low
TEP,2,32,0.054291680455207825,0.39650145173072815,0.26364946365356445,fault_low_domain_low
TEP,3,0,0.05117955803871155,0.2973760962486267,0.6367380619049072,fault_high_domain_low
TEP,3,1,0.17263905704021454,0.9959183931350708,0.5453989505767822,fault_high_domain_high
TEP,3,2,0.05988491699099541,0.5795918107032776,0.4641753137111664,fault_low_domain_high
TEP,3,3,0.046673696488142014,0.16559766232967377,0.48231667280197144,fault_low_domain_low
TEP,3,4,0.060728125274181366,0.6046647429466248,0.3421260118484497,fault_low_domain_high
TEP,3,5,0.048114530742168427,0.21166180074214935,0.31624308228492737,fault_low_domain_low
TEP,3,6,0.05215367302298546,0.3276968002319336,0.42812278866767883,fault_low_domain_low
TEP,3,7,0.04615107551217079,0.1469387710094452,0.3508338928222656,fault_low_domain_low
TEP,3,8,0.055808864533901215,0.44606414437294006,0.30763664841651917,fault_low_domain_low
TEP,3,9,0.06841575354337692,0.7632653117179871,0.28594478964805603,fault_low_domain_high
TEP,3,10,0.044885095208883286,0.11720116436481476,0.28275424242019653,fault_low_domain_low
TEP,3,11,0.05333111807703972,0.3685131072998047,0.30690237879753113,fault_low_domain_low
TEP,3,12,0.04975428432226181,0.25889211893081665,0.284858375787735,fault_low_domain_low
TEP,3,13,0.05752572417259216,0.5072886347770691,0.2698758542537689,fault_low_domain_high
TEP,3,14,0.05867772921919823,0.5428571701049805,0.2850799560546875,fault_low_domain_high
TEP,3,15,0.047895338386297226,0.20291544497013092,0.32742393016815186,fault_low_domain_low
TEP,3,16,0.05866419896483421,0.5416909456253052,0.34060683846473694,fault_low_domain_high
TEP,3,17,0.05663808062672615,0.4728862941265106,0.3005756139755249,fault_low_domain_low
TEP,3,18,0.054207056760787964,0.3918367326259613,0.4032135605812073,fault_low_domain_low
TEP,3,19,0.05501902848482132,0.4180757999420166,0.27789896726608276,fault_low_domain_low
TEP,3,20,0.048193998634815216,0.2122448980808258,0.310697078704834,fault_low_domain_low
TEP,3,21,0.04810535907745361,0.2110787183046341,0.38882049918174744,fault_low_domain_low
TEP,3,22,0.05745629593729973,0.5055393576622009,0.3141029477119446,fault_low_domain_high
TEP,3,23,0.03927130252122879,0.03265305981040001,0.34546956419944763,fault_low_domain_low
TEP,3,24,0.04433021321892738,0.10670553892850876,0.31048783659935,fault_low_domain_low
TEP,3,25,0.06892505288124084,0.7778425812721252,0.28788381814956665,fault_low_domain_high
TEP,3,26,0.05829629674553871,0.5323615074157715,0.27142050862312317,fault_low_domain_high
TEP,3,27,0.04984431341290474,0.26297375559806824,0.2770145535469055,fault_low_domain_low
TEP,3,28,0.04787630960345268,0.20233236253261566,0.28549155592918396,fault_low_domain_low
TEP,3,29,0.058157242834568024,0.524781346321106,0.27159228920936584,fault_low_domain_high
TEP,3,30,0.038764674216508865,0.027988338842988014,0.2856267988681793,fault_low_domain_low
TEP,3,31,0.05804910510778427,0.5224489569664001,0.3220759630203247,fault_low_domain_high
TEP,3,32,0.04586990550160408,0.13935859501361847,0.2961098551750183,fault_low_domain_low
TEP,4,0,0.04078175500035286,0.047230321913957596,0.2758837640285492,fault_low_domain_low
TEP,4,1,0.051544249057769775,0.3090378940105438,0.3310634195804596,fault_low_domain_low
TEP,4,2,0.04544060304760933,0.1311953365802765,0.2838563024997711,fault_low_domain_low
TEP,4,3,0.050976745784282684,0.29037901759147644,0.30309945344924927,fault_low_domain_low
TEP,4,4,0.04211372137069702,0.06705539673566818,0.2806556522846222,fault_low_domain_low
TEP,4,5,0.049981482326984406,0.2658892273902893,0.2781349718570709,fault_low_domain_low
TEP,4,6,0.0469714030623436,0.17376093566417694,0.26752567291259766,fault_low_domain_low
TEP,4,7,0.04505806416273117,0.1218658909201622,0.28396326303482056,fault_low_domain_low
TEP,4,8,0.05297339707612991,0.3568513095378876,0.29695478081703186,fault_low_domain_low
TEP,4,9,0.052877459675073624,0.352769672870636,0.3070719242095947,fault_low_domain_low
TEP,4,10,0.06464267522096634,0.6962099075317383,0.27483299374580383,fault_low_domain_high
TEP,4,11,0.05991862714290619,0.5813410878181458,0.28359007835388184,fault_low_domain_high
TEP,4,12,0.05923161283135414,0.5574343800544739,0.29153478145599365,fault_low_domain_high
TEP,4,13,0.04845922440290451,0.2215743511915207,0.2713983654975891,fault_low_domain_low
TEP,4,14,0.05676116421818733,0.4746355712413788,0.26690271496772766,fault_low_domain_low
TEP,4,15,0.057154636830091476,0.48688048124313354,0.26669588685035706,fault_low_domain_low
TEP,4,16,0.05796261876821518,0.5212827920913696,0.359489768743515,fault_low_domain_high
TEP,4,17,0.046843305230140686,0.17084547877311707,0.2631124258041382,fault_low_domain_low
TEP,4,18,0.0525679774582386,0.33760932087898254,0.2661145031452179,fault_low_domain_low
TEP,4,19,0.057344794273376465,0.4997084438800812,0.2980774939060211,fault_low_domain_low
TEP,4,20,0.04505337029695511,0.12128280103206635,0.26731976866722107,fault_low_domain_low
TEP,4,21,0.04826868698000908,0.21690961718559265,0.2892683148384094,fault_low_domain_low
TEP,4,22,0.04249970242381096,0.07521865516901016,0.274824857711792,fault_low_domain_low
TEP,4,23,0.05972068011760712,0.5737609267234802,0.3182876408100128,fault_low_domain_high
TEP,4,24,0.05149049311876297,0.30728861689567566,0.27216270565986633,fault_low_domain_low
TEP,4,25,0.053141456097364426,0.3626822233200073,0.28574350476264954,fault_low_domain_low
TEP,4,26,0.059676431119441986,0.5714285969734192,0.3225040137767792,fault_low_domain_high
TEP,4,27,0.05074479430913925,0.28629738092422485,0.3114401400089264,fault_low_domain_low
TEP,4,28,0.057627007365226746,0.5131195187568665,0.32447296380996704,fault_low_domain_high
TEP,4,29,0.0529569573700428,0.3562682271003723,0.27273306250572205,fault_low_domain_low
TEP,4,30,0.0559220165014267,0.4518950581550598,0.29535943269729614,fault_low_domain_low
TEP,4,31,0.048236243426799774,0.21516035497188568,0.2871452867984772,fault_low_domain_low
TEP,4,32,0.04302211105823517,0.08046647161245346,0.2718823254108429,fault_low_domain_low
TEP,5,0,0.04665705934166908,0.1650145798921585,0.47090134024620056,fault_low_domain_low
TEP,5,1,0.057016562670469284,0.4839650094509125,0.430446594953537,fault_low_domain_low
TEP,5,2,0.04860736429691315,0.2279883325099945,0.3931903541088104,fault_low_domain_low
TEP,5,3,0.04343140870332718,0.08746355772018433,0.369265079498291,fault_low_domain_low
TEP,5,4,0.045401431620121,0.13061223924160004,0.32172226905822754,fault_low_domain_low
TEP,5,5,0.046504054218530655,0.15510204434394836,0.2747243642807007,fault_low_domain_low
TEP,5,6,0.04546903073787689,0.1323615163564682,0.2972293496131897,fault_low_domain_low
TEP,5,7,0.05132777616381645,0.3002915382385254,0.2783498466014862,fault_low_domain_low
TEP,5,8,0.058682482689619064,0.5434402227401733,0.31279611587524414,fault_low_domain_high
TEP,5,9,0.041879553347826004,0.061807580292224884,0.32498636841773987,fault_low_domain_low
TEP,5,10,0.05105939134955406,0.2909621000289917,0.3022369146347046,fault_low_domain_low
TEP,5,11,0.04952378198504448,0.2518950402736664,0.27725356817245483,fault_low_domain_low
TEP,5,12,0.052786581218242645,0.3498542308807373,0.28523701429367065,fault_low_domain_low
TEP,5,13,0.0558474101126194,0.4483965039253235,0.33198636770248413,fault_low_domain_low
TEP,5,14,0.05682970583438873,0.4769679307937622,0.26394152641296387,fault_low_domain_low
TEP,5,15,0.053194351494312286,0.3644315004348755,0.2871353030204773,fault_low_domain_low
TEP,5,16,0.06272965669631958,0.6565597653388977,0.2727539539337158,fault_low_domain_high
TEP,5,17,0.05780942738056183,0.5172011852264404,0.3366369605064392,fault_low_domain_high
TEP,5,18,0.06185071915388107,0.6349854469299316,0.3197305202484131,fault_low_domain_high
TEP,5,19,0.046078041195869446,0.14518950879573822,0.4299008548259735,fault_low_domain_low
TEP,5,20,0.045465223491191864,0.13177841901779175,0.2846265733242035,fault_low_domain_low
TEP,5,21,0.04979712516069412,0.2606413960456848,0.3219645619392395,fault_low_domain_low
TEP,5,22,0.05653253197669983,0.4693877696990967,0.4006596505641937,fault_low_domain_low
TEP,5,23,0.06116499379277229,0.6163265109062195,0.2713623344898224,fault_low_domain_high
TEP,5,24,0.05106301233172417,0.2921282947063446,0.2766819894313812,fault_low_domain_low
TEP,5,25,0.03875062242150307,0.02740524709224701,0.3195204436779022,fault_low_domain_low
TEP,5,26,0.04746352136135101,0.1900874674320221,0.2992609739303589,fault_low_domain_low
TEP,5,27,0.04413480684161186,0.10145772248506546,0.3115151524543762,fault_low_domain_low
TEP,5,28,0.047751232981681824,0.19825072586536407,0.29158273339271545,fault_low_domain_low
TEP,5,29,0.0471484437584877,0.18134111166000366,0.3055771589279175,fault_low_domain_low
TEP,5,30,0.048363711684942245,0.21924197673797607,0.27220600843429565,fault_low_domain_low
TEP,5,31,0.06429074704647064,0.6892127990722656,0.26249927282333374,fault_low_domain_high
TEP,5,32,0.03440544754266739,0.004081632476300001,0.2785385251045227,fault_low_domain_low
TEP,6,0,0.07461367547512054,0.8658891916275024,0.477663516998291,fault_low_domain_high
TEP,6,1,0.19323892891407013,0.9982507228851318,0.6208986639976501,fault_high_domain_high
TEP,6,2,0.07342884689569473,0.8478134274482727,0.6470549702644348,fault_high_domain_high
TEP,6,3,0.06622546911239624,0.7236151695251465,0.6313866376876831,fault_high_domain_high
TEP,6,4,0.061113134026527405,0.6145772337913513,0.5806951522827148,fault_high_domain_high
TEP,6,5,0.07416193932294846,0.8594751954078674,0.6082744002342224,fault_high_domain_high
TEP,6,6,0.05598428100347519,0.4536443054676056,0.5845609903335571,fault_high_domain_low
TEP,6,7,0.05767214670777321,0.5137026309967041,0.6048230528831482,fault_high_domain_high
TEP,6,8,0.06737278401851654,0.7446064352989197,0.6140378713607788,fault_high_domain_high
TEP,6,9,0.0686882957816124,0.7702624201774597,0.6721272468566895,fault_high_domain_high
TEP,6,10,0.06977885216474533,0.7947521805763245,0.6526317000389099,fault_high_domain_high
TEP,6,11,0.05960739776492119,0.569679319858551,0.6269934773445129,fault_high_domain_high
TEP,6,12,0.06175708770751953,0.6314868927001953,0.6942031383514404,fault_high_domain_high
TEP,6,13,0.0609448105096817,0.6093294620513916,0.651494562625885,fault_high_domain_high
TEP,6,14,0.05013545975089073,0.26938775181770325,0.6764497756958008,fault_high_domain_low
TEP,6,15,0.05942591652274132,0.5661807656288147,0.6477673649787903,fault_high_domain_high
TEP,6,16,0.058436281979084015,0.5370262265205383,0.6771284341812134,fault_high_domain_high
TEP,6,17,0.05578147619962692,0.4443148672580719,0.7232505083084106,fault_high_domain_low
TEP,6,18,0.0590403750538826,0.5521866083145142,0.7135897874832153,fault_high_domain_high
TEP,6,19,0.05851718410849571,0.5381923913955688,0.7366715669631958,fault_high_domain_high
TEP,6,20,0.06865338981151581,0.7690961956977844,0.6888742446899414,fault_high_domain_high
TEP,6,21,0.06828417629003525,0.7591836452484131,0.7241297364234924,fault_high_domain_high
TEP,6,22,0.05705394223332405,0.48454809188842773,0.7143571972846985,fault_high_domain_low
TEP,6,23,0.06400753557682037,0.6810495853424072,0.6870904564857483,fault_high_domain_high
TEP,6,24,0.07062045484781265,0.8104956150054932,0.6713418960571289,fault_high_domain_high
TEP,6,25,0.06246236339211464,0.6478134393692017,0.7135701179504395,fault_high_domain_high
TEP,6,26,0.059215959161520004,0.5562682151794434,0.6820399761199951,fault_high_domain_high
TEP,6,27,0.07100672274827957,0.8163265585899353,0.6782979965209961,fault_high_domain_high
TEP,6,28,0.05893681198358536,0.5486880540847778,0.6732496023178101,fault_high_domain_high
TEP,6,29,0.06780727207660675,0.7516034841537476,0.7348198890686035,fault_high_domain_high
TEP,6,30,0.056887898594141006,0.4781341254711151,0.697259783744812,fault_high_domain_low
TEP,6,31,0.06259799003601074,0.6530612111091614,0.6913692951202393,fault_high_domain_high
TEP,6,32,0.06316521018743515,0.6658892035484314,0.7207518219947815,fault_high_domain_high
TEP,7,0,0.04910406842827797,0.23965014517307281,0.6564969420433044,fault_high_domain_low
TEP,7,1,0.13137619197368622,0.9877551198005676,0.5285086035728455,fault_high_domain_high
TEP,7,2,0.051142748445272446,0.294460654258728,0.4699881970882416,fault_low_domain_low
TEP,7,3,0.05214587599039078,0.32711368799209595,0.36141854524612427,fault_low_domain_low
TEP,7,4,0.043891541659832,0.09446064382791519,0.3741104304790497,fault_low_domain_low
TEP,7,5,0.04113899543881416,0.05306122452020645,0.2920098900794983,fault_low_domain_low
TEP,7,6,0.05622533708810806,0.4612244963645935,0.31951674818992615,fault_low_domain_low
TEP,7,7,0.04822159931063652,0.21399417519569397,0.2739071846008301,fault_low_domain_low
TEP,7,8,0.051642127335071564,0.31137025356292725,0.2781141996383667,fault_low_domain_low
TEP,7,9,0.05323661491274834,0.365597665309906,0.30268898606300354,fault_low_domain_low
TEP,7,10,0.0466817244887352,0.16618075966835022,0.27417004108428955,fault_low_domain_low
TEP,7,11,0.056979671120643616,0.48163264989852905,0.29172590374946594,fault_low_domain_low
TEP,7,12,0.05928272008895874,0.559183657169342,0.3003980815410614,fault_low_domain_high
TEP,7,13,0.058859456330537796,0.5457726120948792,0.3295919597148895,fault_low_domain_high
TEP,7,14,0.03961731866002083,0.034402333199977875,0.30070626735687256,fault_low_domain_low
TEP,7,15,0.05979955941438675,0.5749270915985107,0.2636583149433136,fault_low_domain_high
TEP,7,16,0.055555082857608795,0.4349854290485382,0.2731373608112335,fault_low_domain_low
TEP,7,17,0.048014357686042786,0.20758017897605896,0.2948598563671112,fault_low_domain_low
TEP,7,18,0.04086308553814888,0.04897959157824516,0.5215088725090027,fault_high_domain_low
TEP,7,19,0.04943327233195305,0.24956268072128296,0.2906515896320343,fault_low_domain_low
TEP,7,20,0.05306869000196457,0.35860058665275574,0.31522589921951294,fault_low_domain_low
TEP,7,21,0.04967581108212471,0.25364431738853455,0.3397837281227112,fault_low_domain_low
TEP,7,22,0.06567125022411346,0.7148687839508057,0.3212451934814453,fault_low_domain_high
TEP,7,23,0.043085094541311264,0.08221574127674103,0.28458672761917114,fault_low_domain_low
TEP,7,24,0.06038685888051987,0.5941690802574158,0.28009650111198425,fault_low_domain_high
TEP,7,25,0.049079425632953644,0.23790086805820465,0.41140851378440857,fault_low_domain_low
TEP,7,26,0.053252603858709335,0.36618074774742126,0.28081074357032776,fault_low_domain_low
TEP,7,27,0.05518943443894386,0.42507287859916687,0.32379281520843506,fault_low_domain_low
TEP,7,28,0.053907472640275955,0.38483965396881104,0.27886757254600525,fault_low_domain_low
TEP,7,29,0.06440470367670059,0.6915451884269714,0.2824627459049225,fault_low_domain_high
TEP,7,30,0.04782697930932045,0.2005830854177475,0.3159128725528717,fault_low_domain_low
TEP,7,31,0.059710487723350525,0.5731778144836426,0.2726496458053589,fault_low_domain_high
TEP,7,32,0.04232395440340042,0.06997084617614746,0.3248932957649231,fault_low_domain_low
TEP,8,0,0.041049860417842865,0.051311954855918884,0.5953525304794312,fault_high_domain_low
TEP,8,1,0.06297540664672852,0.6623906493186951,0.6873477101325989,fault_high_domain_high
TEP,8,2,0.04236457496881485,0.07113702595233917,0.4191966652870178,fault_low_domain_low
TEP,8,3,0.055770259350538254,0.44256559014320374,0.38432714343070984,fault_low_domain_low
TEP,8,4,0.05295192822813988,0.35568514466285706,0.34274041652679443,fault_low_domain_low
TEP,8,5,0.0551157221198082,0.42157435417175293,0.35301530361175537,fault_low_domain_low
TEP,8,6,0.044752974063158035,0.11253644526004791,0.3528386652469635,fault_low_domain_low
TEP,8,7,0.04460003972053528,0.10903789848089218,0.36940717697143555,fault_low_domain_low
TEP,8,8,0.04524636268615723,0.12769679725170135,0.43997418880462646,fault_low_domain_low
TEP,8,9,0.04776327684521675,0.19883382320404053,0.37178945541381836,fault_low_domain_low
TEP,8,10,0.04911206662654877,0.24023324251174927,0.3717342019081116,fault_low_domain_low
TEP,8,11,0.05267159268260002,0.3422740399837494,0.29998067021369934,fault_low_domain_low
TEP,8,12,0.049239132553339005,0.24314868450164795,0.3956833779811859,fault_low_domain_low
TEP,8,13,0.05225976184010506,0.3306122422218323,0.3555544316768646,fault_low_domain_low
TEP,8,14,0.04848335310816765,0.22332361340522766,0.30059394240379333,fault_low_domain_low
TEP,8,15,0.05826013907790184,0.5306122303009033,0.3725886940956116,fault_low_domain_high
TEP,8,16,0.05508210510015488,0.4192419946193695,0.2967618703842163,fault_low_domain_low
TEP,8,17,0.04661213979125023,0.16151604056358337,0.29502955079078674,fault_low_domain_low
TEP,8,18,0.053877539932727814,0.3842565715312958,0.32475608587265015,fault_low_domain_low
TEP,8,19,0.03594115749001503,0.009912536479532719,0.3154155910015106,fault_low_domain_low
TEP,8,20,0.04376784712076187,0.09212827682495117,0.33330243825912476,fault_low_domain_low
TEP,8,21,0.043389033526182175,0.08688046783208847,0.33087870478630066,fault_low_domain_low
TEP,8,22,0.05245925113558769,0.33469387888908386,0.3631506562232971,fault_low_domain_low
TEP,8,23,0.04936880245804787,0.24723032116889954,0.303236186504364,fault_low_domain_low
TEP,8,24,0.041329607367515564,0.05481049418449402,0.32536041736602783,fault_low_domain_low
TEP,8,25,0.04654381796717644,0.15685130655765533,0.31086215376853943,fault_low_domain_low
TEP,8,26,0.038739416748285294,0.026822157204151154,0.2855251431465149,fault_low_domain_low
TEP,8,27,0.048700347542762756,0.23148688673973083,0.3018462061882019,fault_low_domain_low
TEP,8,28,0.05446501076221466,0.401166170835495,0.28256672620773315,fault_low_domain_low
TEP,8,29,0.07383041828870773,0.8536443114280701,0.2935154139995575,fault_low_domain_high
TEP,8,30,0.06568071246147156,0.7154518961906433,0.29622697830200195,fault_low_domain_high
TEP,8,31,0.06699424982070923,0.7405247688293457,0.3100997805595398,fault_low_domain_high
TEP,8,32,0.0550803504884243,0.41865888237953186,0.35133129358291626,fault_low_domain_low
TEP,9,0,0.02491564117372036,0.001166180707514286,0.5125060677528381,fault_high_domain_low
TEP,9,1,0.09727991372346878,0.9766764044761658,0.5161260366439819,fault_high_domain_high
TEP,9,2,0.06598521769046783,0.7189504504203796,0.41285479068756104,fault_low_domain_high
TEP,9,3,0.06063193827867508,0.6011661887168884,0.4066351354122162,fault_low_domain_high
TEP,9,4,0.07023006677627563,0.8058308959007263,0.5237046480178833,fault_high_domain_high
TEP,9,5,0.07847709953784943,0.8985422849655151,0.31764936447143555,fault_low_domain_high
TEP,9,6,0.07393798232078552,0.8571428656578064,0.3258214294910431,fault_low_domain_high
TEP,9,7,0.0676216408610344,0.7475218772888184,0.2838931083679199,fault_low_domain_high
TEP,9,8,0.0754166841506958,0.8746355772018433,0.27226340770721436,fault_low_domain_high
TEP,9,9,0.06406208872795105,0.6833819150924683,0.27040570974349976,fault_low_domain_high
TEP,9,10,0.059948381036520004,0.582507312297821,0.3453606963157654,fault_low_domain_high
TEP,9,11,0.06839774549007416,0.7620991468429565,0.30244043469429016,fault_low_domain_high
TEP,9,12,0.06270686537027359,0.6559766530990601,0.279404878616333,fault_low_domain_high
TEP,9,13,0.060356587171554565,0.5924198031425476,0.35141855478286743,fault_low_domain_high
TEP,9,14,0.06399212032556534,0.6804664731025696,0.32649126648902893,fault_low_domain_high
TEP,9,15,0.0687495544552803,0.7725947499275208,0.4378317594528198,fault_low_domain_high
TEP,9,16,0.06427262723445892,0.6880466341972351,0.4083369970321655,fault_low_domain_high
TEP,9,17,0.06939950585365295,0.7889212965965271,0.45947763323783875,fault_low_domain_high
TEP,9,18,0.06481625139713287,0.7008746266365051,0.35131409764289856,fault_low_domain_high
TEP,9,19,0.05940258502960205,0.5650146007537842,0.3640507161617279,fault_low_domain_high
TEP,9,20,0.06667791306972504,0.7346938848495483,0.3047206997871399,fault_low_domain_high
TEP,9,21,0.06633438915014267,0.7265306115150452,0.40693962574005127,fault_low_domain_high
TEP,9,22,0.05893993005156517,0.5492711663246155,0.3926461338996887,fault_low_domain_high
TEP,9,23,0.04927828162908554,0.24606414139270782,0.30065515637397766,fault_low_domain_low
TEP,9,24,0.055971164256334305,0.45306122303009033,0.34182286262512207,fault_low_domain_low
TEP,9,25,0.051159556955099106,0.2962099015712738,0.3277355432510376,fault_low_domain_low
TEP,9,26,0.05063772201538086,0.28338193893432617,0.40472573041915894,fault_low_domain_low
TEP,9,27,0.045668140053749084,0.13527697324752808,0.4147815406322479,fault_low_domain_low
TEP,9,28,0.039696551859378815,0.035568512976169586,0.48014336824417114,fault_low_domain_low
TEP,9,29,0.04258045554161072,0.07696793228387833,0.4515809714794159,fault_low_domain_low
TEP,9,30,0.050419509410858154,0.27696794271469116,0.3863009512424469,fault_low_domain_low
TEP,9,31,0.03103373385965824,0.0017492711776867509,0.4645763635635376,fault_low_domain_low
TEP,9,32,0.038152169436216354,0.021574344485998154,0.282328337430954,fault_low_domain_low
TEP,10,0,0.10594736039638519,0.9830904006958008,0.43770575523376465,fault_low_domain_high
TEP,10,1,0.1762990653514862,0.9976676106452942,0.6573833227157593,fault_high_domain_high
TEP,10,2,0.06156732514500618,0.6268221735954285,0.7347204685211182,fault_high_domain_high
TEP,10,3,0.050381168723106384,0.27580174803733826,0.7328818440437317,fault_high_domain_low
TEP,10,4,0.048877499997615814,0.23381924629211426,0.7066482901573181,fault_high_domain_low
TEP,10,5,0.06112641096115112,0.615160346031189,0.5656700730323792,fault_high_domain_high
TEP,10,6,0.05932167172431946,0.5620990991592407,0.5044971108436584,fault_high_domain_high
TEP,10,7,0.09094875305891037,0.9638484120368958,0.5467541813850403,fault_high_domain_high
TEP,10,8,0.0642833486199379,0.6886297464370728,0.4559512734413147,fault_low_domain_high
TEP,10,9,0.07268162816762924,0.8390670418739319,0.6083526015281677,fault_high_domain_high
TEP,10,10,0.07814410328865051,0.8962098956108093,0.3912489414215088,fault_low_domain_high
TEP,10,11,0.07022204995155334,0.8046647310256958,0.36061862111091614,fault_low_domain_high
TEP,10,12,0.07252159714698792,0.8379008769989014,0.507332980632782,fault_high_domain_high
TEP,10,13,0.06884962320327759,0.77667635679245,0.39097023010253906,fault_low_domain_high
TEP,10,14,0.05957698076963425,0.5690962076187134,0.5074739456176758,fault_high_domain_high
TEP,10,15,0.057326074689626694,0.49737608432769775,0.510033905506134,fault_high_domain_low
TEP,10,16,0.06433325260877609,0.6897959113121033,0.5074381232261658,fault_high_domain_high
TEP,10,17,0.049140676856040955,0.24139942228794098,0.5637003779411316,fault_high_domain_low
TEP,10,18,0.0600854828953743,0.5854227542877197,0.6385131478309631,fault_high_domain_high
TEP,10,19,0.06010020896792412,0.5865889191627502,0.5949510931968689,fault_high_domain_high
TEP,10,20,0.060683660209178925,0.6029154658317566,0.5027267336845398,fault_high_domain_high
TEP,10,21,0.043358758091926575,0.08629737794399261,0.5966480374336243,fault_high_domain_low
TEP,10,22,0.05120367184281349,0.2985422611236572,0.6406971216201782,fault_high_domain_low
TEP,10,23,0.04379324987530708,0.09271136671304703,0.6146594882011414,fault_high_domain_low
TEP,10,24,0.04629873111844063,0.14868804812431335,0.5906035304069519,fault_high_domain_low
TEP,10,25,0.03728092461824417,0.016326529905200005,0.6370784640312195,fault_high_domain_low
TEP,10,26,0.03561066463589668,0.007580175064504147,0.5457519292831421,fault_high_domain_low
TEP,10,27,0.03754029422998428,0.01924198307096958,0.650477945804596,fault_high_domain_low
TEP,10,28,0.036880746483802795,0.014577259309589863,0.6326797008514404,fault_high_domain_low
TEP,10,29,0.05620451271533966,0.4600583016872406,0.6005244851112366,fault_high_domain_low
TEP,10,30,0.041251614689826965,0.05422740429639816,0.6093397736549377,fault_high_domain_low
TEP,10,31,0.03989717364311218,0.03906705603003502,0.6476507782936096,fault_high_domain_low
TEP,10,32,0.03612285107374191,0.011661808006465435,0.568995475769043,fault_high_domain_low
TEP,11,0,0.04869305342435837,0.23032070696353912,0.30882328748703003,fault_low_domain_low
TEP,11,1,0.04909779503941536,0.23906706273555756,0.34353893995285034,fault_low_domain_low
TEP,11,2,0.045315276831388474,0.12944605946540833,0.27396535873413086,fault_low_domain_low
TEP,11,3,0.05278857797384262,0.35043731331825256,0.30039703845977783,fault_low_domain_low
TEP,11,4,0.06301369518041611,0.6635568737983704,0.29614847898483276,fault_low_domain_high
TEP,11,5,0.04481351375579834,0.11486880481243134,0.3169604539871216,fault_low_domain_low
TEP,11,6,0.04662129655480385,0.16268222033977509,0.3515036702156067,fault_low_domain_low
TEP,11,7,0.051844533532857895,0.317201167345047,0.28261497616767883,fault_low_domain_low
TEP,11,8,0.04086558520793915,0.04956268146634102,0.3472651541233063,fault_low_domain_low
TEP,11,9,0.057372476905584335,0.5008746385574341,0.28187093138694763,fault_low_domain_high
TEP,11,10,0.04486032947897911,0.1166180744767189,0.2866753041744232,fault_low_domain_low
TEP,11,11,0.04778662696480751,0.20000000298023224,0.3307586908340454,fault_low_domain_low
TEP,11,12,0.051919855177402496,0.3195335268974304,0.36002787947654724,fault_low_domain_low
TEP,11,13,0.05159543454647064,0.31020408868789673,0.3107306957244873,fault_low_domain_low
TEP,11,14,0.05825984850525856,0.5300291776657104,0.3409830927848816,fault_low_domain_high
TEP,11,15,0.05551988258957863,0.43440234661102295,0.30483534932136536,fault_low_domain_low
TEP,11,16,0.05002899467945099,0.26822158694267273,0.30427485704421997,fault_low_domain_low
TEP,11,17,0.05474279448390007,0.40932944416999817,0.31689199805259705,fault_low_domain_low
TEP,11,18,0.05219205096364021,0.3288629651069641,0.26943501830101013,fault_low_domain_low
TEP,11,19,0.050620321184396744,0.2827988266944885,0.28393295407295227,fault_low_domain_low
TEP,11,20,0.057242508977651596,0.49212828278541565,0.37031736969947815,fault_low_domain_low
TEP,11,21,0.054256610572338104,0.39475217461586,0.3409551978111267,fault_low_domain_low
TEP,11,22,0.05522012710571289,0.4262390732765198,0.2866916358470917,fault_low_domain_low
TEP,11,23,0.04982631653547287,0.262390673160553,0.26774510741233826,fault_low_domain_low
TEP,11,24,0.04735241457819939,0.18775510787963867,0.30650538206100464,fault_low_domain_low
TEP,11,25,0.04923931881785393,0.2437317818403244,0.29599088430404663,fault_low_domain_low
TEP,11,26,0.054548703134059906,0.4046647250652313,0.3522029519081116,fault_low_domain_low
TEP,11,27,0.05731350556015968,0.49620991945266724,0.31025129556655884,fault_low_domain_low
TEP,11,28,0.051465507596731186,0.30612245202064514,0.38483375310897827,fault_low_domain_low
TEP,11,29,0.050227608531713486,0.27230319380760193,0.2736548185348511,fault_low_domain_low
TEP,11,30,0.05823434516787529,0.527113676071167,0.3367953598499298,fault_low_domain_high
TEP,11,31,0.060193248093128204,0.588921308517456,0.28911903500556946,fault_low_domain_high
TEP,11,32,0.05293761193752289,0.35451894998550415,0.2733091115951538,fault_low_domain_low
TEP,12,0,0.0746680200099945,0.8664723038673401,0.5378305315971375,fault_high_domain_high
TEP,12,1,0.19733300805091858,0.9994168877601624,0.6415567398071289,fault_high_domain_high
TEP,12,2,0.07476218789815903,0.8682215809822083,0.6907882690429688,fault_high_domain_high
TEP,12,3,0.06882946193218231,0.7755101919174194,0.674878716468811,fault_high_domain_high
TEP,12,4,0.06269580125808716,0.6553936004638672,0.6354818940162659,fault_high_domain_high
TEP,12,5,0.07528937608003616,0.8734694123268127,0.6763659715652466,fault_high_domain_high
TEP,12,6,0.051891908049583435,0.3183673322200775,0.6418399214744568,fault_high_domain_low
TEP,12,7,0.05246882513165474,0.3358600437641144,0.6329241991043091,fault_high_domain_low
TEP,12,8,0.0734783187508583,0.8489795923233032,0.6190310716629028,fault_high_domain_high
TEP,12,9,0.06996779143810272,0.8011661767959595,0.6831273436546326,fault_high_domain_high
TEP,12,10,0.05934915319085121,0.5626822113990784,0.6666505336761475,fault_high_domain_high
TEP,12,11,0.05422993376851082,0.39358600974082947,0.6244528293609619,fault_high_domain_low
TEP,12,12,0.0635012835264206,0.6705539226531982,0.7284677624702454,fault_high_domain_high
TEP,12,13,0.058604177087545395,0.539941668510437,0.6757144331932068,fault_high_domain_high
TEP,12,14,0.04822081699967384,0.21341107785701752,0.6618722081184387,fault_high_domain_low
TEP,12,15,0.04970218986272812,0.2553935945034027,0.6756457090377808,fault_high_domain_low
TEP,12,16,0.05742909014225006,0.5043731927871704,0.6825957894325256,fault_high_domain_high
TEP,12,17,0.0540689192712307,0.3889212906360626,0.7383593320846558,fault_high_domain_low
TEP,12,18,0.05889371782541275,0.546355664730072,0.7296565175056458,fault_high_domain_high
TEP,12,19,0.06895843148231506,0.7790087461471558,0.7190080285072327,fault_high_domain_high
TEP,12,20,0.05832564830780029,0.533527672290802,0.671116828918457,fault_high_domain_high
TEP,12,21,0.06238962337374687,0.647230327129364,0.7128341197967529,fault_high_domain_high
TEP,12,22,0.057257093489170074,0.49329444766044617,0.7470658421516418,fault_high_domain_low
TEP,12,23,0.046053655445575714,0.1428571492433548,0.6918078660964966,fault_high_domain_low
TEP,12,24,0.07418173551559448,0.8600583076477051,0.687715470790863,fault_high_domain_high
TEP,12,25,0.08330995589494705,0.9306122660636902,0.6914590001106262,fault_high_domain_high
TEP,12,26,0.05700688436627388,0.4833819270133972,0.6849184036254883,fault_high_domain_low
TEP,12,27,0.06475948542356491,0.6997084617614746,0.6872966289520264,fault_high_domain_high
TEP,12,28,0.0607188455760479,0.6040816307067871,0.7100757956504822,fault_high_domain_high
TEP,12,29,0.07178550958633423,0.8291544914245605,0.7731656432151794,fault_high_domain_high
TEP,12,30,0.06121533736586571,0.6186589002609253,0.7386093139648438,fault_high_domain_high
TEP,12,31,0.06613831222057343,0.7218658924102783,0.7150688171386719,fault_high_domain_high
TEP,12,32,0.04675089195370674,0.16851311922073364,0.7344055771827698,fault_high_domain_low
TEP,13,0,0.04990922659635544,0.2647230327129364,0.3235088288784027,fault_low_domain_low
TEP,13,1,0.05259665101766586,0.33877551555633545,0.36458608508110046,fault_low_domain_low
TEP,13,2,0.05106133222579956,0.29154518246650696,0.2660496234893799,fault_low_domain_low
TEP,13,3,0.054891351610422134,0.4128279983997345,0.33940666913986206,fault_low_domain_low
TEP,13,4,0.057908233255147934,0.520699679851532,0.28564703464508057,fault_low_domain_high
TEP,13,5,0.061078473925590515,0.6122449040412903,0.30165746808052063,fault_low_domain_high
TEP,13,6,0.05495865270495415,0.41632652282714844,0.2886542081832886,fault_low_domain_low
TEP,13,7,0.05277702212333679,0.34927114844322205,0.385012686252594,fault_low_domain_low
TEP,13,8,0.04705348238348961,0.1784256547689438,0.27228450775146484,fault_low_domain_low
TEP,13,9,0.04442231357097626,0.10728862881660461,0.33023691177368164,fault_low_domain_low
TEP,13,10,0.046581804752349854,0.1597667634487152,0.3036244213581085,fault_low_domain_low
TEP,13,11,0.0515257753431797,0.3078717291355133,0.3770967721939087,fault_low_domain_low
TEP,13,12,0.04422907531261444,0.10553935915231705,0.3179911673069,fault_low_domain_low
TEP,13,13,0.04745974764227867,0.18950437009334564,0.29097890853881836,fault_low_domain_low
TEP,13,14,0.04480922967195511,0.11428571492433548,0.5078657865524292,fault_high_domain_low
TEP,13,15,0.05181029438972473,0.31545189023017883,0.38384315371513367,fault_low_domain_low
TEP,13,16,0.055775661021471024,0.4431487023830414,0.28341445326805115,fault_low_domain_low
TEP,13,17,0.0469890832901001,0.17667637765407562,0.3043135702610016,fault_low_domain_low
TEP,13,18,0.05362808704376221,0.378425657749176,0.29516610503196716,fault_low_domain_low
TEP,13,19,0.05985889583826065,0.5778425931930542,0.3719641864299774,fault_low_domain_high
TEP,13,20,0.051721081137657166,0.3131195306777954,0.3018953502178192,fault_low_domain_low
TEP,13,21,0.04943656548857689,0.2501457631587982,0.3805754780769348,fault_low_domain_low
TEP,13,22,0.04242568835616112,0.07405247539281845,0.4553704261779785,fault_low_domain_low
TEP,13,23,0.044087640941143036,0.10029154270887375,0.3744094669818878,fault_low_domain_low
TEP,13,24,0.0474635511636734,0.19067054986953735,0.2874736189842224,fault_low_domain_low
TEP,13,25,0.05361038073897362,0.37784257531166077,0.302966833114624,fault_low_domain_low
TEP,13,26,0.053398679941892624,0.3725947439670563,0.3060070872306824,fault_low_domain_low
TEP,13,27,0.04823891073465347,0.21574343740940094,0.2992061674594879,fault_low_domain_low
TEP,13,28,0.03801415115594864,0.020408162847161293,0.5264756083488464,fault_high_domain_low
TEP,13,29,0.061074718832969666,0.6116617918014526,0.43917688727378845,fault_low_domain_high
TEP,13,30,0.0511925108730793,0.29795917868614197,0.40146583318710327,fault_low_domain_low
TEP,13,31,0.055783461779356,0.44489794969558716,0.37026193737983704,fault_low_domain_low
TEP,13,32,0.05093463510274887,0.28921282291412354,0.2917957305908203,fault_low_domain_low
TEP,14,0,0.04313868656754494,0.0839650109410286,0.3311733901500702,fault_low_domain_low
TEP,14,1,0.04601842537522316,0.14169096946716309,0.2989788353443146,fault_low_domain_low
TEP,14,2,0.05444309115409851,0.4000000059604645,0.3042837977409363,fault_low_domain_low
TEP,14,3,0.053013455122709274,0.3580175042152405,0.29418623447418213,fault_low_domain_low
TEP,14,4,0.046828996390104294,0.1702623963356018,0.3006352186203003,fault_low_domain_low
TEP,14,5,0.04423711821436882,0.1061224490404129,0.33202308416366577,fault_low_domain_low
TEP,14,6,0.04668736085295677,0.16676384210586548,0.29308173060417175,fault_low_domain_low
TEP,14,7,0.04970554634928703,0.25597667694091797,0.3237362802028656,fault_low_domain_low
TEP,14,8,0.04797973856329918,0.20641399919986725,0.3814511001110077,fault_low_domain_low
TEP,14,9,0.043919213116168976,0.0956268236041069,0.34895601868629456,fault_low_domain_low
TEP,14,10,0.058284927159547806,0.5317784547805786,0.2963012754917145,fault_low_domain_high
TEP,14,11,0.053272902965545654,0.36734694242477417,0.2884282171726227,fault_low_domain_low
TEP,14,12,0.05273165553808212,0.3457725942134857,0.2718082666397095,fault_low_domain_low
TEP,14,13,0.04657946527004242,0.15918366611003876,0.28631794452667236,fault_low_domain_low
TEP,14,14,0.04902596026659012,0.23673468828201294,0.2906481921672821,fault_low_domain_low
TEP,14,15,0.06311886757612228,0.6653061509132385,0.3303145170211792,fault_low_domain_high
TEP,14,16,0.04724888876080513,0.1848396509885788,0.2851808965206146,fault_low_domain_low
TEP,14,17,0.04706082120537758,0.17900875210762024,0.3100818395614624,fault_low_domain_low
TEP,14,18,0.04828349128365517,0.2174927145242691,0.34366288781166077,fault_low_domain_low
TEP,14,19,0.040782615542411804,0.04781341180205345,0.28471624851226807,fault_low_domain_low
TEP,14,20,0.03978768363595009,0.0367346927523613,0.2978864014148712,fault_low_domain_low
TEP,14,21,0.04722493141889572,0.18309037387371063,0.3358975350856781,fault_low_domain_low
TEP,14,22,0.04862045869231224,0.22857142984867096,0.3199499845504761,fault_low_domain_low
TEP,14,23,0.048320312052965164,0.21807579696178436,0.2979252338409424,fault_low_domain_low
TEP,14,24,0.04759453609585762,0.19591836631298065,0.28713905811309814,fault_low_domain_low
TEP,14,25,0.04607261344790459,0.14460641145706177,0.29300278425216675,fault_low_domain_low
TEP,14,26,0.04950568452477455,0.2513119578361511,0.2772309184074402,fault_low_domain_low
TEP,14,27,0.04418409988284111,0.10379008948802948,0.29422691464424133,fault_low_domain_low
TEP,14,28,0.05074712634086609,0.2868804633617401,0.3461058437824249,fault_low_domain_low
TEP,14,29,0.05658169463276863,0.4717201292514801,0.293472558259964,fault_low_domain_low
TEP,14,30,0.04977848380804062,0.2594752311706543,0.32113370299339294,fault_low_domain_low
TEP,14,31,0.05982552841305733,0.5755102038383484,0.3742556571960449,fault_low_domain_high
TEP,14,32,0.05033992603421211,0.2740524709224701,0.31483134627342224,fault_low_domain_low
TEP,15,0,0.08017164468765259,0.9137026071548462,0.4384761452674866,fault_low_domain_high
TEP,15,1,0.17544157803058624,0.9970845580101013,0.6238988041877747,fault_high_domain_high
TEP,15,2,0.06832510977983475,0.7603498697280884,0.6231446862220764,fault_high_domain_high
TEP,15,3,0.06587416678667068,0.7166180610656738,0.600556492805481,fault_high_domain_high
TEP,15,4,0.06516896933317184,0.7072886228561401,0.5695605278015137,fault_high_domain_high
TEP,15,5,0.07448986917734146,0.8653061389923096,0.5601614117622375,fault_high_domain_high
TEP,15,6,0.045731887221336365,0.13702623546123505,0.5215947031974792,fault_high_domain_low
TEP,15,7,0.06049347296357155,0.5965014696121216,0.5865931510925293,fault_high_domain_high
TEP,15,8,0.06471849232912064,0.6979591846466064,0.5910178422927856,fault_high_domain_high
TEP,15,9,0.0694810226559639,0.7906705737113953,0.6335647702217102,fault_high_domain_high
TEP,15,10,0.06055830046534538,0.5994169116020203,0.6285975575447083,fault_high_domain_high
TEP,15,11,0.06189770624041557,0.6355684995651245,0.5857712626457214,fault_high_domain_high
TEP,15,12,0.07389342039823532,0.8559767007827759,0.657576322555542,fault_high_domain_high
TEP,15,13,0.060988541692495346,0.6104956269264221,0.6507331132888794,fault_high_domain_high
TEP,15,14,0.05364640802145004,0.3801749348640442,0.6381771564483643,fault_high_domain_low
TEP,15,15,0.05539144575595856,0.4309037923812866,0.6319777965545654,fault_high_domain_low
TEP,15,16,0.06237908825278282,0.6466472148895264,0.5822353959083557,fault_high_domain_high
TEP,15,17,0.05611349642276764,0.4588921368122101,0.7186799049377441,fault_high_domain_low
TEP,15,18,0.05662054196000099,0.47230321168899536,0.6892732977867126,fault_high_domain_low
TEP,15,19,0.05722639337182045,0.4897959232330322,0.6836094260215759,fault_high_domain_low
TEP,15,20,0.06896127760410309,0.7801749110221863,0.6235523223876953,fault_high_domain_high
TEP,15,21,0.05817949026823044,0.5253644585609436,0.6611135601997375,fault_high_domain_high
TEP,15,22,0.06407290697097778,0.6845480799674988,0.6406878232955933,fault_high_domain_high
TEP,15,23,0.061238572001457214,0.6192419528961182,0.6607177257537842,fault_high_domain_high
TEP,15,24,0.06530357152223587,0.7084547877311707,0.6306934952735901,fault_high_domain_high
TEP,15,25,0.06064504757523537,0.6017492413520813,0.6692889332771301,fault_high_domain_high
TEP,15,26,0.05568525195121765,0.43848395347595215,0.6328669190406799,fault_high_domain_low
TEP,15,27,0.07031813263893127,0.8069970607757568,0.6426950097084045,fault_high_domain_high
TEP,15,28,0.06884467601776123,0.7760933041572571,0.6372743248939514,fault_high_domain_high
TEP,15,29,0.060333024710416794,0.5912536382675171,0.6890978217124939,fault_high_domain_high
TEP,15,30,0.061577796936035156,0.6274052262306213,0.6229197978973389,fault_high_domain_high
TEP,15,31,0.061528775840997696,0.6250728964805603,0.6492982506752014,fault_high_domain_high
TEP,15,32,0.05697857216000557,0.4810495674610138,0.6271378397941589,fault_high_domain_low
TEP,16,0,0.04631401598453522,0.1492711305618286,0.3238692879676819,fault_low_domain_low
TEP,16,1,0.048740699887275696,0.23265306651592255,0.3376132845878601,fault_low_domain_low
TEP,16,2,0.05601005256175995,0.45539358258247375,0.2809167802333832,fault_low_domain_low
TEP,16,3,0.04583333805203438,0.1387755125761032,0.29877370595932007,fault_low_domain_low
TEP,16,4,0.03876495733857155,0.02857142873108387,0.29829978942871094,fault_low_domain_low
TEP,16,5,0.04201917722821236,0.06472302973270416,0.27486559748649597,fault_low_domain_low
TEP,16,6,0.04468219354748726,0.1113702654838562,0.27426913380622864,fault_low_domain_low
TEP,16,7,0.04860474541783333,0.22740525007247925,0.30794697999954224,fault_low_domain_low
TEP,16,8,0.04971805587410927,0.25772595405578613,0.3271637558937073,fault_low_domain_low
TEP,16,9,0.060380734503269196,0.5935860276222229,0.31727248430252075,fault_low_domain_high
TEP,16,10,0.05385521799325943,0.38367345929145813,0.27280160784721375,fault_low_domain_low
TEP,16,11,0.05200649052858353,0.323615163564682,0.28318193554878235,fault_low_domain_low
TEP,16,12,0.052600882947444916,0.3393585979938507,0.2987457811832428,fault_low_domain_low
TEP,16,13,0.04362759739160538,0.0903790071606636,0.29703518748283386,fault_low_domain_low
TEP,16,14,0.06283863633871078,0.6594752073287964,0.28001999855041504,fault_low_domain_high
TEP,16,15,0.061295829713344574,0.6204081773757935,0.289251446723938,fault_low_domain_high
TEP,16,16,0.053127218037843704,0.36093294620513916,0.3540729880332947,fault_low_domain_low
TEP,16,17,0.04908895492553711,0.2384839653968811,0.37697866559028625,fault_low_domain_low
TEP,16,18,0.057586558163166046,0.5119533538818359,0.33095690608024597,fault_low_domain_high
TEP,16,19,0.05045196786522865,0.2781341075897217,0.3191199004650116,fault_low_domain_low
TEP,16,20,0.045059047639369965,0.12244898080825806,0.2866186201572418,fault_low_domain_low
TEP,16,21,0.05032067000865936,0.27346938848495483,0.34698447585105896,fault_low_domain_low
TEP,16,22,0.06942521035671234,0.78950434923172,0.2982339560985565,fault_low_domain_high
TEP,16,23,0.047240693122148514,0.18425655364990234,0.29506537318229675,fault_low_domain_low
TEP,16,24,0.04582938179373741,0.13819241523742676,0.28776055574417114,fault_low_domain_low
TEP,16,25,0.050008468329906464,0.2670553922653198,0.45918336510658264,fault_low_domain_low
TEP,16,26,0.05417150631546974,0.39125365018844604,0.282205730676651,fault_low_domain_low
TEP,16,27,0.046616002917289734,0.16209912300109863,0.3338022530078888,fault_low_domain_low
TEP,16,28,0.0525028221309185,0.3370262384414673,0.3839581310749054,fault_low_domain_low
TEP,16,29,0.042416591197252274,0.07288629561662674,0.3327763080596924,fault_low_domain_low
TEP,16,30,0.045663852244615555,0.13469387590885162,0.30395013093948364,fault_low_domain_low
TEP,16,31,0.04113456606864929,0.052478134632110596,0.2913372814655304,fault_low_domain_low
TEP,16,32,0.05052774399518967,0.27988338470458984,0.3497660756111145,fault_low_domain_low
TEP,17,0,0.07940421998500824,0.9072886109352112,0.6595891714096069,fault_high_domain_high
TEP,17,1,0.14151430130004883,0.991253674030304,0.5930031538009644,fault_high_domain_high
TEP,17,2,0.09886767715215683,0.9784256815910339,0.707914412021637,fault_high_domain_high
TEP,17,3,0.09034551680088043,0.9609329700469971,0.7602261900901794,fault_high_domain_high
TEP,17,4,0.09234767407178879,0.9702624082565308,0.7444367408752441,fault_high_domain_high
TEP,17,5,0.08806076645851135,0.9527696967124939,0.75184166431427,fault_high_domain_high
TEP,17,6,0.07132010161876678,0.8227404952049255,0.7103302478790283,fault_high_domain_high
TEP,17,7,0.08367421478033066,0.9329445958137512,0.7708802819252014,fault_high_domain_high
TEP,17,8,0.07618722319602966,0.8833819031715393,0.685762345790863,fault_high_domain_high
TEP,17,9,0.07238828390836716,0.8361515998840332,0.7347660660743713,fault_high_domain_high
TEP,17,10,0.07722897827625275,0.8886297345161438,0.6610329151153564,fault_high_domain_high
TEP,17,11,0.07860029488801956,0.9008746147155762,0.6123861074447632,fault_high_domain_high
TEP,17,12,0.0913587436079979,0.9655976891517639,0.6734287142753601,fault_high_domain_high
TEP,17,13,0.08570638298988342,0.9434402585029602,0.6416875123977661,fault_high_domain_high
TEP,17,14,0.07645628601312637,0.8862974047660828,0.6436477899551392,fault_high_domain_high
TEP,17,15,0.08202449232339859,0.924781322479248,0.6419867873191833,fault_high_domain_high
TEP,17,16,0.0914754644036293,0.9667638540267944,0.6671199798583984,fault_high_domain_high
TEP,17,17,0.08269640803337097,0.9271137118339539,0.6563212275505066,fault_high_domain_high
TEP,17,18,0.09108351171016693,0.9644314646720886,0.643088698387146,fault_high_domain_high
TEP,17,19,0.09342916309833527,0.9737609624862671,0.6520724296569824,fault_high_domain_high
TEP,17,20,0.08648313581943512,0.9457725882530212,0.633169949054718,fault_high_domain_high
TEP,17,21,0.09158800542354584,0.967930018901825,0.631738007068634,fault_high_domain_high
TEP,17,22,0.09195442497730255,0.9696792960166931,0.6372917890548706,fault_high_domain_high
TEP,17,23,0.0893688052892685,0.9580174684524536,0.6361141800880432,fault_high_domain_high
TEP,17,24,0.09759316593408585,0.9772594571113586,0.6418483853340149,fault_high_domain_high
TEP,17,25,0.08581993728876114,0.9440233111381531,0.6327645778656006,fault_high_domain_high
TEP,17,26,0.09323866665363312,0.9720116853713989,0.6258562803268433,fault_high_domain_high
TEP,17,27,0.09299223870038986,0.9708454608917236,0.6409720778465271,fault_high_domain_high
TEP,17,28,0.09056411683559418,0.9620991349220276,0.6305987238883972,fault_high_domain_high
TEP,17,29,0.09417840093374252,0.9749271273612976,0.6452662944793701,fault_high_domain_high
TEP,17,30,0.08763476461172104,0.9510204195976257,0.6338644623756409,fault_high_domain_high
TEP,17,31,0.09039205312728882,0.9615160226821899,0.633135974407196,fault_high_domain_high
TEP,17,32,0.08551154285669327,0.941690981388092,0.6353316903114319,fault_high_domain_high
TEP,18,0,0.07724042981863022,0.8892128467559814,0.5391783714294434,fault_high_domain_high
TEP,18,1,0.13784635066986084,0.9895043969154358,0.5829190611839294,fault_high_domain_high
TEP,18,2,0.09331848472356796,0.9731778502464294,0.638689398765564,fault_high_domain_high
TEP,18,3,0.0843886286020279,0.935276985168457,0.6907726526260376,fault_high_domain_high
TEP,18,4,0.09086936712265015,0.9632652997970581,0.6305583715438843,fault_high_domain_high
TEP,18,5,0.08297383785247803,0.928862988948822,0.7280178666114807,fault_high_domain_high
TEP,18,6,0.07569418847560883,0.8763848543167114,0.6997288465499878,fault_high_domain_high
TEP,18,7,0.0757450982928276,0.8775510191917419,0.6995308995246887,fault_high_domain_high
TEP,18,8,0.07733180373907089,0.8909621238708496,0.6786401271820068,fault_high_domain_high
TEP,18,9,0.07705976068973541,0.8880466222763062,0.7125514149665833,fault_high_domain_high
TEP,18,10,0.06991682946681976,0.800000011920929,0.6987243294715881,fault_high_domain_high
TEP,18,11,0.07128353416919708,0.821574330329895,0.7118121385574341,fault_high_domain_high
TEP,18,12,0.08225136995315552,0.9259475469589233,0.6635826826095581,fault_high_domain_high
TEP,18,13,0.06885766237974167,0.7772594690322876,0.662861704826355,fault_high_domain_high
TEP,18,14,0.06778953969478607,0.7498542070388794,0.6367675065994263,fault_high_domain_high
TEP,18,15,0.0753849595785141,0.8740524649620056,0.661967396736145,fault_high_domain_high
TEP,18,16,0.08456841111183167,0.9370262622833252,0.6472289562225342,fault_high_domain_high
TEP,18,17,0.07130885124206543,0.8221574425697327,0.6325669288635254,fault_high_domain_high
TEP,18,18,0.06198256462812424,0.6396501660346985,0.6379644870758057,fault_high_domain_high
TEP,18,19,0.0640687495470047,0.6839650273323059,0.6244234442710876,fault_high_domain_high
TEP,18,20,0.08142784237861633,0.9201166033744812,0.6481205224990845,fault_high_domain_high
TEP,18,21,0.07615368813276291,0.8816326260566711,0.6380720138549805,fault_high_domain_high
TEP,18,22,0.06483455747365952,0.7026239037513733,0.6555153727531433,fault_high_domain_high
TEP,18,23,0.06902472674846649,0.7825073003768921,0.6274049282073975,fault_high_domain_high
TEP,18,24,0.08445467054843903,0.9358600378036499,0.5985342860221863,fault_high_domain_high
TEP,18,25,0.07404711097478867,0.8588921427726746,0.6221877336502075,fault_high_domain_high
TEP,18,26,0.06851828843355179,0.7673469185829163,0.6316072344779968,fault_high_domain_high
TEP,18,27,0.06620435416698456,0.7230320572853088,0.6516841650009155,fault_high_domain_high
TEP,18,28,0.08773664385080338,0.9521865844726562,0.6699489951133728,fault_high_domain_high
TEP,18,29,0.0692596286535263,0.7854227423667908,0.6046130061149597,fault_high_domain_high
TEP,18,30,0.07328657805919647,0.8466472029685974,0.6126507520675659,fault_high_domain_high
TEP,18,31,0.05812598392367363,0.5241982340812683,0.5983139276504517,fault_high_domain_high
TEP,18,32,0.06983456015586853,0.7953352928161621,0.6190043091773987,fault_high_domain_high
TEP,19,0,0.05645088851451874,0.46588921546936035,0.575560450553894,fault_high_domain_low
TEP,19,1,0.1960172802209854,0.9988338351249695,0.5789512991905212,fault_high_domain_high
TEP,19,2,0.07909481972455978,0.9061224460601807,0.621468186378479,fault_high_domain_high
TEP,19,3,0.06542341411113739,0.709621012210846,0.6629300117492676,fault_high_domain_high
TEP,19,4,0.06507862359285355,0.705539345741272,0.6584771275520325,fault_high_domain_high
TEP,19,5,0.08198853582143784,0.9241982698440552,0.6621522307395935,fault_high_domain_high
TEP,19,6,0.07427842915058136,0.8612244725227356,0.6522535681724548,fault_high_domain_high
TEP,19,7,0.07134287059307098,0.8250728845596313,0.6515922546386719,fault_high_domain_high
TEP,19,8,0.0887487530708313,0.9562682509422302,0.6671308875083923,fault_high_domain_high
TEP,19,9,0.0856674388051033,0.9428571462631226,0.653084397315979,fault_high_domain_high
TEP,19,10,0.05732698366045952,0.49854227900505066,0.6864383220672607,fault_high_domain_low
TEP,19,11,0.060598649084568024,0.6005830764770508,0.6440714597702026,fault_high_domain_high
TEP,19,12,0.06679186969995499,0.737609326839447,0.6941928863525391,fault_high_domain_high
TEP,19,13,0.0723373293876648,0.8355684876441956,0.6417420506477356,fault_high_domain_high
TEP,19,14,0.057229235768318176,0.4903790056705475,0.673616886138916,fault_high_domain_low
TEP,19,15,0.06352777779102325,0.6711370348930359,0.6743483543395996,fault_high_domain_high
TEP,19,16,0.06896106898784637,0.7795918583869934,0.6744275689125061,fault_high_domain_high
TEP,19,17,0.07641876488924026,0.8851311802864075,0.6539738178253174,fault_high_domain_high
TEP,19,18,0.07010025531053543,0.80233234167099,0.6613067388534546,fault_high_domain_high
TEP,19,19,0.06677267700433731,0.7370262145996094,0.6482603549957275,fault_high_domain_high
TEP,19,20,0.06438467651605606,0.6909620761871338,0.6797959208488464,fault_high_domain_high
TEP,19,21,0.057837583124637604,0.5177842378616333,0.657357394695282,fault_high_domain_high
TEP,19,22,0.04565361514687538,0.13411079347133636,0.6490001678466797,fault_high_domain_low
TEP,19,23,0.06250399351119995,0.649562656879425,0.6220448613166809,fault_high_domain_high
TEP,19,24,0.06556224077939987,0.7137026190757751,0.6379566192626953,fault_high_domain_high
TEP,19,25,0.07126335054636002,0.8204081654548645,0.6495006680488586,fault_high_domain_high
TEP,19,26,0.07576563954353333,0.8787171840667725,0.5982820391654968,fault_high_domain_high
TEP,19,27,0.07525274902582169,0.8728863000869751,0.6517096757888794,fault_high_domain_high
TEP,19,28,0.06347187608480453,0.6699708700180054,0.6503082513809204,fault_high_domain_high
TEP,19,29,0.0724460631608963,0.8367347121238708,0.7081496119499207,fault_high_domain_high
TEP,19,30,0.056555937975645065,0.47113701701164246,0.6403204202651978,fault_high_domain_low
TEP,19,31,0.055691950023174286,0.4390670657157898,0.6902044415473938,fault_high_domain_low
TEP,19,32,0.04190433397889137,0.06239067018032074,0.6494414806365967,fault_high_domain_low
TEP,20,0,0.07853085547685623,0.899125337600708,0.5149812698364258,fault_high_domain_high
TEP,20,1,0.156468465924263,0.9941691160202026,0.7323407530784607,fault_high_domain_high
TEP,20,2,0.055879488587379456,0.44897958636283875,0.5544884204864502,fault_high_domain_low
TEP,20,3,0.06952854990959167,0.7912536263465881,0.4390740394592285,fault_low_domain_high
TEP,20,4,0.07134079188108444,0.8244897723197937,0.3618532717227936,fault_low_domain_high
TEP,20,5,0.07347443699836731,0.8483964800834656,0.47169023752212524,fault_low_domain_high
TEP,20,6,0.06840725243091583,0.7626821994781494,0.4047994911670685,fault_low_domain_high
TEP,20,7,0.05929189547896385,0.5597667694091797,0.48088136315345764,fault_low_domain_high
TEP,20,8,0.05135411024093628,0.3026238977909088,0.5011797547340393,fault_high_domain_low
TEP,20,9,0.0502031035721302,0.27172011137008667,0.3732556998729706,fault_low_domain_low
TEP,20,10,0.051411714404821396,0.3037900924682617,0.4580940306186676,fault_low_domain_low
TEP,20,11,0.04796227812767029,0.20466472208499908,0.42569535970687866,fault_low_domain_low
TEP,20,12,0.04113205149769783,0.05189504474401474,0.44053003191947937,fault_low_domain_low
TEP,20,13,0.05270891264081001,0.34402331709861755,0.48015424609184265,fault_low_domain_low
TEP,20,14,0.04531506821513176,0.12886297702789307,0.3995412290096283,fault_low_domain_low
TEP,20,15,0.048363905400037766,0.21982507407665253,0.3967837989330292,fault_low_domain_low
TEP,20,16,0.048557259142398834,0.22623907029628754,0.36006999015808105,fault_low_domain_low
TEP,20,17,0.04524245113134384,0.1259475201368332,0.38462480902671814,fault_low_domain_low
TEP,20,18,0.05271214246749878,0.3446063995361328,0.400931179523468,fault_low_domain_low
TEP,20,19,0.03831309452652931,0.022740524262189865,0.4045689105987549,fault_low_domain_low
TEP,20,20,0.04028639197349548,0.0419825054705143,0.43849241733551025,fault_low_domain_low
TEP,20,21,0.04169197008013725,0.06005831062793732,0.3914564549922943,fault_low_domain_low
TEP,20,22,0.04848996177315712,0.22448979318141937,0.3777904212474823,fault_low_domain_low
TEP,20,23,0.04484547674655914,0.11603498458862305,0.38792622089385986,fault_low_domain_low
TEP,20,24,0.043731510639190674,0.09096209704875946,0.40112605690956116,fault_low_domain_low
TEP,20,25,0.04466148093342781,0.11078717559576035,0.344168484210968,fault_low_domain_low
TEP,20,26,0.05306871980428696,0.359183669090271,0.39795321226119995,fault_low_domain_low
TEP,20,27,0.049676764756441116,0.2542273998260498,0.37034842371940613,fault_low_domain_low
TEP,20,28,0.054795194417238235,0.41107872128486633,0.3902934193611145,fault_low_domain_low
TEP,20,29,0.07467024028301239,0.8670554161071777,0.4050470292568207,fault_low_domain_high
TEP,20,30,0.052046194672584534,0.32594752311706543,0.3616384267807007,fault_low_domain_low
TEP,20,31,0.07214809954166412,0.834402322769165,0.352028489112854,fault_low_domain_high
TEP,20,32,0.05336349830031395,0.3708454668521881,0.2910424470901489,fault_low_domain_low
TEP,21,0,0.07308097183704376,0.8437317609786987,0.4240407347679138,fault_low_domain_high
TEP,21,1,0.08482769876718521,0.9393585920333862,0.7353386878967285,fault_high_domain_high
TEP,21,2,0.04044678434729576,0.04431486874818802,0.6203474998474121,fault_high_domain_low
TEP,21,3,0.04210162162780762,0.06647230684757233,0.5733648538589478,fault_high_domain_low
TEP,21,4,0.05442920699715614,0.3988338112831116,0.5404875874519348,fault_high_domain_low
TEP,21,5,0.05566646158695221,0.4379008710384369,0.4055497348308563,fault_low_domain_low
TEP,21,6,0.06504802405834198,0.7049562931060791,0.3739965558052063,fault_low_domain_high
TEP,21,7,0.07487110793590546,0.8693877458572388,0.4773804843425751,fault_low_domain_high
TEP,21,8,0.07644949853420258,0.8857142925262451,0.41066884994506836,fault_low_domain_high
TEP,21,9,0.0738784521818161,0.8553935885429382,0.47683894634246826,fault_low_domain_high
TEP,21,10,0.07575834542512894,0.8781341314315796,0.3061560392379761,fault_low_domain_high
TEP,21,11,0.06419513374567032,0.6862973570823669,0.2699238061904907,fault_low_domain_high
TEP,21,12,0.06966971606016159,0.793586015701294,0.43790435791015625,fault_low_domain_high
TEP,21,13,0.07445033639669418,0.8647230267524719,0.27679646015167236,fault_low_domain_high
TEP,21,14,0.06467970460653305,0.6967930197715759,0.3724406063556671,fault_low_domain_high
TEP,21,15,0.06010056659579277,0.5871720314025879,0.3432157337665558,fault_low_domain_high
TEP,21,16,0.058198701590299606,0.5265306234359741,0.403927743434906,fault_low_domain_high
TEP,21,17,0.05039862170815468,0.2763848304748535,0.38611188530921936,fault_low_domain_low
TEP,21,18,0.05274053290486336,0.346355676651001,0.39061108231544495,fault_low_domain_low
TEP,21,19,0.04405854269862175,0.09912536293268204,0.4080341160297394,fault_low_domain_low
TEP,21,20,0.04863893985748291,0.22915451228618622,0.38024312257766724,fault_low_domain_low
TEP,21,21,0.04837172105908394,0.22040815651416779,0.2887038588523865,fault_low_domain_low
TEP,21,22,0.05069519951939583,0.2845481038093567,0.5409548282623291,fault_high_domain_low
TEP,21,23,0.05115649849176407,0.29562681913375854,0.31122487783432007,fault_low_domain_low
TEP,21,24,0.05631909891963005,0.46297377347946167,0.2916294038295746,fault_low_domain_low
TEP,21,25,0.04799573868513107,0.2069970816373825,0.38685616850852966,fault_low_domain_low
TEP,21,26,0.06640264391899109,0.7282798886299133,0.4503082036972046,fault_low_domain_high
TEP,21,27,0.04787074774503708,0.2017492651939392,0.3276669383049011,fault_low_domain_low
TEP,21,28,0.05349831283092499,0.37551021575927734,0.2814343273639679,fault_low_domain_low
TEP,21,29,0.04162723198533058,0.05889212712645531,0.29697132110595703,fault_low_domain_low
TEP,21,30,0.06000160425901413,0.5830903649330139,0.3493979871273041,fault_low_domain_high
TEP,21,31,0.046897318214178085,0.1731778383255005,0.39572256803512573,fault_low_domain_low
TEP,21,32,0.046534862369298935,0.15626822412014008,0.3803049921989441,fault_low_domain_low
TEP,22,0,0.010282640345394611,0.0,0.37760621309280396,fault_low_domain_low
TEP,22,1,0.1160222589969635,0.9854227304458618,0.5459915995597839,fault_high_domain_high
TEP,22,2,0.06823714822530746,0.7580174803733826,0.40777313709259033,fault_low_domain_high
TEP,22,3,0.07033637911081314,0.8075801730155945,0.42462414503097534,fault_low_domain_high
TEP,22,4,0.06120124086737633,0.6180757880210876,0.5506647825241089,fault_high_domain_high
TEP,22,5,0.07972513884305954,0.9090378880500793,0.37179407477378845,fault_low_domain_high
TEP,22,6,0.055662691593170166,0.43731778860092163,0.4960222840309143,fault_low_domain_low
TEP,22,7,0.07675394415855408,0.8868804574012756,0.6278132200241089,fault_high_domain_high
TEP,22,8,0.07863786071538925,0.9020408391952515,0.47794970870018005,fault_low_domain_high
TEP,22,9,0.0687880590558052,0.7749271392822266,0.3807004392147064,fault_low_domain_high
TEP,22,10,0.05756004527211189,0.5096209645271301,0.630059003829956,fault_high_domain_high
TEP,22,11,0.07327765226364136,0.8460641503334045,0.698757529258728,fault_high_domain_high
TEP,22,12,0.07082778215408325,0.8139941692352295,0.38573703169822693,fault_low_domain_high
TEP,22,13,0.05649920552968979,0.4676384925842285,0.6079840064048767,fault_high_domain_low
TEP,22,14,0.06690718233585358,0.7399417161941528,0.2662103772163391,fault_low_domain_high
TEP,22,15,0.0898764356970787,0.9597667455673218,0.42177119851112366,fault_low_domain_high
TEP,22,16,0.05939590930938721,0.5644314885139465,0.2711005210876465,fault_low_domain_high
TEP,22,17,0.07862231880426407,0.9014577269554138,0.438921183347702,fault_low_domain_high
TEP,22,18,0.07075101882219315,0.8122448921203613,0.2821177542209625,fault_low_domain_high
TEP,22,19,0.05534987896680832,0.4297375977039337,0.5391704440116882,fault_high_domain_low
TEP,22,20,0.06045319139957428,0.5959183573722839,0.39539915323257446,fault_low_domain_high
TEP,22,21,0.061277762055397034,0.6198250651359558,0.6212551593780518,fault_high_domain_high
TEP,22,22,0.04753468185663223,0.19183672964572906,0.631942093372345,fault_high_domain_low
TEP,22,23,0.0633353665471077,0.6688046455383301,0.4295727014541626,fault_low_domain_high
TEP,22,24,0.0628848448395729,0.6612244844436646,0.5003491044044495,fault_high_domain_high
TEP,22,25,0.0533454604446888,0.36909621953964233,0.6041728854179382,fault_high_domain_low
TEP,22,26,0.037789057940244675,0.019825072959065437,0.471176415681839,fault_low_domain_low
TEP,22,27,0.05201864615082741,0.32419824600219727,0.40027984976768494,fault_low_domain_low
TEP,22,28,0.05216805636882782,0.32827988266944885,0.5486238598823547,fault_high_domain_low
TEP,22,29,0.04297193884849548,0.0798833817243576,0.531960129737854,fault_high_domain_low
TEP,22,30,0.04018964245915413,0.040816325694322586,0.5496320724487305,fault_high_domain_low
TEP,22,31,0.037120841443538666,0.015160350129008293,0.5901960730552673,fault_high_domain_low
TEP,22,32,0.04421905055642128,0.10495626926422119,0.41453537344932556,fault_low_domain_low
TEP,23,0,0.07514631748199463,0.8717201352119446,0.560343861579895,fault_high_domain_high
TEP,23,1,0.07742518931627274,0.8915451765060425,0.6212389469146729,fault_high_domain_high
TEP,23,2,0.06960143148899078,0.7930029034614563,0.438722163438797,fault_low_domain_high
TEP,23,3,0.06105305626988411,0.6110787391662598,0.35471346974372864,fault_low_domain_high
TEP,23,4,0.053409989923238754,0.3731778562068939,0.4426794946193695,fault_low_domain_low
TEP,23,5,0.0715378150343895,0.8268221616744995,0.3751916289329529,fault_low_domain_high
TEP,23,6,0.07766970992088318,0.8944606184959412,0.2610228955745697,fault_low_domain_high
TEP,23,7,0.05974972993135452,0.5743440389633179,0.3642723560333252,fault_low_domain_high
TEP,23,8,0.06119906157255173,0.6174927353858948,0.2661128640174866,fault_low_domain_high
TEP,23,9,0.06893092393875122,0.7784256339073181,0.29661452770233154,fault_low_domain_high
TEP,23,10,0.0693194791674614,0.7865889072418213,0.2846945822238922,fault_low_domain_high
TEP,23,11,0.06789334118366241,0.7539358735084534,0.2778610289096832,fault_low_domain_high
TEP,23,12,0.08887369185686111,0.9568513035774231,0.2919040322303772,fault_low_domain_high
TEP,23,13,0.07832640409469604,0.8973761200904846,0.31456032395362854,fault_low_domain_high
TEP,23,14,0.06273334473371506,0.6571428775787354,0.3365006148815155,fault_low_domain_high
TEP,23,15,0.06869383901357651,0.7708454728126526,0.317230761051178,fault_low_domain_high
TEP,23,16,0.0695715844631195,0.7918367385864258,0.2868864834308624,fault_low_domain_high
TEP,23,17,0.06987599283456802,0.7982507348060608,0.3217427134513855,fault_low_domain_high
TEP,23,18,0.06168877333402634,0.6291545033454895,0.32017800211906433,fault_low_domain_high
TEP,23,19,0.07394779473543167,0.8583090305328369,0.3146558403968811,fault_low_domain_high
TEP,23,20,0.07301416993141174,0.8425655961036682,0.2862081527709961,fault_low_domain_high
TEP,23,21,0.055827900767326355,0.4466472268104553,0.32705220580101013,fault_low_domain_low
TEP,23,22,0.04753817617893219,0.19300290942192078,0.29694864153862,fault_low_domain_low
TEP,23,23,0.06426949054002762,0.6874635815620422,0.2841724455356598,fault_low_domain_high
TEP,23,24,0.05460011959075928,0.4064140021800995,0.2600266933441162,fault_low_domain_low
TEP,23,25,0.04519712179899216,0.12419825047254562,0.29079771041870117,fault_low_domain_low
TEP,23,26,0.04307975620031357,0.08163265138864517,0.27292007207870483,fault_low_domain_low
TEP,23,27,0.04689600691199303,0.17259475588798523,0.35645976662635803,fault_low_domain_low
TEP,23,28,0.03983026742935181,0.03848396614193916,0.3879850506782532,fault_low_domain_low
TEP,23,29,0.036876074969768524,0.013994169421494007,0.30330756306648254,fault_low_domain_low
TEP,23,30,0.04042258858680725,0.04314868897199631,0.35378581285476685,fault_low_domain_low
TEP,23,31,0.034801799803972244,0.005247813183814287,0.40918228030204773,fault_low_domain_low
TEP,23,32,0.03610644116997719,0.011078717187047005,0.27250710129737854,fault_low_domain_low
TEP,24,0,0.07522603124380112,0.8723031878471375,0.46639135479927063,fault_low_domain_high
TEP,24,1,0.14307481050491333,0.9918367266654968,0.5889673829078674,fault_high_domain_high
TEP,24,2,0.0678379163146019,0.7527697086334229,0.5006052851676941,fault_high_domain_high
TEP,24,3,0.05044219270348549,0.2775510251522064,0.5660861730575562,fault_high_domain_low
TEP,24,4,0.07980258017778397,0.909621000289917,0.47688931226730347,fault_low_domain_high
TEP,24,5,0.06806661188602448,0.756851315498352,0.6787943840026855,fault_high_domain_high
TEP,24,6,0.06785011291503906,0.7533527612686157,0.5961882472038269,fault_high_domain_high
TEP,24,7,0.08100432902574539,0.9172011613845825,0.5373345017433167,fault_high_domain_high
TEP,24,8,0.06265339255332947,0.653644323348999,0.5239459276199341,fault_high_domain_high
TEP,24,9,0.07305803894996643,0.8431487083435059,0.30617767572402954,fault_low_domain_high
TEP,24,10,0.054509978741407394,0.40174928307533264,0.315565288066864,fault_low_domain_low
TEP,24,11,0.07220122218132019,0.8349854350090027,0.46602514386177063,fault_low_domain_high
TEP,24,12,0.07916398346424103,0.9067055583000183,0.3875765800476074,fault_low_domain_high
TEP,24,13,0.05339408293366432,0.372011661529541,0.483158141374588,fault_low_domain_low
TEP,24,14,0.0544179230928421,0.3982507288455963,0.3540811836719513,fault_low_domain_low
TEP,24,15,0.07001853734254837,0.8017492890357971,0.3947816491127014,fault_low_domain_high
TEP,24,16,0.06623470783233643,0.724781334400177,0.2707720994949341,fault_low_domain_high
TEP,24,17,0.07510140538215637,0.8705539107322693,0.3665783107280731,fault_low_domain_high
TEP,24,18,0.05589786544442177,0.45014578104019165,0.45205122232437134,fault_low_domain_low
TEP,24,19,0.047918662428855896,0.20408163964748383,0.45591673254966736,fault_low_domain_low
TEP,24,20,0.06461171060800552,0.6956267952919006,0.44414663314819336,fault_low_domain_high
TEP,24,21,0.051221899688243866,0.2991253733634949,0.4896024763584137,fault_low_domain_low
TEP,24,22,0.042488280683755875,0.0746355652809143,0.3620047867298126,fault_low_domain_low
TEP,24,23,0.06297028809785843,0.6618075966835022,0.41867128014564514,fault_low_domain_high
TEP,24,24,0.04765161871910095,0.19708454608917236,0.5391783714294434,fault_high_domain_low
TEP,24,25,0.043347034603357315,0.08571428805589676,0.48465749621391296,fault_low_domain_low
TEP,24,26,0.049134913831949234,0.24081632494926453,0.5737617611885071,fault_high_domain_low
TEP,24,27,0.043748874217271805,0.09154518693685532,0.5642625689506531,fault_high_domain_low
TEP,24,28,0.04241122305393219,0.07230320572853088,0.5142466425895691,fault_high_domain_low
TEP,24,29,0.03900701925158501,0.030903790146112442,0.4736948013305664,fault_low_domain_low
TEP,24,30,0.04587714746594429,0.13994169235229492,0.46534061431884766,fault_low_domain_low
TEP,24,31,0.051696620881557465,0.31253644824028015,0.5124916434288025,fault_high_domain_low
TEP,24,32,0.03569120913743973,0.008746355772018433,0.3984369933605194,fault_low_domain_low
TEP,25,0,0.04797558858990669,0.2058309018611908,0.5697412490844727,fault_high_domain_low
TEP,25,1,0.06875935941934586,0.7731778621673584,0.5701160430908203,fault_high_domain_high
TEP,25,2,0.0613178126513958,0.621574342250824,0.4603491723537445,fault_low_domain_high
TEP,25,3,0.08066979795694351,0.9154518842697144,0.29185256361961365,fault_low_domain_high
TEP,25,4,0.05990675464272499,0.5807580351829529,0.472757488489151,fault_low_domain_high
TEP,25,5,0.07907037436962128,0.905539333820343,0.2771078646183014,fault_low_domain_high
TEP,25,6,0.06196907162666321,0.6390670537948608,0.29149487614631653,fault_low_domain_high
TEP,25,7,0.06642848998308182,0.728863000869751,0.28674188256263733,fault_low_domain_high
TEP,25,8,0.057258423417806625,0.4938775599002838,0.46786078810691833,fault_low_domain_low
TEP,25,9,0.060273926705121994,0.5900874733924866,0.29140806198120117,fault_low_domain_high
TEP,25,10,0.05891060456633568,0.5475218892097473,0.29897043108940125,fault_low_domain_high
TEP,25,11,0.05970984324812889,0.5725947618484497,0.2627504765987396,fault_low_domain_high
TEP,25,12,0.061963021755218506,0.6379008889198303,0.2898842990398407,fault_low_domain_high
TEP,25,13,0.06798382103443146,0.7551020383834839,0.3588913083076477,fault_low_domain_high
TEP,25,14,0.0576930046081543,0.5142857432365417,0.2723347842693329,fault_low_domain_high
TEP,25,15,0.0735166072845459,0.8501457571983337,0.3815580904483795,fault_low_domain_high
TEP,25,16,0.07983489334583282,0.9107871651649475,0.38186773657798767,fault_low_domain_high
TEP,25,17,0.07200388610363007,0.832069993019104,0.3591509461402893,fault_low_domain_high
TEP,25,18,0.06010087952017784,0.5877550840377808,0.3099105656147003,fault_low_domain_high
TEP,25,19,0.05312591791152954,0.3603498637676239,0.34917303919792175,fault_low_domain_low
TEP,25,20,0.05313745141029358,0.3615160286426544,0.29502004384994507,fault_low_domain_low
TEP,25,21,0.05246720463037491,0.3352769613265991,0.31411096453666687,fault_low_domain_low
TEP,25,22,0.06110231578350067,0.6134110689163208,0.3206094205379486,fault_low_domain_high
TEP,25,23,0.05275135487318039,0.3469387888908386,0.25926151871681213,fault_low_domain_low
TEP,25,24,0.055096305906772614,0.4204081594944,0.36330923438072205,fault_low_domain_low
TEP,25,25,0.05268454924225807,0.34285715222358704,0.2584071755409241,fault_low_domain_low
TEP,25,26,0.05243571847677231,0.3329446017742157,0.2754337191581726,fault_low_domain_low
TEP,25,27,0.05572979524731636,0.4413994252681732,0.28629806637763977,fault_low_domain_low
TEP,25,28,0.05341482162475586,0.3737609386444092,0.3205690383911133,fault_low_domain_low
TEP,25,29,0.05473272129893303,0.4087463617324829,0.2646411657333374,fault_low_domain_low
TEP,25,30,0.046592142432928085,0.16034986078739166,0.27636656165122986,fault_low_domain_low
TEP,25,31,0.041476842015981674,0.05714285746216774,0.27655351161956787,fault_low_domain_low
TEP,25,32,0.03803565725684166,0.02099125273525715,0.2839704155921936,fault_low_domain_low
TEP,26,0,0.04612370580434799,0.14635568857192993,0.6631383895874023,fault_high_domain_low
TEP,26,1,0.16933573782444,0.9953352808952332,0.6514855027198792,fault_high_domain_high
TEP,26,2,0.060391560196876526,0.5947521924972534,0.5622414946556091,fault_high_domain_high
TEP,26,3,0.05550309643149376,0.4326530694961548,0.4842854142189026,fault_low_domain_low
TEP,26,4,0.07428155839443207,0.8618075847625732,0.6121759414672852,fault_high_domain_high
TEP,26,5,0.06864248961210251,0.7685131430625916,0.2812696397304535,fault_low_domain_high
TEP,26,6,0.060939982533454895,0.608746349811554,0.3633855879306793,fault_low_domain_high
TEP,26,7,0.05892733857035637,0.5481049418449402,0.5090107917785645,fault_high_domain_high
TEP,26,8,0.06266458332538605,0.6542273759841919,0.34799811244010925,fault_low_domain_high
TEP,26,9,0.08169835060834885,0.9230320453643799,0.4070597290992737,fault_low_domain_high
TEP,26,10,0.07035434246063232,0.8081632852554321,0.3720940053462982,fault_low_domain_high
TEP,26,11,0.056515052914619446,0.46880465745925903,0.3371223211288452,fault_low_domain_low
TEP,26,12,0.06674923747777939,0.7364431619644165,0.3207036256790161,fault_low_domain_high
TEP,26,13,0.05785619467496872,0.518367350101471,0.2781864106655121,fault_low_domain_high
TEP,26,14,0.06258787214756012,0.6518950462341309,0.5215739011764526,fault_high_domain_high
TEP,26,15,0.05857106298208237,0.5393586158752441,0.4187997281551361,fault_low_domain_high
TEP,26,16,0.06194769963622093,0.6373177766799927,0.29912057518959045,fault_low_domain_high
TEP,26,17,0.0655285194516182,0.7125364542007446,0.37218528985977173,fault_low_domain_high
TEP,26,18,0.05732611566781998,0.4979591965675354,0.48309314250946045,fault_low_domain_low
TEP,26,19,0.05884983763098717,0.5451894998550415,0.2661888003349304,fault_low_domain_high
TEP,26,20,0.07112394273281097,0.819242000579834,0.3301224112510681,fault_low_domain_high
TEP,26,21,0.05260363593697548,0.3405247926712036,0.34946367144584656,fault_low_domain_low
TEP,26,22,0.049809183925390244,0.2612244784832001,0.3545503616333008,fault_low_domain_low
TEP,26,23,0.061723288148641586,0.6303207278251648,0.49813610315322876,fault_low_domain_high
TEP,26,24,0.03982987254858017,0.03790087625384331,0.4809901714324951,fault_low_domain_low
TEP,26,25,0.046456024050712585,0.1545189470052719,0.5094624757766724,fault_high_domain_low
TEP,26,26,0.04681971296668053,0.1690962165594101,0.3502519428730011,fault_low_domain_low
TEP,26,27,0.04362478107213974,0.08979591727256775,0.34491878747940063,fault_low_domain_low
TEP,26,28,0.03573272377252579,0.009329445660114288,0.3844515085220337,fault_low_domain_low
TEP,26,29,0.04664652422070503,0.1638484001159668,0.4714048504829407,fault_low_domain_low
TEP,26,30,0.048548705875873566,0.22565597295761108,0.4795953631401062,fault_low_domain_low
TEP,26,31,0.04087521880865097,0.050145771354436874,0.46181514859199524,fault_low_domain_low
TEP,26,32,0.042001765221357346,0.0641399398446083,0.37171900272369385,fault_low_domain_low
TEP,27,0,0.13597150146961212,0.9889212846755981,0.38346007466316223,fault_low_domain_high
TEP,27,1,0.06912429630756378,0.7842565774917603,0.6245986819267273,fault_high_domain_high
TEP,27,2,0.06828330457210541,0.7586005926132202,0.5482500791549683,fault_high_domain_high
TEP,27,3,0.06367313861846924,0.6758017539978027,0.7078853845596313,fault_high_domain_high
TEP,27,4,0.06679625809192657,0.7381924390792847,0.3158169686794281,fault_low_domain_high
TEP,27,5,0.07201802730560303,0.8326530456542969,0.28961536288261414,fault_low_domain_high
TEP,27,6,0.06155819818377495,0.6256559491157532,0.28033119440078735,fault_low_domain_high
TEP,27,7,0.07058126479387283,0.8099125623703003,0.2621769309043884,fault_low_domain_high
TEP,27,8,0.06587911397218704,0.7172011733055115,0.30559948086738586,fault_low_domain_high
TEP,27,9,0.08117801696062088,0.9189504384994507,0.31239384412765503,fault_low_domain_high
TEP,27,10,0.07826508581638336,0.896793007850647,0.26708200573921204,fault_low_domain_high
TEP,27,11,0.04731688275933266,0.18658892810344696,0.30624622106552124,fault_low_domain_low
TEP,27,12,0.05983349308371544,0.5766763687133789,0.29403284192085266,fault_low_domain_high
TEP,27,13,0.05983489379286766,0.5772594809532166,0.2995974123477936,fault_low_domain_high
TEP,27,14,0.05477435886859894,0.4104956388473511,0.2696225941181183,fault_low_domain_low
TEP,27,15,0.0701303705573082,0.8029154539108276,0.27841296792030334,fault_low_domain_high
TEP,27,16,0.06668204069137573,0.7358600497245789,0.28493767976760864,fault_low_domain_high
TEP,27,17,0.06366919726133347,0.6752186417579651,0.27650001645088196,fault_low_domain_high
TEP,27,18,0.062042295932769775,0.640816330909729,0.3291444778442383,fault_low_domain_high
TEP,27,19,0.057286571711301804,0.49504372477531433,0.26741132140159607,fault_low_domain_low
TEP,27,20,0.05963717773556709,0.5702623724937439,0.2911083698272705,fault_low_domain_high
TEP,27,21,0.05263613536953926,0.34110787510871887,0.2728933095932007,fault_low_domain_low
TEP,27,22,0.05722613260149956,0.48921284079551697,0.28797587752342224,fault_low_domain_low
TEP,27,23,0.04413539171218872,0.10204081982374191,0.37129589915275574,fault_low_domain_low
TEP,27,24,0.057392966002225876,0.5032069683074951,0.3698131740093231,fault_low_domain_high
TEP,27,25,0.0446077436208725,0.10962098836898804,0.26077452301979065,fault_low_domain_low
TEP,27,26,0.05484180897474289,0.4116618037223816,0.28912726044654846,fault_low_domain_low
TEP,27,27,0.0422474630177021,0.0693877562880516,0.32613152265548706,fault_low_domain_low
TEP,27,28,0.0415620394051075,0.057725947350263596,0.38626277446746826,fault_low_domain_low
TEP,27,29,0.04056638106703758,0.044897958636283875,0.3582529127597809,fault_low_domain_low
TEP,27,30,0.03838241100311279,0.02332361601293087,0.34809204936027527,fault_low_domain_low
TEP,27,31,0.047252994030714035,0.18542273342609406,0.40529632568359375,fault_low_domain_low
TEP,27,32,0.04043804854154587,0.04373177886009216,0.256940633058548,fault_low_domain_low
TEP,28,0,0.059391070157289505,0.5638483762741089,0.3734860420227051,fault_low_domain_high
TEP,28,1,0.14000938832759857,0.9906705617904663,0.5931652784347534,fault_high_domain_high
TEP,28,2,0.06594762206077576,0.7177842855453491,0.5057275295257568,fault_high_domain_high
TEP,28,3,0.05932139605283737,0.5615160465240479,0.48515549302101135,fault_low_domain_high
TEP,28,4,0.06842224299907684,0.7638484239578247,0.6131410002708435,fault_high_domain_high
TEP,28,5,0.06959252059459686,0.7924198508262634,0.5775496959686279,fault_high_domain_high
TEP,28,6,0.07277921587228775,0.8396501541137695,0.3315776586532593,fault_low_domain_high
TEP,28,7,0.09331635385751724,0.9725947380065918,0.41164013743400574,fault_low_domain_high
TEP,28,8,0.056113146245479584,0.45830902457237244,0.5133844017982483,fault_high_domain_low
TEP,28,9,0.06728866696357727,0.7428571581840515,0.3854367733001709,fault_low_domain_high
TEP,28,10,0.08149444311857224,0.9206997156143188,0.42258721590042114,fault_low_domain_high
TEP,28,11,0.060684576630592346,0.6034985184669495,0.38722601532936096,fault_low_domain_high
TEP,28,12,0.08005572855472565,0.9125364422798157,0.44958263635635376,fault_low_domain_high
TEP,28,13,0.06779700517654419,0.750437319278717,0.3024568259716034,fault_low_domain_high
TEP,28,14,0.07585249096155167,0.8798834085464478,0.3616630434989929,fault_low_domain_high
TEP,28,15,0.07100842148065567,0.8169096112251282,0.484443724155426,fault_low_domain_high
TEP,28,16,0.07950302958488464,0.9084548354148865,0.35181859135627747,fault_low_domain_high
TEP,28,17,0.07127422839403152,0.8209912776947021,0.5223696827888489,fault_high_domain_high
TEP,28,18,0.05494769290089607,0.4151603579521179,0.3860540986061096,fault_low_domain_low
TEP,28,19,0.05625905469059944,0.462390661239624,0.3618122339248657,fault_low_domain_low
TEP,28,20,0.0735064148902893,0.8495627045631409,0.426174521446228,fault_low_domain_high
TEP,28,21,0.0533466637134552,0.3696793019771576,0.44091758131980896,fault_low_domain_low
TEP,28,22,0.05427815392613411,0.39533528685569763,0.4421411454677582,fault_low_domain_low
TEP,28,23,0.05511704087257385,0.4221574366092682,0.4125596582889557,fault_low_domain_low
TEP,28,24,0.03824545815587044,0.02215743437409401,0.4775846302509308,fault_low_domain_low
TEP,28,25,0.055736981332302094,0.4419825077056885,0.460688054561615,fault_low_domain_low
TEP,28,26,0.04755939170718193,0.1941690891981125,0.42032837867736816,fault_low_domain_low
TEP,28,27,0.044020380824804306,0.09795918315649033,0.4880724251270294,fault_low_domain_low
TEP,28,28,0.04255049675703049,0.07638484239578247,0.5575860142707825,fault_high_domain_low
TEP,28,29,0.04821566119790077,0.21282799541950226,0.5041452646255493,fault_high_domain_low
TEP,28,30,0.04488648474216461,0.11778425425291061,0.4395502805709839,fault_low_domain_low
TEP,28,31,0.03939409181475639,0.03323615342378616,0.5095861554145813,fault_high_domain_low
TEP,28,32,0.034328561276197433,0.0034985423553735018,0.4354455769062042,fault_low_domain_low
TEP,29,0,0.055340927094221115,0.4285714328289032,0.5830960869789124,fault_high_domain_low
TEP,29,1,0.09868065267801285,0.9778425693511963,0.6118282675743103,fault_high_domain_high
TEP,29,2,0.06872442364692688,0.7720116376876831,0.4413658380508423,fault_low_domain_high
TEP,29,3,0.05841532349586487,0.5352769494056702,0.41300687193870544,fault_low_domain_high
TEP,29,4,0.06866376847028732,0.7696793079376221,0.675301194190979,fault_high_domain_high
TEP,29,5,0.064018614590168,0.6822157502174377,0.3249582052230835,fault_low_domain_high
TEP,29,6,0.0679304301738739,0.7545189261436462,0.3585655689239502,fault_low_domain_high
TEP,29,7,0.07132715731859207,0.8239067196846008,0.3204874098300934,fault_low_domain_high
TEP,29,8,0.0693269893527031,0.7877551317214966,0.30139291286468506,fault_low_domain_high
TEP,29,9,0.06324907392263412,0.6670553684234619,0.33595940470695496,fault_low_domain_high
TEP,29,10,0.060146134346723557,0.5883381962776184,0.45283982157707214,fault_low_domain_high
TEP,29,11,0.06742646545171738,0.7451894879341125,0.3461630940437317,fault_low_domain_high
TEP,29,12,0.07095150649547577,0.8157434463500977,0.32188451290130615,fault_low_domain_high
TEP,29,13,0.07389669120311737,0.8565597534179688,0.370022714138031,fault_low_domain_high
TEP,29,14,0.05462488532066345,0.40816327929496765,0.3806113302707672,fault_low_domain_low
TEP,29,15,0.06390765309333801,0.6798833608627319,0.4873921573162079,fault_low_domain_high
TEP,29,16,0.059529148042201996,0.5679300427436829,0.4245033860206604,fault_low_domain_high
TEP,29,17,0.06357410550117493,0.672886312007904,0.5043579936027527,fault_high_domain_high
TEP,29,18,0.04749847203493118,0.1912536472082138,0.4149581491947174,fault_low_domain_low
TEP,29,19,0.05789154767990112,0.5195335149765015,0.43025246262550354,fault_low_domain_high
TEP,29,20,0.056511081755161285,0.4682215750217438,0.3318929970264435,fault_low_domain_low
TEP,29,21,0.05443422868847847,0.3994169235229492,0.3756139874458313,fault_low_domain_low
TEP,29,22,0.05476699396967888,0.4099125266075134,0.5557332634925842,fault_high_domain_low
TEP,29,23,0.05592920631170273,0.4524781405925751,0.3405282497406006,fault_low_domain_low
TEP,29,24,0.06155899912118912,0.6262390613555908,0.4284447133541107,fault_low_domain_high
TEP,29,25,0.046360671520233154,0.15160350501537323,0.38527724146842957,fault_low_domain_low
TEP,29,26,0.04185798391699791,0.06122449040412903,0.4213755428791046,fault_low_domain_low
TEP,29,27,0.04606133699417114,0.1440233290195465,0.4659166634082794,fault_low_domain_low
TEP,29,28,0.03744828328490257,0.017492711544036865,0.599339485168457,fault_high_domain_low
TEP,29,29,0.0368218757212162,0.012827988713979721,0.5665282607078552,fault_high_domain_low
TEP,29,30,0.03750002384185791,0.01807580143213272,0.5632312297821045,fault_high_domain_low
TEP,29,31,0.04776758328080177,0.1994169056415558,0.48956143856048584,fault_low_domain_low
TEP,29,32,0.0406387522816658,0.046064138412475586,0.38196250796318054,fault_low_domain_low
TEP,30,0,0.0692690908908844,0.7860058546066284,0.4315422475337982,fault_low_domain_high
TEP,30,1,0.13347512483596802,0.9883381724357605,0.6129102110862732,fault_high_domain_high
TEP,30,2,0.05317699909210205,0.3632653057575226,0.5893481373786926,fault_high_domain_low
TEP,30,3,0.06008116900920868,0.5848396420478821,0.5759126543998718,fault_high_domain_high
TEP,30,4,0.0649995356798172,0.7043731808662415,0.5555443167686462,fault_high_domain_high
TEP,30,5,0.07753807306289673,0.892711341381073,0.6050873398780823,fault_high_domain_high
TEP,30,6,0.056495461612939835,0.46705538034439087,0.6189418435096741,fault_high_domain_low
TEP,30,7,0.06444403529167175,0.6938775777816772,0.6433825492858887,fault_high_domain_high
TEP,30,8,0.06548710912466049,0.711953341960907,0.37936219573020935,fault_low_domain_high
TEP,30,9,0.06760039180517197,0.7469387650489807,0.6278460621833801,fault_high_domain_high
TEP,30,10,0.04907657206058502,0.2373177856206894,0.530283510684967,fault_high_domain_low
TEP,30,11,0.06748149544000626,0.7463557124137878,0.5632908344268799,fault_high_domain_high
TEP,30,12,0.05799863860011101,0.5218659043312073,0.5228378176689148,fault_high_domain_high
TEP,30,13,0.05653379485011101,0.46997085213661194,0.40370067954063416,fault_low_domain_low
TEP,30,14,0.0583149679005146,0.5329446196556091,0.6153245568275452,fault_high_domain_high
TEP,30,15,0.05749529227614403,0.5067055225372314,0.5565388798713684,fault_high_domain_high
TEP,30,16,0.08106958866119385,0.918367326259613,0.4490159749984741,fault_low_domain_high
TEP,30,17,0.05434957146644592,0.3970845341682434,0.5508133172988892,fault_high_domain_low
TEP,30,18,0.058240290731191635,0.5282799005508423,0.61049485206604,fault_high_domain_high
TEP,30,19,0.05647553503513336,0.4664722979068756,0.41176465153694153,fault_low_domain_low
TEP,30,20,0.05378858745098114,0.38309037685394287,0.47820931673049927,fault_low_domain_low
TEP,30,21,0.0649077445268631,0.7032070159912109,0.571784257888794,fault_high_domain_high
TEP,30,22,0.05337338522076607,0.37142857909202576,0.533614993095398,fault_high_domain_low
TEP,30,23,0.059035804122686386,0.5510203838348389,0.6128979325294495,fault_high_domain_high
TEP,30,24,0.05292961001396179,0.3539358675479889,0.4823571741580963,fault_low_domain_low
TEP,30,25,0.04848866909742355,0.2239067107439041,0.6400896906852722,fault_high_domain_low
TEP,30,26,0.044075287878513336,0.0997084528207779,0.5690867304801941,fault_high_domain_low
TEP,30,27,0.0457187257707119,0.1364431530237198,0.5842291712760925,fault_high_domain_low
TEP,30,28,0.03687260299921036,0.013411078602075577,0.5225309133529663,fault_high_domain_low
TEP,30,29,0.038619186729192734,0.026239067316055298,0.4854309558868408,fault_low_domain_low
TEP,30,30,0.04524471238255501,0.1271136999130249,0.5413602590560913,fault_high_domain_low
TEP,30,31,0.04209095239639282,0.06588920950889587,0.5474361181259155,fault_high_domain_low
TEP,30,32,0.04283272102475166,0.0787172019481659,0.5587143301963806,fault_high_domain_low
TEP,31,0,0.055831849575042725,0.4472303092479706,0.5030420422554016,fault_high_domain_low
TEP,31,1,0.06835921108722687,0.7609329223632812,0.5433948636054993,fault_high_domain_high
TEP,31,2,0.054616253823041916,0.40758016705513,0.27873075008392334,fault_low_domain_low
TEP,31,3,0.08218734711408615,0.9253644347190857,0.2819800078868866,fault_low_domain_high
TEP,31,4,0.0699148178100586,0.7994168996810913,0.33668139576911926,fault_low_domain_high
TEP,31,5,0.062345996499061584,0.6460641622543335,0.27496060729026794,fault_low_domain_high
TEP,31,6,0.05697251111268997,0.4798833727836609,0.27560874819755554,fault_low_domain_low
TEP,31,7,0.06481707841157913,0.7020407915115356,0.31691375374794006,fault_low_domain_high
TEP,31,8,0.07634054869413376,0.8845481276512146,0.2793117165565491,fault_low_domain_high
TEP,31,9,0.06311296671628952,0.6647230386734009,0.32675281167030334,fault_low_domain_high
TEP,31,10,0.05938870459794998,0.563265323638916,0.28638195991516113,fault_low_domain_high
TEP,31,11,0.06736045330762863,0.744023323059082,0.35025274753570557,fault_low_domain_high
TEP,31,12,0.06871982663869858,0.7714285850524902,0.32482975721359253,fault_low_domain_high
TEP,31,13,0.054549992084503174,0.4052478075027466,0.2874978482723236,fault_low_domain_low
TEP,31,14,0.059485506266355515,0.5667638778686523,0.2752925455570221,fault_low_domain_high
TEP,31,15,0.0684400275349617,0.7644314765930176,0.26021072268486023,fault_low_domain_high
TEP,31,16,0.0640077069401741,0.6816326379776001,0.30149438977241516,fault_low_domain_high
TEP,31,17,0.06619472056627274,0.722449004650116,0.28074514865875244,fault_low_domain_high
TEP,31,18,0.06544040888547897,0.7102040648460388,0.3028673529624939,fault_low_domain_high
TEP,31,19,0.04995014891028404,0.26530611515045166,0.2961212992668152,fault_low_domain_low
TEP,31,20,0.06442394852638245,0.6932944655418396,0.3063727915287018,fault_low_domain_high
TEP,31,21,0.05775807797908783,0.5160349607467651,0.3528807461261749,fault_low_domain_high
TEP,31,22,0.04809318110346794,0.20991253852844238,0.2934007942676544,fault_low_domain_low
TEP,31,23,0.056828323751688004,0.47638484835624695,0.2722254693508148,fault_low_domain_low
TEP,31,24,0.04742414131760597,0.18892128765583038,0.2812100350856781,fault_low_domain_low
TEP,31,25,0.04654571786522865,0.1574344038963318,0.29693806171417236,fault_low_domain_low
TEP,31,26,0.0450901985168457,0.12303207069635391,0.2902987003326416,fault_low_domain_low
TEP,31,27,0.04134108126163483,0.05539358779788017,0.25751107931137085,fault_low_domain_low
TEP,31,28,0.039668284356594086,0.03498542308807373,0.3029693067073822,fault_low_domain_low
TEP,31,29,0.050505440682172775,0.27871719002723694,0.3090137243270874,fault_low_domain_low
TEP,31,30,0.037515077739953995,0.018658891320228577,0.3699212372303009,fault_low_domain_low
TEP,31,31,0.040632374584674835,0.04548104852437973,0.32461369037628174,fault_low_domain_low
TEP,31,32,0.03431089594960213,0.0029154520016163588,0.2746690511703491,fault_low_domain_low
TEP,32,0,0.05642189458012581,0.46472302079200745,0.645014226436615,fault_high_domain_low
TEP,32,1,0.17464056611061096,0.9965014457702637,0.6373040080070496,fault_high_domain_high
TEP,32,2,0.05609450489282608,0.4577259421348572,0.583802342414856,fault_high_domain_low
TEP,32,3,0.06007742881774902,0.5842565894126892,0.48495835065841675,fault_low_domain_high
TEP,32,4,0.06286078691482544,0.660058319568634,0.5079929828643799,fault_high_domain_high
TEP,32,5,0.05599100887775421,0.45422741770744324,0.373556911945343,fault_low_domain_low
TEP,32,6,0.07489126175642014,0.8699708580970764,0.49716717004776,fault_low_domain_high
TEP,32,7,0.062197666615247726,0.6425656080245972,0.3635648488998413,fault_low_domain_high
TEP,32,8,0.06858500838279724,0.7679300308227539,0.5003878474235535,fault_high_domain_high
TEP,32,9,0.07192987203598022,0.8309037685394287,0.3727336525917053,fault_low_domain_high
TEP,32,10,0.0670987069606781,0.7422740459442139,0.32195228338241577,fault_low_domain_high
TEP,32,11,0.05364326387643814,0.37959182262420654,0.4283509850502014,fault_low_domain_low
TEP,32,12,0.06649357825517654,0.7317784428596497,0.410131573677063,fault_low_domain_high
TEP,32,13,0.07980658113956451,0.9102040529251099,0.3291047513484955,fault_low_domain_high
TEP,32,14,0.07855799794197083,0.8997084498405457,0.39487650990486145,fault_low_domain_high
TEP,32,15,0.07065924257040024,0.8110787272453308,0.406961590051651,fault_low_domain_high
TEP,32,16,0.05644405260682106,0.4653061330318451,0.45001861453056335,fault_low_domain_low
TEP,32,17,0.07289426773786545,0.8413994312286377,0.40864360332489014,fault_low_domain_high
TEP,32,18,0.07147950679063797,0.8262390494346619,0.42815962433815,fault_low_domain_high
TEP,32,19,0.07084708660840988,0.8145772814750671,0.3188619911670685,fault_low_domain_high
TEP,32,20,0.06130945309996605,0.6209912300109863,0.43930017948150635,fault_low_domain_high
TEP,32,21,0.050866853445768356,0.28746354579925537,0.4988930821418762,fault_low_domain_low
TEP,32,22,0.0506061390042305,0.28221574425697327,0.29586508870124817,fault_low_domain_low
TEP,32,23,0.060814350843429565,0.6058309078216553,0.4007052183151245,fault_low_domain_high
TEP,32,24,0.049396809190511703,0.24839650094509125,0.48802652955055237,fault_low_domain_low
TEP,32,25,0.05224171653389931,0.32944607734680176,0.45584195852279663,fault_low_domain_low
TEP,32,26,0.04415994882583618,0.10262390971183777,0.45145848393440247,fault_low_domain_low
TEP,32,27,0.04011094942688942,0.039650145918130875,0.396888792514801,fault_low_domain_low
TEP,32,28,0.04651140421628952,0.15568512678146362,0.5041282176971436,fault_high_domain_low
TEP,32,29,0.035366300493478775,0.0069970847107470036,0.5571792125701904,fault_high_domain_low
TEP,32,30,0.041585903614759445,0.05830903723835945,0.4631519317626953,fault_low_domain_low
TEP,32,31,0.04393792897462845,0.09737609326839447,0.5589682459831238,fault_high_domain_low
TEP,32,32,0.03961598500609398,0.03381924331188202,0.4467093348503113,fault_low_domain_low
TEP,33,0,0.13008061051368713,0.98717200756073,0.43363651633262634,fault_low_domain_high
TEP,33,1,0.10043064504861832,0.9801748991012573,0.7069587111473083,fault_high_domain_high
TEP,33,2,0.05738712474703789,0.5020408034324646,0.5897059440612793,fault_high_domain_high
TEP,33,3,0.06247132644057274,0.6483964920043945,0.5412383675575256,fault_high_domain_high
TEP,33,4,0.06934574246406555,0.7883381843566895,0.46928393840789795,fault_low_domain_high
TEP,33,5,0.0644071102142334,0.6921283006668091,0.4524139165878296,fault_low_domain_high
TEP,33,6,0.05398259311914444,0.38600581884384155,0.5587819814682007,fault_high_domain_low
TEP,33,7,0.06365735828876495,0.6746355891227722,0.3888261914253235,fault_low_domain_high
TEP,33,8,0.09184164553880692,0.9685131311416626,0.3607335090637207,fault_low_domain_high
TEP,33,9,0.08657011389732361,0.9469387531280518,0.30184459686279297,fault_low_domain_high
TEP,33,10,0.07254261523485184,0.838483989238739,0.44566795229911804,fault_low_domain_high
TEP,33,11,0.06876815855503082,0.7743440270423889,0.3913469910621643,fault_low_domain_high
TEP,33,12,0.07135206460952759,0.825655996799469,0.384791761636734,fault_low_domain_high
TEP,33,13,0.07762908190488815,0.8932944536209106,0.5813547372817993,fault_high_domain_high
TEP,33,14,0.06932494789361954,0.7871720194816589,0.5281007885932922,fault_high_domain_high
TEP,33,15,0.08126524835824966,0.9195335507392883,0.5650151371955872,fault_high_domain_high
TEP,33,16,0.0711030513048172,0.8180757761001587,0.2718502879142761,fault_low_domain_high
TEP,33,17,0.07618312537670135,0.8827988505363464,0.5309057235717773,fault_high_domain_high
TEP,33,18,0.06332032382488251,0.6682215929031372,0.5632492303848267,fault_high_domain_high
TEP,33,19,0.07725853472948074,0.8897958993911743,0.5453665256500244,fault_high_domain_high
TEP,33,20,0.059889741241931915,0.5801749229431152,0.41073572635650635,fault_low_domain_high
TEP,33,21,0.06231793388724327,0.6454810500144958,0.45838505029678345,fault_low_domain_high
TEP,33,22,0.06470214575529099,0.6973760724067688,0.49529504776000977,fault_low_domain_high
TEP,33,23,0.06473865360021591,0.699125349521637,0.4002048075199127,fault_low_domain_high
TEP,33,24,0.06196681410074234,0.6384839415550232,0.3946380019187927,fault_low_domain_high
TEP,33,25,0.04251096770167351,0.07580175250768661,0.4667637050151825,fault_low_domain_low
TEP,33,26,0.03716519474983215,0.01574344001710415,0.6602177619934082,fault_high_domain_low
TEP,33,27,0.052766136825084686,0.34810495376586914,0.5817687511444092,fault_high_domain_low
TEP,33,28,0.04392838105559349,0.09679300338029861,0.5134583711624146,fault_high_domain_low
TEP,33,29,0.04526536539196968,0.1282798796892166,0.5666846632957458,fault_high_domain_low
TEP,33,30,0.040821466594934464,0.04839650169014931,0.6077067852020264,fault_high_domain_low
TEP,33,31,0.040367454290390015,0.04256559908390045,0.6260607242584229,fault_high_domain_low
TEP,33,32,0.031080318614840508,0.002332361415028572,0.4229911267757416,fault_low_domain_low
TEP,34,0,0.11142454296350479,0.9842565655708313,0.45796194672584534,fault_low_domain_high
TEP,34,1,0.12859688699245453,0.9865888953208923,0.6489121913909912,fault_high_domain_high
TEP,34,2,0.0605204813182354,0.5976676344871521,0.5971484184265137,fault_high_domain_high
TEP,34,3,0.05521606281399727,0.4256559908390045,0.6391062140464783,fault_high_domain_low
TEP,34,4,0.07074198126792908,0.8116617798805237,0.5996847152709961,fault_high_domain_high
TEP,34,5,0.07421375811100006,0.8606414198875427,0.5963876843452454,fault_high_domain_high
TEP,34,6,0.06116754934191704,0.6169096231460571,0.5101616382598877,fault_high_domain_high
TEP,34,7,0.06557594984769821,0.7142857313156128,0.645879328250885,fault_high_domain_high
TEP,34,8,0.07799221575260162,0.8956268429756165,0.5093669295310974,fault_high_domain_high
TEP,34,9,0.07566075772047043,0.8752186298370361,0.48976317048072815,fault_low_domain_high
TEP,34,10,0.08284915238618851,0.9276967644691467,0.47872990369796753,fault_low_domain_high
TEP,34,11,0.07621067762374878,0.883965015411377,0.5529897809028625,fault_high_domain_high
TEP,34,12,0.06637584418058395,0.7271137237548828,0.3136473298072815,fault_low_domain_high
TEP,34,13,0.06848179548978806,0.7661807537078857,0.521314263343811,fault_high_domain_high
TEP,34,14,0.07341970503330231,0.8472303152084351,0.4199928641319275,fault_low_domain_high
TEP,34,15,0.06609471887350082,0.7212827801704407,0.4030021131038666,fault_low_domain_high
TEP,34,16,0.0534428246319294,0.37434402108192444,0.49153026938438416,fault_low_domain_low
TEP,34,17,0.061444900929927826,0.6239067316055298,0.4552919864654541,fault_low_domain_high
TEP,34,18,0.06300004571676254,0.6629737615585327,0.4207225739955902,fault_low_domain_high
TEP,34,19,0.06372445076704025,0.6769679188728333,0.5752648711204529,fault_high_domain_high
TEP,34,20,0.07480795681476593,0.8688046932220459,0.40184286236763,fault_low_domain_high
TEP,34,21,0.06687875092029572,0.7387754917144775,0.6475379467010498,fault_high_domain_high
TEP,34,22,0.05733557045459747,0.4991253614425659,0.5517277717590332,fault_high_domain_low
TEP,34,23,0.05369394272565842,0.3825072944164276,0.47288110852241516,fault_low_domain_low
TEP,34,24,0.06411039084196091,0.6851311922073364,0.5533013939857483,fault_high_domain_high
TEP,34,25,0.054907914251089096,0.41341108083724976,0.5656899809837341,fault_high_domain_low
TEP,34,26,0.053138215094804764,0.3620991110801697,0.6005939841270447,fault_high_domain_low
TEP,34,27,0.04381011053919792,0.09329446405172348,0.5221105217933655,fault_high_domain_low
TEP,34,28,0.047537900507450104,0.19241982698440552,0.5591658353805542,fault_high_domain_low
TEP,34,29,0.0424223393201828,0.0734693855047226,0.5504176616668701,fault_high_domain_low
TEP,34,30,0.043108586221933365,0.08279883116483688,0.5352094769477844,fault_high_domain_low
TEP,34,31,0.046699441969394684,0.1679300218820572,0.5407170057296753,fault_high_domain_low
TEP,34,32,0.03849959373474121,0.025072885677218437,0.46074363589286804,fault_low_domain_low
TEP,35,0,0.09320200234651566,0.9714285731315613,0.4346461594104767,fault_low_domain_high
TEP,35,1,0.07898799329996109,0.9043731689453125,0.5994340181350708,fault_high_domain_high
TEP,35,2,0.05720369890332222,0.4886297285556793,0.5136039853096008,fault_high_domain_low
TEP,35,3,0.0691167563199997,0.783090353012085,0.580459713935852,fault_high_domain_high
TEP,35,4,0.07044614851474762,0.8093294501304626,0.5206423997879028,fault_high_domain_high
TEP,35,5,0.06771114468574524,0.7486880421638489,0.4249686300754547,fault_low_domain_high
TEP,35,6,0.06226605921983719,0.64314866065979,0.3972223401069641,fault_low_domain_high
TEP,35,7,0.0778975859284401,0.8950437307357788,0.45756790041923523,fault_low_domain_high
TEP,35,8,0.08303780853748322,0.9294460415840149,0.41767290234565735,fault_low_domain_high
TEP,35,9,0.08169658482074738,0.922448992729187,0.2988167107105255,fault_low_domain_high
TEP,35,10,0.06481625884771347,0.7014577388763428,0.27005425095558167,fault_low_domain_high
TEP,35,11,0.07387463003396988,0.8548104763031006,0.5325126051902771,fault_high_domain_high
TEP,35,12,0.07510635256767273,0.8711370229721069,0.36497434973716736,fault_low_domain_high
TEP,35,13,0.05955728888511658,0.5685130953788757,0.26937806606292725,fault_low_domain_high
TEP,35,14,0.06420019268989563,0.6868804693222046,0.3484335243701935,fault_low_domain_high
TEP,35,15,0.06531552970409393,0.7090378999710083,0.2737133800983429,fault_low_domain_high
TEP,35,16,0.05824128910899162,0.5288629531860352,0.2699553072452545,fault_low_domain_high
TEP,35,17,0.06656819581985474,0.7329446077346802,0.27910348773002625,fault_low_domain_high
TEP,35,18,0.06108313798904419,0.6128280162811279,0.3285253345966339,fault_low_domain_high
TEP,35,19,0.058425236493349075,0.5358600616455078,0.2723824083805084,fault_low_domain_high
TEP,35,20,0.0640365481376648,0.6827988624572754,0.3752829432487488,fault_low_domain_high
TEP,35,21,0.06988272815942764,0.7988338470458984,0.44780412316322327,fault_low_domain_high
TEP,35,22,0.05694211646914482,0.47930029034614563,0.2713482677936554,fault_low_domain_low
TEP,35,23,0.056993696838617325,0.48279884457588196,0.2831416428089142,fault_low_domain_low
TEP,35,24,0.06632880866527557,0.7259474992752075,0.47271427512168884,fault_low_domain_high
TEP,35,25,0.04411689564585686,0.1008746325969696,0.43228963017463684,fault_low_domain_low
TEP,35,26,0.04267793521285057,0.07755102217197418,0.42824557423591614,fault_low_domain_low
TEP,35,27,0.04660601168870926,0.16093294322490692,0.40128016471862793,fault_low_domain_low
TEP,35,28,0.05195457115769386,0.3212828040122986,0.5128217935562134,fault_high_domain_low
TEP,35,29,0.0532073974609375,0.36501458287239075,0.42942070960998535,fault_low_domain_low
TEP,35,30,0.04064272716641426,0.04664723202586174,0.43251708149909973,fault_low_domain_low
TEP,35,31,0.03855051472783089,0.025655977427959442,0.474683940410614,fault_low_domain_low
TEP,35,32,0.038867004215717316,0.029154518619179726,0.3093036413192749,fault_low_domain_low
TEP,36,0,0.0735386312007904,0.8507288694381714,0.3518414795398712,fault_low_domain_high
TEP,36,1,0.07283484935760498,0.8408163189888,0.45537644624710083,fault_low_domain_high
TEP,36,2,0.07369627058506012,0.8518950343132019,0.34527286887168884,fault_low_domain_high
TEP,36,3,0.06944835931062698,0.7900874614715576,0.2916426360607147,fault_low_domain_high
TEP,36,4,0.057744741439819336,0.5154519081115723,0.4455801248550415,fault_low_domain_high
TEP,36,5,0.07874757796525955,0.9026238918304443,0.3036390244960785,fault_low_domain_high
TEP,36,6,0.07843998819589615,0.8979591727256775,0.26649266481399536,fault_low_domain_high
TEP,36,7,0.08294124901294708,0.9282798767089844,0.2725171744823456,fault_low_domain_high
TEP,36,8,0.07568032294511795,0.8758017420768738,0.258139044046402,fault_low_domain_high
TEP,36,9,0.06808512657880783,0.7574344277381897,0.5092369318008423,fault_high_domain_high
TEP,36,10,0.05757101625204086,0.5107871890068054,0.29273611307144165,fault_low_domain_high
TEP,36,11,0.041047677397727966,0.05072886124253273,0.3152381181716919,fault_low_domain_low
TEP,36,12,0.0384940579533577,0.02448979578912258,0.3411715626716614,fault_low_domain_low
TEP,36,13,0.04217955842614174,0.06763848662376404,0.3843913674354553,fault_low_domain_low
TEP,36,14,0.04451565816998482,0.10845480859279633,0.4931485056877136,fault_low_domain_low
TEP,36,15,0.04887872561812401,0.23440232872962952,0.2851871848106384,fault_low_domain_low
TEP,36,16,0.052061039954423904,0.3265306055545807,0.27792733907699585,fault_low_domain_low
TEP,36,17,0.051922522485256195,0.3201166093349457,0.37250038981437683,fault_low_domain_low
TEP,36,18,0.06480220705270767,0.7002915740013123,0.2583226263523102,fault_low_domain_high
TEP,36,19,0.061798591166734695,0.6326530575752258,0.28734758496284485,fault_low_domain_high
TEP,36,20,0.06775680929422379,0.7492711544036865,0.26455119252204895,fault_low_domain_high
TEP,36,21,0.05681229382753372,0.4758017361164093,0.2813568115234375,fault_low_domain_low
TEP,36,22,0.07602004706859589,0.8804664611816406,0.26406368613243103,fault_low_domain_high
TEP,36,23,0.04575193673372269,0.1376093327999115,0.28605756163597107,fault_low_domain_low
TEP,36,24,0.05421289801597595,0.39241981506347656,0.29258042573928833,fault_low_domain_low
TEP,36,25,0.04524282366037369,0.12653061747550964,0.2985827922821045,fault_low_domain_low
TEP,36,26,0.04657933861017227,0.1586005836725235,0.26234152913093567,fault_low_domain_low
TEP,36,27,0.04755521938204765,0.19358600676059723,0.27516433596611023,fault_low_domain_low
TEP,36,28,0.05018675699830055,0.27055394649505615,0.32099807262420654,fault_low_domain_low
TEP,36,29,0.06441747397184372,0.692711353302002,0.2570721209049225,fault_low_domain_high
TEP,36,30,0.048014529049396515,0.20816326141357422,0.36504796147346497,fault_low_domain_low
TEP,36,31,0.06324917078018188,0.6676384806632996,0.2755187451839447,fault_low_domain_high
TEP,36,32,0.03519456833600998,0.0064139943569898605,0.26048630475997925,fault_low_domain_low
TEP,37,0,0.05536528304219246,0.43032070994377136,0.655637264251709,fault_high_domain_low
TEP,37,1,0.14952869713306427,0.9924198389053345,0.6152756810188293,fault_high_domain_high
TEP,37,2,0.07214459031820297,0.8338192701339722,0.6334251761436462,fault_high_domain_high
TEP,37,3,0.06353799998760223,0.6717200875282288,0.6215533018112183,fault_high_domain_high
TEP,37,4,0.07986526191234589,0.9113702774047852,0.5280055999755859,fault_high_domain_high
TEP,37,5,0.08195322751998901,0.9236151576042175,0.462240993976593,fault_low_domain_high
TEP,37,6,0.0717300996184349,0.8285714387893677,0.5946832895278931,fault_high_domain_high
TEP,37,7,0.0785689577460289,0.9002915620803833,0.5619111657142639,fault_high_domain_high
TEP,37,8,0.08001220226287842,0.911953330039978,0.5044510364532471,fault_high_domain_high
TEP,37,9,0.07321644574403763,0.844897985458374,0.5465420484542847,fault_high_domain_high
TEP,37,10,0.05513070896267891,0.4233236014842987,0.5935205221176147,fault_high_domain_low
TEP,37,11,0.05842636525630951,0.5364431738853455,0.5725974440574646,fault_high_domain_high
TEP,37,12,0.09577759355306625,0.9760932922363281,0.6311801075935364,fault_high_domain_high
TEP,37,13,0.06977403908967972,0.7941690683364868,0.583713948726654,fault_high_domain_high
TEP,37,14,0.06287825107574463,0.6606413722038269,0.6077978014945984,fault_high_domain_high
TEP,37,15,0.07132484018802643,0.8233236074447632,0.5777797698974609,fault_high_domain_high
TEP,37,16,0.07154300063848495,0.8274052739143372,0.5264289379119873,fault_high_domain_high
TEP,37,17,0.0704072043299675,0.808746337890625,0.5827105045318604,fault_high_domain_high
TEP,37,18,0.05837574973702431,0.5346938967704773,0.5282406806945801,fault_high_domain_high
TEP,37,19,0.0651477798819542,0.7067055106163025,0.6532196402549744,fault_high_domain_high
TEP,37,20,0.06546483188867569,0.7107871770858765,0.5009458661079407,fault_high_domain_high
TEP,37,21,0.07022672891616821,0.8052477836608887,0.5310301184654236,fault_high_domain_high
TEP,37,22,0.054092422127723694,0.3895043730735779,0.5192422270774841,fault_high_domain_low
TEP,37,23,0.06900189816951752,0.7813411355018616,0.5495219230651855,fault_high_domain_high
TEP,37,24,0.061790019273757935,0.6320699453353882,0.5658577680587769,fault_high_domain_high
TEP,37,25,0.07732821255922318,0.890379011631012,0.5534087419509888,fault_high_domain_high
TEP,37,26,0.07248306274414062,0.8373177647590637,0.5535149574279785,fault_high_domain_high
TEP,37,27,0.05606226995587349,0.455976665019989,0.588005542755127,fault_high_domain_low
TEP,37,28,0.06371870636940002,0.6763848662376404,0.557029128074646,fault_high_domain_high
TEP,37,29,0.05423995107412338,0.3941690921783447,0.535358190536499,fault_high_domain_low
TEP,37,30,0.055305466055870056,0.42798835039138794,0.5405136942863464,fault_high_domain_low
TEP,37,31,0.052366532385349274,0.3317784368991852,0.5285912156105042,fault_high_domain_low
TEP,37,32,0.05852431431412697,0.5387755036354065,0.5878134369850159,fault_high_domain_high
TEP,38,0,0.08465902507305145,0.9381924271583557,0.4686759114265442,fault_low_domain_high
TEP,38,1,0.08464191854000092,0.9376093149185181,0.471028208732605,fault_low_domain_high
TEP,38,2,0.06911987066268921,0.7836734652519226,0.27001747488975525,fault_low_domain_high
TEP,38,3,0.09117889404296875,0.9650145769119263,0.33578047156333923,fault_low_domain_high
TEP,38,4,0.06849735230207443,0.7667638659477234,0.36553531885147095,fault_low_domain_high
TEP,38,5,0.07017828524112701,0.8034985661506653,0.3088681101799011,fault_low_domain_high
TEP,38,6,0.10826770216226578,0.9836734533309937,0.27262336015701294,fault_low_domain_high
TEP,38,7,0.10373329371213913,0.9819241762161255,0.2852565348148346,fault_low_domain_high
TEP,38,8,0.07378773391246796,0.8530611991882324,0.3291626572608948,fault_low_domain_high
TEP,38,9,0.05625716224312782,0.46180757880210876,0.3253181278705597,fault_low_domain_low
TEP,38,10,0.06320622563362122,0.666472315788269,0.2691877782344818,fault_low_domain_high
TEP,38,11,0.0496978685259819,0.25481048226356506,0.2586507797241211,fault_low_domain_low
TEP,38,12,0.05317910760641098,0.36384838819503784,0.36747321486473083,fault_low_domain_low
TEP,38,13,0.05516912788152695,0.42390671372413635,0.33410122990608215,fault_low_domain_low
TEP,38,14,0.04194653406739235,0.06355684995651245,0.31178367137908936,fault_low_domain_low
TEP,38,15,0.057574957609176636,0.5113702416419983,0.26461705565452576,fault_low_domain_high
TEP,38,16,0.05717336758971214,0.48804664611816406,0.2933363616466522,fault_low_domain_low
TEP,38,17,0.05982951074838638,0.576093316078186,0.2755422294139862,fault_low_domain_high
TEP,38,18,0.062317006289958954,0.6448979377746582,0.30100008845329285,fault_low_domain_high
TEP,38,19,0.06876156479120255,0.7737609148025513,0.2713124454021454,fault_low_domain_high
TEP,38,20,0.08151160180568695,0.9212828278541565,0.2599096894264221,fault_low_domain_high
TEP,38,21,0.06445161998271942,0.6944606304168701,0.2621406614780426,fault_low_domain_high
TEP,38,22,0.05636073648929596,0.4641399383544922,0.381063312292099,fault_low_domain_low
TEP,38,23,0.07018031924962997,0.8040816187858582,0.307778537273407,fault_low_domain_high
TEP,38,24,0.04605940729379654,0.14344023168087006,0.26897719502449036,fault_low_domain_low
TEP,38,25,0.05912351608276367,0.5539358854293823,0.3360168933868408,fault_low_domain_high
TEP,38,26,0.05454336851835251,0.40408164262771606,0.315936803817749,fault_low_domain_low
TEP,38,27,0.04633766785264015,0.15102040767669678,0.2814609706401825,fault_low_domain_low
TEP,38,28,0.05583616718649864,0.4478134214878082,0.3027946650981903,fault_low_domain_low
TEP,38,29,0.05072655528783798,0.2857142984867096,0.30721160769462585,fault_low_domain_low
TEP,38,30,0.05192510038614273,0.3206997215747833,0.26226669549942017,fault_low_domain_low
TEP,38,31,0.06138141453266144,0.6227405071258545,0.27126848697662354,fault_low_domain_high
TEP,38,32,0.05579892545938492,0.4454810619354248,0.2692786753177643,fault_low_domain_low
TEP,39,0,0.08390146493911743,0.9335277080535889,0.4708772301673889,fault_low_domain_high
TEP,39,1,0.09412932395935059,0.97434401512146,0.41759541630744934,fault_low_domain_high
TEP,39,2,0.08679531514644623,0.9475218653678894,0.28249502182006836,fault_low_domain_high
TEP,39,3,0.07570331543684006,0.8769679069519043,0.31425338983535767,fault_low_domain_high
TEP,39,4,0.08734339475631714,0.9498542547225952,0.27084285020828247,fault_low_domain_high
TEP,39,5,0.08545461297035217,0.9411078691482544,0.4476107656955719,fault_low_domain_high
TEP,39,6,0.09980952739715576,0.9795918464660645,0.2533608376979828,fault_low_domain_high
TEP,39,7,0.0803825780749321,0.9142857193946838,0.26870691776275635,fault_low_domain_high
TEP,39,8,0.0790424719452858,0.9049562811851501,0.4500839114189148,fault_low_domain_high
TEP,39,9,0.0915672704577446,0.9673469662666321,0.2810724973678589,fault_low_domain_high
TEP,39,10,0.059861648827791214,0.5784256458282471,0.34584206342697144,fault_low_domain_high
TEP,39,11,0.0505492128431797,0.28104954957962036,0.26961660385131836,fault_low_domain_low
TEP,39,12,0.0491948202252388,0.24198250472545624,0.3359925150871277,fault_low_domain_low
TEP,39,13,0.05058196932077408,0.281632661819458,0.26762083172798157,fault_low_domain_low
TEP,39,14,0.05148391053080559,0.3067055344581604,0.3043964207172394,fault_low_domain_low
TEP,39,15,0.05020137503743172,0.2711370289325714,0.274829238653183,fault_low_domain_low
TEP,39,16,0.06208270788192749,0.6413994431495667,0.2884104251861572,fault_low_domain_high
TEP,39,17,0.0651455670595169,0.7061224579811096,0.2678082585334778,fault_low_domain_high
TEP,39,18,0.06546764075756073,0.7113702893257141,0.3924250304698944,fault_low_domain_high
TEP,39,19,0.06640038639307022,0.7276967763900757,0.2808811366558075,fault_low_domain_high
TEP,39,20,0.06030719354748726,0.5906705260276794,0.2818043529987335,fault_low_domain_high
TEP,39,21,0.06688643246889114,0.7393586039543152,0.2964807450771332,fault_low_domain_high
TEP,39,22,0.061383407562971115,0.6233236193656921,0.28593453764915466,fault_low_domain_high
TEP,39,23,0.05175012722611427,0.3148688077926636,0.290433406829834,fault_low_domain_low
TEP,39,24,0.053072065114974976,0.35976675152778625,0.263229101896286,fault_low_domain_low
TEP,39,25,0.046691372990608215,0.16734693944454193,0.31533077359199524,fault_low_domain_low
TEP,39,26,0.04554716497659683,0.1335276961326599,0.2997286915779114,fault_low_domain_low
TEP,39,27,0.050925374031066895,0.2886297404766083,0.25836119055747986,fault_low_domain_low
TEP,39,28,0.04697498679161072,0.1743440181016922,0.30941683053970337,fault_low_domain_low
TEP,39,29,0.05862649530172348,0.5405247807502747,0.3043100833892822,fault_low_domain_high
TEP,39,30,0.05876893550157547,0.544023334980011,0.27417558431625366,fault_low_domain_high
TEP,39,31,0.061935409903526306,0.636734664440155,0.3776993751525879,fault_low_domain_high
TEP,39,32,0.055518243461847305,0.4338192343711853,0.2881373465061188,fault_low_domain_low
TEP,40,0,0.07116901874542236,0.8198250532150269,0.3386915624141693,fault_low_domain_high
TEP,40,1,0.0851484090089798,0.9405247569084167,0.3761613965034485,fault_low_domain_high
TEP,40,2,0.08162539452314377,0.9218658804893494,0.560196042060852,fault_high_domain_high
TEP,40,3,0.08086119592189789,0.916034996509552,0.39992332458496094,fault_low_domain_high
TEP,40,4,0.08011989295482635,0.9131195545196533,0.3721730709075928,fault_low_domain_high
TEP,40,5,0.06666591018438339,0.7341107726097107,0.28635355830192566,fault_low_domain_high
TEP,40,6,0.09935133159160614,0.9790087342262268,0.4119175970554352,fault_low_domain_high
TEP,40,7,0.08420830219984055,0.9341107606887817,0.5288841128349304,fault_high_domain_high
TEP,40,8,0.07111743092536926,0.8186588883399963,0.30218377709388733,fault_low_domain_high
TEP,40,9,0.07393832504749298,0.8577259182929993,0.3357296884059906,fault_low_domain_high
TEP,40,10,0.05457115173339844,0.40583088994026184,0.560145378112793,fault_high_domain_low
TEP,40,11,0.0571589469909668,0.4874635636806488,0.41169655323028564,fault_low_domain_low
TEP,40,12,0.05145983397960663,0.3055393695831299,0.47884151339530945,fault_low_domain_low
TEP,40,13,0.04961254075169563,0.25247812271118164,0.4350985586643219,fault_low_domain_low
TEP,40,14,0.05224905535578728,0.330029159784317,0.37675219774246216,fault_low_domain_low
TEP,40,15,0.0519750714302063,0.3224489688873291,0.345694363117218,fault_low_domain_low
TEP,40,16,0.06389764696359634,0.6793003082275391,0.46485376358032227,fault_low_domain_high
TEP,40,17,0.06473168730735779,0.6985422968864441,0.3611679673194885,fault_low_domain_high
TEP,40,18,0.06985638290643692,0.7970845699310303,0.3554951250553131,fault_low_domain_high
TEP,40,19,0.07309746742248535,0.8443148732185364,0.3838479220867157,fault_low_domain_high
TEP,40,20,0.07324707508087158,0.8454810380935669,0.3870774805545807,fault_low_domain_high
TEP,40,21,0.06744743883609772,0.7457726001739502,0.33324959874153137,fault_low_domain_high
TEP,40,22,0.06026702746748924,0.5895043611526489,0.3502621054649353,fault_low_domain_high
TEP,40,23,0.04477712884545326,0.11370262503623962,0.4019409716129303,fault_low_domain_low
TEP,40,24,0.05753635987639427,0.5084547996520996,0.4346853792667389,fault_low_domain_high
TEP,40,25,0.05259536951780319,0.3381924331188202,0.42405685782432556,fault_low_domain_low
TEP,40,26,0.04868576303124428,0.22973760962486267,0.5032377243041992,fault_high_domain_low
TEP,40,27,0.058237314224243164,0.5276967883110046,0.389083594083786,fault_low_domain_high
TEP,40,28,0.05632459372282028,0.46355685591697693,0.39106133580207825,fault_low_domain_low
TEP,40,29,0.0469789057970047,0.17609329521656036,0.33920717239379883,fault_low_domain_low
TEP,40,30,0.06037551164627075,0.5930029153823853,0.3535705804824829,fault_low_domain_high
TEP,40,31,0.06266789883375168,0.6548104882240295,0.4037684500217438,fault_low_domain_high
TEP,40,32,0.054379336535930634,0.39766764640808105,0.3629187345504761,fault_low_domain_low
TEP,41,0,0.16775523126125336,0.9947521686553955,0.5754761099815369,fault_high_domain_high
TEP,41,1,0.06783678382635117,0.7521865963935852,0.497689425945282,fault_low_domain_high
TEP,41,2,0.06986120343208313,0.7976676225662231,0.5000895261764526,fault_high_domain_high
TEP,41,3,0.07616918534040451,0.8822157382965088,0.3239486813545227,fault_low_domain_high
TEP,41,4,0.06435716152191162,0.6903790235519409,0.2671108841896057,fault_low_domain_high
TEP,41,5,0.07109685987234116,0.8174927234649658,0.481967955827713,fault_low_domain_high
TEP,41,6,0.04926655441522598,0.2448979616165161,0.3249049186706543,fault_low_domain_low
TEP,41,7,0.05742918327450752,0.5049562454223633,0.26524460315704346,fault_low_domain_high
TEP,41,8,0.06171121820807457,0.6297376155853271,0.44938987493515015,fault_low_domain_high
TEP,41,9,0.04716290161013603,0.18192419409751892,0.26232171058654785,fault_low_domain_low
TEP,41,10,0.062767393887043,0.6577259302139282,0.3190174400806427,fault_low_domain_high
TEP,41,11,0.058677129447460175,0.5422740578651428,0.374182790517807,fault_low_domain_high
TEP,41,12,0.06308586150407791,0.6641399264335632,0.30733656883239746,fault_low_domain_high
TEP,41,13,0.06387165933847427,0.6787171959877014,0.3313538134098053,fault_low_domain_high
TEP,41,14,0.05299757793545723,0.35743439197540283,0.2714970111846924,fault_low_domain_low
TEP,41,15,0.06806207448244095,0.7562682032585144,0.33122795820236206,fault_low_domain_high
TEP,41,16,0.06659087538719177,0.7335277199745178,0.2872937321662903,fault_low_domain_high
TEP,41,17,0.06280826032161713,0.6588921546936035,0.3006916046142578,fault_low_domain_high
TEP,41,18,0.06845875829458237,0.7650145888328552,0.2848159670829773,fault_low_domain_high
TEP,41,19,0.06377169489860535,0.6775510311126709,0.4371598958969116,fault_low_domain_high
TEP,41,20,0.04847811535000801,0.22215743362903595,0.26353272795677185,fault_low_domain_low
TEP,41,21,0.05922093614935875,0.556851327419281,0.2821967899799347,fault_low_domain_high
TEP,41,22,0.053516045212745667,0.3760932981967926,0.302185982465744,fault_low_domain_low
TEP,41,23,0.05548453330993652,0.43206995725631714,0.3097456097602844,fault_low_domain_low
TEP,41,24,0.06034792214632034,0.5918367505073547,0.29774773120880127,fault_low_domain_high
TEP,41,25,0.0455438606441021,0.13294461369514465,0.2711491882801056,fault_low_domain_low
TEP,41,26,0.061831034719944,0.634402334690094,0.2839605212211609,fault_low_domain_high
TEP,41,27,0.04324959218502045,0.0851311981678009,0.29512324929237366,fault_low_domain_low
TEP,41,28,0.05723809450864792,0.4915452003479004,0.27303409576416016,fault_low_domain_low
TEP,41,29,0.048983171582221985,0.23615160584449768,0.2604999542236328,fault_low_domain_low
TEP,41,30,0.04971230775117874,0.2571428716182709,0.2794179916381836,fault_low_domain_low
TEP,41,31,0.043045539408922195,0.08104956150054932,0.3715006411075592,fault_low_domain_low
TEP,41,32,0.049725163727998734,0.2583090364933014,0.2909733057022095,fault_low_domain_low
TEP,42,0,0.07467379420995712,0.8676384687423706,0.5323523879051208,fault_high_domain_high
TEP,42,1,0.15471957623958588,0.9930028915405273,0.7107734680175781,fault_high_domain_high
TEP,42,2,0.05132777616381645,0.30087462067604065,0.5475573539733887,fault_high_domain_low
TEP,42,3,0.052938565611839294,0.3551020324230194,0.46002396941185,fault_low_domain_low
TEP,42,4,0.05729437991976738,0.495626837015152,0.47913065552711487,fault_low_domain_low
TEP,42,5,0.055507875978946686,0.43323615193367004,0.36053213477134705,fault_low_domain_low
TEP,42,6,0.05114569514989853,0.2950437366962433,0.49100396037101746,fault_low_domain_low
TEP,42,7,0.05788133665919304,0.5189504623413086,0.41706058382987976,fault_low_domain_high
TEP,42,8,0.05690543353557587,0.47871720790863037,0.43117251992225647,fault_low_domain_low
TEP,42,9,0.06526777893304825,0.7078717350959778,0.5260605216026306,fault_high_domain_high
TEP,42,10,0.05952499806880951,0.5673469305038452,0.5052818059921265,fault_high_domain_high
TEP,42,11,0.05608506128191948,0.4571428596973419,0.3053966462612152,fault_low_domain_low
TEP,42,12,0.059270501136779785,0.5586006045341492,0.41211509704589844,fault_low_domain_high
TEP,42,13,0.05036501586437225,0.275218665599823,0.27276328206062317,fault_low_domain_low
TEP,42,14,0.06052334979176521,0.5982507467269897,0.47917136549949646,fault_low_domain_high
TEP,42,15,0.0575602650642395,0.5102040767669678,0.2842068672180176,fault_low_domain_high
TEP,42,16,0.05942237004637718,0.565597653388977,0.3114762604236603,fault_low_domain_high
TEP,42,17,0.06094847247004509,0.6099125146865845,0.32179388403892517,fault_low_domain_high
TEP,42,18,0.05069996044039726,0.28513118624687195,0.43994688987731934,fault_low_domain_low
TEP,42,19,0.05726009979844093,0.4944606423377991,0.3154881000518799,fault_low_domain_low
TEP,42,20,0.05680403485894203,0.47521865367889404,0.35297703742980957,fault_low_domain_low
TEP,42,21,0.052601009607315063,0.33994168043136597,0.3313010632991791,fault_low_domain_low
TEP,42,22,0.054451216012239456,0.40058308839797974,0.43994462490081787,fault_low_domain_low
TEP,42,23,0.06180790066719055,0.6338192224502563,0.2794867157936096,fault_low_domain_high
TEP,42,24,0.04979611560702324,0.26005831360816956,0.37202826142311096,fault_low_domain_low
TEP,42,25,0.05698103457689285,0.4822157323360443,0.4301515817642212,fault_low_domain_low
TEP,42,26,0.05737323686480522,0.5014577507972717,0.34018146991729736,fault_low_domain_high
TEP,42,27,0.03849174082279205,0.023906705901026726,0.39766785502433777,fault_low_domain_low
TEP,42,28,0.04123617708683014,0.05364431440830231,0.3504135012626648,fault_low_domain_low
TEP,42,29,0.05110393837094307,0.2932944595813751,0.632405161857605,fault_high_domain_low
TEP,42,30,0.05234149843454361,0.33119532465934753,0.3770584464073181,fault_low_domain_low
TEP,42,31,0.05542535334825516,0.4314868748188019,0.38250935077667236,fault_low_domain_low
TEP,42,32,0.04717870429158211,0.18250729143619537,0.3284614682197571,fault_low_domain_low
TEP,43,0,0.013543271459639072,0.000583090353757143,0.3314540684223175,fault_low_domain_low
TEP,43,1,0.1208367869257927,0.9860058426856995,0.43445947766304016,fault_low_domain_high
TEP,43,2,0.06082809343934059,0.6069970726966858,0.38095521926879883,fault_low_domain_high
TEP,43,3,0.07208399474620819,0.8332361578941345,0.36966437101364136,fault_low_domain_high
TEP,43,4,0.06837242096662521,0.7615160346031189,0.4066174626350403,fault_low_domain_high
TEP,43,5,0.07941631972789764,0.9078717231750488,0.3399125039577484,fault_low_domain_high
TEP,43,6,0.052041418850421906,0.3247813284397125,0.36595672369003296,fault_low_domain_low
TEP,43,7,0.06764432042837143,0.7481049299240112,0.44398829340934753,fault_low_domain_high
TEP,43,8,0.07082246989011765,0.8134110569953918,0.33510980010032654,fault_low_domain_high
TEP,43,9,0.06780678033828735,0.7510204315185547,0.29011720418930054,fault_low_domain_high
TEP,43,10,0.06605052947998047,0.7206997275352478,0.4455486536026001,fault_low_domain_high
TEP,43,11,0.07358334213495255,0.851311981678009,0.4837546646595001,fault_low_domain_high
TEP,43,12,0.072995625436306,0.8419824838638306,0.347158282995224,fault_low_domain_high
TEP,43,13,0.0579022616147995,0.5201166272163391,0.39006656408309937,fault_low_domain_high
TEP,43,14,0.06733901798725128,0.7434402108192444,0.27039676904678345,fault_low_domain_high
TEP,43,15,0.08469875156879425,0.9387755393981934,0.3662813603878021,fault_low_domain_high
TEP,43,16,0.061752092093229294,0.6309037804603577,0.3097953498363495,fault_low_domain_high
TEP,43,17,0.08631008118391037,0.9451894760131836,0.32489845156669617,fault_low_domain_high
TEP,43,18,0.05452604964375496,0.4023323655128479,0.288033127784729,fault_low_domain_low
TEP,43,19,0.05400445684790611,0.38717201352119446,0.45714837312698364,fault_low_domain_low
TEP,43,20,0.06601037085056305,0.7201166152954102,0.39392396807670593,fault_low_domain_high
TEP,43,21,0.07583083212375641,0.8793002963066101,0.4671497344970703,fault_low_domain_high
TEP,43,22,0.05929987132549286,0.5609329342842102,0.48598721623420715,fault_low_domain_high
TEP,43,23,0.05414773151278496,0.39008745551109314,0.3272670805454254,fault_low_domain_low
TEP,43,24,0.061153437942266464,0.6157434582710266,0.3990028202533722,fault_low_domain_high
TEP,43,25,0.05272984132170677,0.34518951177597046,0.40336987376213074,fault_low_domain_low
TEP,43,26,0.04857894778251648,0.2268221527338028,0.4181590676307678,fault_low_domain_low
TEP,43,27,0.048406973481178284,0.22099125385284424,0.3450546860694885,fault_low_domain_low
TEP,43,28,0.044458355754613876,0.10787171870470047,0.45416462421417236,fault_low_domain_low
TEP,43,29,0.048979923129081726,0.23556850850582123,0.3953799903392792,fault_low_domain_low
TEP,43,30,0.04180299863219261,0.06064140051603317,0.39129066467285156,fault_low_domain_low
TEP,43,31,0.05284998193383217,0.35160350799560547,0.4457535743713379,fault_low_domain_low
TEP,43,32,0.03911874443292618,0.0314868800342083,0.4000057280063629,fault_low_domain_low
TEP,44,0,0.0572495199739933,0.4927113652229309,0.35739341378211975,fault_low_domain_low
TEP,44,1,0.10089399665594101,0.9813411235809326,0.6433902978897095,fault_high_domain_high
TEP,44,2,0.05277251452207565,0.3486880362033844,0.4715508222579956,fault_low_domain_low
TEP,44,3,0.05685792118310928,0.47755101323127747,0.44856664538383484,fault_low_domain_low
TEP,44,4,0.046452172100543976,0.15393586456775665,0.3582855463027954,fault_low_domain_low
TEP,44,5,0.04926948994398117,0.24548104405403137,0.3946622908115387,fault_low_domain_low
TEP,44,6,0.054538872092962265,0.4034985303878784,0.4919501543045044,fault_low_domain_low
TEP,44,7,0.043927453458309174,0.09620991349220276,0.3799440264701843,fault_low_domain_low
TEP,44,8,0.05748087540268898,0.5061224699020386,0.2582920491695404,fault_low_domain_high
TEP,44,9,0.06377854943275452,0.6781340837478638,0.480045348405838,fault_low_domain_high
TEP,44,10,0.05572862923145294,0.44081631302833557,0.2676246464252472,fault_low_domain_low
TEP,44,11,0.060552485287189484,0.5988337993621826,0.30139416456222534,fault_low_domain_high
TEP,44,12,0.06900934129953384,0.7819241881370544,0.3186449408531189,fault_low_domain_high
TEP,44,13,0.0414145290851593,0.056559767574071884,0.30294668674468994,fault_low_domain_low
TEP,44,14,0.04759331792593002,0.1953352838754654,0.2785075604915619,fault_low_domain_low
TEP,44,15,0.05889956280589104,0.5469387769699097,0.2839988172054291,fault_low_domain_high
TEP,44,16,0.059097204357385635,0.552769660949707,0.31018245220184326,fault_low_domain_high
TEP,44,17,0.05349164456129074,0.3749271035194397,0.3216978907585144,fault_low_domain_low
TEP,44,18,0.05770435184240341,0.5148687958717346,0.32376062870025635,fault_low_domain_high
TEP,44,19,0.0485028401017189,0.22507289052009583,0.33554351329803467,fault_low_domain_low
TEP,44,20,0.04404842481017113,0.09854227304458618,0.31739500164985657,fault_low_domain_low
TEP,44,21,0.06252408027648926,0.6507288813591003,0.26952335238456726,fault_low_domain_high
TEP,44,22,0.05534640699625015,0.42915451526641846,0.3410157263278961,fault_low_domain_low
TEP,44,23,0.05991952493786812,0.5819242000579834,0.31523004174232483,fault_low_domain_high
TEP,44,24,0.06110509857535362,0.6139941811561584,0.32418128848075867,fault_low_domain_high
TEP,44,25,0.04688012972474098,0.17201165854930878,0.27136915922164917,fault_low_domain_low
TEP,44,26,0.05352291092276573,0.37667638063430786,0.31000176072120667,fault_low_domain_low
TEP,44,27,0.04682254046201706,0.16967929899692535,0.28692036867141724,fault_low_domain_low
TEP,44,28,0.05614707991480827,0.45947521924972534,0.2814267873764038,fault_low_domain_low
TEP,44,29,0.05494442582130432,0.4145772457122803,0.2929766774177551,fault_low_domain_low
TEP,44,30,0.06648077815771103,0.7306122183799744,0.3462274670600891,fault_low_domain_high
TEP,44,31,0.044628649950027466,0.11020407825708389,0.33122411370277405,fault_low_domain_low
TEP,44,32,0.04591691866517067,0.14052477478981018,0.3580719232559204,fault_low_domain_low
TEP,45,0,0.05335946008563042,0.37026238441467285,0.6625871658325195,fault_high_domain_low
TEP,45,1,0.2081354409456253,1.0,0.6520753502845764,fault_high_domain_high
TEP,45,2,0.07280265539884567,0.8402332067489624,0.6941006779670715,fault_high_domain_high
TEP,45,3,0.06040763482451439,0.5953353047370911,0.7064085006713867,fault_high_domain_high
TEP,45,4,0.06086842715740204,0.6075801849365234,0.7233073115348816,fault_high_domain_high
TEP,45,5,0.06358306109905243,0.6734693646430969,0.7224090695381165,fault_high_domain_high
TEP,45,6,0.04708198457956314,0.18017493188381195,0.6662628650665283,fault_high_domain_low
TEP,45,7,0.050913773477077484,0.288046658039093,0.6404903531074524,fault_high_domain_low
TEP,45,8,0.05846483260393143,0.537609338760376,0.5861704349517822,fault_high_domain_high
TEP,45,9,0.04476088657975197,0.11311953514814377,0.6064208149909973,fault_high_domain_low
TEP,45,10,0.05738986283540726,0.5026239156723022,0.5882137417793274,fault_high_domain_high
TEP,45,11,0.059016916900873184,0.550437331199646,0.5720728635787964,fault_high_domain_high
TEP,45,12,0.053984761238098145,0.3865889310836792,0.5732392072677612,fault_high_domain_low
TEP,45,13,0.047699224203825,0.19766764342784882,0.5593885183334351,fault_high_domain_low
TEP,45,14,0.046978436410427094,0.17492711544036865,0.5839933156967163,fault_high_domain_low
TEP,45,15,0.0518467053771019,0.31778424978256226,0.6263704895973206,fault_high_domain_low
TEP,45,16,0.04294499009847641,0.07930029183626175,0.7015367150306702,fault_high_domain_low
TEP,45,17,0.03625807166099548,0.01224489789456129,0.6860883831977844,fault_high_domain_low
TEP,45,18,0.05588694289326668,0.449562668800354,0.7261924743652344,fault_high_domain_low
TEP,45,19,0.041941337287425995,0.0629737600684166,0.5984649658203125,fault_high_domain_low
TEP,45,20,0.05281070992350578,0.3510203957557678,0.6402412056922913,fault_high_domain_low
TEP,45,21,0.05518057569861412,0.4244897961616516,0.6837610602378845,fault_high_domain_low
TEP,45,22,0.05154205858707428,0.30845481157302856,0.5554851293563843,fault_high_domain_low
TEP,45,23,0.04872794449329376,0.2320699691772461,0.5842337012290955,fault_high_domain_low
TEP,45,24,0.0552683100104332,0.4274052381515503,0.5770090818405151,fault_high_domain_low
TEP,45,25,0.05708625540137291,0.4862973690032959,0.6855340600013733,fault_high_domain_low
TEP,45,26,0.06202404201030731,0.6402332186698914,0.4891657829284668,fault_low_domain_high
TEP,45,27,0.05663880705833435,0.4734693765640259,0.532157301902771,fault_high_domain_low
TEP,45,28,0.046316031366586685,0.14985422790050507,0.5352286100387573,fault_high_domain_low
TEP,45,29,0.04504390060901642,0.12069971114397049,0.6898173093795776,fault_high_domain_low
TEP,45,30,0.06049583479762077,0.5970845222473145,0.6261945962905884,fault_high_domain_high
TEP,45,31,0.060728173702955246,0.6052477955818176,0.5670913457870483,fault_high_domain_high
TEP,45,32,0.05276106297969818,0.3475218713283539,0.658173680305481,fault_high_domain_low
TEP,46,0,0.08868032693862915,0.9556851387023926,0.5262022018432617,fault_high_domain_high
TEP,46,1,0.10451105982065201,0.9825072884559631,0.6409620642662048,fault_high_domain_high
TEP,46,2,0.060580845922231674,0.6000000238418579,0.5145366191864014,fault_high_domain_high
TEP,46,3,0.06226622685790062,0.6437317728996277,0.5530790686607361,fault_high_domain_high
TEP,46,4,0.07089781761169434,0.81516033411026,0.6570878624916077,fault_high_domain_high
TEP,46,5,0.07194989174604416,0.8314868807792664,0.40643438696861267,fault_low_domain_high
TEP,46,6,0.08058291673660278,0.9148688316345215,0.45028388500213623,fault_low_domain_high
TEP,46,7,0.06358800083398819,0.6740524768829346,0.369768887758255,fault_low_domain_high
TEP,46,8,0.07888555526733398,0.9037901163101196,0.39127758145332336,fault_low_domain_high
TEP,46,9,0.06572297215461731,0.716035008430481,0.39557042717933655,fault_low_domain_high
TEP,46,10,0.05987798795104027,0.5790087580680847,0.4870469272136688,fault_low_domain_high
TEP,46,11,0.06805069744586945,0.7556851506233215,0.4292599856853485,fault_low_domain_high
TEP,46,12,0.06626344472169876,0.7253644466400146,0.396907776594162,fault_low_domain_high
TEP,46,13,0.06649346649646759,0.731195330619812,0.5216213464736938,fault_high_domain_high
TEP,46,14,0.06706306338310242,0.7416909337043762,0.4732430577278137,fault_low_domain_high
TEP,46,15,0.06983882188796997,0.795918345451355,0.5980323553085327,fault_high_domain_high
TEP,46,16,0.07433899492025375,0.8623906970024109,0.6020382046699524,fault_high_domain_high
TEP,46,17,0.07076480984687805,0.812828004360199,0.5666276216506958,fault_high_domain_high
TEP,46,18,0.0649140477180481,0.7037900686264038,0.4755697548389435,fault_low_domain_high
TEP,46,19,0.06132858991622925,0.6221574544906616,0.5220165848731995,fault_high_domain_high
TEP,46,20,0.05249260365962982,0.336443156003952,0.35625210404396057,fault_low_domain_low
TEP,46,21,0.0535256452858448,0.3772594630718231,0.4416171610355377,fault_low_domain_low
TEP,46,22,0.052871350198984146,0.3521865904331207,0.47254130244255066,fault_low_domain_low
TEP,46,23,0.04922748729586601,0.2425656020641327,0.4226967990398407,fault_low_domain_low
TEP,46,24,0.05570913478732109,0.43965014815330505,0.38795629143714905,fault_low_domain_low
TEP,46,25,0.048771120607852936,0.2332361489534378,0.4284229874610901,fault_low_domain_low
TEP,46,26,0.03595419600605965,0.010495626367628574,0.5161888003349304,fault_high_domain_low
TEP,46,27,0.05183206871151924,0.3160349726676941,0.4663337469100952,fault_low_domain_low
TEP,46,28,0.0421818308532238,0.0682215765118599,0.5197662711143494,fault_high_domain_low
TEP,46,29,0.043136827647686005,0.08338192105293274,0.481148362159729,fault_low_domain_low
TEP,46,30,0.04518921673297882,0.12361516058444977,0.5,fault_high_domain_low
TEP,46,31,0.03564612567424774,0.008163264952600002,0.5745790600776672,fault_high_domain_low
TEP,46,32,0.03484237566590309,0.0058309040032327175,0.5346611738204956,fault_high_domain_low
TEP,47,0,0.047099314630031586,0.1807580143213272,0.3729841113090515,fault_low_domain_low
TEP,47,1,0.04663757607340813,0.16326530277729034,0.2935081124305725,fault_low_domain_low
TEP,47,2,0.05245769023895264,0.3341107964515686,0.2759787142276764,fault_low_domain_low
TEP,47,3,0.05172232910990715,0.31370261311531067,0.32193315029144287,fault_low_domain_low
TEP,47,4,0.05494960397481918,0.4157434403896332,0.29776450991630554,fault_low_domain_low
TEP,47,5,0.04758497327566147,0.19475218653678894,0.2978847324848175,fault_low_domain_low
TEP,47,6,0.062127575278282166,0.6419824957847595,0.3162323534488678,fault_low_domain_high
TEP,47,7,0.046449873596429825,0.1533527672290802,0.29531237483024597,fault_low_domain_low
TEP,47,8,0.051176268607378006,0.29679301381111145,0.3549532890319824,fault_low_domain_low
TEP,47,9,0.061687275767326355,0.6285714507102966,0.2837633192539215,fault_low_domain_high
TEP,47,10,0.054985739290714264,0.4169096350669861,0.28552013635635376,fault_low_domain_low
TEP,47,11,0.04474800452589989,0.11195335537195206,0.36504846811294556,fault_low_domain_low
TEP,47,12,0.05510199815034866,0.4209912419319153,0.36920085549354553,fault_low_domain_low
TEP,47,13,0.051416635513305664,0.304373174905777,0.2918473780155182,fault_low_domain_low
TEP,47,14,0.054010797291994095,0.3877550959587097,0.29766061902046204,fault_low_domain_low
TEP,47,15,0.0472373366355896,0.18367347121238708,0.28481680154800415,fault_low_domain_low
TEP,47,16,0.04796264320611954,0.20524781942367554,0.2811747193336487,fault_low_domain_low
TEP,47,17,0.05903814733028412,0.5516034960746765,0.3385564982891083,fault_low_domain_high
TEP,47,18,0.05204588547348976,0.32536444067955017,0.31643277406692505,fault_low_domain_low
TEP,47,19,0.057063303887844086,0.4851312041282654,0.3127744495868683,fault_low_domain_low
TEP,47,20,0.05809402838349342,0.5236151814460754,0.3525640368461609,fault_low_domain_high
TEP,47,21,0.054283421486616135,0.3959183692932129,0.3215445876121521,fault_low_domain_low
TEP,47,22,0.044999781996011734,0.11953353136777878,0.2784944772720337,fault_low_domain_low
TEP,47,23,0.05244464799761772,0.33352768421173096,0.27771812677383423,fault_low_domain_low
TEP,47,24,0.048699572682380676,0.23090378940105438,0.29663926362991333,fault_low_domain_low
TEP,47,25,0.04592804238200188,0.14110787212848663,0.2678890824317932,fault_low_domain_low
TEP,47,26,0.05590210109949112,0.45131194591522217,0.33915212750434875,fault_low_domain_low
TEP,47,27,0.049314893782138824,0.24664722383022308,0.28743869066238403,fault_low_domain_low
TEP,47,28,0.0555730015039444,0.43556851148605347,0.4309060871601105,fault_low_domain_low
TEP,47,29,0.04628484323620796,0.1481049507856369,0.3021495044231415,fault_low_domain_low
TEP,47,30,0.05901196599006653,0.5498542189598083,0.3146120607852936,fault_low_domain_high
TEP,47,31,0.049262963235378265,0.24431486427783966,0.27056780457496643,fault_low_domain_low
TEP,47,32,0.047610655426979065,0.1965014636516571,0.3092047870159149,fault_low_domain_low
TEP,48,0,0.04484293609857559,0.11545189470052719,0.42665767669677734,fault_low_domain_low
TEP,48,1,0.05142731964588165,0.30495625734329224,0.269565224647522,fault_low_domain_low
TEP,48,2,0.04665543511509895,0.16443148255348206,0.2838941514492035,fault_low_domain_low
TEP,48,3,0.04987915977835655,0.26413995027542114,0.31963250041007996,fault_low_domain_low
TEP,48,4,0.0628047063946724,0.6583090424537659,0.2813488245010376,fault_low_domain_high
TEP,48,5,0.051337387412786484,0.3014577329158783,0.3839435279369354,fault_low_domain_low
TEP,48,6,0.05363960564136505,0.3790087401866913,0.3094709813594818,fault_low_domain_low
TEP,48,7,0.05134090781211853,0.30204081535339355,0.3100314140319824,fault_low_domain_low
TEP,48,8,0.05571877211332321,0.4402332305908203,0.3636287748813629,fault_low_domain_low
TEP,48,9,0.057425737380981445,0.5037900805473328,0.3308030664920807,fault_low_domain_high
TEP,48,10,0.050360459834337234,0.27463558316230774,0.32900989055633545,fault_low_domain_low
TEP,48,11,0.044194623827934265,0.10437317937612534,0.2717224955558777,fault_low_domain_low
TEP,48,12,0.0524204783141613,0.33236151933670044,0.2734330892562866,fault_low_domain_low
TEP,48,13,0.05827898532152176,0.531195342540741,0.2777954638004303,fault_low_domain_high
TEP,48,14,0.04891207069158554,0.23498542606830597,0.288777619600296,fault_low_domain_low
TEP,48,15,0.046406541019678116,0.15276968479156494,0.2803780436515808,fault_low_domain_low
TEP,48,16,0.056975673884153366,0.48046648502349854,0.29368916153907776,fault_low_domain_low
TEP,48,17,0.04687407240271568,0.17142857611179352,0.356423944234848,fault_low_domain_low
TEP,48,18,0.049820251762866974,0.2618075907230377,0.3943459689617157,fault_low_domain_low
TEP,48,19,0.05154811963438988,0.3096209764480591,0.2778599262237549,fault_low_domain_low
TEP,48,20,0.05526692792773247,0.42682215571403503,0.2920933961868286,fault_low_domain_low
TEP,48,21,0.05914540961384773,0.5556851029396057,0.2776310443878174,fault_low_domain_high
TEP,48,22,0.05330858752131462,0.36793002486228943,0.29020217061042786,fault_low_domain_low
TEP,48,23,0.05653669685125351,0.4705539345741272,0.2885936498641968,fault_low_domain_low
TEP,48,24,0.0526401661336422,0.34169095754623413,0.26982876658439636,fault_low_domain_low
TEP,48,25,0.0470723882317543,0.1795918345451355,0.26921936869621277,fault_low_domain_low
TEP,48,26,0.04489005729556084,0.11836734414100647,0.2647721767425537,fault_low_domain_low
TEP,48,27,0.04219706729054451,0.06880466639995575,0.281343936920166,fault_low_domain_low
TEP,48,28,0.04791414365172386,0.20349854230880737,0.31113091111183167,fault_low_domain_low
TEP,48,29,0.04387085884809494,0.09387755393981934,0.29133039712905884,fault_low_domain_low
TEP,48,30,0.04697847738862038,0.1755101978778839,0.28965747356414795,fault_low_domain_low
TEP,48,31,0.05396034196019173,0.3854227364063263,0.35204753279685974,fault_low_domain_low
TEP,48,32,0.06180199608206749,0.6332361698150635,0.29262077808380127,fault_low_domain_high
TEP,49,0,0.07441803067922592,0.8641399145126343,0.5926711559295654,fault_high_domain_high
TEP,49,1,0.13796661794185638,0.9900874495506287,0.5553415417671204,fault_high_domain_high
TEP,49,2,0.09503733366727829,0.9755101799964905,0.6239984631538391,fault_high_domain_high
TEP,49,3,0.08696474879980087,0.9492711424827576,0.642994225025177,fault_high_domain_high
TEP,49,4,0.08598355948925018,0.9446064233779907,0.6072294116020203,fault_high_domain_high
TEP,49,5,0.08980368077754974,0.9591836929321289,0.6389570832252502,fault_high_domain_high
TEP,49,6,0.0809515118598938,0.9166180491447449,0.6482706069946289,fault_high_domain_high
TEP,49,7,0.07764056324958801,0.8938775658607483,0.6394233107566833,fault_high_domain_high
TEP,49,8,0.08304902911186218,0.9300291538238525,0.627798855304718,fault_high_domain_high
TEP,49,9,0.08655230700969696,0.9463557004928589,0.6420086026191711,fault_high_domain_high
TEP,49,10,0.08690198510885239,0.9486880302429199,0.6292027831077576,fault_high_domain_high
TEP,49,11,0.08356478065252304,0.9323615431785583,0.6226181387901306,fault_high_domain_high
TEP,49,12,0.08977465331554413,0.9586005806922913,0.6297495365142822,fault_high_domain_high
TEP,49,13,0.08928650617599487,0.9574344158172607,0.642630934715271,fault_high_domain_high
TEP,49,14,0.0881728082895279,0.9539358615875244,0.6266119480133057,fault_high_domain_high
TEP,49,15,0.0876569077372551,0.9516034722328186,0.6329265832901001,fault_high_domain_high
TEP,49,16,0.08995817601680756,0.9603498578071594,0.6203712821006775,fault_high_domain_high
TEP,49,17,0.08837863802909851,0.9551020264625549,0.6229932904243469,fault_high_domain_high
TEP,49,18,0.08342333137989044,0.9317784309387207,0.6282287836074829,fault_high_domain_high
TEP,49,19,0.08499523997306824,0.9399417042732239,0.6324135661125183,fault_high_domain_high
TEP,49,20,0.08813584595918655,0.9533527493476868,0.6113635897636414,fault_high_domain_high
TEP,49,21,0.08455327153205872,0.9364431500434875,0.6276669502258301,fault_high_domain_high
TEP,49,22,0.09189972281455994,0.9690961837768555,0.6174851059913635,fault_high_domain_high
TEP,49,23,0.08422965556383133,0.9346938729286194,0.6047499775886536,fault_high_domain_high
TEP,49,24,0.08252263814210892,0.9265305995941162,0.6254801154136658,fault_high_domain_high
TEP,49,25,0.09140422195196152,0.9661807417869568,0.6080543994903564,fault_high_domain_high
TEP,49,26,0.08823630213737488,0.9545189738273621,0.6174411773681641,fault_high_domain_high
TEP,49,27,0.0906321257352829,0.9626821875572205,0.606718122959137,fault_high_domain_high
TEP,49,28,0.08102744817733765,0.9177842736244202,0.6101402640342712,fault_high_domain_high
TEP,49,29,0.08554066717624664,0.9422740340232849,0.6241897344589233,fault_high_domain_high
TEP,49,30,0.0874565914273262,0.9504373073577881,0.6193414330482483,fault_high_domain_high
TEP,49,31,0.08336404711008072,0.9311953186988831,0.616652250289917,fault_high_domain_high
TEP,49,32,0.08687855303287506,0.948104977607727,0.5952275991439819,fault_high_domain_high
TEP,50,0,0.06259098649024963,0.6524781584739685,0.3193555772304535,fault_low_domain_high
TEP,50,1,0.1006007045507431,0.980758011341095,0.8262776732444763,fault_high_domain_high
TEP,50,2,0.04499145224690437,0.11895043402910233,0.6358941793441772,fault_high_domain_low
TEP,50,3,0.0493909977376461,0.247813418507576,0.5132420063018799,fault_high_domain_low
TEP,50,4,0.054921284317970276,0.413994163274765,0.46197664737701416,fault_low_domain_low
TEP,50,5,0.051599640399217606,0.310787171125412,0.5223150253295898,fault_high_domain_low
TEP,50,6,0.05866359546780586,0.5411078929901123,0.4373064935207367,fault_low_domain_high
TEP,50,7,0.054147835820913315,0.3906705677509308,0.483671098947525,fault_low_domain_low
TEP,50,8,0.05190592259168625,0.31895044445991516,0.4619744122028351,fault_low_domain_low
TEP,50,9,0.05288606882095337,0.35335275530815125,0.43553426861763,fault_low_domain_low
TEP,50,10,0.053691837936639786,0.3813410997390747,0.41341274976730347,fault_low_domain_low
TEP,50,11,0.05590053275227547,0.4507288634777069,0.3867233991622925,fault_low_domain_low
TEP,50,12,0.04786442592740059,0.20116618275642395,0.4838448464870453,fault_low_domain_low
TEP,50,13,0.048236001282930374,0.21457725763320923,0.46635228395462036,fault_low_domain_low
TEP,50,14,0.04727694019675255,0.1860058307647705,0.39343369007110596,fault_low_domain_low
TEP,50,15,0.0398276224732399,0.03731778264045715,0.3933999538421631,fault_low_domain_low
TEP,50,16,0.03742660582065582,0.01690962165594101,0.34235715866088867,fault_low_domain_low
TEP,50,17,0.04018212482333183,0.04023323580622673,0.43447569012641907,fault_low_domain_low
TEP,50,18,0.0518353134393692,0.31661808490753174,0.3714081346988678,fault_low_domain_low
TEP,50,19,0.04355381056666374,0.0892128273844719,0.4298887252807617,fault_low_domain_low
TEP,50,20,0.04537305235862732,0.13002915680408478,0.37128037214279175,fault_low_domain_low
TEP,50,21,0.04971075803041458,0.2565597593784332,0.39292362332344055,fault_low_domain_low
TEP,50,22,0.054218754172325134,0.3930029273033142,0.405300498008728,fault_low_domain_low
TEP,50,23,0.04943809285759926,0.25072887539863586,0.346434086561203,fault_low_domain_low
TEP,50,24,0.0460318848490715,0.14227405190467834,0.34198182821273804,fault_low_domain_low
TEP,50,25,0.04352002963423729,0.08862973749637604,0.36958372592926025,fault_low_domain_low
TEP,50,26,0.048263248056173325,0.2163265347480774,0.3626483082771301,fault_low_domain_low
TEP,50,27,0.04699792340397835,0.17725947499275208,0.38890939950942993,fault_low_domain_low
TEP,50,28,0.04741626977920532,0.18833819031715393,0.2974492013454437,fault_low_domain_low
TEP,50,29,0.06413623690605164,0.6857143044471741,0.33881083130836487,fault_low_domain_high
TEP,50,30,0.07680647075176239,0.8874635696411133,0.2842276394367218,fault_low_domain_high
TEP,50,31,0.07192743569612503,0.8303207159042358,0.31546032428741455,fault_low_domain_high
TEP,50,32,0.07026736438274384,0.806414008140564,0.4382273256778717,fault_low_domain_high
TEP,51,0,0.07385315746068954,0.8542274236679077,0.481332391500473,fault_low_domain_high
TEP,51,1,0.05327221751213074,0.3667638599872589,0.43489810824394226,fault_low_domain_low
TEP,51,2,0.04236052930355072,0.07055393606424332,0.34653347730636597,fault_low_domain_low
TEP,51,3,0.046368326991796494,0.1521865874528885,0.3367234170436859,fault_low_domain_low
TEP,51,4,0.04520682245492935,0.12478134036064148,0.29689547419548035,fault_low_domain_low
TEP,51,5,0.041393477469682693,0.05597667768597603,0.2741011679172516,fault_low_domain_low
TEP,51,6,0.0420873798429966,0.06530611962080002,0.2664719223976135,fault_low_domain_low
TEP,51,7,0.05165286362171173,0.3119533658027649,0.2985544204711914,fault_low_domain_low
TEP,51,8,0.05754537135362625,0.5090379118919373,0.3521682918071747,fault_low_domain_high
TEP,51,9,0.05557984858751297,0.4361515939235687,0.31849440932273865,fault_low_domain_low
TEP,51,10,0.05620451271533966,0.46064141392707825,0.3287622928619385,fault_low_domain_low
TEP,51,11,0.05365604907274246,0.38075801730155945,0.2616672217845917,fault_low_domain_low
TEP,51,12,0.06457621604204178,0.6950437426567078,0.2653598189353943,fault_low_domain_high
TEP,51,13,0.05511742830276489,0.42274051904678345,0.2727796137332916,fault_low_domain_low
TEP,51,14,0.06599575281143188,0.7195335030555725,0.30304470658302307,fault_low_domain_high
TEP,51,15,0.055781472474336624,0.44373178482055664,0.31242993474006653,fault_low_domain_low
TEP,51,16,0.05369199067354202,0.38192421197891235,0.339788019657135,fault_low_domain_low
TEP,51,17,0.05487166717648506,0.41224488615989685,0.30546197295188904,fault_low_domain_low
TEP,51,18,0.038876112550497055,0.02973760850727558,0.2751767635345459,fault_low_domain_low
TEP,51,19,0.04026230797171593,0.04139941558241844,0.26660802960395813,fault_low_domain_low
TEP,51,20,0.04633587971329689,0.15043731033802032,0.2817223370075226,fault_low_domain_low
TEP,51,21,0.04240518435835838,0.07172011584043503,0.33910858631134033,fault_low_domain_low
TEP,51,22,0.0509348064661026,0.2897959053516388,0.28121688961982727,fault_low_domain_low
TEP,51,23,0.051378849893808365,0.30320701003074646,0.29558950662612915,fault_low_domain_low
TEP,51,24,0.05195542797446251,0.32186588644981384,0.2666913568973541,fault_low_domain_low
TEP,51,25,0.04655204713344574,0.15801748633384705,0.3252182602882385,fault_low_domain_low
TEP,51,26,0.0505235493183136,0.2793003022670746,0.28125762939453125,fault_low_domain_low
TEP,51,27,0.05671219155192375,0.4740524888038635,0.3643428683280945,fault_low_domain_low
TEP,51,28,0.05199703574180603,0.32303208112716675,0.3912031352519989,fault_low_domain_low
TEP,51,29,0.04168345406651497,0.05947521701455116,0.28410711884498596,fault_low_domain_low
TEP,51,30,0.04809637740254402,0.21049562096595764,0.2644275426864624,fault_low_domain_low
TEP,51,31,0.05017748102545738,0.2699708342552185,0.288285493850708,fault_low_domain_low
TEP,51,32,0.05929632857441902,0.5603498816490173,0.283594012260437,fault_low_domain_high
