dataset,split,group_type,group,metric,count,mean,std,min,p05,p25,median,p75,p95,max
3W,train,all,all,critical_energy_ratio,12155,0.5297340367346426,0.19420090708553633,0.2947671413421631,0.34415859878063204,0.3757682293653488,0.4564794600009918,0.6699242293834686,0.9526147723197937,0.964914858341217
3W,train,all,all,safe_capacity,12155,0.47026596344771426,0.19420090687850083,0.03508513793349266,0.047385229542851445,0.33007578551769257,0.5435205698013306,0.6242317855358124,0.6558414101600647,0.7052328586578369
3W,train,all,all,rho,12155,0.47026596344771426,0.19420090687850083,0.03508513793349266,0.047385229542851445,0.33007578551769257,0.5435205698013306,0.6242317855358124,0.6558414101600647,0.7052328586578369
3W,train,stage,early,critical_energy_ratio,7384,0.6059437919274893,0.19644908551498766,0.2947671413421631,0.36771334111690523,0.45651087164878845,0.5583253800868988,0.7342592924833298,0.953247994184494,0.964914858341217
3W,train,stage,early,safe_capacity,7384,0.3940562080931956,0.19644908519401189,0.03508513793349266,0.04675203170627355,0.2657407075166702,0.44167460501194,0.5434891283512115,0.6322866588830948,0.7052328586578369
3W,train,stage,early,rho,7384,0.3940562080931956,0.19644908519401189,0.03508513793349266,0.04675203170627355,0.2657407075166702,0.44167460501194,0.5434891283512115,0.6322866588830948,0.7052328586578369
3W,train,stage,mature,critical_energy_ratio,771,0.5448353666275856,0.18946855467088577,0.3404904305934906,0.4224719852209091,0.42858345806598663,0.43328729271888733,0.7808371782302856,0.9145792424678802,0.9165031313896179
3W,train,stage,mature,safe_capacity,771,0.45516463539209195,0.1894685548860231,0.08349686861038208,0.08542078360915184,0.21916280686855316,0.5667127370834351,0.5714165270328522,0.5775280296802521,0.659509539604187
3W,train,stage,mature,rho,771,0.45516463539209195,0.1894685548860231,0.08349686861038208,0.08542078360915184,0.21916280686855316,0.5667127370834351,0.5714165270328522,0.5775280296802521,0.659509539604187
3W,train,stage,normal,critical_energy_ratio,4000,0.38614004731178286,0.07112022323112124,0.29787179827690125,0.33167213946580887,0.36102084070444107,0.37580031156539917,0.3793877810239792,0.6324997574090957,0.7301540374755859
3W,train,stage,normal,safe_capacity,4000,0.613859952814877,0.07112022290726436,0.26984596252441406,0.36750021427869795,0.6206121891736984,0.6241996586322784,0.6389791518449783,0.6683278620243073,0.7021281719207764
3W,train,stage,normal,rho,4000,0.613859952814877,0.07112022290726436,0.26984596252441406,0.36750021427869795,0.6206121891736984,0.6241996586322784,0.6389791518449783,0.6683278620243073,0.7021281719207764
3W,train,unit,WELL-00001,critical_energy_ratio,767,0.3646734105095248,0.019344570750729585,0.33633625507354736,0.33725670874118807,0.3385351747274399,0.3781285881996155,0.37907201051712036,0.3838995277881622,0.38484853506088257
3W,train,unit,WELL-00001,safe_capacity,767,0.6353265894127638,0.019344571756477136,0.6151514649391174,0.6161004841327667,0.6209279894828796,0.6218714118003845,0.6614648103713989,0.6627433121204376,0.6636637449264526
3W,train,unit,WELL-00001,rho,767,0.6353265894127638,0.019344571756477136,0.6151514649391174,0.6161004841327667,0.6209279894828796,0.6218714118003845,0.6614648103713989,0.6627433121204376,0.6636637449264526
3W,train,unit,WELL-00002,critical_energy_ratio,1829,0.4176743171494016,0.14378083851833767,0.34779301285743713,0.3599929869174957,0.36962154507637024,0.37551483511924744,0.3797149360179901,0.8928675532341003,0.9090303778648376
3W,train,unit,WELL-00002,safe_capacity,1829,0.5823256825898891,0.1437808385898376,0.09096962213516235,0.10713243335485459,0.6202850937843323,0.6244851350784302,0.6303784847259521,0.6400069952011108,0.6522070169448853
3W,train,unit,WELL-00002,rho,1829,0.5823256825898891,0.1437808385898376,0.09096962213516235,0.10713243335485459,0.6202850937843323,0.6244851350784302,0.6303784847259521,0.6400069952011108,0.6522070169448853
3W,train,unit,WELL-00004,critical_energy_ratio,44,0.3354159288785674,9.213466466536486e-05,0.3352486789226532,0.3352834597229958,0.3353373557329178,0.33542267978191376,0.335488498210907,0.3355435535311699,0.33555254340171814
3W,train,unit,WELL-00004,safe_capacity,44,0.664584069089456,9.213807660796215e-05,0.6644474267959595,0.6644564419984818,0.6645114868879318,0.664577305316925,0.6646626442670822,0.6647165149450303,0.6647513508796692
3W,train,unit,WELL-00004,rho,44,0.664584069089456,9.213807660796215e-05,0.6644474267959595,0.6644564419984818,0.6645114868879318,0.664577305316925,0.6646626442670822,0.6647165149450303,0.6647513508796692
3W,train,unit,WELL-00005,critical_energy_ratio,417,0.33953502688476506,0.00721658156657316,0.3313480317592621,0.331449955701828,0.3316003680229187,0.3422987759113312,0.3466607332229614,0.34759165048599244,0.3486216962337494
3W,train,unit,WELL-00005,safe_capacity,417,0.6604649731867033,0.007216581073885293,0.6513782739639282,0.6524083495140076,0.6533392667770386,0.6577012538909912,0.6683996319770813,0.6685500621795655,0.6686519384384155
3W,train,unit,WELL-00005,rho,417,0.6604649731867033,0.007216581073885293,0.6513782739639282,0.6524083495140076,0.6533392667770386,0.6577012538909912,0.6683996319770813,0.6685500621795655,0.6686519384384155
3W,train,unit,WELL-00007,critical_energy_ratio,10,0.4280137926340103,0.00027876262161335015,0.42757758498191833,0.4276180326938629,0.4278288260102272,0.42797356843948364,0.42828548699617386,0.428363473713398,0.4284204840660095
3W,train,unit,WELL-00007,safe_capacity,10,0.5719862103462219,0.0002787569477145522,0.5715795159339905,0.571636539697647,0.5717145204544067,0.5720264315605164,0.5721711665391922,0.5723819702863693,0.572422444820404
3W,train,unit,WELL-00007,rho,10,0.5719862103462219,0.0002787569477145522,0.5715795159339905,0.571636539697647,0.5717145204544067,0.5720264315605164,0.5721711665391922,0.5723819702863693,0.572422444820404
3W,train,unit,WELL-00008,critical_energy_ratio,491,0.3785203224287014,0.0022089000967927793,0.37335777282714844,0.37562917172908783,0.3759731948375702,0.37858104705810547,0.3814993053674698,0.3815294951200485,0.3815484344959259
3W,train,unit,WELL-00008,safe_capacity,491,0.6214796787852426,0.0022089009474505054,0.6184515357017517,0.6184704899787903,0.618500679731369,0.6214189529418945,0.6240268051624298,0.6243708431720734,0.6266422271728516
3W,train,unit,WELL-00008,rho,491,0.6214796787852426,0.0022089009474505054,0.6184515357017517,0.6184704899787903,0.618500679731369,0.6214189529418945,0.6240268051624298,0.6243708431720734,0.6266422271728516
3W,train,unit,WELL-00010,critical_energy_ratio,231,0.7578581202597845,0.11468683124906193,0.6307757496833801,0.6324547827243805,0.6363488435745239,0.7767484188079834,0.8463913202285767,0.9147127568721771,0.9150188565254211
3W,train,unit,WELL-00010,safe_capacity,231,0.24214188077233054,0.11468683211416464,0.08498115092515945,0.08528722450137138,0.15360867232084274,0.2232515960931778,0.36365118622779846,0.3675452023744583,0.3692242503166199
3W,train,unit,WELL-00010,rho,231,0.24214188077233054,0.11468683211416464,0.08498115092515945,0.08528722450137138,0.15360867232084274,0.2232515960931778,0.36365118622779846,0.3675452023744583,0.3692242503166199
3W,train,unit,WELL-00013,critical_energy_ratio,206,0.8647309648759157,0.11611833962441562,0.3549797832965851,0.6045993864536285,0.8811425566673279,0.9056474268436432,0.9131695330142975,0.9159648418426514,0.9165031313896179
3W,train,unit,WELL-00013,safe_capacity,206,0.13526903552193087,0.11611833962849537,0.08349686861038208,0.08403516933321953,0.0868304893374443,0.0943525843322277,0.11885742656886578,0.39540062844753265,0.6450201869010925
3W,train,unit,WELL-00013,rho,206,0.13526903552193087,0.11611833962849537,0.08349686861038208,0.08403516933321953,0.0868304893374443,0.0943525843322277,0.11885742656886578,0.39540062844753265,0.6450201869010925
3W,train,unit,WELL-00016,critical_energy_ratio,289,0.742907630221654,0.11675668466086662,0.36631715297698975,0.38532590866088867,0.7810213565826416,0.781735360622406,0.7822819352149963,0.7827245235443115,0.7830381989479065
3W,train,unit,WELL-00016,safe_capacity,289,0.2570923714798627,0.11675668362640562,0.2169618308544159,0.21727547347545623,0.21771804988384247,0.218264639377594,0.2189786732196808,0.6146740794181823,0.6336828470230103
3W,train,unit,WELL-00016,rho,289,0.2570923714798627,0.11675668362640562,0.2169618308544159,0.21727547347545623,0.21771804988384247,0.218264639377594,0.2189786732196808,0.6146740794181823,0.6336828470230103
3W,train,unit,WELL-00025,critical_energy_ratio,1027,0.6966411490809488,0.09169859298638566,0.41403794288635254,0.46493027210235593,0.7340674102306366,0.7341922521591187,0.7342828512191772,0.7350630700588227,0.806468665599823
3W,train,unit,WELL-00025,safe_capacity,1027,0.30335885119472994,0.09169859241765682,0.1935313493013382,0.26493695080280305,0.26571713387966156,0.26580777764320374,0.2659325897693634,0.535069715976715,0.5859620571136475
3W,train,unit,WELL-00025,rho,1027,0.30335885119472994,0.09169859241765682,0.1935313493013382,0.26493695080280305,0.26571713387966156,0.26580777764320374,0.2659325897693634,0.535069715976715,0.5859620571136475
3W,train,unit,WELL-00026,critical_energy_ratio,1587,0.4707833507861742,0.1421842594102369,0.35342052578926086,0.3647775620222092,0.3684510737657547,0.37248700857162476,0.6698105335235596,0.6712656140327453,0.6723554730415344
3W,train,unit,WELL-00026,safe_capacity,1587,0.5292166482936532,0.1421842592680074,0.32764455676078796,0.328734365105629,0.33018945157527924,0.6275129914283752,0.6315489113330841,0.6352224469184875,0.6465794444084167
3W,train,unit,WELL-00026,rho,1587,0.5292166482936532,0.1421842592680074,0.32764455676078796,0.328734365105629,0.33018945157527924,0.6275129914283752,0.6315489113330841,0.6352224469184875,0.6465794444084167
3W,train,unit,WELL-00027,critical_energy_ratio,1027,0.9399643211889406,0.03726068522395237,0.7293171882629395,0.8488540709018707,0.9425023794174194,0.9530382752418518,0.9533557593822479,0.9536540329456329,0.964914858341217
3W,train,unit,WELL-00027,safe_capacity,1027,0.060035679380553604,0.03726068507832994,0.03508513793349266,0.04634599313139916,0.04664425365626812,0.04696172848343849,0.057497622445225716,0.1511459335684776,0.27068284153938293
3W,train,unit,WELL-00027,rho,1027,0.060035679380553604,0.03726068507832994,0.03508513793349266,0.04634599313139916,0.04664425365626812,0.04696172848343849,0.057497622445225716,0.1511459335684776,0.27068284153938293
3W,train,unit,WELL-00028,critical_energy_ratio,444,0.5431366048686139,0.13796361852152322,0.2947671413421631,0.29810489118099215,0.4160105660557747,0.6333161890506744,0.646359458565712,0.6507784426212311,0.6528365015983582
3W,train,unit,WELL-00028,safe_capacity,444,0.4568633960039766,0.1379636181981848,0.34716346859931946,0.34922158271074294,0.3536405488848686,0.3666837811470032,0.5839894264936447,0.7018951088190079,0.7052328586578369
3W,train,unit,WELL-00028,rho,444,0.4568633960039766,0.1379636181981848,0.34716346859931946,0.34922158271074294,0.3536405488848686,0.3666837811470032,0.5839894264936447,0.7018951088190079,0.7052328586578369
3W,train,unit,WELL-00029,critical_energy_ratio,169,0.5573284285661031,0.12971885923523618,0.3151835501194,0.3153114140033722,0.4585241973400116,0.6055644750595093,0.6513113379478455,0.7099695682525635,0.7122820615768433
3W,train,unit,WELL-00029,safe_capacity,169,0.4426715730210028,0.12971885993285137,0.28771793842315674,0.290030437707901,0.34868863224983215,0.3944355249404907,0.541475772857666,0.6846886038780212,0.6848164200782776
3W,train,unit,WELL-00029,rho,169,0.4426715730210028,0.12971885993285137,0.28771793842315674,0.290030437707901,0.34868863224983215,0.3944355249404907,0.541475772857666,0.6846886038780212,0.6848164200782776
3W,train,unit,WELL-00034,critical_energy_ratio,86,0.3479723978874295,0.002541357436524777,0.34495389461517334,0.34583914279937744,0.3467848673462868,0.347374364733696,0.34786447137594223,0.3534124717116356,0.3585892915725708
3W,train,unit,WELL-00034,safe_capacity,86,0.6520276014194932,0.0025413564642426407,0.6414107084274292,0.6465875506401062,0.6521355360746384,0.6526256203651428,0.6532151401042938,0.6541608422994614,0.6550461053848267
3W,train,unit,WELL-00034,rho,86,0.6520276014194932,0.0025413564642426407,0.6414107084274292,0.6465875506401062,0.6521355360746384,0.6526256203651428,0.6532151401042938,0.6541608422994614,0.6550461053848267
3W,train,unit,WELL-00036,critical_energy_ratio,13,0.3646024144612826,0.004507586780808901,0.3565656542778015,0.3580752730369568,0.3611815571784973,0.36667490005493164,0.3670891523361206,0.3710766851902008,0.3729698956012726
3W,train,unit,WELL-00036,safe_capacity,13,0.6353975947086627,0.0045075768540361605,0.6270301342010498,0.6289233446121216,0.6329108476638794,0.6333250999450684,0.6388184428215027,0.6419247269630433,0.6434343457221985
3W,train,unit,WELL-00036,rho,13,0.6353975947086627,0.0045075768540361605,0.6270301342010498,0.6289233446121216,0.6329108476638794,0.6333250999450684,0.6388184428215027,0.6419247269630433,0.6434343457221985
3W,train,unit,WELL-00038,critical_energy_ratio,60,0.4461518416802088,0.015706895668580908,0.42060163617134094,0.425600653886795,0.43855753540992737,0.4492752403020859,0.4503004401922226,0.4528052762150763,0.5057250261306763
3W,train,unit,WELL-00038,safe_capacity,60,0.5538481598099073,0.01570689700665936,0.49427494406700134,0.5471947520971299,0.5496995449066162,0.5507247745990753,0.5614424645900726,0.574399346113205,0.5793983340263367
3W,train,unit,WELL-00038,rho,60,0.5538481598099073,0.01570689700665936,0.49427494406700134,0.5471947520971299,0.5496995449066162,0.5507247745990753,0.5614424645900726,0.574399346113205,0.5793983340263367
3W,train,unit,WELL-00039,critical_energy_ratio,30,0.42973027427991234,0.016825834718315738,0.3760005831718445,0.38739157617092135,0.4312654212117195,0.4355544298887253,0.4388027787208557,0.44127598851919175,0.44273293018341064
3W,train,unit,WELL-00039,safe_capacity,30,0.5702697257200877,0.016825840861183224,0.5572670698165894,0.558723995089531,0.5611972510814667,0.5644455850124359,0.5687345713376999,0.612608453631401,0.6239994168281555
3W,train,unit,WELL-00039,rho,30,0.5702697257200877,0.016825840861183224,0.5572670698165894,0.558723995089531,0.5611972510814667,0.5644455850124359,0.5687345713376999,0.612608453631401,0.6239994168281555
3W,train,unit,WELL-00040,critical_energy_ratio,411,0.6677668497800247,0.0008854207709766006,0.6646291017532349,0.6663930416107178,0.667129397392273,0.6677454710006714,0.6684493720531464,0.6691590845584869,0.6697832942008972
3W,train,unit,WELL-00040,safe_capacity,411,0.3322331501474636,0.0008854223169019766,0.3302166759967804,0.33084091544151306,0.33155061304569244,0.3322544991970062,0.33287061750888824,0.3336069583892822,0.33537086844444275
3W,train,unit,WELL-00040,rho,411,0.3322331501474636,0.0008854223169019766,0.3302166759967804,0.33084091544151306,0.33155061304569244,0.3322544991970062,0.33287061750888824,0.3336069583892822,0.33537086844444275
3W,train,unit,WELL-00042,critical_energy_ratio,3017,0.45371609126095114,0.013020980579553827,0.4175667464733124,0.42735685110092164,0.4447067081928253,0.45909732580184937,0.4627004861831665,0.46802796721458434,0.4719083607196808
3W,train,unit,WELL-00042,safe_capacity,3017,0.5462839091341741,0.013020981213873658,0.5280916094779968,0.5319720387458802,0.5372995138168335,0.5409026741981506,0.5552932620048523,0.5726431488990783,0.58243328332901
3W,train,unit,WELL-00042,rho,3017,0.5462839091341741,0.013020981213873658,0.5280916094779968,0.5319720387458802,0.5372995138168335,0.5409026741981506,0.5552932620048523,0.5726431488990783,0.58243328332901
3W,train,fault_type,0,critical_energy_ratio,4000,0.38614004731178286,0.07112022323112124,0.29787179827690125,0.33167213946580887,0.36102084070444107,0.37580031156539917,0.3793877810239792,0.6324997574090957,0.7301540374755859
3W,train,fault_type,0,safe_capacity,4000,0.613859952814877,0.07112022290726436,0.26984596252441406,0.36750021427869795,0.6206121891736984,0.6241996586322784,0.6389791518449783,0.6683278620243073,0.7021281719207764
3W,train,fault_type,0,rho,4000,0.613859952814877,0.07112022290726436,0.26984596252441406,0.36750021427869795,0.6206121891736984,0.6241996586322784,0.6389791518449783,0.6683278620243073,0.7021281719207764
3W,train,fault_type,2,critical_energy_ratio,495,0.8614921879286718,0.10117104038337615,0.35091784596443176,0.6865870535373688,0.850761890411377,0.8975570201873779,0.9098993837833405,0.9150777339935303,0.9165031313896179
3W,train,fault_type,2,safe_capacity,495,0.1385078118756564,0.10117103957808586,0.08349686861038208,0.08492225185036659,0.09010060131549835,0.10244297981262207,0.14923810958862305,0.31341294646263107,0.6490821838378906
3W,train,fault_type,2,rho,495,0.1385078118756564,0.10117103957808586,0.08349686861038208,0.08492225185036659,0.09010060131549835,0.10244297981262207,0.14923810958862305,0.31341294646263107,0.6490821838378906
3W,train,fault_type,8,critical_energy_ratio,4000,0.6587935517951846,0.21645662924829648,0.2947671413421631,0.3658358171582222,0.3735072910785675,0.6709405779838562,0.8436225801706314,0.9533851861953735,0.964914858341217
3W,train,fault_type,8,safe_capacity,4000,0.3412064482131973,0.21645662872016877,0.03508513793349266,0.046614824794232845,0.1563773937523365,0.3290593922138214,0.6264926940202713,0.6341641843318939,0.7052328586578369
3W,train,fault_type,8,rho,4000,0.3412064482131973,0.21645662872016877,0.03508513793349266,0.046614824794232845,0.1563773937523365,0.3290593922138214,0.6264926940202713,0.6341641843318939,0.7052328586578369
3W,train,fault_type,9,critical_energy_ratio,3660,0.5007497778844312,0.1032824981529828,0.4175667464733124,0.42939097583293917,0.45040325820446014,0.4606733173131943,0.46728547662496567,0.7813165187835693,0.7830381989479065
3W,train,fault_type,9,safe_capacity,3660,0.4992502226000601,0.10328249801823726,0.2169618308544159,0.21868349611759186,0.5327145159244537,0.5393266975879669,0.5495967417955399,0.5706089943647384,0.58243328332901
3W,train,fault_type,9,rho,3660,0.4992502226000601,0.10328249801823726,0.2169618308544159,0.21868349611759186,0.5327145159244537,0.5393266975879669,0.5495967417955399,0.5706089943647384,0.58243328332901
TEP,train,all,all,critical_energy_ratio,6704,0.3977315733275934,0.06170012688768765,0.3365182876586914,0.3496293559670448,0.3593725189566612,0.3702133446931839,0.39568260312080383,0.5400428175926208,0.5933168530464172
TEP,train,all,all,safe_capacity,6704,0.6022684266235065,0.06170012659266698,0.40668314695358276,0.4599571779370308,0.6043174117803574,0.6297866702079773,0.6406274735927582,0.6503706693649292,0.6634817123413086
TEP,train,all,all,rho,6704,0.6022684266235065,0.06170012659266698,0.40668314695358276,0.4599571779370308,0.6043174117803574,0.6297866702079773,0.6406274735927582,0.6503706693649292,0.6634817123413086
TEP,train,stage,early,critical_energy_ratio,480,0.4352883175636331,0.07438391119153367,0.3368704319000244,0.34697931855916975,0.36551257967948914,0.40632908046245575,0.5100823938846588,0.5464243918657303,0.5566399097442627
TEP,train,stage,early,safe_capacity,480,0.564711684299012,0.07438391014901184,0.4433600902557373,0.4535756081342697,0.4899176135659218,0.5936709046363831,0.6344874352216721,0.6530206829309464,0.6631295680999756
TEP,train,stage,early,rho,480,0.564711684299012,0.07438391014901184,0.4433600902557373,0.4535756081342697,0.4899176135659218,0.5936709046363831,0.6344874352216721,0.6530206829309464,0.6631295680999756
TEP,train,stage,mature,critical_energy_ratio,2640,0.4343414488615412,0.07417855584805509,0.3365182876586914,0.3480025514960289,0.3674415722489357,0.40169043838977814,0.5029740482568741,0.560007107257843,0.5933168530464172
TEP,train,stage,mature,safe_capacity,2640,0.5656585508336623,0.07417855568241269,0.40668314695358276,0.43999292254447936,0.4970259517431259,0.5983095467090607,0.6325584053993225,0.6519974768161774,0.6634817123413086
TEP,train,stage,mature,rho,2640,0.5656585508336623,0.07417855568241269,0.40668314695358276,0.43999292254447936,0.4970259517431259,0.5983095467090607,0.6325584053993225,0.6519974768161774,0.6634817123413086
TEP,train,stage,normal,critical_energy_ratio,3584,0.36573455640713554,0.011260647442412161,0.3408578932285309,0.3504217877984047,0.35741520673036575,0.36405526101589203,0.37241658568382263,0.3868651628494263,0.41016578674316406
TEP,train,stage,normal,safe_capacity,3584,0.6342654434764492,0.011260646577624371,0.5898342132568359,0.6131348371505737,0.627583384513855,0.6359447538852692,0.6425847858190536,0.649578207731247,0.6591421365737915
TEP,train,stage,normal,rho,3584,0.6342654434764492,0.011260646577624371,0.5898342132568359,0.6131348371505737,0.627583384513855,0.6359447538852692,0.6425847858190536,0.649578207731247,0.6591421365737915
TEP,train,unit,training:fault_01:0001,critical_energy_ratio,26,0.5199556648731232,0.01845860355706558,0.500909149646759,0.5019704550504684,0.5042164474725723,0.508319765329361,0.5344798862934113,0.5517570972442627,0.5544934272766113
TEP,train,unit,training:fault_01:0001,safe_capacity,26,0.48004433627312,0.018458604113071278,0.44550657272338867,0.4482429027557373,0.46552012860774994,0.49168024957180023,0.4957835301756859,0.49802955985069275,0.49909088015556335
TEP,train,unit,training:fault_01:0001,rho,26,0.48004433627312,0.018458604113071278,0.44550657272338867,0.4482429027557373,0.46552012860774994,0.49168024957180023,0.4957835301756859,0.49802955985069275,0.49909088015556335
TEP,train,unit,training:fault_01:0003,critical_energy_ratio,26,0.5232839080003592,0.01744258108324407,0.5012006163597107,0.5020012855529785,0.5095348358154297,0.51584792137146,0.53534235060215,0.5535820871591568,0.5547413229942322
TEP,train,unit,training:fault_01:0003,safe_capacity,26,0.4767160942921272,0.017442579363556848,0.4452587068080902,0.4464179202914238,0.46465763449668884,0.48415209352970123,0.4904651567339897,0.4979986920952797,0.4987993836402893
TEP,train,unit,training:fault_01:0003,rho,26,0.4767160942921272,0.017442579363556848,0.4452587068080902,0.4464179202914238,0.46465763449668884,0.48415209352970123,0.4904651567339897,0.4979986920952797,0.4987993836402893
TEP,train,unit,training:fault_01:0005,critical_energy_ratio,26,0.5150262300784771,0.017762743352870446,0.49979668855667114,0.5002323687076569,0.5008944869041443,0.5031319558620453,0.5249887257814407,0.5489009618759155,0.5514460802078247
TEP,train,unit,training:fault_01:0005,safe_capacity,26,0.4849737687752797,0.017762746225878395,0.4485539197921753,0.4510990306735039,0.47501127421855927,0.4968680292367935,0.4991055130958557,0.49976763874292374,0.5002033114433289
TEP,train,unit,training:fault_01:0005,rho,26,0.4849737687752797,0.017762746225878395,0.4485539197921753,0.4510990306735039,0.47501127421855927,0.4968680292367935,0.4991055130958557,0.49976763874292374,0.5002033114433289
TEP,train,unit,training:fault_01:0006,critical_energy_ratio,26,0.5158718686837417,0.017652290424178298,0.5003110766410828,0.5006324797868729,0.5021641254425049,0.503956139087677,0.5286650061607361,0.5488343089818954,0.5506882071495056
TEP,train,unit,training:fault_01:0006,safe_capacity,26,0.484128129023772,0.017652296889650237,0.449311763048172,0.45116569101810455,0.4713349863886833,0.496043860912323,0.4978358596563339,0.49936749041080475,0.4996889531612396
TEP,train,unit,training:fault_01:0006,rho,26,0.484128129023772,0.017652296889650237,0.449311763048172,0.45116569101810455,0.4713349863886833,0.496043860912323,0.4978358596563339,0.49936749041080475,0.4996889531612396
TEP,train,unit,training:fault_01:0007,critical_energy_ratio,26,0.5220573177704444,0.01926774883565694,0.499331533908844,0.5004223734140396,0.503469780087471,0.5159063339233398,0.5369475185871124,0.5528419762849808,0.5558047294616699
TEP,train,unit,training:fault_01:0007,safe_capacity,26,0.47794268566828507,0.01926774220623365,0.4441952705383301,0.447158046066761,0.46305248886346817,0.48409366607666016,0.4965302497148514,0.499577596783638,0.500668466091156
TEP,train,unit,training:fault_01:0007,rho,26,0.47794268566828507,0.01926774220623365,0.4441952705383301,0.447158046066761,0.46305248886346817,0.48409366607666016,0.4965302497148514,0.499577596783638,0.500668466091156
TEP,train,unit,training:fault_01:0008,critical_energy_ratio,26,0.5198684495228988,0.017318627740792732,0.5020330548286438,0.5029117465019226,0.5045917183160782,0.5101521015167236,0.5343300551176071,0.5487478375434875,0.5518576502799988
TEP,train,unit,training:fault_01:0008,safe_capacity,26,0.48013154474588543,0.017318632322029823,0.4481423497200012,0.45125213265419006,0.4656699448823929,0.48984789848327637,0.4954082816839218,0.4970882311463356,0.4979669153690338
TEP,train,unit,training:fault_01:0008,rho,26,0.48013154474588543,0.017318632322029823,0.4481423497200012,0.45125213265419006,0.4656699448823929,0.48984789848327637,0.4954082816839218,0.4970882311463356,0.4979669153690338
TEP,train,unit,training:fault_02:0001,critical_energy_ratio,26,0.4927609471174387,0.02646145382864597,0.46880966424942017,0.46907270699739456,0.4729624167084694,0.47884614765644073,0.5077897310256958,0.5444030165672302,0.5462409853935242
TEP,train,unit,training:fault_02:0001,safe_capacity,26,0.5072390551750476,0.02646145079571891,0.45375901460647583,0.45559701323509216,0.4922102689743042,0.5211538374423981,0.5270376056432724,0.530927300453186,0.5311903357505798
TEP,train,unit,training:fault_02:0001,rho,26,0.5072390551750476,0.02646145079571891,0.45375901460647583,0.45559701323509216,0.4922102689743042,0.5211538374423981,0.5270376056432724,0.530927300453186,0.5311903357505798
TEP,train,unit,training:fault_02:0003,critical_energy_ratio,26,0.4926145730110315,0.025898527765102264,0.46891164779663086,0.4692537859082222,0.47198159247636795,0.48077552020549774,0.5058068633079529,0.5439818799495697,0.5464629530906677
TEP,train,unit,training:fault_02:0003,safe_capacity,26,0.507385423550239,0.025898528875513357,0.4535370469093323,0.4560181275010109,0.49419311434030533,0.5192244946956635,0.5280184298753738,0.530746191740036,0.5310883522033691
TEP,train,unit,training:fault_02:0003,rho,26,0.507385423550239,0.025898528875513357,0.4535370469093323,0.4560181275010109,0.49419311434030533,0.5192244946956635,0.5280184298753738,0.530746191740036,0.5310883522033691
TEP,train,unit,training:fault_02:0004,critical_energy_ratio,26,0.4934221196633119,0.0256821365825295,0.47181814908981323,0.47228826582431793,0.47384461760520935,0.4771507829427719,0.5081354528665543,0.5437020510435104,0.5458542108535767
TEP,train,unit,training:fault_02:0004,safe_capacity,26,0.5065778780442017,0.025682135461127253,0.45414575934410095,0.45629797130823135,0.49186451733112335,0.5228492021560669,0.5261553972959518,0.5277117341756821,0.5281818509101868
TEP,train,unit,training:fault_02:0004,rho,26,0.5065778780442017,0.025682135461127253,0.45414575934410095,0.45629797130823135,0.49186451733112335,0.5228492021560669,0.5261553972959518,0.5277117341756821,0.5281818509101868
TEP,train,unit,training:fault_02:0005,critical_energy_ratio,26,0.4935430380014273,0.025836343920204646,0.47046297788619995,0.4709680676460266,0.4727695658802986,0.4819409102201462,0.5093024522066116,0.5439073741436005,0.5457187294960022
TEP,train,unit,training:fault_02:0005,safe_capacity,26,0.5064569597060864,0.025836341029334586,0.4542812705039978,0.4560926482081413,0.4906975254416466,0.5180590748786926,0.5272304266691208,0.5290319472551346,0.5295370221138
TEP,train,unit,training:fault_02:0005,rho,26,0.5064569597060864,0.025836341029334586,0.4542812705039978,0.4560926482081413,0.4906975254416466,0.5180590748786926,0.5272304266691208,0.5290319472551346,0.5295370221138
TEP,train,unit,training:fault_02:0006,critical_energy_ratio,26,0.49267025062671077,0.02552041010115871,0.47069311141967773,0.4710886627435684,0.4728189930319786,0.47752368450164795,0.5068356394767761,0.5422504544258118,0.5459533333778381
TEP,train,unit,training:fault_02:0006,safe_capacity,26,0.5073297516657755,0.025520409202221473,0.45404666662216187,0.45774955302476883,0.4931643605232239,0.522476315498352,0.5271809846162796,0.5289113372564316,0.5293068885803223
TEP,train,unit,training:fault_02:0006,rho,26,0.5073297516657755,0.025520409202221473,0.45404666662216187,0.45774955302476883,0.4931643605232239,0.522476315498352,0.5271809846162796,0.5289113372564316,0.5293068885803223
TEP,train,unit,training:fault_02:0007,critical_energy_ratio,26,0.4928528001675239,0.025652684594471405,0.4705598056316376,0.4706922844052315,0.4715830236673355,0.4822284132242203,0.5099085420370102,0.5422127097845078,0.5437958240509033
TEP,train,unit,training:fault_02:0007,safe_capacity,26,0.507147205563692,0.02565268861423818,0.4562041461467743,0.45778731256723404,0.4900914579629898,0.5177716016769409,0.5284169763326645,0.5293077379465103,0.52944016456604
TEP,train,unit,training:fault_02:0007,rho,26,0.507147205563692,0.02565268861423818,0.4562041461467743,0.45778731256723404,0.4900914579629898,0.5177716016769409,0.5284169763326645,0.5293077379465103,0.52944016456604
TEP,train,unit,training:fault_03:0001,critical_energy_ratio,26,0.35895352409436154,0.006419749910212091,0.3480897545814514,0.3503297120332718,0.3543618321418762,0.3586948812007904,0.3635851517319679,0.36980022490024567,0.37181326746940613
TEP,train,unit,training:fault_03:0001,safe_capacity,26,0.6410464804906112,0.006419747499346266,0.6281867623329163,0.6301997601985931,0.6364148706197739,0.641305148601532,0.6456381678581238,0.6496702879667282,0.6519102454185486
TEP,train,unit,training:fault_03:0001,rho,26,0.6410464804906112,0.006419747499346266,0.6281867623329163,0.6301997601985931,0.6364148706197739,0.641305148601532,0.6456381678581238,0.6496702879667282,0.6519102454185486
TEP,train,unit,training:fault_03:0003,critical_energy_ratio,26,0.3765091575109042,0.011166586026129745,0.354137122631073,0.35851553827524185,0.3695911690592766,0.3755352348089218,0.3861517831683159,0.39188238233327866,0.3940000832080841
TEP,train,unit,training:fault_03:0003,safe_capacity,26,0.6234908333191505,0.011166585291350166,0.6059998869895935,0.6081176251173019,0.6138482093811035,0.624464750289917,0.6304088085889816,0.6414844393730164,0.645862877368927
TEP,train,unit,training:fault_03:0003,rho,26,0.6234908333191505,0.011166585291350166,0.6059998869895935,0.6081176251173019,0.6138482093811035,0.624464750289917,0.6304088085889816,0.6414844393730164,0.645862877368927
TEP,train,unit,training:fault_03:0004,critical_energy_ratio,26,0.3653471206243222,0.00928510785766438,0.35163211822509766,0.35284192860126495,0.35741177946329117,0.3638255149126053,0.3724306970834732,0.3803108334541321,0.3813733458518982
TEP,train,unit,training:fault_03:0004,safe_capacity,26,0.6346528828144073,0.009285101356749408,0.6186266541481018,0.6196891963481903,0.6275693029165268,0.6361744701862335,0.642588198184967,0.6471580862998962,0.6483678817749023
TEP,train,unit,training:fault_03:0004,rho,26,0.6346528828144073,0.009285101356749408,0.6186266541481018,0.6196891963481903,0.6275693029165268,0.6361744701862335,0.642588198184967,0.6471580862998962,0.6483678817749023
TEP,train,unit,training:fault_03:0005,critical_energy_ratio,26,0.36348319626771486,0.007864406179012384,0.35317471623420715,0.35568875819444656,0.35837680846452713,0.36154836416244507,0.3658498078584671,0.3827432096004486,0.3844172954559326
TEP,train,unit,training:fault_03:0005,safe_capacity,26,0.6365168025860419,0.007864406858231024,0.6155827045440674,0.6172567903995514,0.6341502070426941,0.6384516358375549,0.6416231840848923,0.6443112641572952,0.6468253135681152
TEP,train,unit,training:fault_03:0005,rho,26,0.6365168025860419,0.007864406858231024,0.6155827045440674,0.6172567903995514,0.6341502070426941,0.6384516358375549,0.6416231840848923,0.6443112641572952,0.6468253135681152
TEP,train,unit,training:fault_03:0007,critical_energy_ratio,26,0.36729812851318944,0.010634831843120038,0.35371536016464233,0.3541305437684059,0.358977310359478,0.36496731638908386,0.3752976655960083,0.3851754367351532,0.3865789771080017
TEP,train,unit,training:fault_03:0007,safe_capacity,26,0.6327018669018378,0.01063483523917927,0.6134210228919983,0.6148245632648468,0.6247023046016693,0.6350327134132385,0.6410227119922638,0.6458694487810135,0.6462846398353577
TEP,train,unit,training:fault_03:0007,rho,26,0.6327018669018378,0.01063483523917927,0.6134210228919983,0.6148245632648468,0.6247023046016693,0.6350327134132385,0.6410227119922638,0.6458694487810135,0.6462846398353577
TEP,train,unit,training:fault_03:0008,critical_energy_ratio,26,0.35880898512326753,0.0069309844425532756,0.346769779920578,0.3484252765774727,0.35345324873924255,0.35863207280635834,0.3641164004802704,0.3678664416074753,0.3723432719707489
TEP,train,unit,training:fault_03:0008,safe_capacity,26,0.6411910125842462,0.006930990500693257,0.6276566982269287,0.6321335583925247,0.6358836144208908,0.6413679122924805,0.6465467214584351,0.6515747308731079,0.6532302498817444
TEP,train,unit,training:fault_03:0008,rho,26,0.6411910125842462,0.006930990500693257,0.6276566982269287,0.6321335583925247,0.6358836144208908,0.6413679122924805,0.6465467214584351,0.6515747308731079,0.6532302498817444
TEP,train,unit,training:fault_04:0001,critical_energy_ratio,26,0.358791790329493,0.006252629229487901,0.3482638895511627,0.3503373712301254,0.35408440977334976,0.3586769998073578,0.36331579089164734,0.36938683688640594,0.37140849232673645
TEP,train,unit,training:fault_04:0001,safe_capacity,26,0.6412082062317774,0.00625263206298439,0.6285914778709412,0.630613163113594,0.6366842091083527,0.6413230001926422,0.6459155678749084,0.6496626138687134,0.6517361402511597
TEP,train,unit,training:fault_04:0001,rho,26,0.6412082062317774,0.00625263206298439,0.6285914778709412,0.630613163113594,0.6366842091083527,0.6413230001926422,0.6459155678749084,0.6496626138687134,0.6517361402511597
TEP,train,unit,training:fault_04:0003,critical_energy_ratio,26,0.376447048324805,0.011005611585318714,0.354093074798584,0.35835587978363037,0.3692600503563881,0.375272199511528,0.3866657540202141,0.39137040823698044,0.39301013946533203
TEP,train,unit,training:fault_04:0003,safe_capacity,26,0.6235529528214381,0.01100561393790405,0.606989860534668,0.6086296141147614,0.6133342385292053,0.6247277855873108,0.6307399719953537,0.6416441351175308,0.645906925201416
TEP,train,unit,training:fault_04:0003,rho,26,0.6235529528214381,0.01100561393790405,0.606989860534668,0.6086296141147614,0.6133342385292053,0.6247277855873108,0.6307399719953537,0.6416441351175308,0.645906925201416
TEP,train,unit,training:fault_04:0004,critical_energy_ratio,26,0.36491751556213087,0.00925686646177263,0.35148149728775024,0.35210390388965607,0.3573179692029953,0.3623499125242233,0.37209874391555786,0.3800576478242874,0.38108396530151367
TEP,train,unit,training:fault_04:0004,safe_capacity,26,0.6350824947540576,0.009256861405469136,0.6189160346984863,0.619942381978035,0.6279012858867645,0.6376501023769379,0.6426820158958435,0.6478960812091827,0.6485185027122498
TEP,train,unit,training:fault_04:0004,rho,26,0.6350824947540576,0.009256861405469136,0.6189160346984863,0.619942381978035,0.6279012858867645,0.6376501023769379,0.6426820158958435,0.6478960812091827,0.6485185027122498
TEP,train,unit,training:fault_04:0005,critical_energy_ratio,26,0.3629741290440926,0.00770885220508411,0.35314151644706726,0.35560445487499237,0.3580773323774338,0.361216738820076,0.36442337185144424,0.3822188824415207,0.38385069370269775
TEP,train,unit,training:fault_04:0005,safe_capacity,26,0.6370258721021506,0.00770885431828126,0.6161493062973022,0.6177811175584793,0.6355766206979752,0.6387832760810852,0.6419226676225662,0.6443955451250076,0.6468585133552551
TEP,train,unit,training:fault_04:0005,rho,26,0.6370258721021506,0.00770885431828126,0.6161493062973022,0.6177811175584793,0.6355766206979752,0.6387832760810852,0.6419226676225662,0.6443955451250076,0.6468585133552551
TEP,train,unit,training:fault_04:0006,critical_energy_ratio,26,0.3665522795457106,0.008559445465181137,0.35332223773002625,0.35638973116874695,0.3603106364607811,0.364669531583786,0.37107229232788086,0.38308506458997726,0.3839266002178192
TEP,train,unit,training:fault_04:0006,safe_capacity,26,0.6334477204542893,0.008559450489116653,0.6160733699798584,0.6169149577617645,0.6289276778697968,0.6353304386138916,0.6396893709897995,0.643610268831253,0.6466777920722961
TEP,train,unit,training:fault_04:0006,rho,26,0.6334477204542893,0.008559450489116653,0.6160733699798584,0.6169149577617645,0.6289276778697968,0.6353304386138916,0.6396893709897995,0.643610268831253,0.6466777920722961
TEP,train,unit,training:fault_04:0007,critical_energy_ratio,26,0.3672468318389012,0.010779278009071934,0.3536909818649292,0.35416150838136673,0.3588288724422455,0.36467263102531433,0.37528282403945923,0.3856596201658249,0.38713717460632324
TEP,train,unit,training:fault_04:0007,safe_capacity,26,0.6327531704535851,0.010779273798892555,0.6128628253936768,0.6143403947353363,0.6247171759605408,0.6353273987770081,0.6411711275577545,0.6458384841680527,0.6463090181350708
TEP,train,unit,training:fault_04:0007,rho,26,0.6327531704535851,0.010779273798892555,0.6128628253936768,0.6143403947353363,0.6247171759605408,0.6353273987770081,0.6411711275577545,0.6458384841680527,0.6463090181350708
TEP,train,unit,training:fault_05:0002,critical_energy_ratio,26,0.41038023508512056,0.04441002231924957,0.3654879927635193,0.3697439953684807,0.38003163039684296,0.3890382647514343,0.4306386709213257,0.49407749623060226,0.4972958266735077
TEP,train,unit,training:fault_05:0002,safe_capacity,26,0.5896197649148794,0.044410017569144804,0.5027042031288147,0.5059225261211395,0.5693613290786743,0.6109617054462433,0.619968369603157,0.6302560269832611,0.6345120072364807
TEP,train,unit,training:fault_05:0002,rho,26,0.5896197649148794,0.044410017569144804,0.5027042031288147,0.5059225261211395,0.5693613290786743,0.6109617054462433,0.619968369603157,0.6302560269832611,0.6345120072364807
TEP,train,unit,training:fault_05:0003,critical_energy_ratio,26,0.4094649197963568,0.04676464266473936,0.36172565817832947,0.3669554516673088,0.37719229608774185,0.3826227933168411,0.4456854686141014,0.4940771013498306,0.49749132990837097
TEP,train,unit,training:fault_05:0003,safe_capacity,26,0.5905350767649137,0.04676464093182519,0.5025086402893066,0.5059229284524918,0.5543145090341568,0.6173772215843201,0.6228076964616776,0.6330445557832718,0.6382743120193481
TEP,train,unit,training:fault_05:0003,rho,26,0.5905350767649137,0.04676464093182519,0.5025086402893066,0.5059229284524918,0.5543145090341568,0.6173772215843201,0.6228076964616776,0.6330445557832718,0.6382743120193481
TEP,train,unit,training:fault_05:0004,critical_energy_ratio,26,0.4246285683833636,0.05800569407447065,0.36258259415626526,0.36516711115837097,0.3788490742444992,0.40177255868911743,0.4826574996113777,0.5211227387189865,0.5287032127380371
TEP,train,unit,training:fault_05:0004,safe_capacity,26,0.5753714339091227,0.058005697505059656,0.4712967872619629,0.4788772612810135,0.5173425078392029,0.5982274413108826,0.6211509108543396,0.6348329186439514,0.6374173760414124
TEP,train,unit,training:fault_05:0004,rho,26,0.5753714339091227,0.058005697505059656,0.4712967872619629,0.4788772612810135,0.5173425078392029,0.5982274413108826,0.6211509108543396,0.6348329186439514,0.6374173760414124
TEP,train,unit,training:fault_05:0005,critical_energy_ratio,26,0.42197877971025616,0.051268590481488976,0.37125566601753235,0.37354061007499695,0.3836916536092758,0.3968607783317566,0.4493172913789749,0.5160535126924515,0.521735429763794
TEP,train,unit,training:fault_05:0005,safe_capacity,26,0.5780212168510144,0.051268587738536826,0.47826457023620605,0.4839465022087097,0.5506827384233475,0.603139191865921,0.616308331489563,0.626459389925003,0.6287443041801453
TEP,train,unit,training:fault_05:0005,rho,26,0.5780212168510144,0.051268587738536826,0.47826457023620605,0.4839465022087097,0.5506827384233475,0.603139191865921,0.616308331489563,0.626459389925003,0.6287443041801453
TEP,train,unit,training:fault_05:0006,critical_energy_ratio,26,0.43050087644503665,0.05526781096927814,0.36133062839508057,0.36982933431863785,0.38748762011528015,0.40406090021133423,0.4889006018638611,0.5207055658102036,0.5218836665153503
TEP,train,unit,training:fault_05:0006,safe_capacity,26,0.5694991235549633,0.05526781216443479,0.47811630368232727,0.47929443418979645,0.5110994130373001,0.5959390997886658,0.6125123798847198,0.6301706880331039,0.6386693716049194
TEP,train,unit,training:fault_05:0006,rho,26,0.5694991235549633,0.05526781216443479,0.47811630368232727,0.47929443418979645,0.5110994130373001,0.5959390997886658,0.6125123798847198,0.6301706880331039,0.6386693716049194
TEP,train,unit,training:fault_05:0007,critical_energy_ratio,26,0.4038178794659101,0.0527570269105156,0.3594948351383209,0.36090075224637985,0.3650464713573456,0.3696182817220688,0.43288711458444595,0.4982048124074936,0.5032103657722473
TEP,train,unit,training:fault_05:0007,safe_capacity,26,0.5961821136566309,0.052757029600785925,0.4967896044254303,0.5017951726913452,0.5671128928661346,0.63038170337677,0.6349535137414932,0.6390992701053619,0.6405051946640015
TEP,train,unit,training:fault_05:0007,rho,26,0.5961821136566309,0.052757029600785925,0.4967896044254303,0.5017951726913452,0.5671128928661346,0.63038170337677,0.6349535137414932,0.6390992701053619,0.6405051946640015
TEP,train,unit,training:fault_06:0001,critical_energy_ratio,26,0.4909897160071593,0.008832864009327444,0.4679628014564514,0.4789200946688652,0.4864344522356987,0.4866134971380234,0.49977413564920425,0.5036922097206116,0.50432950258255
TEP,train,unit,training:fault_06:0001,safe_capacity,26,0.5090102862853271,0.008832864877807075,0.49567046761512756,0.4963078200817108,0.5002258792519569,0.5133865177631378,0.5135655552148819,0.5210798978805542,0.5320371985435486
TEP,train,unit,training:fault_06:0001,rho,26,0.5090102862853271,0.008832864877807075,0.49567046761512756,0.4963078200817108,0.5002258792519569,0.5133865177631378,0.5135655552148819,0.5210798978805542,0.5320371985435486
TEP,train,unit,training:fault_06:0004,critical_energy_ratio,26,0.4896800609735342,0.009400970066904471,0.46866974234580994,0.4781680479645729,0.48402826488018036,0.48706164956092834,0.49438244104385376,0.5071284472942352,0.5077129602432251
TEP,train,unit,training:fault_06:0004,safe_capacity,26,0.5103199367339795,0.009400965354953649,0.4922870099544525,0.49287157505750656,0.5056175589561462,0.5129383504390717,0.515971764922142,0.5218319445848465,0.5313302278518677
TEP,train,unit,training:fault_06:0004,rho,26,0.5103199367339795,0.009400965354953649,0.4922870099544525,0.49287157505750656,0.5056175589561462,0.5129383504390717,0.515971764922142,0.5218319445848465,0.5313302278518677
TEP,train,unit,training:fault_06:0005,critical_energy_ratio,26,0.5196196746367675,0.018674560487435453,0.4696943163871765,0.4783785566687584,0.5178241729736328,0.5257651209831238,0.5319677591323853,0.5359666049480438,0.536300539970398
TEP,train,unit,training:fault_06:0005,safe_capacity,26,0.480380328801962,0.018674560155046115,0.46369943022727966,0.46403341740369797,0.46803224831819534,0.4742348790168762,0.4821758195757866,0.5216214507818222,0.5303056836128235
TEP,train,unit,training:fault_06:0005,rho,26,0.480380328801962,0.018674560155046115,0.46369943022727966,0.46403341740369797,0.46803224831819534,0.4742348790168762,0.4821758195757866,0.5216214507818222,0.5303056836128235
TEP,train,unit,training:fault_06:0006,critical_energy_ratio,26,0.49495911254332614,0.010860986018206465,0.4660579562187195,0.4782616049051285,0.4863486960530281,0.4981820583343506,0.5046085566282272,0.5065674632787704,0.5069898962974548
TEP,train,unit,training:fault_06:0006,safe_capacity,26,0.5050408851641875,0.010860976792843518,0.49301013350486755,0.49343254417181015,0.4953914284706116,0.5018179416656494,0.5136512964963913,0.5217383652925491,0.5339420437812805
TEP,train,unit,training:fault_06:0006,rho,26,0.5050408851641875,0.010860976792843518,0.49301013350486755,0.49343254417181015,0.4953914284706116,0.5018179416656494,0.5136512964963913,0.5217383652925491,0.5339420437812805
TEP,train,unit,training:fault_06:0007,critical_energy_ratio,26,0.4909358357007687,0.011788039320920315,0.4692710340023041,0.47927872091531754,0.48050564527511597,0.48775614798069,0.503468319773674,0.5077695846557617,0.5083906054496765
TEP,train,unit,training:fault_06:0007,safe_capacity,26,0.5090641654454745,0.011788039377874721,0.4916094243526459,0.4922303929924965,0.4965316727757454,0.5122438669204712,0.519494354724884,0.5207213014364243,0.5307289361953735
TEP,train,unit,training:fault_06:0007,rho,26,0.5090641654454745,0.011788039377874721,0.4916094243526459,0.4922303929924965,0.4965316727757454,0.5122438669204712,0.519494354724884,0.5207213014364243,0.5307289361953735
TEP,train,unit,training:fault_06:0008,critical_energy_ratio,26,0.48801677502118623,0.00981155174157454,0.46797826886177063,0.47793400287628174,0.4810626432299614,0.4847719818353653,0.495603084564209,0.504473552107811,0.5054196715354919
TEP,train,unit,training:fault_06:0008,safe_capacity,26,0.5119832249788138,0.009811562781917532,0.49458032846450806,0.49552641808986664,0.504396915435791,0.5152280330657959,0.5189373791217804,0.5220659971237183,0.5320217609405518
TEP,train,unit,training:fault_06:0008,rho,26,0.5119832249788138,0.009811562781917532,0.49458032846450806,0.49552641808986664,0.504396915435791,0.5152280330657959,0.5189373791217804,0.5220659971237183,0.5320217609405518
TEP,train,unit,training:fault_07:0003,critical_energy_ratio,26,0.4418716419201631,0.06714491340420276,0.35703274607658386,0.35837283730506897,0.3826234042644501,0.42384080588817596,0.519692912697792,0.5447121411561966,0.5473712086677551
TEP,train,unit,training:fault_07:0003,safe_capacity,26,0.5581283592260801,0.06714491255728393,0.45262882113456726,0.4552878811955452,0.48030708730220795,0.5761592090129852,0.6173766106367111,0.641627162694931,0.6429672241210938
TEP,train,unit,training:fault_07:0003,rho,26,0.5581283592260801,0.06714491255728393,0.45262882113456726,0.4552878811955452,0.48030708730220795,0.5761592090129852,0.6173766106367111,0.641627162694931,0.6429672241210938
TEP,train,unit,training:fault_07:0004,critical_energy_ratio,26,0.451892342704993,0.0691228340965494,0.36927568912506104,0.371684305369854,0.37690824270248413,0.44564545154571533,0.5288661420345306,0.551735907793045,0.5566399097442627
TEP,train,unit,training:fault_07:0004,safe_capacity,26,0.5481076607337365,0.06912283346191916,0.4433600902557373,0.44826411455869675,0.47113386541604996,0.5543545484542847,0.6230917572975159,0.6283157169818878,0.630724310874939
TEP,train,unit,training:fault_07:0004,rho,26,0.5481076607337365,0.06912283346191916,0.4433600902557373,0.44826411455869675,0.47113386541604996,0.5543545484542847,0.6230917572975159,0.6283157169818878,0.630724310874939
TEP,train,unit,training:fault_07:0005,critical_energy_ratio,26,0.45208780811383176,0.06489472852589082,0.3702627718448639,0.37303702533245087,0.38629502803087234,0.44655223190784454,0.5216780453920364,0.5459564328193665,0.5497410297393799
TEP,train,unit,training:fault_07:0005,safe_capacity,26,0.5479121861549524,0.06489472339761061,0.4502590000629425,0.45404355973005295,0.47832197695970535,0.5534477531909943,0.6137049645185471,0.6269629448652267,0.6297372579574585
TEP,train,unit,training:fault_07:0005,rho,26,0.5479121861549524,0.06489472339761061,0.4502590000629425,0.45404355973005295,0.47832197695970535,0.5534477531909943,0.6137049645185471,0.6269629448652267,0.6297372579574585
TEP,train,unit,training:fault_07:0006,critical_energy_ratio,26,0.43554050761919755,0.065456302286286,0.36235228180885315,0.36699287593364716,0.3852389380335808,0.394432932138443,0.5166053622961044,0.5360083281993866,0.5396353006362915
TEP,train,unit,training:fault_07:0006,safe_capacity,26,0.5644594912345593,0.06545630322759774,0.4603646993637085,0.4639916718006134,0.48339465260505676,0.605567067861557,0.6147610694169998,0.6330070942640305,0.6376477479934692
TEP,train,unit,training:fault_07:0006,rho,26,0.5644594912345593,0.06545630322759774,0.4603646993637085,0.4639916718006134,0.48339465260505676,0.605567067861557,0.6147610694169998,0.6330070942640305,0.6376477479934692
TEP,train,unit,training:fault_07:0007,critical_energy_ratio,26,0.43946037040306973,0.06886911343722595,0.35828760266304016,0.35894767940044403,0.3731868863105774,0.4245942533016205,0.5128581672906876,0.544327050447464,0.5500667691230774
TEP,train,unit,training:fault_07:0007,safe_capacity,26,0.5605396318894166,0.06886910618636245,0.449933260679245,0.4556729421019554,0.48714185506105423,0.5754057466983795,0.6268131136894226,0.641052320599556,0.6417123675346375
TEP,train,unit,training:fault_07:0007,rho,26,0.5605396318894166,0.06886910618636245,0.449933260679245,0.4556729421019554,0.48714185506105423,0.5754057466983795,0.6268131136894226,0.641052320599556,0.6417123675346375
TEP,train,unit,training:fault_07:0008,critical_energy_ratio,26,0.43876434977237994,0.07133306859076236,0.3581171929836273,0.36002206057310104,0.3652225360274315,0.42046408355236053,0.5194772481918335,0.5483501851558685,0.551237940788269
TEP,train,unit,training:fault_07:0008,safe_capacity,26,0.5612356467888906,0.07133306525364297,0.44876208901405334,0.4516497999429703,0.4805227667093277,0.5795359015464783,0.6347774714231491,0.6399779170751572,0.6418827772140503
TEP,train,unit,training:fault_07:0008,rho,26,0.5612356467888906,0.07133306525364297,0.44876208901405334,0.4516497999429703,0.4805227667093277,0.5795359015464783,0.6347774714231491,0.6399779170751572,0.6418827772140503
TEP,train,unit,training:fault_08:0001,critical_energy_ratio,26,0.5060265568586496,0.030640384101425843,0.4268554151058197,0.45409252494573593,0.49123214930295944,0.503223180770874,0.5338034480810165,0.5493072867393494,0.5583808422088623
TEP,train,unit,training:fault_08:0001,safe_capacity,26,0.4939734431413504,0.030640380652445887,0.4416191875934601,0.45069272071123123,0.46619652956724167,0.49677684903144836,0.5087678730487823,0.5459074825048447,0.5731445550918579
TEP,train,unit,training:fault_08:0001,rho,26,0.4939734431413504,0.030640380652445887,0.4416191875934601,0.45069272071123123,0.46619652956724167,0.49677684903144836,0.5087678730487823,0.5459074825048447,0.5731445550918579
TEP,train,unit,training:fault_08:0002,critical_energy_ratio,26,0.5035010862808961,0.026501373624754368,0.4319841265678406,0.4475812166929245,0.49505776166915894,0.507826954126358,0.5192966759204865,0.5378606617450714,0.5424516797065735
TEP,train,unit,training:fault_08:0002,safe_capacity,26,0.49649891486534703,0.026501375026423735,0.4575482904911041,0.4621393233537674,0.48070334643125534,0.4921730160713196,0.5049422457814217,0.5524187833070755,0.5680158734321594
TEP,train,unit,training:fault_08:0002,rho,26,0.49649891486534703,0.026501375026423735,0.4575482904911041,0.4621393233537674,0.48070334643125534,0.4921730160713196,0.5049422457814217,0.5524187833070755,0.5680158734321594
TEP,train,unit,training:fault_08:0003,critical_energy_ratio,26,0.5374758702058059,0.01622080014909276,0.509586751461029,0.5125599354505539,0.53007972240448,0.533106118440628,0.5473446696996689,0.5682567954063416,0.5728355050086975
TEP,train,unit,training:fault_08:0003,safe_capacity,26,0.46252413323292363,0.016220794780752723,0.4271644949913025,0.43174322694540024,0.4526553526520729,0.46689386665821075,0.46992027759552,0.4874400570988655,0.49041327834129333
TEP,train,unit,training:fault_08:0003,rho,26,0.46252413323292363,0.016220794780752723,0.4271644949913025,0.43174322694540024,0.4526553526520729,0.46689386665821075,0.46992027759552,0.4874400570988655,0.49041327834129333
TEP,train,unit,training:fault_08:0005,critical_energy_ratio,26,0.5270487127395777,0.024695174151061355,0.4842536747455597,0.4874284043908119,0.503896951675415,0.5337165892124176,0.5496205985546112,0.5583493411540985,0.5661242604255676
TEP,train,unit,training:fault_08:0005,safe_capacity,26,0.4729512884066655,0.024695176628133867,0.4338757395744324,0.4416506588459015,0.4503793939948082,0.4662834107875824,0.49610304087400436,0.5125716179609299,0.5157462954521179
TEP,train,unit,training:fault_08:0005,rho,26,0.4729512884066655,0.024695176628133867,0.4338757395744324,0.4416506588459015,0.4503793939948082,0.4662834107875824,0.49610304087400436,0.5125716179609299,0.5157462954521179
TEP,train,unit,training:fault_08:0006,critical_energy_ratio,26,0.5165628171884097,0.025499429089481333,0.4717150628566742,0.4820585623383522,0.49386099725961685,0.5126505494117737,0.5335322767496109,0.5567869395017624,0.562126100063324
TEP,train,unit,training:fault_08:0006,safe_capacity,26,0.48343718625031984,0.025499429513413285,0.437873899936676,0.4432130604982376,0.4664677381515503,0.4873494654893875,0.5061389952898026,0.5179414600133896,0.5282849669456482
TEP,train,unit,training:fault_08:0006,rho,26,0.48343718625031984,0.025499429513413285,0.437873899936676,0.4432130604982376,0.4664677381515503,0.4873494654893875,0.5061389952898026,0.5179414600133896,0.5282849669456482
TEP,train,unit,training:fault_08:0007,critical_energy_ratio,26,0.5105028255627706,0.011816523602380207,0.48284241557121277,0.48953627049922943,0.5045931786298752,0.5130380094051361,0.5161288231611252,0.5303969234228134,0.5336343050003052
TEP,train,unit,training:fault_08:0007,safe_capacity,26,0.48949716755977046,0.011816522220251669,0.46636566519737244,0.46960310637950897,0.4838711842894554,0.4869619756937027,0.4954068437218666,0.5104637444019318,0.5171575546264648
TEP,train,unit,training:fault_08:0007,rho,26,0.48949716755977046,0.011816522220251669,0.46636566519737244,0.46960310637950897,0.4838711842894554,0.4869619756937027,0.4954068437218666,0.5104637444019318,0.5171575546264648
TEP,train,unit,training:fault_09:0001,critical_energy_ratio,26,0.35860937375288743,0.005989162272454396,0.34935134649276733,0.35000360012054443,0.3537285476922989,0.3590821921825409,0.36241647601127625,0.3692379891872406,0.37212374806404114
TEP,train,unit,training:fault_09:0001,safe_capacity,26,0.6413906262471125,0.0059891616857662274,0.6278762221336365,0.6307620108127594,0.6375835537910461,0.6409178078174591,0.6462714225053787,0.6499963998794556,0.6506486535072327
TEP,train,unit,training:fault_09:0001,rho,26,0.6413906262471125,0.0059891616857662274,0.6278762221336365,0.6307620108127594,0.6375835537910461,0.6409178078174591,0.6462714225053787,0.6499963998794556,0.6506486535072327
TEP,train,unit,training:fault_09:0002,critical_energy_ratio,26,0.3822140200779988,0.01066462682805007,0.359706312417984,0.36449670046567917,0.3748115822672844,0.38487984240055084,0.39155660569667816,0.3944472298026085,0.40015143156051636
TEP,train,unit,training:fault_09:0002,safe_capacity,26,0.6177859764832717,0.01066462374728426,0.5998485684394836,0.6055527776479721,0.6084433943033218,0.615120142698288,0.6251884400844574,0.6355033218860626,0.6402936577796936
TEP,train,unit,training:fault_09:0002,rho,26,0.6177859764832717,0.01066462374728426,0.5998485684394836,0.6055527776479721,0.6084433943033218,0.615120142698288,0.6251884400844574,0.6355033218860626,0.6402936577796936
TEP,train,unit,training:fault_09:0004,critical_energy_ratio,26,0.3647569910838054,0.009153504904723078,0.3504459261894226,0.35476306825876236,0.3579852804541588,0.3602844625711441,0.37186799943447113,0.3796272277832031,0.37990206480026245
TEP,train,unit,training:fault_09:0004,safe_capacity,26,0.6352430077699515,0.009153503980575607,0.6200979351997375,0.6203727722167969,0.6281319707632065,0.6397155225276947,0.6420147269964218,0.645236924290657,0.6495540738105774
TEP,train,unit,training:fault_09:0004,rho,26,0.6352430077699515,0.009153503980575607,0.6200979351997375,0.6203727722167969,0.6281319707632065,0.6397155225276947,0.6420147269964218,0.645236924290657,0.6495540738105774
TEP,train,unit,training:fault_09:0005,critical_energy_ratio,26,0.36614191646759325,0.010341467968553151,0.3578104078769684,0.3582054227590561,0.36030998080968857,0.36353133618831635,0.36548785120248795,0.3925710618495941,0.3947318494319916
TEP,train,unit,training:fault_09:0005,safe_capacity,26,0.6338580869711362,0.010341468771104964,0.6052681803703308,0.6074289381504059,0.6345121264457703,0.6364686489105225,0.6396899968385696,0.6417945921421051,0.642189621925354
TEP,train,unit,training:fault_09:0005,rho,26,0.6338580869711362,0.010341468771104964,0.6052681803703308,0.6074289381504059,0.6345121264457703,0.6364686489105225,0.6396899968385696,0.6417945921421051,0.642189621925354
TEP,train,unit,training:fault_09:0006,critical_energy_ratio,26,0.36622715110962206,0.009752478412440676,0.35406529903411865,0.3547193631529808,0.3591968044638634,0.3638186752796173,0.3730064108967781,0.3860456794500351,0.3867243230342865
TEP,train,unit,training:fault_09:0006,safe_capacity,26,0.6337728454516485,0.009752476598106925,0.6132757067680359,0.6139543205499649,0.6269935816526413,0.6361813247203827,0.640803188085556,0.6452806442975998,0.6459347009658813
TEP,train,unit,training:fault_09:0006,rho,26,0.6337728454516485,0.009752476598106925,0.6132757067680359,0.6139543205499649,0.6269935816526413,0.6361813247203827,0.640803188085556,0.6452806442975998,0.6459347009658813
TEP,train,unit,training:fault_09:0008,critical_energy_ratio,26,0.3579939580880679,0.006525942017847357,0.34699034690856934,0.3485727906227112,0.35299285501241684,0.3581673800945282,0.3633183389902115,0.36678744852542877,0.37250903248786926
TEP,train,unit,training:fault_09:0008,safe_capacity,26,0.6420060373269595,0.006525938120528044,0.6274909973144531,0.6332125216722488,0.6366816908121109,0.6418326199054718,0.6470071375370026,0.65142722427845,0.6530096530914307
TEP,train,unit,training:fault_09:0008,rho,26,0.6420060373269595,0.006525938120528044,0.6274909973144531,0.6332125216722488,0.6366816908121109,0.6418326199054718,0.6470071375370026,0.65142722427845,0.6530096530914307
TEP,train,unit,training:fault_10:0001,critical_energy_ratio,26,0.40476759809714097,0.025952286088997616,0.35682758688926697,0.3629237115383148,0.38971659541130066,0.40343502163887024,0.41820381581783295,0.44977467507123947,0.45414653420448303
TEP,train,unit,training:fault_10:0001,safe_capacity,26,0.5952323996103727,0.025952292820849078,0.5458534359931946,0.5502253025770187,0.581796184182167,0.5965650081634521,0.6102834343910217,0.6370762884616852,0.6431723833084106
TEP,train,unit,training:fault_10:0001,rho,26,0.5952323996103727,0.025952292820849078,0.5458534359931946,0.5502253025770187,0.581796184182167,0.5965650081634521,0.6102834343910217,0.6370762884616852,0.6431723833084106
TEP,train,unit,training:fault_10:0002,critical_energy_ratio,26,0.43312309911617863,0.025693815393210744,0.38105863332748413,0.39692897349596024,0.41290318965911865,0.43057481944561005,0.45166150480508804,0.46884142607450485,0.475477010011673
TEP,train,unit,training:fault_10:0002,safe_capacity,26,0.5668769020300645,0.025693811515301427,0.5245230197906494,0.5311585664749146,0.5483385026454926,0.5694251954555511,0.5870968103408813,0.6030710339546204,0.6189413666725159
TEP,train,unit,training:fault_10:0002,rho,26,0.5668769020300645,0.025693811515301427,0.5245230197906494,0.5311585664749146,0.5483385026454926,0.5694251954555511,0.5870968103408813,0.6030710339546204,0.6189413666725159
TEP,train,unit,training:fault_10:0003,critical_energy_ratio,26,0.3912951877483955,0.00966610766993158,0.37273916602134705,0.3812398985028267,0.38480331003665924,0.3891053795814514,0.39774060994386673,0.40910057723522186,0.41067907214164734
TEP,train,unit,training:fault_10:0003,safe_capacity,26,0.6087048099591181,0.009666102289640918,0.589320957660675,0.5908994227647781,0.6022593677043915,0.6108945906162262,0.6151966899633408,0.6187600940465927,0.6272608041763306
TEP,train,unit,training:fault_10:0003,rho,26,0.6087048099591181,0.009666102289640918,0.589320957660675,0.5908994227647781,0.6022593677043915,0.6108945906162262,0.6151966899633408,0.6187600940465927,0.6272608041763306
TEP,train,unit,training:fault_10:0004,critical_energy_ratio,26,0.3954678177833557,0.02479067515539356,0.3561359941959381,0.3592449799180031,0.37632036954164505,0.39215826988220215,0.41470905393362045,0.43849092721939087,0.4409625828266144
TEP,train,unit,training:fault_10:0004,safe_capacity,26,0.6045321845091306,0.024790687775924893,0.5590373873710632,0.5615090429782867,0.5852909237146378,0.6078417599201202,0.6236796528100967,0.6407550275325775,0.6438640356063843
TEP,train,unit,training:fault_10:0004,rho,26,0.6045321845091306,0.024790687775924893,0.5590373873710632,0.5615090429782867,0.5852909237146378,0.6078417599201202,0.6236796528100967,0.6407550275325775,0.6438640356063843
TEP,train,unit,training:fault_10:0007,critical_energy_ratio,26,0.3938127882205523,0.018963480994068364,0.3732146620750427,0.375619575381279,0.3832066059112549,0.38665972650051117,0.3969437927007675,0.4354228377342224,0.44284239411354065
TEP,train,unit,training:fault_10:0007,safe_capacity,26,0.6061872106332046,0.018963477391621592,0.5571576356887817,0.5645771622657776,0.6030562371015549,0.6133402585983276,0.6167934089899063,0.624380424618721,0.6267853379249573
TEP,train,unit,training:fault_10:0007,rho,26,0.6061872106332046,0.018963477391621592,0.5571576356887817,0.5645771622657776,0.6030562371015549,0.6133402585983276,0.6167934089899063,0.624380424618721,0.6267853379249573
TEP,train,unit,training:fault_10:0008,critical_energy_ratio,26,0.382868903187605,0.01680086205852098,0.3549768030643463,0.35648175328969955,0.3719179108738899,0.38017866015434265,0.39785388857126236,0.4067884534597397,0.41091156005859375
TEP,train,unit,training:fault_10:0008,safe_capacity,26,0.6171310956661518,0.016800860008570565,0.5890884399414062,0.5932115465402603,0.6021461188793182,0.6198213398456573,0.6280820816755295,0.6435182243585587,0.6450232267379761
TEP,train,unit,training:fault_10:0008,rho,26,0.6171310956661518,0.016800860008570565,0.5890884399414062,0.5932115465402603,0.6021461188793182,0.6198213398456573,0.6280820816755295,0.6435182243585587,0.6450232267379761
TEP,train,unit,training:fault_11:0001,critical_energy_ratio,26,0.3713232267361421,0.005409442214434497,0.3616470992565155,0.3622652292251587,0.36759987473487854,0.37160947918891907,0.37630484998226166,0.3784448802471161,0.3791741132736206
TEP,train,unit,training:fault_11:0001,safe_capacity,26,0.6286767744101011,0.005409447292148977,0.6208258867263794,0.6215551048517227,0.6236951649188995,0.6283905506134033,0.6324000954627991,0.6377347707748413,0.6383529305458069
TEP,train,unit,training:fault_11:0001,rho,26,0.6286767744101011,0.005409447292148977,0.6208258867263794,0.6215551048517227,0.6236951649188995,0.6283905506134033,0.6324000954627991,0.6377347707748413,0.6383529305458069
TEP,train,unit,training:fault_11:0002,critical_energy_ratio,26,0.38944333906357104,0.012157600571453533,0.36710262298583984,0.3695211559534073,0.37959932535886765,0.39096903800964355,0.39796917140483856,0.4074217602610588,0.412994384765625
TEP,train,unit,training:fault_11:0002,safe_capacity,26,0.6105566666676447,0.012157595834242977,0.587005615234375,0.5925782471895218,0.6020308136940002,0.6090309619903564,0.6204006969928741,0.6304788440465927,0.6328973770141602
TEP,train,unit,training:fault_11:0002,rho,26,0.6105566666676447,0.012157595834242977,0.587005615234375,0.5925782471895218,0.6020308136940002,0.6090309619903564,0.6204006969928741,0.6304788440465927,0.6328973770141602
TEP,train,unit,training:fault_11:0003,critical_energy_ratio,26,0.3864955993799063,0.008891396323141829,0.36806520819664,0.3712604269385338,0.38028939813375473,0.3876957297325134,0.393327921628952,0.39871975034475327,0.4018726348876953
TEP,train,unit,training:fault_11:0003,safe_capacity,26,0.6135044006200937,0.008891398563701362,0.5981273651123047,0.6012802720069885,0.6066721081733704,0.6123042702674866,0.6197105795145035,0.628739595413208,0.6319348216056824
TEP,train,unit,training:fault_11:0003,rho,26,0.6135044006200937,0.008891398563701362,0.5981273651123047,0.6012802720069885,0.6066721081733704,0.6123042702674866,0.6197105795145035,0.628739595413208,0.6319348216056824
TEP,train,unit,training:fault_11:0004,critical_energy_ratio,26,0.3746421830012248,0.007652337595341813,0.36050617694854736,0.36439934372901917,0.3691134676337242,0.37304040789604187,0.3802420124411583,0.38666990399360657,0.3880719542503357
TEP,train,unit,training:fault_11:0004,safe_capacity,26,0.6253578181450183,0.007652342629707074,0.6119280457496643,0.6133300811052322,0.6197579950094223,0.6269595623016357,0.6308865547180176,0.6356006860733032,0.6394938230514526
TEP,train,unit,training:fault_11:0004,rho,26,0.6253578181450183,0.007652342629707074,0.6119280457496643,0.6133300811052322,0.6197579950094223,0.6269595623016357,0.6308865547180176,0.6356006860733032,0.6394938230514526
TEP,train,unit,training:fault_11:0007,critical_energy_ratio,26,0.377119127374429,0.008583764175752125,0.3644617795944214,0.36613649874925613,0.3690648451447487,0.3767329007387161,0.38482971489429474,0.3903300538659096,0.3913781940937042
TEP,train,unit,training:fault_11:0007,safe_capacity,26,0.6228808783567868,0.008583767602870612,0.6086218357086182,0.6096699237823486,0.6151702851057053,0.6232671141624451,0.6309351772069931,0.6338635236024857,0.6355382204055786
TEP,train,unit,training:fault_11:0007,rho,26,0.6228808783567868,0.008583767602870612,0.6086218357086182,0.6096699237823486,0.6151702851057053,0.6232671141624451,0.6309351772069931,0.6338635236024857,0.6355382204055786
TEP,train,unit,training:fault_11:0008,critical_energy_ratio,26,0.37055491025631243,0.008295921732998895,0.35387924313545227,0.35538920015096664,0.367929570376873,0.37207673490047455,0.3749743551015854,0.378835991024971,0.3922854959964752
TEP,train,unit,training:fault_11:0008,safe_capacity,26,0.6294450920361739,0.008295916024052911,0.6077145338058472,0.6211640238761902,0.6250256448984146,0.6279232800006866,0.6320704370737076,0.6446108222007751,0.6461207270622253
TEP,train,unit,training:fault_11:0008,rho,26,0.6294450920361739,0.008295916024052911,0.6077145338058472,0.6211640238761902,0.6250256448984146,0.6279232800006866,0.6320704370737076,0.6446108222007751,0.6461207270622253
TEP,train,unit,training:fault_12:0001,critical_energy_ratio,26,0.5019138627327405,0.047852355052228034,0.4064413905143738,0.41323690861463547,0.4690750390291214,0.5192010402679443,0.5424137115478516,0.5562154799699783,0.5672540664672852
TEP,train,unit,training:fault_12:0001,safe_capacity,26,0.4980861372672595,0.047852356233796974,0.43274593353271484,0.44378452748060226,0.45758628845214844,0.48079894483089447,0.5309249609708786,0.5867630988359451,0.5935586094856262
TEP,train,unit,training:fault_12:0001,rho,26,0.4980861372672595,0.047852356233796974,0.43274593353271484,0.44378452748060226,0.45758628845214844,0.48079894483089447,0.5309249609708786,0.5867630988359451,0.5935586094856262
TEP,train,unit,training:fault_12:0002,critical_energy_ratio,26,0.5303953633858607,0.01996708429342831,0.4906689524650574,0.49926765263080597,0.5160810053348541,0.5306122899055481,0.5488800555467606,0.5579776465892792,0.5586112141609192
TEP,train,unit,training:fault_12:0002,safe_capacity,26,0.4696046354678961,0.01996709134401616,0.4413887858390808,0.44202233105897903,0.45111993700265884,0.4693877249956131,0.48391901701688766,0.500732347369194,0.5093310475349426
TEP,train,unit,training:fault_12:0002,rho,26,0.4696046354678961,0.01996709134401616,0.4413887858390808,0.44202233105897903,0.45111993700265884,0.4693877249956131,0.48391901701688766,0.500732347369194,0.5093310475349426
TEP,train,unit,training:fault_12:0003,critical_energy_ratio,26,0.5172183972138625,0.015913247672584195,0.4720027446746826,0.4921100363135338,0.5114092081785202,0.518304169178009,0.5280979573726654,0.5375549346208572,0.541563093662262
TEP,train,unit,training:fault_12:0003,safe_capacity,26,0.48278160049365115,0.015913249702605853,0.45843690633773804,0.46244504302740097,0.4719020426273346,0.48169584572315216,0.4885907843708992,0.5078899711370468,0.5279972553253174
TEP,train,unit,training:fault_12:0003,rho,26,0.48278160049365115,0.015913249702605853,0.45843690633773804,0.46244504302740097,0.4719020426273346,0.48169584572315216,0.4885907843708992,0.5078899711370468,0.5279972553253174
TEP,train,unit,training:fault_12:0004,critical_energy_ratio,26,0.5343185949784058,0.02631445076913243,0.4471434950828552,0.49066144973039627,0.5222030729055405,0.5322918593883514,0.5551440715789795,0.5626114159822464,0.5688389539718628
TEP,train,unit,training:fault_12:0004,safe_capacity,26,0.4656814096065668,0.02631444956670429,0.4311610758304596,0.4373885840177536,0.4448559284210205,0.46770815551280975,0.4777969494462013,0.5093385353684425,0.5528565049171448
TEP,train,unit,training:fault_12:0004,rho,26,0.4656814096065668,0.02631444956670429,0.4311610758304596,0.4373885840177536,0.4448559284210205,0.46770815551280975,0.4777969494462013,0.5093385353684425,0.5528565049171448
TEP,train,unit,training:fault_12:0006,critical_energy_ratio,26,0.5329956836425341,0.03369264390575708,0.4757150709629059,0.48335379362106323,0.5047851651906967,0.5384277105331421,0.5639795213937759,0.5707629024982452,0.579071581363678
TEP,train,unit,training:fault_12:0006,safe_capacity,26,0.46700432438116807,0.03369264300470958,0.420928418636322,0.42923709750175476,0.43602050840854645,0.4615722894668579,0.49521486461162567,0.5166461914777756,0.5242848992347717
TEP,train,unit,training:fault_12:0006,rho,26,0.46700432438116807,0.03369264300470958,0.420928418636322,0.42923709750175476,0.43602050840854645,0.4615722894668579,0.49521486461162567,0.5166461914777756,0.5242848992347717
TEP,train,unit,training:fault_12:0007,critical_energy_ratio,26,0.5126809821679041,0.029553107199170033,0.43218573927879333,0.4631016254425049,0.49543682485818863,0.519737958908081,0.5368456244468689,0.5446140766143799,0.5490506291389465
TEP,train,unit,training:fault_12:0007,safe_capacity,26,0.4873190098083936,0.02955310768824155,0.4509493410587311,0.4553859308362007,0.4631543457508087,0.48026202619075775,0.5045631527900696,0.5368983447551727,0.567814290523529
TEP,train,unit,training:fault_12:0007,rho,26,0.4873190098083936,0.02955310768824155,0.4509493410587311,0.4553859308362007,0.4631543457508087,0.48026202619075775,0.5045631527900696,0.5368983447551727,0.567814290523529
TEP,train,unit,training:fault_13:0003,critical_energy_ratio,26,0.5395237173025424,0.023367143864031208,0.4491787254810333,0.508688747882843,0.5305326581001282,0.5446847081184387,0.5520544052124023,0.5639594942331314,0.5652798414230347
TEP,train,unit,training:fault_13:0003,safe_capacity,26,0.4604762918674029,0.023367146228243752,0.4347201883792877,0.436040498316288,0.44794562458992004,0.4553152918815613,0.46946731954813004,0.491311252117157,0.5508213043212891
TEP,train,unit,training:fault_13:0003,rho,26,0.4604762918674029,0.023367146228243752,0.4347201883792877,0.436040498316288,0.44794562458992004,0.4553152918815613,0.46946731954813004,0.491311252117157,0.5508213043212891
TEP,train,unit,training:fault_13:0004,critical_energy_ratio,26,0.545300522675881,0.04131762258182589,0.37694287300109863,0.47491976618766785,0.5421876609325409,0.5570985674858093,0.5675414502620697,0.5751983523368835,0.5815178751945496
TEP,train,unit,training:fault_13:0004,safe_capacity,26,0.45469947847036213,0.04131762180342274,0.4184821546077728,0.42480166256427765,0.4324585348367691,0.4429014325141907,0.4578123614192009,0.5250802338123322,0.6230571269989014
TEP,train,unit,training:fault_13:0004,rho,26,0.45469947847036213,0.04131762180342274,0.4184821546077728,0.42480166256427765,0.4324585348367691,0.4429014325141907,0.4578123614192009,0.5250802338123322,0.6230571269989014
TEP,train,unit,training:fault_13:0005,critical_energy_ratio,26,0.5278153751905148,0.05220165953668414,0.3749583661556244,0.40279101580381393,0.5251515954732895,0.5428413152694702,0.5606781393289566,0.5704779624938965,0.5740711092948914
TEP,train,unit,training:fault_13:0005,safe_capacity,26,0.4721846179320262,0.052201660881368246,0.42592886090278625,0.4295220375061035,0.4393218830227852,0.4571586847305298,0.4748484119772911,0.5972089916467667,0.6250416040420532
TEP,train,unit,training:fault_13:0005,rho,26,0.4721846179320262,0.052201660881368246,0.42592886090278625,0.4295220375061035,0.4393218830227852,0.4571586847305298,0.4748484119772911,0.5972089916467667,0.6250416040420532
TEP,train,unit,training:fault_13:0006,critical_energy_ratio,26,0.5163000099934064,0.02893937819540639,0.4609810411930084,0.4661325290799141,0.4896758124232292,0.5288682579994202,0.537682294845581,0.5531708300113678,0.5591628551483154
TEP,train,unit,training:fault_13:0006,safe_capacity,26,0.4836999877141072,0.028939377650993834,0.44083714485168457,0.4468291476368904,0.46231770515441895,0.47113174200057983,0.510324165225029,0.5338674932718277,0.5390189290046692
TEP,train,unit,training:fault_13:0006,rho,26,0.4836999877141072,0.028939377650993834,0.44083714485168457,0.4468291476368904,0.46231770515441895,0.47113174200057983,0.510324165225029,0.5338674932718277,0.5390189290046692
TEP,train,unit,training:fault_13:0007,critical_energy_ratio,26,0.5297342859781705,0.04916875708737472,0.38793423771858215,0.40563836693763733,0.5283375829458237,0.540685385465622,0.556883692741394,0.5744007974863052,0.5806922912597656
TEP,train,unit,training:fault_13:0007,safe_capacity,26,0.47026571746055895,0.04916876167094146,0.4193077087402344,0.42559922486543655,0.44311628490686417,0.45931461453437805,0.4716624394059181,0.5943616330623627,0.6120657920837402
TEP,train,unit,training:fault_13:0007,rho,26,0.47026571746055895,0.04916876167094146,0.4193077087402344,0.42559922486543655,0.44311628490686417,0.45931461453437805,0.4716624394059181,0.5943616330623627,0.6120657920837402
TEP,train,unit,training:fault_13:0008,critical_energy_ratio,26,0.5344878114186801,0.0213280559577714,0.4791899025440216,0.4987671300768852,0.522570788860321,0.5350911617279053,0.5476639419794083,0.5659907460212708,0.5749167203903198
TEP,train,unit,training:fault_13:0008,safe_capacity,26,0.46551218972756314,0.0213280604687335,0.4250832498073578,0.43400925397872925,0.45233607292175293,0.4649088531732559,0.47742921113967896,0.501232847571373,0.5208101272583008
TEP,train,unit,training:fault_13:0008,rho,26,0.46551218972756314,0.0213280604687335,0.4250832498073578,0.43400925397872925,0.45233607292175293,0.4649088531732559,0.47742921113967896,0.501232847571373,0.5208101272583008
TEP,train,unit,training:fault_14:0001,critical_energy_ratio,26,0.3422366243142348,0.002922350533375561,0.3365182876586914,0.3373876139521599,0.34029097110033035,0.34210094809532166,0.34426216781139374,0.3467204198241234,0.34881600737571716
TEP,train,unit,training:fault_14:0001,safe_capacity,26,0.6577633825632242,0.0029223506949652978,0.6511839628219604,0.6532796025276184,0.6557378172874451,0.6578990817070007,0.6597090363502502,0.6626123934984207,0.6634817123413086
TEP,train,unit,training:fault_14:0001,rho,26,0.6577633825632242,0.0029223506949652978,0.6511839628219604,0.6532796025276184,0.6557378172874451,0.6578990817070007,0.6597090363502502,0.6626123934984207,0.6634817123413086
TEP,train,unit,training:fault_14:0003,critical_energy_ratio,26,0.3508949096386249,0.0046038427363647,0.3418042063713074,0.3442988693714142,0.3470362052321434,0.3498932868242264,0.3549491614103317,0.3580752983689308,0.3588063418865204
TEP,train,unit,training:fault_14:0003,safe_capacity,26,0.6491050857764024,0.004603849712721549,0.6411936283111572,0.6419246792793274,0.6450508236885071,0.6501067280769348,0.6529638022184372,0.6557011306285858,0.6581957936286926
TEP,train,unit,training:fault_14:0003,rho,26,0.6491050857764024,0.004603849712721549,0.6411936283111572,0.6419246792793274,0.6450508236885071,0.6501067280769348,0.6529638022184372,0.6557011306285858,0.6581957936286926
TEP,train,unit,training:fault_14:0004,critical_energy_ratio,26,0.345064830321532,0.0038319981812676364,0.33886653184890747,0.3398296386003494,0.34220314025878906,0.34439435601234436,0.3477898836135864,0.3520200625061989,0.3527812063694
TEP,train,unit,training:fault_14:0004,safe_capacity,26,0.6549351719709543,0.003832000178160199,0.6472188234329224,0.6479799300432205,0.6522101163864136,0.6556056439876556,0.6577968895435333,0.6601703613996506,0.6611334681510925
TEP,train,unit,training:fault_14:0004,rho,26,0.6549351719709543,0.003832000178160199,0.6472188234329224,0.6479799300432205,0.6522101163864136,0.6556056439876556,0.6577968895435333,0.6601703613996506,0.6611334681510925
TEP,train,unit,training:fault_14:0005,critical_energy_ratio,26,0.34463841296159303,0.0038319527095247953,0.3382192552089691,0.3397452235221863,0.34238243848085403,0.3440622240304947,0.34652745723724365,0.3520529791712761,0.3537212014198303
TEP,train,unit,training:fault_14:0005,safe_capacity,26,0.6553615835996774,0.0038319456822810565,0.6462787985801697,0.6479470282793045,0.6534725427627563,0.6559377610683441,0.6576175391674042,0.6602547466754913,0.6617807149887085
TEP,train,unit,training:fault_14:0005,rho,26,0.6553615835996774,0.0038319456822810565,0.6462787985801697,0.6479470282793045,0.6534725427627563,0.6559377610683441,0.6576175391674042,0.6602547466754913,0.6617807149887085
TEP,train,unit,training:fault_14:0006,critical_energy_ratio,26,0.3456365901690263,0.004169008363401501,0.33813077211380005,0.3404347896575928,0.3420063257217407,0.3452773988246918,0.34873854368925095,0.35274240374565125,0.3539336621761322
TEP,train,unit,training:fault_14:0006,safe_capacity,26,0.6543634144159464,0.004169000210746952,0.6460663676261902,0.6472576260566711,0.6512614488601685,0.6547226011753082,0.6579936742782593,0.6595652103424072,0.6618692278862
TEP,train,unit,training:fault_14:0006,rho,26,0.6543634144159464,0.004169000210746952,0.6460663676261902,0.6472576260566711,0.6512614488601685,0.6547226011753082,0.6579936742782593,0.6595652103424072,0.6618692278862
TEP,train,unit,training:fault_14:0008,critical_energy_ratio,26,0.3419885062254392,0.0026356937975783056,0.33755338191986084,0.33780437707901,0.3395932540297508,0.34251922369003296,0.343873955309391,0.34515776485204697,0.3471320867538452
TEP,train,unit,training:fault_14:0008,safe_capacity,26,0.6580114868971018,0.002635697792779734,0.6528679132461548,0.6548422276973724,0.6561260223388672,0.6574807465076447,0.6604067236185074,0.66219562292099,0.6624466180801392
TEP,train,unit,training:fault_14:0008,rho,26,0.6580114868971018,0.002635697792779734,0.6528679132461548,0.6548422276973724,0.6561260223388672,0.6574807465076447,0.6604067236185074,0.66219562292099,0.6624466180801392
TEP,train,unit,training:fault_15:0001,critical_energy_ratio,26,0.36171041085169864,0.00803775038947273,0.3496638238430023,0.35110650956630707,0.35449284315109253,0.36056773364543915,0.36865274608135223,0.37553393095731735,0.37666767835617065
TEP,train,unit,training:fault_15:0001,safe_capacity,26,0.6382895891483014,0.008037750405108603,0.6233323216438293,0.624466061592102,0.6313472390174866,0.6394322514533997,0.6455071717500687,0.6488934606313705,0.6503362059593201
TEP,train,unit,training:fault_15:0001,rho,26,0.6382895891483014,0.008037750405108603,0.6233323216438293,0.624466061592102,0.6313472390174866,0.6394322514533997,0.6455071717500687,0.6488934606313705,0.6503362059593201
TEP,train,unit,training:fault_15:0002,critical_energy_ratio,26,0.3797288972597856,0.012654522318061167,0.3588658571243286,0.3593389391899109,0.36838825792074203,0.3805987536907196,0.3886256217956543,0.39555228501558304,0.40438708662986755
TEP,train,unit,training:fault_15:0002,safe_capacity,26,0.620271100447728,0.012654518271695366,0.5956129431724548,0.6044477224349976,0.6113743633031845,0.619401216506958,0.6316117197275162,0.6406610608100891,0.6411341428756714
TEP,train,unit,training:fault_15:0002,rho,26,0.620271100447728,0.012654518271695366,0.5956129431724548,0.6044477224349976,0.6113743633031845,0.619401216506958,0.6316117197275162,0.6406610608100891,0.6411341428756714
TEP,train,unit,training:fault_15:0003,critical_energy_ratio,26,0.3743119308581719,0.009865714682866917,0.3541299104690552,0.35828156024217606,0.36813101172447205,0.37329788506031036,0.3814506083726883,0.38826484978199005,0.3920416533946991
TEP,train,unit,training:fault_15:0003,safe_capacity,26,0.6256880645568554,0.009865720640448104,0.6079583168029785,0.61173515021801,0.6185493618249893,0.6267021000385284,0.6318689733743668,0.6417184472084045,0.6458700895309448
TEP,train,unit,training:fault_15:0003,rho,26,0.6256880645568554,0.009865720640448104,0.6079583168029785,0.61173515021801,0.6185493618249893,0.6267021000385284,0.6318689733743668,0.6417184472084045,0.6458700895309448
TEP,train,unit,training:fault_15:0004,critical_energy_ratio,26,0.3648327531722876,0.00900853498016588,0.35038962960243225,0.3517793044447899,0.35802336037158966,0.3621579110622406,0.37317392230033875,0.3791704550385475,0.3821831941604614
TEP,train,unit,training:fault_15:0004,safe_capacity,26,0.6351672433889829,0.009008532821206248,0.6178168058395386,0.6208295226097107,0.6268260776996613,0.6378420889377594,0.6419766396284103,0.6482206881046295,0.6496103405952454
TEP,train,unit,training:fault_15:0004,rho,26,0.6351672433889829,0.009008532821206248,0.6178168058395386,0.6208295226097107,0.6268260776996613,0.6378420889377594,0.6419766396284103,0.6482206881046295,0.6496103405952454
TEP,train,unit,training:fault_15:0005,critical_energy_ratio,26,0.3634802595927165,0.00950148933040115,0.3503594696521759,0.35249245166778564,0.35712286084890366,0.3623456656932831,0.36552201211452484,0.3861817866563797,0.38910049200057983
TEP,train,unit,training:fault_15:0005,safe_capacity,26,0.636519743846013,0.009501491577288504,0.6108995079994202,0.6138182133436203,0.6344779580831528,0.6376543343067169,0.6428771466016769,0.6475075334310532,0.6496405601501465
TEP,train,unit,training:fault_15:0005,rho,26,0.636519743846013,0.009501491577288504,0.6108995079994202,0.6138182133436203,0.6344779580831528,0.6376543343067169,0.6428771466016769,0.6475075334310532,0.6496405601501465
TEP,train,unit,training:fault_15:0007,critical_energy_ratio,26,0.3690203737754088,0.013761282560062961,0.35012251138687134,0.35173723101615906,0.35794268548488617,0.36527933180332184,0.3806329220533371,0.3914639353752136,0.3922971785068512
TEP,train,unit,training:fault_15:0007,safe_capacity,26,0.6309796296633207,0.013761282243176059,0.6077028512954712,0.6085360646247864,0.6193670779466629,0.634720653295517,0.6420573443174362,0.6482627689838409,0.6498774886131287
TEP,train,unit,training:fault_15:0007,rho,26,0.6309796296633207,0.013761282243176059,0.6077028512954712,0.6085360646247864,0.6193670779466629,0.634720653295517,0.6420573443174362,0.6482627689838409,0.6498774886131287
TEP,train,unit,training:fault_16:0001,critical_energy_ratio,26,0.3692212265271407,0.010303632005079727,0.3542480170726776,0.355226993560791,0.3607378527522087,0.36634595692157745,0.3801838606595993,0.38571545481681824,0.38730403780937195
TEP,train,unit,training:fault_16:0001,safe_capacity,26,0.630778771180373,0.010303636196963156,0.6126959919929504,0.6142845302820206,0.6198161095380783,0.6336540281772614,0.6392621248960495,0.6447729915380478,0.6457520127296448
TEP,train,unit,training:fault_16:0001,rho,26,0.630778771180373,0.010303636196963156,0.6126959919929504,0.6142845302820206,0.6198161095380783,0.6336540281772614,0.6392621248960495,0.6447729915380478,0.6457520127296448
TEP,train,unit,training:fault_16:0002,critical_energy_ratio,26,0.4192717373371124,0.020655083454066435,0.3680528998374939,0.3883196711540222,0.4042738303542137,0.42207007110118866,0.4367852956056595,0.4449459835886955,0.45129117369651794
TEP,train,unit,training:fault_16:0002,safe_capacity,26,0.5807282649553739,0.020655084748633635,0.5487088561058044,0.5550539940595627,0.5632147043943405,0.5779299437999725,0.5957261770963669,0.611680343747139,0.6319471001625061
TEP,train,unit,training:fault_16:0002,rho,26,0.5807282649553739,0.020655084748633635,0.5487088561058044,0.5550539940595627,0.5632147043943405,0.5779299437999725,0.5957261770963669,0.611680343747139,0.6319471001625061
TEP,train,unit,training:fault_16:0003,critical_energy_ratio,26,0.39079367770598483,0.015764426886905592,0.36881908774375916,0.37078452855348587,0.37533800303936005,0.389759361743927,0.40610623359680176,0.4134671464562416,0.4144212603569031
TEP,train,unit,training:fault_16:0003,safe_capacity,26,0.6092063188552856,0.015764418304482327,0.5855787396430969,0.5865328758955002,0.5938937664031982,0.6102406680583954,0.6246620118618011,0.6292154639959335,0.6311808824539185
TEP,train,unit,training:fault_16:0003,rho,26,0.6092063188552856,0.015764418304482327,0.5855787396430969,0.5865328758955002,0.5938937664031982,0.6102406680583954,0.6246620118618011,0.6292154639959335,0.6311808824539185
TEP,train,unit,training:fault_16:0004,critical_energy_ratio,26,0.3687693247428307,0.011064850956418836,0.3531264662742615,0.3565504774451256,0.36159316450357437,0.36390168964862823,0.37307243049144745,0.390647329390049,0.39610588550567627
TEP,train,unit,training:fault_16:0004,safe_capacity,26,0.631230679842142,0.011064849987876695,0.6038941144943237,0.6093526780605316,0.6269275695085526,0.6360982954502106,0.638406828045845,0.643449530005455,0.6468735337257385
TEP,train,unit,training:fault_16:0004,rho,26,0.631230679842142,0.011064849987876695,0.6038941144943237,0.6093526780605316,0.6269275695085526,0.6360982954502106,0.638406828045845,0.643449530005455,0.6468735337257385
TEP,train,unit,training:fault_16:0006,critical_energy_ratio,26,0.3808693312681638,0.011506399470654556,0.36188605427742004,0.36645567417144775,0.3705447167158127,0.3802995830774307,0.3879835233092308,0.4018932580947876,0.4060802161693573
TEP,train,unit,training:fault_16:0006,safe_capacity,26,0.6191306733168088,0.011506406609280017,0.5939197540283203,0.5981067270040512,0.6120164543390274,0.6197004318237305,0.6294552683830261,0.6335443407297134,0.6381139755249023
TEP,train,unit,training:fault_16:0006,rho,26,0.6191306733168088,0.011506406609280017,0.5939197540283203,0.5981067270040512,0.6120164543390274,0.6197004318237305,0.6294552683830261,0.6335443407297134,0.6381139755249023
TEP,train,unit,training:fault_16:0007,critical_energy_ratio,26,0.3953075466247705,0.012679972488379272,0.3721517026424408,0.37758899480104446,0.38449639827013016,0.39333033561706543,0.4071472957730293,0.41427867859601974,0.41748371720314026
TEP,train,unit,training:fault_16:0007,safe_capacity,26,0.604692456813959,0.012679968542347327,0.5825163125991821,0.5857212990522385,0.5928527116775513,0.606669694185257,0.6155036240816116,0.6224110126495361,0.6278482675552368
TEP,train,unit,training:fault_16:0007,rho,26,0.604692456813959,0.012679968542347327,0.5825163125991821,0.5857212990522385,0.5928527116775513,0.606669694185257,0.6155036240816116,0.6224110126495361,0.6278482675552368
TEP,train,unit,training:fault_17:0002,critical_energy_ratio,26,0.4799111302082355,0.013551669487253594,0.4475630223751068,0.4626366049051285,0.4680362418293953,0.4819289296865463,0.4886990785598755,0.5000928863883018,0.5038589239120483
TEP,train,unit,training:fault_17:0002,safe_capacity,26,0.5200888697917645,0.013551671021427366,0.49614110589027405,0.49990709871053696,0.5113009065389633,0.5180710852146149,0.5319637507200241,0.5373633950948715,0.5524370074272156
TEP,train,unit,training:fault_17:0002,rho,26,0.5200888697917645,0.013551671021427366,0.49614110589027405,0.49990709871053696,0.5113009065389633,0.5180710852146149,0.5319637507200241,0.5373633950948715,0.5524370074272156
TEP,train,unit,training:fault_17:0003,critical_energy_ratio,26,0.4808923166531783,0.014648687698286816,0.4537253975868225,0.4562963545322418,0.47178713977336884,0.4822182357311249,0.49132220447063446,0.5052294135093689,0.5101672410964966
TEP,train,unit,training:fault_17:0003,safe_capacity,26,0.5191076844930649,0.014648686073014849,0.4898327589035034,0.4947705939412117,0.5086777955293655,0.5177817940711975,0.5282128602266312,0.5437036454677582,0.5462746024131775
TEP,train,unit,training:fault_17:0003,rho,26,0.5191076844930649,0.014648686073014849,0.4898327589035034,0.4947705939412117,0.5086777955293655,0.5177817940711975,0.5282128602266312,0.5437036454677582,0.5462746024131775
TEP,train,unit,training:fault_17:0004,critical_energy_ratio,26,0.47816260159015656,0.017590002750944075,0.43688613176345825,0.44842004776000977,0.46500014513731003,0.4818914234638214,0.4927414208650589,0.5013236775994301,0.5020750164985657
TEP,train,unit,training:fault_17:0004,safe_capacity,26,0.521837408726032,0.017589997185918877,0.4979250133037567,0.4986763522028923,0.5072585493326187,0.518108606338501,0.5349998474121094,0.5515799522399902,0.5631138682365417
TEP,train,unit,training:fault_17:0004,rho,26,0.521837408726032,0.017589997185918877,0.4979250133037567,0.4986763522028923,0.5072585493326187,0.518108606338501,0.5349998474121094,0.5515799522399902,0.5631138682365417
TEP,train,unit,training:fault_17:0005,critical_energy_ratio,26,0.47932949318335605,0.017824580524113783,0.4465089440345764,0.45466843247413635,0.46258120983839035,0.4814664125442505,0.4976162612438202,0.4996044337749481,0.500801146030426
TEP,train,unit,training:fault_17:0005,safe_capacity,26,0.5206705045241576,0.017824583007279262,0.4991988241672516,0.5003955364227295,0.5023837387561798,0.5185335874557495,0.5374188125133514,0.5453315675258636,0.5534910559654236
TEP,train,unit,training:fault_17:0005,rho,26,0.5206705045241576,0.017824583007279262,0.4991988241672516,0.5003955364227295,0.5023837387561798,0.5185335874557495,0.5374188125133514,0.5453315675258636,0.5534910559654236
TEP,train,unit,training:fault_17:0007,critical_energy_ratio,26,0.4765690347323051,0.01918662547577078,0.45148003101348877,0.4529254138469696,0.46106576919555664,0.47256334125995636,0.49697263538837433,0.5039392709732056,0.5073634386062622
TEP,train,unit,training:fault_17:0007,safe_capacity,26,0.5234309675601813,0.019186625599549836,0.4926365613937378,0.4960607513785362,0.5030273497104645,0.5274366736412048,0.5389342308044434,0.5470745861530304,0.5485199689865112
TEP,train,unit,training:fault_17:0007,rho,26,0.5234309675601813,0.019186625599549836,0.4926365613937378,0.4960607513785362,0.5030273497104645,0.5274366736412048,0.5389342308044434,0.5470745861530304,0.5485199689865112
TEP,train,unit,training:fault_17:0008,critical_energy_ratio,26,0.4764090168934602,0.02260851197876738,0.4111970067024231,0.42894819378852844,0.4660995081067085,0.47644586861133575,0.49665503948926926,0.5005961582064629,0.5024555325508118
TEP,train,unit,training:fault_17:0008,safe_capacity,26,0.5235909750828376,0.022608510652383104,0.49754446744918823,0.49940383434295654,0.5033449828624725,0.523554116487503,0.5339004695415497,0.5710518062114716,0.5888029932975769
TEP,train,unit,training:fault_17:0008,rho,26,0.5235909750828376,0.022608510652383104,0.49754446744918823,0.49940383434295654,0.5033449828624725,0.523554116487503,0.5339004695415497,0.5710518062114716,0.5888029932975769
TEP,train,unit,training:fault_18:0001,critical_energy_ratio,26,0.5289307282521174,0.06859343909857692,0.35574066638946533,0.3637284189462662,0.5195610374212265,0.5610140860080719,0.5692367553710938,0.575066938996315,0.5778129696846008
TEP,train,unit,training:fault_18:0001,safe_capacity,26,0.47106926945539623,0.06859343988350304,0.4221870005130768,0.424933061003685,0.43076326698064804,0.4389859288930893,0.4804389402270317,0.6362715810537338,0.6442593336105347
TEP,train,unit,training:fault_18:0001,rho,26,0.47106926945539623,0.06859343988350304,0.4221870005130768,0.424933061003685,0.43076326698064804,0.4389859288930893,0.4804389402270317,0.6362715810537338,0.6442593336105347
TEP,train,unit,training:fault_18:0002,critical_energy_ratio,26,0.5416116852026719,0.025924041547959978,0.4611167013645172,0.5023213550448418,0.5277252346277237,0.5397339463233948,0.5630817115306854,0.5710676908493042,0.5713567733764648
TEP,train,unit,training:fault_18:0002,safe_capacity,26,0.45838831479732806,0.02592405186092276,0.42864319682121277,0.4289323091506958,0.4369182586669922,0.4602660536766052,0.4722747653722763,0.4976786747574806,0.5388833284378052
TEP,train,unit,training:fault_18:0002,rho,26,0.45838831479732806,0.02592405186092276,0.42864319682121277,0.4289323091506958,0.4369182586669922,0.4602660536766052,0.4722747653722763,0.4976786747574806,0.5388833284378052
TEP,train,unit,training:fault_18:0003,critical_energy_ratio,26,0.5372489541769028,0.052245325500512314,0.37056994438171387,0.4113370329141617,0.5310738980770111,0.5582047700881958,0.5668462365865707,0.575876921415329,0.5797761678695679
TEP,train,unit,training:fault_18:0003,safe_capacity,26,0.46275104811558354,0.05224532496443669,0.4202238619327545,0.4241231009364128,0.43315377086400986,0.441795215010643,0.4689261317253113,0.5886629670858383,0.6294300556182861
TEP,train,unit,training:fault_18:0003,rho,26,0.46275104811558354,0.05224532496443669,0.4202238619327545,0.4241231009364128,0.43315377086400986,0.441795215010643,0.4689261317253113,0.5886629670858383,0.6294300556182861
TEP,train,unit,training:fault_18:0004,critical_energy_ratio,26,0.5442867301977597,0.021268687360624244,0.5060970783233643,0.5082526206970215,0.5334407240152359,0.5434547066688538,0.5543659329414368,0.5797189474105835,0.5842443108558655
TEP,train,unit,training:fault_18:0004,safe_capacity,26,0.4557132709484834,0.02126869300135676,0.4157556891441345,0.4202810227870941,0.44563405960798264,0.45654530823230743,0.4665592759847641,0.4917473793029785,0.49390292167663574
TEP,train,unit,training:fault_18:0004,rho,26,0.4557132709484834,0.02126869300135676,0.4157556891441345,0.4202810227870941,0.44563405960798264,0.45654530823230743,0.4665592759847641,0.4917473793029785,0.49390292167663574
TEP,train,unit,training:fault_18:0007,critical_energy_ratio,26,0.5510198622941971,0.0489184126956968,0.38725733757019043,0.4511171504855156,0.5598036795854568,0.5670723617076874,0.5774434208869934,0.5920143723487854,0.5933168530464172
TEP,train,unit,training:fault_18:0007,safe_capacity,26,0.44898014343701875,0.048918415689911184,0.40668314695358276,0.4079856351017952,0.4225565791130066,0.4329276382923126,0.44019632041454315,0.548882856965065,0.6127426624298096
TEP,train,unit,training:fault_18:0007,rho,26,0.44898014343701875,0.048918415689911184,0.40668314695358276,0.4079856351017952,0.4225565791130066,0.4329276382923126,0.44019632041454315,0.548882856965065,0.6127426624298096
TEP,train,unit,training:fault_18:0008,critical_energy_ratio,26,0.562068094427769,0.027369227064940032,0.4684714376926422,0.5125473737716675,0.5624395459890366,0.5714812874794006,0.5783413499593735,0.5857052206993103,0.590070366859436
TEP,train,unit,training:fault_18:0008,safe_capacity,26,0.43793190442598784,0.02736923096153456,0.40992963314056396,0.4142947793006897,0.4216586500406265,0.42851869761943817,0.43756043910980225,0.4874526262283325,0.5315285921096802
TEP,train,unit,training:fault_18:0008,rho,26,0.43793190442598784,0.02736923096153456,0.40992963314056396,0.4142947793006897,0.4216586500406265,0.42851869761943817,0.43756043910980225,0.4874526262283325,0.5315285921096802
TEP,train,unit,training:fault_19:0001,critical_energy_ratio,26,0.3488815656075111,0.005096986864103349,0.338604211807251,0.341987781226635,0.34491444379091263,0.3486502021551132,0.351857490837574,0.3576006665825844,0.3611171245574951
TEP,train,unit,training:fault_19:0001,safe_capacity,26,0.6511184366849753,0.0050969872183412234,0.6388828754425049,0.642399325966835,0.6481425315141678,0.6513497829437256,0.6550855487585068,0.6580122411251068,0.661395788192749
TEP,train,unit,training:fault_19:0001,rho,26,0.6511184366849753,0.0050969872183412234,0.6388828754425049,0.642399325966835,0.6481425315141678,0.6513497829437256,0.6550855487585068,0.6580122411251068,0.661395788192749
TEP,train,unit,training:fault_19:0003,critical_energy_ratio,26,0.36322042919122255,0.008237858942896852,0.3459741473197937,0.34996627271175385,0.3572782278060913,0.36182111501693726,0.3698365241289139,0.3751740902662277,0.37766221165657043
TEP,train,unit,training:fault_19:0003,safe_capacity,26,0.6367795696625342,0.008237860772617026,0.622337818145752,0.6248258948326111,0.6301634758710861,0.6381788849830627,0.6427217721939087,0.6500337272882462,0.6540258526802063
TEP,train,unit,training:fault_19:0003,rho,26,0.6367795696625342,0.008237860772617026,0.622337818145752,0.6248258948326111,0.6301634758710861,0.6381788849830627,0.6427217721939087,0.6500337272882462,0.6540258526802063
TEP,train,unit,training:fault_19:0005,critical_energy_ratio,26,0.35315710191543287,0.007844557588765943,0.34291595220565796,0.34346821904182434,0.3486364409327507,0.3521258383989334,0.3550065755844116,0.371199294924736,0.3738868534564972
TEP,train,unit,training:fault_19:0005,safe_capacity,26,0.646842896938324,0.007844556456419387,0.6261131167411804,0.6288006901741028,0.6449934542179108,0.6478741466999054,0.6513635367155075,0.6565317809581757,0.657084047794342
TEP,train,unit,training:fault_19:0005,rho,26,0.646842896938324,0.007844556456419387,0.6261131167411804,0.6288006901741028,0.6449934542179108,0.6478741466999054,0.6513635367155075,0.6565317809581757,0.657084047794342
TEP,train,unit,training:fault_19:0006,critical_energy_ratio,26,0.35390747166596925,0.007787541866583705,0.3413580656051636,0.3437683656811714,0.3482653498649597,0.35221099853515625,0.35832031071186066,0.369109570980072,0.370014488697052
TEP,train,unit,training:fault_19:0006,safe_capacity,26,0.6460925248953012,0.007787537116169233,0.629985511302948,0.630890429019928,0.6416796892881393,0.6477890014648438,0.6517346650362015,0.656231626868248,0.6586419343948364
TEP,train,unit,training:fault_19:0006,rho,26,0.6460925248953012,0.007787537116169233,0.629985511302948,0.630890429019928,0.6416796892881393,0.6477890014648438,0.6517346650362015,0.656231626868248,0.6586419343948364
TEP,train,unit,training:fault_19:0007,critical_energy_ratio,26,0.3566402288583609,0.008880262040043307,0.34647831320762634,0.3465784043073654,0.3499259576201439,0.3528086841106415,0.36454202234745026,0.3715711012482643,0.37353289127349854
TEP,train,unit,training:fault_19:0007,safe_capacity,26,0.6433597711416391,0.008880265579653065,0.6264671087265015,0.6284288763999939,0.6354579478502274,0.6471913158893585,0.6500740498304367,0.653421625494957,0.6535216569900513
TEP,train,unit,training:fault_19:0007,rho,26,0.6433597711416391,0.008880265579653065,0.6264671087265015,0.6284288763999939,0.6354579478502274,0.6471913158893585,0.6500740498304367,0.653421625494957,0.6535216569900513
TEP,train,unit,training:fault_19:0008,critical_energy_ratio,26,0.349443182349205,0.006754502382317414,0.3368704319000244,0.3389827385544777,0.34476500004529953,0.3508959859609604,0.35366179049015045,0.3590502515435219,0.3599676191806793
TEP,train,unit,training:fault_19:0008,safe_capacity,26,0.6505568187970382,0.006754501946307561,0.6400324106216431,0.6409497261047363,0.6463381797075272,0.6491039991378784,0.6552349925041199,0.6610172688961029,0.6631295680999756
TEP,train,unit,training:fault_19:0008,rho,26,0.6505568187970382,0.006754501946307561,0.6400324106216431,0.6409497261047363,0.6463381797075272,0.6491039991378784,0.6552349925041199,0.6610172688961029,0.6631295680999756
TEP,train,unit,training:fault_20:0001,critical_energy_ratio,26,0.39851312110057246,0.0183405674955579,0.3694670796394348,0.3773749843239784,0.3841257393360138,0.39466093480587006,0.41037777066230774,0.4326946288347244,0.44219350814819336
TEP,train,unit,training:fault_20:0001,safe_capacity,26,0.6014868731682117,0.018340569525108413,0.5578064918518066,0.5673053711652756,0.5896221995353699,0.6053390502929688,0.6158742606639862,0.6226250380277634,0.6305329203605652
TEP,train,unit,training:fault_20:0001,rho,26,0.6014868731682117,0.018340569525108413,0.5578064918518066,0.5673053711652756,0.5896221995353699,0.6053390502929688,0.6158742606639862,0.6226250380277634,0.6305329203605652
TEP,train,unit,training:fault_20:0003,critical_energy_ratio,26,0.40616508974478793,0.015799570067250083,0.377400279045105,0.3845802769064903,0.3962346687912941,0.4036809206008911,0.41570743173360825,0.4347720071673393,0.43790310621261597
TEP,train,unit,training:fault_20:0003,safe_capacity,26,0.5938349068164825,0.01579957142858627,0.562096893787384,0.5652279704809189,0.5842925608158112,0.5963190793991089,0.6037653088569641,0.6154197007417679,0.622599720954895
TEP,train,unit,training:fault_20:0003,rho,26,0.5938349068164825,0.01579957142858627,0.562096893787384,0.5652279704809189,0.5842925608158112,0.5963190793991089,0.6037653088569641,0.6154197007417679,0.622599720954895
TEP,train,unit,training:fault_20:0005,critical_energy_ratio,26,0.3828945285998858,0.010336115859195827,0.36430487036705017,0.3669988885521889,0.37534525990486145,0.3816319704055786,0.38718774914741516,0.4013136252760887,0.40320801734924316
TEP,train,unit,training:fault_20:0005,safe_capacity,26,0.6171054610839257,0.01033611265850944,0.5967919826507568,0.5986863672733307,0.6128122508525848,0.6183680295944214,0.6246547102928162,0.6330010890960693,0.6356950998306274
TEP,train,unit,training:fault_20:0005,rho,26,0.6171054610839257,0.01033611265850944,0.5967919826507568,0.5986863672733307,0.6128122508525848,0.6183680295944214,0.6246547102928162,0.6330010890960693,0.6356950998306274
TEP,train,unit,training:fault_20:0006,critical_energy_ratio,26,0.40671006532815784,0.015561561674955166,0.37207499146461487,0.3766118064522743,0.3969753682613373,0.40900495648384094,0.41997507214546204,0.42548786103725433,0.4291248619556427
TEP,train,unit,training:fault_20:0006,safe_capacity,26,0.5932899323793558,0.015561555705513708,0.5708751082420349,0.5745121389627457,0.580024927854538,0.5909950435161591,0.6030246466398239,0.6233881711959839,0.6279249787330627
TEP,train,unit,training:fault_20:0006,rho,26,0.5932899323793558,0.015561555705513708,0.5708751082420349,0.5745121389627457,0.580024927854538,0.5909950435161591,0.6030246466398239,0.6233881711959839,0.6279249787330627
TEP,train,unit,training:fault_20:0007,critical_energy_ratio,26,0.39998630033089566,0.015868984066890916,0.3665771484375,0.3744983524084091,0.38957075774669647,0.4004495292901993,0.4148096367716789,0.4229165092110634,0.42340096831321716
TEP,train,unit,training:fault_20:0007,safe_capacity,26,0.6000137076928065,0.015868987044705476,0.5765990614891052,0.577083483338356,0.5851903557777405,0.5995504856109619,0.6104292273521423,0.6255016475915909,0.6334228515625
TEP,train,unit,training:fault_20:0007,rho,26,0.6000137076928065,0.015868987044705476,0.5765990614891052,0.577083483338356,0.5851903557777405,0.5995504856109619,0.6104292273521423,0.6255016475915909,0.6334228515625
TEP,train,unit,training:fault_20:0008,critical_energy_ratio,26,0.3882124458368008,0.010930124189196118,0.36258968710899353,0.3707456961274147,0.38362856209278107,0.38619741797447205,0.39579252153635025,0.4055107906460762,0.40829193592071533
TEP,train,unit,training:fault_20:0008,safe_capacity,26,0.6117875576019287,0.010930125277918519,0.5917080640792847,0.5944892317056656,0.6042074859142303,0.6138026118278503,0.6163714081048965,0.6292542815208435,0.6374103426933289
TEP,train,unit,training:fault_20:0008,rho,26,0.6117875576019287,0.010930125277918519,0.5917080640792847,0.5944892317056656,0.6042074859142303,0.6138026118278503,0.6163714081048965,0.6292542815208435,0.6374103426933289
TEP,train,unit,training:normal:0001,critical_energy_ratio,28,0.35929780666317257,0.0062273356983898135,0.3481881022453308,0.35040888488292693,0.354547344148159,0.3591364622116089,0.36357926577329636,0.36945254951715467,0.3718245029449463
TEP,train,unit,training:normal:0001,safe_capacity,28,0.6407021965299334,0.006227333471995375,0.6281754970550537,0.6305474698543548,0.6364207118749619,0.6408635377883911,0.6454526782035828,0.649591115117073,0.6518118977546692
TEP,train,unit,training:normal:0001,rho,28,0.6407021965299334,0.006227333471995375,0.6281754970550537,0.6305474698543548,0.6364207118749619,0.6408635377883911,0.6454526782035828,0.649591115117073,0.6518118977546692
TEP,train,unit,training:normal:0002,critical_energy_ratio,28,0.3793071582913399,0.013536497288105161,0.35538652539253235,0.3571919143199921,0.3698151856660843,0.3832515627145767,0.39037322252988815,0.3963254183530807,0.4044674336910248
TEP,train,unit,training:normal:0002,safe_capacity,28,0.6206928470305034,0.013536493215890446,0.5955325961112976,0.603674590587616,0.6096267998218536,0.6167484223842621,0.6301848441362381,0.6428080856800079,0.6446134448051453
TEP,train,unit,training:normal:0002,rho,28,0.6206928470305034,0.013536493215890446,0.5955325961112976,0.603674590587616,0.6096267998218536,0.6167484223842621,0.6301848441362381,0.6428080856800079,0.6446134448051453
TEP,train,unit,training:normal:0004,critical_energy_ratio,28,0.3646203854254314,0.009243243375039801,0.35170114040374756,0.35226614624261854,0.35731206089258194,0.36211051046848297,0.3717929497361183,0.38040572553873064,0.38139045238494873
TEP,train,unit,training:normal:0004,safe_capacity,28,0.6353796081883567,0.009243243512958351,0.6186095476150513,0.6195942550897598,0.6282070279121399,0.6378895044326782,0.6426879465579987,0.6477338343858718,0.6482988595962524
TEP,train,unit,training:normal:0004,rho,28,0.6353796081883567,0.009243243512958351,0.6186095476150513,0.6195942550897598,0.6282070279121399,0.6378895044326782,0.6426879465579987,0.6477338343858718,0.6482988595962524
TEP,train,unit,training:normal:0005,critical_energy_ratio,28,0.36379376373120714,0.007709505055076041,0.35318678617477417,0.35574418157339094,0.35832999646663666,0.3617715388536453,0.36600951850414276,0.3821112677454948,0.38440799713134766
TEP,train,unit,training:normal:0005,safe_capacity,28,0.6362062437193734,0.0077095101393474166,0.6155920028686523,0.6178887128829956,0.6339904814958572,0.6382284760475159,0.6416700184345245,0.6442558377981186,0.6468132138252258
TEP,train,unit,training:normal:0005,rho,28,0.6362062437193734,0.0077095101393474166,0.6155920028686523,0.6178887128829956,0.6339904814958572,0.6382284760475159,0.6416700184345245,0.6442558377981186,0.6468132138252258
TEP,train,unit,training:normal:0006,critical_energy_ratio,28,0.36622350982257296,0.008709147650469033,0.3534216284751892,0.3546976909041405,0.35981836169958115,0.3647899925708771,0.3711148127913475,0.38326500058174134,0.3843514323234558
TEP,train,unit,training:normal:0006,safe_capacity,28,0.633776490177427,0.00870914734308726,0.6156485676765442,0.6167349994182587,0.6288852095603943,0.6352100372314453,0.6401816159486771,0.6453023284673691,0.6465783715248108
TEP,train,unit,training:normal:0006,rho,28,0.633776490177427,0.00870914734308726,0.6156485676765442,0.6167349994182587,0.6288852095603943,0.6352100372314453,0.6401816159486771,0.6453023284673691,0.6465783715248108
TEP,train,unit,training:normal:0007,critical_energy_ratio,28,0.3666142246552876,0.01145722987211553,0.34896838665008545,0.35386319905519487,0.3566545620560646,0.3643747419118881,0.3752082958817482,0.38647123277187345,0.3881324231624603
TEP,train,unit,training:normal:0007,safe_capacity,28,0.6333857774734497,0.01145722157882633,0.6118676066398621,0.6135287672281265,0.6247917115688324,0.6356252431869507,0.6433454602956772,0.6461367905139923,0.6510316133499146
TEP,train,unit,training:normal:0007,rho,28,0.6333857774734497,0.01145722157882633,0.6118676066398621,0.6135287672281265,0.6247917115688324,0.6356252431869507,0.6433454602956772,0.6461367905139923,0.6510316133499146
TEP,train,unit,training:normal:0008,critical_energy_ratio,28,0.3580906540155411,0.007437305302967651,0.34521690011024475,0.34720660746097565,0.3522183671593666,0.35785649716854095,0.3642697110772133,0.36796188056468965,0.3725779056549072
TEP,train,unit,training:normal:0008,safe_capacity,28,0.6419093459844589,0.007437303552393392,0.6274220943450928,0.6320381194353104,0.6357302665710449,0.6421435177326202,0.6477816253900528,0.6527933835983276,0.6547830700874329
TEP,train,unit,training:normal:0008,rho,28,0.6419093459844589,0.007437303552393392,0.6274220943450928,0.6320381194353104,0.6357302665710449,0.6421435177326202,0.6477816253900528,0.6527933835983276,0.6547830700874329
TEP,train,unit,training:normal:0009,critical_energy_ratio,28,0.37613306513854433,0.013455722127981897,0.3489006757736206,0.35477214455604555,0.3679031729698181,0.3750471770763397,0.38469022512435913,0.3995581820607185,0.40298086404800415
TEP,train,unit,training:normal:0009,safe_capacity,28,0.6238669391189303,0.013455723248341428,0.5970191359519958,0.600441837310791,0.6153097748756409,0.6249528229236603,0.6320968121290207,0.6452278852462768,0.6510993242263794
TEP,train,unit,training:normal:0009,rho,28,0.6238669391189303,0.013455723248341428,0.5970191359519958,0.600441837310791,0.6153097748756409,0.6249528229236603,0.6320968121290207,0.6452278852462768,0.6510993242263794
TEP,train,unit,training:normal:0010,critical_energy_ratio,28,0.37927490366356714,0.015208355168893337,0.35316166281700134,0.3544659033417702,0.37057891488075256,0.3776853233575821,0.38947348296642303,0.40401922166347504,0.40925419330596924
TEP,train,unit,training:normal:0010,safe_capacity,28,0.6207250931433269,0.015208358579262605,0.5907458066940308,0.5959807485342026,0.610526517033577,0.6223146915435791,0.6294210702180862,0.645534086227417,0.6468383073806763
TEP,train,unit,training:normal:0010,rho,28,0.6207250931433269,0.015208358579262605,0.5907458066940308,0.5959807485342026,0.610526517033577,0.6223146915435791,0.6294210702180862,0.645534086227417,0.6468383073806763
TEP,train,unit,training:normal:0011,critical_energy_ratio,28,0.3609386629291943,0.008244687193369115,0.3486458361148834,0.3499124079942703,0.35439373552799225,0.360256552696228,0.36640970408916473,0.3762485429644585,0.37687912583351135
TEP,train,unit,training:normal:0011,safe_capacity,28,0.639061336006437,0.008244679859681879,0.623120903968811,0.6237514674663543,0.6335902959108353,0.639743447303772,0.6456062346696854,0.650087583065033,0.6513541340827942
TEP,train,unit,training:normal:0011,rho,28,0.639061336006437,0.008244679859681879,0.623120903968811,0.6237514674663543,0.6335902959108353,0.639743447303772,0.6456062346696854,0.650087583065033,0.6513541340827942
TEP,train,unit,training:normal:0012,critical_energy_ratio,28,0.3731746269123895,0.011660035081827589,0.3577122092247009,0.3588805183768272,0.3618163391947746,0.3710692375898361,0.383570171892643,0.3899284079670906,0.3940543830394745
TEP,train,unit,training:normal:0012,safe_capacity,28,0.6268253794738224,0.011660032062095533,0.6059456467628479,0.6100715726613999,0.6164298504590988,0.6289307475090027,0.638183668255806,0.6411194622516632,0.6422877907752991
TEP,train,unit,training:normal:0012,rho,28,0.6268253794738224,0.011660032062095533,0.6059456467628479,0.6100715726613999,0.6164298504590988,0.6289307475090027,0.638183668255806,0.6411194622516632,0.6422877907752991
TEP,train,unit,training:normal:0014,critical_energy_ratio,28,0.3631879006113325,0.006421585187170535,0.3529353141784668,0.35310439467430116,0.35802124440670013,0.3645799309015274,0.36682645231485367,0.3733556970953941,0.37481051683425903
TEP,train,unit,training:normal:0014,safe_capacity,28,0.6368121015174049,0.006421581578849218,0.625189483165741,0.6266443133354187,0.6331735700368881,0.6354200839996338,0.6419787704944611,0.6468955963850022,0.6470646858215332
TEP,train,unit,training:normal:0014,rho,28,0.6368121015174049,0.006421581578849218,0.625189483165741,0.6266443133354187,0.6331735700368881,0.6354200839996338,0.6419787704944611,0.6468955963850022,0.6470646858215332
TEP,train,unit,training:normal:0015,critical_energy_ratio,28,0.36398824942963465,0.010252880885914934,0.3504224717617035,0.35121568739414216,0.3545268476009369,0.3629169464111328,0.3722437769174576,0.3800900399684906,0.38167622685432434
TEP,train,unit,training:normal:0015,safe_capacity,28,0.6360117495059967,0.010252876106726524,0.6183237433433533,0.6199099600315094,0.6277562230825424,0.6370830535888672,0.6454731673002243,0.6487842828035355,0.6495774984359741
TEP,train,unit,training:normal:0015,rho,28,0.6360117495059967,0.010252876106726524,0.6183237433433533,0.6199099600315094,0.6277562230825424,0.6370830535888672,0.6454731673002243,0.6487842828035355,0.6495774984359741
TEP,train,unit,training:normal:0016,critical_energy_ratio,28,0.3536136161003794,0.003790238580817944,0.3466472327709198,0.34777328819036485,0.3512939140200615,0.3533375859260559,0.35650335252285004,0.35926307886838915,0.3596891760826111
TEP,train,unit,training:normal:0016,safe_capacity,28,0.646386382835252,0.00379023897184831,0.6403108239173889,0.6407369405031205,0.6434966176748276,0.6466624140739441,0.6487060934305191,0.6522266924381256,0.6533527970314026
TEP,train,unit,training:normal:0016,rho,28,0.646386382835252,0.00379023897184831,0.6403108239173889,0.6407369405031205,0.6434966176748276,0.6466624140739441,0.6487060934305191,0.6522266924381256,0.6533527970314026
TEP,train,unit,training:normal:0017,critical_energy_ratio,28,0.36693317123821806,0.013071016337226949,0.3490072190761566,0.35325081646442413,0.3569638654589653,0.3646157681941986,0.37116045504808426,0.3979970499873161,0.3988620936870575
TEP,train,unit,training:normal:0017,safe_capacity,28,0.633066828761782,0.013071021419203408,0.6011378765106201,0.6020029604434967,0.6288395524024963,0.6353842318058014,0.6430361568927765,0.6467491835355759,0.6509928107261658
TEP,train,unit,training:normal:0017,rho,28,0.633066828761782,0.013071021419203408,0.6011378765106201,0.6020029604434967,0.6288395524024963,0.6353842318058014,0.6430361568927765,0.6467491835355759,0.6509928107261658
TEP,train,unit,training:normal:0018,critical_energy_ratio,28,0.365755700639316,0.010291480738088806,0.3512062132358551,0.3523906469345093,0.357855387032032,0.3630652576684952,0.3761231228709221,0.38097517341375353,0.3848671317100525
TEP,train,unit,training:normal:0018,safe_capacity,28,0.6342442908457347,0.01029147665558121,0.6151328682899475,0.6190248370170593,0.6238768547773361,0.6369347274303436,0.6421446204185486,0.6476093232631683,0.6487937569618225
TEP,train,unit,training:normal:0018,rho,28,0.6342442908457347,0.01029147665558121,0.6151328682899475,0.6190248370170593,0.6238768547773361,0.6369347274303436,0.6421446204185486,0.6476093232631683,0.6487937569618225
TEP,train,unit,training:normal:0019,critical_energy_ratio,28,0.3659023174217769,0.007777817095813577,0.35560011863708496,0.3581748530268669,0.36073843389749527,0.36451104283332825,0.36707567423582077,0.38344899415969846,0.3866264820098877
TEP,train,unit,training:normal:0019,safe_capacity,28,0.6340976825782231,0.007777813314387227,0.6133735179901123,0.6165509968996048,0.632924348115921,0.6354889571666718,0.6392615884542465,0.6418251663446426,0.644399881362915
TEP,train,unit,training:normal:0019,rho,28,0.6340976825782231,0.007777813314387227,0.6133735179901123,0.6165509968996048,0.632924348115921,0.6354889571666718,0.6392615884542465,0.6418251663446426,0.644399881362915
TEP,train,unit,training:normal:0020,critical_energy_ratio,28,0.3681908739464624,0.012793318264094572,0.3424109220504761,0.34545199424028394,0.3562994673848152,0.37053611874580383,0.3762928247451782,0.38599076569080354,0.3876231908798218
TEP,train,unit,training:normal:0020,safe_capacity,28,0.6318091260535377,0.012793319081479336,0.6123768091201782,0.6140092253684998,0.6237071752548218,0.6294638812541962,0.6437005549669266,0.6545479863882064,0.6575890779495239
TEP,train,unit,training:normal:0020,rho,28,0.6318091260535377,0.012793319081479336,0.6123768091201782,0.6140092253684998,0.6237071752548218,0.6294638812541962,0.6437005549669266,0.6545479863882064,0.6575890779495239
TEP,train,unit,training:normal:0022,critical_energy_ratio,28,0.3645246539797102,0.008414317146776725,0.3517489433288574,0.353654271364212,0.3576192408800125,0.36363251507282257,0.36949659138917923,0.3791689187288284,0.38649430871009827
TEP,train,unit,training:normal:0022,safe_capacity,28,0.6354753417628152,0.008414313172240676,0.6135057210922241,0.6208310812711716,0.6305034309625626,0.6363674700260162,0.6423807740211487,0.6463457375764847,0.6482510566711426
TEP,train,unit,training:normal:0022,rho,28,0.6354753417628152,0.008414313172240676,0.6135057210922241,0.6208310812711716,0.6305034309625626,0.6363674700260162,0.6423807740211487,0.6463457375764847,0.6482510566711426
TEP,train,unit,training:normal:0023,critical_energy_ratio,28,0.3689213203532355,0.014055881192959392,0.3517402112483978,0.3523408010601997,0.36016982793807983,0.36292923986911774,0.38038206845521927,0.3935698613524437,0.397672176361084
TEP,train,unit,training:normal:0023,safe_capacity,28,0.6310786796467645,0.014055879547876328,0.602327823638916,0.6064301490783691,0.6196179091930389,0.6370707750320435,0.6398301869630814,0.647659209370613,0.6482597589492798
TEP,train,unit,training:normal:0023,rho,28,0.6310786796467645,0.014055879547876328,0.602327823638916,0.6064301490783691,0.6196179091930389,0.6370707750320435,0.6398301869630814,0.647659209370613,0.6482597589492798
TEP,train,unit,training:normal:0024,critical_energy_ratio,28,0.37327260204723905,0.005826140623328006,0.35844841599464417,0.36487539410591124,0.36917711049318314,0.3730962872505188,0.3775074779987335,0.3822534367442131,0.38358476758003235
TEP,train,unit,training:normal:0024,safe_capacity,28,0.6267273936952863,0.0058261456545664805,0.6164152026176453,0.6177465826272964,0.6224925220012665,0.6269037127494812,0.6308228671550751,0.6351246356964111,0.6415516138076782
TEP,train,unit,training:normal:0024,rho,28,0.6267273936952863,0.0058261456545664805,0.6164152026176453,0.6177465826272964,0.6224925220012665,0.6269037127494812,0.6308228671550751,0.6351246356964111,0.6415516138076782
TEP,train,unit,training:normal:0025,critical_energy_ratio,28,0.3646774579371725,0.011408357879158736,0.35012733936309814,0.35297144651412965,0.3545159474015236,0.3576156795024872,0.37470693141222,0.3824713662266731,0.38681328296661377
TEP,train,unit,training:normal:0025,safe_capacity,28,0.6353225388697216,0.011408354659802824,0.6131867170333862,0.6175286531448364,0.6252930462360382,0.6423843204975128,0.6454840302467346,0.6470285534858704,0.6498726606369019
TEP,train,unit,training:normal:0025,rho,28,0.6353225388697216,0.011408354659802824,0.6131867170333862,0.6175286531448364,0.6252930462360382,0.6423843204975128,0.6454840302467346,0.6470285534858704,0.6498726606369019
TEP,train,unit,training:normal:0026,critical_energy_ratio,28,0.36327419536454336,0.01096397256384929,0.34638482332229614,0.3481726050376892,0.35535863041877747,0.3606046289205551,0.3728925287723541,0.38283646255731585,0.38530072569847107
TEP,train,unit,training:normal:0026,safe_capacity,28,0.6367258046354566,0.010963973141366901,0.6146993041038513,0.6171635180711746,0.6271074712276459,0.6393953561782837,0.6446413695812225,0.6518273651599884,0.6536151766777039
TEP,train,unit,training:normal:0026,rho,28,0.6367258046354566,0.010963973141366901,0.6146993041038513,0.6171635180711746,0.6271074712276459,0.6393953561782837,0.6446413695812225,0.6518273651599884,0.6536151766777039
TEP,train,unit,training:normal:0027,critical_energy_ratio,28,0.35589144272463663,0.009658293425596483,0.34276285767555237,0.3444530129432678,0.3482310250401497,0.3534417301416397,0.36216410249471664,0.37541122585535047,0.37680235505104065
TEP,train,unit,training:normal:0027,safe_capacity,28,0.6441085572753634,0.009658299219289828,0.623197615146637,0.6245887547731399,0.6378358900547028,0.6465582549571991,0.6517689824104309,0.6555470168590546,0.6572371125221252
TEP,train,unit,training:normal:0027,rho,28,0.6441085572753634,0.009658299219289828,0.623197615146637,0.6245887547731399,0.6378358900547028,0.6465582549571991,0.6517689824104309,0.6555470168590546,0.6572371125221252
TEP,train,unit,training:normal:0028,critical_energy_ratio,28,0.36953335468258175,0.01066902426499937,0.356387197971344,0.35679654181003573,0.3622380495071411,0.3672659248113632,0.37587714940309525,0.3919823244214058,0.3969714641571045
TEP,train,unit,training:normal:0028,safe_capacity,28,0.6304666485105243,0.010669023765660444,0.6030285358428955,0.6080176651477813,0.6241228580474854,0.6327340602874756,0.6377619504928589,0.6432034581899643,0.643612802028656
TEP,train,unit,training:normal:0028,rho,28,0.6304666485105243,0.010669023765660444,0.6030285358428955,0.6080176651477813,0.6241228580474854,0.6327340602874756,0.6377619504928589,0.6432034581899643,0.643612802028656
TEP,train,unit,training:normal:0030,critical_energy_ratio,28,0.37297768358673367,0.010039998695420974,0.3575791120529175,0.3578853502869606,0.36604423075914383,0.37221668660640717,0.3828584551811218,0.3869715049862862,0.38855433464050293
TEP,train,unit,training:normal:0030,safe_capacity,28,0.6270223132201603,0.010039993207414397,0.6114456653594971,0.6130285143852234,0.6171415448188782,0.6277832984924316,0.6339557468891144,0.6421146601438522,0.6424208879470825
TEP,train,unit,training:normal:0030,rho,28,0.6270223132201603,0.010039993207414397,0.6114456653594971,0.6130285143852234,0.6171415448188782,0.6277832984924316,0.6339557468891144,0.6421146601438522,0.6424208879470825
TEP,train,unit,training:normal:0031,critical_energy_ratio,28,0.3743493099297796,0.012004294382789226,0.35420605540275574,0.3562693327665329,0.3647630736231804,0.37622135877609253,0.38318854570388794,0.3930887296795845,0.3946641683578491
TEP,train,unit,training:normal:0031,safe_capacity,28,0.6256506847483772,0.01200429798963481,0.6053358316421509,0.6069112598896027,0.6168114542961121,0.6237786412239075,0.6352369487285614,0.6437306374311447,0.6457939743995667
TEP,train,unit,training:normal:0031,rho,28,0.6256506847483772,0.01200429798963481,0.6053358316421509,0.6069112598896027,0.6168114542961121,0.6237786412239075,0.6352369487285614,0.6437306374311447,0.6457939743995667
TEP,train,unit,training:normal:0032,critical_energy_ratio,28,0.35409628599882126,0.005661050546767143,0.34534183144569397,0.3457079231739044,0.35109830647706985,0.35324110090732574,0.3575487583875656,0.36360758543014526,0.36788418889045715
TEP,train,unit,training:normal:0032,safe_capacity,28,0.6459037065505981,0.005661049312532191,0.6321157813072205,0.636392405629158,0.6424512416124344,0.6467588841915131,0.6489017158746719,0.6542920470237732,0.6546581387519836
TEP,train,unit,training:normal:0032,rho,28,0.6459037065505981,0.005661049312532191,0.6321157813072205,0.636392405629158,0.6424512416124344,0.6467588841915131,0.6489017158746719,0.6542920470237732,0.6546581387519836
TEP,train,unit,training:normal:0033,critical_energy_ratio,28,0.3666643872857094,0.009608143106302479,0.35285958647727966,0.3544956475496292,0.3595462813973427,0.3648616820573807,0.37051166594028473,0.38457929641008376,0.388442724943161
TEP,train,unit,training:normal:0033,safe_capacity,28,0.6333356095211846,0.009608138412587418,0.6115573048591614,0.6154206931591034,0.6294883489608765,0.6351383030414581,0.6404537111520767,0.6455043524503707,0.647140383720398
TEP,train,unit,training:normal:0033,rho,28,0.6333356095211846,0.009608138412587418,0.6115573048591614,0.6154206931591034,0.6294883489608765,0.6351383030414581,0.6404537111520767,0.6455043524503707,0.647140383720398
TEP,train,unit,training:normal:0034,critical_energy_ratio,28,0.36731510183640886,0.005658972612853117,0.352588951587677,0.35711430907249453,0.3639640137553215,0.3679051399230957,0.37189313769340515,0.37439995259046555,0.37566524744033813
TEP,train,unit,training:normal:0034,safe_capacity,28,0.6326848970992225,0.005658972757230033,0.6243347525596619,0.6256000369787216,0.6281068921089172,0.6320948302745819,0.6360359936952591,0.6428856909275055,0.647411048412323
TEP,train,unit,training:normal:0034,rho,28,0.6326848970992225,0.005658972757230033,0.6243347525596619,0.6256000369787216,0.6281068921089172,0.6320948302745819,0.6360359936952591,0.6428856909275055,0.647411048412323
TEP,train,unit,training:normal:0035,critical_energy_ratio,28,0.3685753270983696,0.00836491873110134,0.3509462773799896,0.3520884558558464,0.3634645491838455,0.36871854960918427,0.3759034648537636,0.38121698051691055,0.38139626383781433
TEP,train,unit,training:normal:0035,safe_capacity,28,0.6314246739659991,0.00836491069716551,0.6186037659645081,0.618783038854599,0.6240965574979782,0.6312814354896545,0.6365354806184769,0.647911524772644,0.649053692817688
TEP,train,unit,training:normal:0035,rho,28,0.6314246739659991,0.00836491069716551,0.6186037659645081,0.618783038854599,0.6240965574979782,0.6312814354896545,0.6365354806184769,0.647911524772644,0.649053692817688
TEP,train,unit,training:normal:0036,critical_energy_ratio,28,0.35706477399383274,0.007937010954199086,0.343216210603714,0.3464564234018326,0.3497827723622322,0.3582140654325485,0.3626091852784157,0.37052253633737564,0.3752076327800751
TEP,train,unit,training:normal:0036,safe_capacity,28,0.6429352142981121,0.007937013103886366,0.6247923374176025,0.6294774442911149,0.6373907923698425,0.6417859196662903,0.650217205286026,0.6535435855388642,0.6567837595939636
TEP,train,unit,training:normal:0036,rho,28,0.6429352142981121,0.007937013103886366,0.6247923374176025,0.6294774442911149,0.6373907923698425,0.6417859196662903,0.650217205286026,0.6535435855388642,0.6567837595939636
TEP,train,unit,training:normal:0037,critical_energy_ratio,28,0.3701702335051128,0.018801182552385356,0.3474927842617035,0.3494133397936821,0.3518340662121773,0.36847393214702606,0.3817093297839165,0.4047976925969124,0.41016578674316406
TEP,train,unit,training:normal:0037,safe_capacity,28,0.6298297622374126,0.01880117598937111,0.5898342132568359,0.5952023178339004,0.6182906627655029,0.6315260529518127,0.6481659114360809,0.6505866497755051,0.6525072455406189
TEP,train,unit,training:normal:0037,rho,28,0.6298297622374126,0.01880117598937111,0.5898342132568359,0.5952023178339004,0.6182906627655029,0.6315260529518127,0.6481659114360809,0.6505866497755051,0.6525072455406189
TEP,train,unit,training:normal:0038,critical_energy_ratio,28,0.3624145856925419,0.005867036034112814,0.35313382744789124,0.3536225214600563,0.35847824811935425,0.36271874606609344,0.3652259036898613,0.37292851954698564,0.37568920850753784
TEP,train,unit,training:normal:0038,safe_capacity,28,0.6375854143074581,0.00586703806721194,0.6243107914924622,0.6270714610815048,0.6347741037607193,0.6372812390327454,0.6415217518806458,0.6463774979114533,0.6468661427497864
TEP,train,unit,training:normal:0038,rho,28,0.6375854143074581,0.00586703806721194,0.6243107914924622,0.6270714610815048,0.6347741037607193,0.6372812390327454,0.6415217518806458,0.6463774979114533,0.6468661427497864
TEP,train,unit,training:normal:0039,critical_energy_ratio,28,0.37235203491789953,0.009658559266274737,0.35522621870040894,0.3562373906373978,0.3652455061674118,0.3726620525121689,0.38144343346357346,0.38647392839193345,0.3876742720603943
TEP,train,unit,training:normal:0039,safe_capacity,28,0.6276479661464691,0.009658564443986703,0.6123257279396057,0.613526052236557,0.6185565739870071,0.6273379623889923,0.6347544640302658,0.6437626093626022,0.6447737812995911
TEP,train,unit,training:normal:0039,rho,28,0.6276479661464691,0.009658564443986703,0.6123257279396057,0.613526052236557,0.6185565739870071,0.6273379623889923,0.6347544640302658,0.6437626093626022,0.6447737812995911
TEP,train,unit,training:normal:0040,critical_energy_ratio,28,0.363259810422148,0.014311948773488905,0.3484603762626648,0.3497749403119087,0.35338905453681946,0.3568662106990814,0.36530232429504395,0.391213022172451,0.3943919837474823
TEP,train,unit,training:normal:0040,safe_capacity,28,0.6367401948996952,0.014311946642330516,0.6056080460548401,0.6087869971990585,0.634697675704956,0.6431337893009186,0.6466109454631805,0.6502250790596008,0.6515396237373352
TEP,train,unit,training:normal:0040,rho,28,0.6367401948996952,0.014311946642330516,0.6056080460548401,0.6087869971990585,0.634697675704956,0.6431337893009186,0.6466109454631805,0.6502250790596008,0.6515396237373352
TEP,train,unit,training:normal:0043,critical_energy_ratio,28,0.3624341477240835,0.0049227883775335565,0.3530113101005554,0.3544201120734215,0.359319306910038,0.3618597984313965,0.36619406193494797,0.36995887458324433,0.37236735224723816
TEP,train,unit,training:normal:0043,safe_capacity,28,0.6375658575977597,0.004922785393097262,0.6276326775550842,0.6300411254167557,0.6338059455156326,0.6381402015686035,0.6406806856393814,0.6455798983573914,0.6469886898994446
TEP,train,unit,training:normal:0043,rho,28,0.6375658575977597,0.004922785393097262,0.6276326775550842,0.6300411254167557,0.6338059455156326,0.6381402015686035,0.6406806856393814,0.6455798983573914,0.6469886898994446
TEP,train,unit,training:normal:0045,critical_energy_ratio,28,0.3569684975913593,0.006583385738224113,0.3475983738899231,0.3479562610387802,0.35235121846199036,0.3555856943130493,0.36091406643390656,0.3689289927482605,0.36976370215415955
TEP,train,unit,training:normal:0045,safe_capacity,28,0.6430315034730094,0.006583384304212662,0.6302363276481628,0.6310710072517395,0.6390859335660934,0.6444143354892731,0.6476487815380096,0.6520437389612198,0.6524016261100769
TEP,train,unit,training:normal:0045,rho,28,0.6430315034730094,0.006583384304212662,0.6302363276481628,0.6310710072517395,0.6390859335660934,0.6444143354892731,0.6476487815380096,0.6520437389612198,0.6524016261100769
TEP,train,unit,training:normal:0046,critical_energy_ratio,28,0.36804548863853725,0.010938160653805885,0.3523182272911072,0.3544141918420792,0.3587847054004669,0.3673108369112015,0.3749919459223747,0.3874308615922928,0.3904457092285156
TEP,train,unit,training:normal:0046,safe_capacity,28,0.6319545124258313,0.010938158073971464,0.6095542907714844,0.6125691682100296,0.6250080615282059,0.6326891481876373,0.6412152945995331,0.6455857992172241,0.6476817727088928
TEP,train,unit,training:normal:0046,rho,28,0.6319545124258313,0.010938158073971464,0.6095542907714844,0.6125691682100296,0.6250080615282059,0.6326891481876373,0.6412152945995331,0.6455857992172241,0.6476817727088928
TEP,train,unit,training:normal:0047,critical_energy_ratio,28,0.3697529839617865,0.008296079931312258,0.3555740714073181,0.35723537057638166,0.3632936254143715,0.37046125531196594,0.3760780692100525,0.3836023360490799,0.38753387331962585
TEP,train,unit,training:normal:0047,safe_capacity,28,0.6302470181669507,0.008296076009426417,0.6124661564826965,0.6163976639509201,0.6239219456911087,0.6295387446880341,0.6367063820362091,0.6427646100521087,0.6444259285926819
TEP,train,unit,training:normal:0047,rho,28,0.6302470181669507,0.008296076009426417,0.6124661564826965,0.6163976639509201,0.6239219456911087,0.6295387446880341,0.6367063820362091,0.6427646100521087,0.6444259285926819
TEP,train,unit,training:normal:0048,critical_energy_ratio,28,0.36215561096157345,0.006795810902293677,0.3446536660194397,0.3460928961634636,0.35889317095279694,0.36372074484825134,0.3657996952533722,0.37023508846759795,0.3706021010875702
TEP,train,unit,training:normal:0048,safe_capacity,28,0.6378443901027951,0.006795810177194596,0.6293978691101074,0.629764911532402,0.6342003047466278,0.6362792253494263,0.6411068290472031,0.6539070934057236,0.6553463339805603
TEP,train,unit,training:normal:0048,rho,28,0.6378443901027951,0.006795810177194596,0.6293978691101074,0.629764911532402,0.6342003047466278,0.6362792253494263,0.6411068290472031,0.6539070934057236,0.6553463339805603
TEP,train,unit,training:normal:0049,critical_energy_ratio,28,0.3676940713609968,0.01092186258569296,0.3521982431411743,0.3537046492099762,0.3574593812227249,0.3669028729200363,0.37480220943689346,0.3844097346067429,0.38921141624450684
TEP,train,unit,training:normal:0049,safe_capacity,28,0.6323059286390033,0.010921860018921271,0.6107885837554932,0.6155902743339539,0.6251977980136871,0.6330971419811249,0.6425406187772751,0.6462953209877014,0.6478017568588257
TEP,train,unit,training:normal:0049,rho,28,0.6323059286390033,0.010921860018921271,0.6107885837554932,0.6155902743339539,0.6251977980136871,0.6330971419811249,0.6425406187772751,0.6462953209877014,0.6478017568588257
TEP,train,unit,training:normal:0050,critical_energy_ratio,28,0.3571923077106476,0.008251625792839832,0.3426254987716675,0.3443683356046677,0.35072876513004303,0.35629095137119293,0.3640710413455963,0.3709335282444954,0.3711128234863281
TEP,train,unit,training:normal:0050,safe_capacity,28,0.6428076880318778,0.008251621360923932,0.6288871765136719,0.6290664821863174,0.6359289586544037,0.6437090337276459,0.649271234869957,0.65563163459301,0.6573745012283325
TEP,train,unit,training:normal:0050,rho,28,0.6428076880318778,0.008251621360923932,0.6288871765136719,0.6290664821863174,0.6359289586544037,0.6437090337276459,0.649271234869957,0.65563163459301,0.6573745012283325
TEP,train,unit,training:normal:0051,critical_energy_ratio,28,0.3702005594968796,0.016979801188191233,0.35052159428596497,0.3529369205236435,0.35833027958869934,0.36166781187057495,0.3815482184290886,0.4039983496069908,0.40510061383247375
TEP,train,unit,training:normal:0051,safe_capacity,28,0.6297994319881711,0.016979803256231947,0.5948994159698486,0.5960016310214996,0.6184517592191696,0.6383321583271027,0.6416696906089783,0.6470630705356598,0.6494784355163574
TEP,train,unit,training:normal:0051,rho,28,0.6297994319881711,0.016979803256231947,0.5948994159698486,0.5960016310214996,0.6184517592191696,0.6383321583271027,0.6416696906089783,0.6470630705356598,0.6494784355163574
TEP,train,unit,training:normal:0052,critical_energy_ratio,28,0.362882887678487,0.007575019091147258,0.3476638197898865,0.3504455626010895,0.35726531594991684,0.36244671046733856,0.36837856471538544,0.37539384663105013,0.3759118914604187
TEP,train,unit,training:normal:0052,safe_capacity,28,0.6371171112571444,0.007575020800366136,0.6240881085395813,0.6246061533689499,0.6316214352846146,0.6375533044338226,0.6427346765995026,0.6495544672012329,0.6523361802101135
TEP,train,unit,training:normal:0052,rho,28,0.6371171112571444,0.007575020800366136,0.6240881085395813,0.6246061533689499,0.6316214352846146,0.6375533044338226,0.6427346765995026,0.6495544672012329,0.6523361802101135
TEP,train,unit,training:normal:0053,critical_energy_ratio,28,0.365898066333362,0.008754978193249073,0.3483177721500397,0.35173718333244325,0.3600938394665718,0.366315558552742,0.3711928650736809,0.3794931128621101,0.38497111201286316
TEP,train,unit,training:normal:0053,safe_capacity,28,0.6341019315379006,0.008754978967638482,0.6150289177894592,0.620506876707077,0.6288071572780609,0.6336844265460968,0.6399061381816864,0.6482628166675568,0.6516822576522827
TEP,train,unit,training:normal:0053,rho,28,0.6341019315379006,0.008754978967638482,0.6150289177894592,0.620506876707077,0.6288071572780609,0.6336844265460968,0.6399061381816864,0.6482628166675568,0.6516822576522827
TEP,train,unit,training:normal:0055,critical_energy_ratio,28,0.35955276765993666,0.007451859435489105,0.34654080867767334,0.34939493536949157,0.3555897921323776,0.35858435928821564,0.3625580370426178,0.3729231595993042,0.3809863328933716
TEP,train,unit,training:normal:0055,safe_capacity,28,0.6404472355331693,0.007451855275350837,0.6190136671066284,0.6270768702030182,0.637441948056221,0.6414156556129456,0.6444102078676224,0.6506050646305084,0.6534591913223267
TEP,train,unit,training:normal:0055,rho,28,0.6404472355331693,0.007451855275350837,0.6190136671066284,0.6270768702030182,0.637441948056221,0.6414156556129456,0.6444102078676224,0.6506050646305084,0.6534591913223267
TEP,train,unit,training:normal:0057,critical_energy_ratio,28,0.3687516897916794,0.010732407731925023,0.35316455364227295,0.3541193217039108,0.35829081386327744,0.36945727467536926,0.3773142844438553,0.3868312045931816,0.3881172835826874
TEP,train,unit,training:normal:0057,safe_capacity,28,0.6312483144657952,0.010732408339893149,0.6118826866149902,0.6131688058376312,0.6226857304573059,0.6305427551269531,0.6417091637849808,0.6458806693553925,0.646835446357727
TEP,train,unit,training:normal:0057,rho,28,0.6312483144657952,0.010732408339893149,0.6118826866149902,0.6131688058376312,0.6226857304573059,0.6305427551269531,0.6417091637849808,0.6458806693553925,0.646835446357727
TEP,train,unit,training:normal:0058,critical_energy_ratio,28,0.3669703443135534,0.008820550055043242,0.3541921377182007,0.35586153268814086,0.35823027789592743,0.366768017411232,0.3744514510035515,0.3820670410990715,0.38506245613098145
TEP,train,unit,training:normal:0058,safe_capacity,28,0.6330296567508152,0.008820549603709961,0.6149375438690186,0.6179329782724381,0.6255485415458679,0.6332319676876068,0.641769751906395,0.6441384762525558,0.6458078622817993
TEP,train,unit,training:normal:0058,rho,28,0.6330296567508152,0.008820549603709961,0.6149375438690186,0.6179329782724381,0.6255485415458679,0.6332319676876068,0.641769751906395,0.6441384762525558,0.6458078622817993
TEP,train,unit,training:normal:0059,critical_energy_ratio,28,0.36757697058575495,0.006313475125617186,0.3537859618663788,0.35885523706674577,0.3637828156352043,0.3674550801515579,0.3710075840353966,0.37999231964349744,0.3821612596511841
TEP,train,unit,training:normal:0059,safe_capacity,28,0.6324230347360883,0.006313475375993939,0.6178387403488159,0.6200076907873153,0.6289924383163452,0.6325449049472809,0.6362172067165375,0.641144773364067,0.6462140679359436
TEP,train,unit,training:normal:0059,rho,28,0.6324230347360883,0.006313475375993939,0.6178387403488159,0.6200076907873153,0.6289924383163452,0.6325449049472809,0.6362172067165375,0.641144773364067,0.6462140679359436
TEP,train,unit,training:normal:0060,critical_energy_ratio,28,0.36342459597757887,0.009737928906751835,0.3495921790599823,0.35535259544849396,0.357073612511158,0.3594878017902374,0.3673682063817978,0.3818587094545364,0.38472285866737366
TEP,train,unit,training:normal:0060,safe_capacity,28,0.6365754029580525,0.009737932087363625,0.615277111530304,0.6181412994861603,0.6326317936182022,0.6405121684074402,0.6429263651371002,0.6446474343538284,0.6504078507423401
TEP,train,unit,training:normal:0060,rho,28,0.6365754029580525,0.009737932087363625,0.615277111530304,0.6181412994861603,0.6326317936182022,0.6405121684074402,0.6429263651371002,0.6446474343538284,0.6504078507423401
TEP,train,unit,training:normal:0061,critical_energy_ratio,28,0.36316072940826416,0.006125295506217739,0.34807008504867554,0.3516532391309738,0.36000340431928635,0.3637408912181854,0.36638952046632767,0.37185169458389283,0.37268444895744324
TEP,train,unit,training:normal:0061,safe_capacity,28,0.6368392684629985,0.006125300132904798,0.6273155212402344,0.6281483054161072,0.6336104720830917,0.6362591087818146,0.6399965733289719,0.6483467608690262,0.6519299149513245
TEP,train,unit,training:normal:0061,rho,28,0.6368392684629985,0.006125300132904798,0.6273155212402344,0.6281483054161072,0.6336104720830917,0.6362591087818146,0.6399965733289719,0.6483467608690262,0.6519299149513245
TEP,train,unit,training:normal:0062,critical_energy_ratio,28,0.3665492981672287,0.008966677142910938,0.3460065424442291,0.35089213103055955,0.3613050505518913,0.3669563829898834,0.374504454433918,0.3777243882417679,0.3828504681587219
TEP,train,unit,training:normal:0062,safe_capacity,28,0.6334507103477206,0.008966674222272123,0.6171495318412781,0.6222756117582321,0.6254955530166626,0.6330436170101166,0.6386949717998505,0.6491078585386276,0.6539934873580933
TEP,train,unit,training:normal:0062,rho,28,0.6334507103477206,0.008966674222272123,0.6171495318412781,0.6222756117582321,0.6254955530166626,0.6330436170101166,0.6386949717998505,0.6491078585386276,0.6539934873580933
TEP,train,unit,training:normal:0063,critical_energy_ratio,28,0.35531002070222584,0.005534058807601916,0.3469272553920746,0.34777725487947464,0.35177135467529297,0.35441842675209045,0.3576066270470619,0.3654974102973938,0.37103304266929626
TEP,train,unit,training:normal:0063,safe_capacity,28,0.6446899878127235,0.005534063980323376,0.6289669275283813,0.6345025897026062,0.6423933953046799,0.6455815732479095,0.6482286751270294,0.6522227555513382,0.6530727744102478
TEP,train,unit,training:normal:0063,rho,28,0.6446899878127235,0.005534063980323376,0.6289669275283813,0.6345025897026062,0.6423933953046799,0.6455815732479095,0.6482286751270294,0.6522227555513382,0.6530727744102478
TEP,train,unit,training:normal:0064,critical_energy_ratio,28,0.3721406864268439,0.01475275025123042,0.3525428771972656,0.3529443174600601,0.3599291667342186,0.36804769933223724,0.3861312121152878,0.39734441637992857,0.3993956744670868
TEP,train,unit,training:normal:0064,safe_capacity,28,0.627859313573156,0.014752746920272371,0.6006042957305908,0.6026556134223938,0.613868772983551,0.631952315568924,0.6400708556175232,0.6470556825399398,0.6474571228027344
TEP,train,unit,training:normal:0064,rho,28,0.627859313573156,0.014752746920272371,0.6006042957305908,0.6026556134223938,0.613868772983551,0.631952315568924,0.6400708556175232,0.6470556825399398,0.6474571228027344
TEP,train,unit,training:normal:0065,critical_energy_ratio,28,0.3649144098162651,0.009596215112037535,0.3540794253349304,0.3551043152809143,0.3574516922235489,0.3611263185739517,0.37105295062065125,0.3852020874619484,0.38628149032592773
TEP,train,unit,training:normal:0065,safe_capacity,28,0.6350855912481036,0.00959621250049731,0.6137185096740723,0.6147979319095611,0.6289470493793488,0.6388736665248871,0.6425483077764511,0.6448956847190856,0.6459205746650696
TEP,train,unit,training:normal:0065,rho,28,0.6350855912481036,0.00959621250049731,0.6137185096740723,0.6147979319095611,0.6289470493793488,0.6388736665248871,0.6425483077764511,0.6448956847190856,0.6459205746650696
TEP,train,unit,training:normal:0067,critical_energy_ratio,28,0.35793729020016535,0.006298564618130173,0.344547301530838,0.3476915031671524,0.35252515226602554,0.35896867513656616,0.363506481051445,0.36613900810480116,0.36665672063827515
TEP,train,unit,training:normal:0067,safe_capacity,28,0.6420627044779914,0.006298561822861098,0.6333432793617249,0.6338609725236892,0.636493518948555,0.6410313248634338,0.6474748402833939,0.6523085057735443,0.6554526686668396
TEP,train,unit,training:normal:0067,rho,28,0.6420627044779914,0.006298561822861098,0.6333432793617249,0.6338609725236892,0.636493518948555,0.6410313248634338,0.6474748402833939,0.6523085057735443,0.6554526686668396
TEP,train,unit,training:normal:0069,critical_energy_ratio,28,0.3684951088258198,0.0073139190884862985,0.3535420596599579,0.35722714364528657,0.3629213497042656,0.36890867352485657,0.37396417558193207,0.37789621353149416,0.38137170672416687
TEP,train,unit,training:normal:0069,safe_capacity,28,0.6315048911741802,0.0073139175011736135,0.6186282634735107,0.6221038162708282,0.6260358542203903,0.6310913264751434,0.637078657746315,0.6427728265523911,0.6464579105377197
TEP,train,unit,training:normal:0069,rho,28,0.6315048911741802,0.0073139175011736135,0.6186282634735107,0.6221038162708282,0.6260358542203903,0.6310913264751434,0.637078657746315,0.6427728265523911,0.6464579105377197
TEP,train,unit,training:normal:0070,critical_energy_ratio,28,0.3618861809372902,0.010615034143454374,0.348925918340683,0.3508413165807724,0.3529677987098694,0.36041711270809174,0.3664667159318924,0.38414343148469926,0.38711246848106384
TEP,train,unit,training:normal:0070,safe_capacity,28,0.6381138201270785,0.010615025522956477,0.6128875613212585,0.6158565878868103,0.6335332840681076,0.6395828723907471,0.6470322012901306,0.6491586834192276,0.6510740518569946
TEP,train,unit,training:normal:0070,rho,28,0.6381138201270785,0.010615025522956477,0.6128875613212585,0.6158565878868103,0.6335332840681076,0.6395828723907471,0.6470322012901306,0.6491586834192276,0.6510740518569946
TEP,train,unit,training:normal:0072,critical_energy_ratio,28,0.37268882989883423,0.010355578847408327,0.36255568265914917,0.3635239705443382,0.3658691719174385,0.3686343878507614,0.3740050196647644,0.39615700393915176,0.3983449935913086
TEP,train,unit,training:normal:0072,safe_capacity,28,0.6273111722299031,0.010355580492859966,0.6016550064086914,0.6038429766893387,0.6259949803352356,0.6313656270503998,0.6341308206319809,0.6364760488271713,0.6374443173408508
TEP,train,unit,training:normal:0072,rho,28,0.6273111722299031,0.010355580492859966,0.6016550064086914,0.6038429766893387,0.6259949803352356,0.6313656270503998,0.6341308206319809,0.6364760488271713,0.6374443173408508
TEP,train,unit,training:normal:0073,critical_energy_ratio,28,0.3614651273403849,0.006096883204838234,0.35251834988594055,0.35319551080465317,0.35636183619499207,0.3612636923789978,0.36582856625318527,0.37074293941259384,0.3768019378185272
TEP,train,unit,training:normal:0073,safe_capacity,28,0.6385348673377719,0.006096880438489749,0.6231980323791504,0.629257071018219,0.6341714113950729,0.6387363076210022,0.6436381638050079,0.646804478764534,0.6474816203117371
TEP,train,unit,training:normal:0073,rho,28,0.6385348673377719,0.006096880438489749,0.6231980323791504,0.629257071018219,0.6341714113950729,0.6387363076210022,0.6436381638050079,0.646804478764534,0.6474816203117371
TEP,train,unit,training:normal:0074,critical_energy_ratio,28,0.3642051879848753,0.00828179500887529,0.3509569764137268,0.3531061828136444,0.3554127365350723,0.3661459684371948,0.3698723688721657,0.3767432734370232,0.38004299998283386
TEP,train,unit,training:normal:0074,safe_capacity,28,0.6357948120151248,0.008281792686430228,0.6199570298194885,0.623256716132164,0.6301276087760925,0.6338540315628052,0.6445872634649277,0.6468938171863556,0.6490430235862732
TEP,train,unit,training:normal:0074,rho,28,0.6357948120151248,0.008281792686430228,0.6199570298194885,0.623256716132164,0.6301276087760925,0.6338540315628052,0.6445872634649277,0.6468938171863556,0.6490430235862732
TEP,train,unit,training:normal:0075,critical_energy_ratio,28,0.3670927807688713,0.01062664857814854,0.34390023350715637,0.3450494796037674,0.36360790580511093,0.36660948395729065,0.3763199895620346,0.38030386418104173,0.3867402672767639
TEP,train,unit,training:normal:0075,safe_capacity,28,0.6329072160380227,0.010626645645097956,0.6132597327232361,0.6196961551904678,0.6236800104379654,0.633390486240387,0.6363921165466309,0.6549504905939102,0.656099796295166
TEP,train,unit,training:normal:0075,rho,28,0.6329072160380227,0.010626645645097956,0.6132597327232361,0.6196961551904678,0.6236800104379654,0.633390486240387,0.6363921165466309,0.6549504905939102,0.656099796295166
TEP,train,unit,training:normal:0076,critical_energy_ratio,28,0.36873219907283783,0.006779645984897254,0.357145220041275,0.3587057039141655,0.36390192061662674,0.3688696622848511,0.372894287109375,0.3792988553643227,0.3844641149044037
TEP,train,unit,training:normal:0076,safe_capacity,28,0.6312678030558995,0.00677964839235345,0.6155359148979187,0.6207011550664902,0.627105712890625,0.6311303377151489,0.636098101735115,0.641294315457344,0.6428548097610474
TEP,train,unit,training:normal:0076,rho,28,0.6312678030558995,0.00677964839235345,0.6155359148979187,0.6207011550664902,0.627105712890625,0.6311303377151489,0.636098101735115,0.641294315457344,0.6428548097610474
TEP,train,unit,training:normal:0077,critical_energy_ratio,28,0.36390648569379536,0.008294281941087608,0.35122549533843994,0.35487325489521027,0.3578026741743088,0.36162959039211273,0.3701971098780632,0.3794326826930046,0.3839494585990906
TEP,train,unit,training:normal:0077,safe_capacity,28,0.6360935164349419,0.008294280785742899,0.6160505414009094,0.6205672979354858,0.6298029124736786,0.6383704245090485,0.6421973258256912,0.645126736164093,0.6487745046615601
TEP,train,unit,training:normal:0077,rho,28,0.6360935164349419,0.008294280785742899,0.6160505414009094,0.6205672979354858,0.6298029124736786,0.6383704245090485,0.6421973258256912,0.645126736164093,0.6487745046615601
TEP,train,unit,training:normal:0078,critical_energy_ratio,28,0.36602091576371876,0.008438495429766194,0.35181108117103577,0.3535270780324936,0.35755636543035507,0.3677198439836502,0.3724384903907776,0.37792575657367705,0.38150501251220703
TEP,train,unit,training:normal:0078,safe_capacity,28,0.6339790863650185,0.008438496864208136,0.618494987487793,0.6220742434263229,0.6275615245103836,0.632280170917511,0.6424436420202255,0.6464729219675064,0.6481888890266418
TEP,train,unit,training:normal:0078,rho,28,0.6339790863650185,0.008438496864208136,0.618494987487793,0.6220742434263229,0.6275615245103836,0.632280170917511,0.6424436420202255,0.6464729219675064,0.6481888890266418
TEP,train,unit,training:normal:0079,critical_energy_ratio,28,0.3668433896132878,0.009673620572403839,0.35017818212509155,0.35111265927553176,0.3591623082756996,0.3668181896209717,0.37450046092271805,0.3819234386086464,0.3824217617511749
TEP,train,unit,training:normal:0079,safe_capacity,28,0.6331566125154495,0.009673618385773181,0.6175782680511475,0.6180765807628632,0.6254995465278625,0.6331817805767059,0.6408376842737198,0.6488873600959778,0.6498218178749084
TEP,train,unit,training:normal:0079,rho,28,0.6331566125154495,0.009673618385773181,0.6175782680511475,0.6180765807628632,0.6254995465278625,0.6331817805767059,0.6408376842737198,0.6488873600959778,0.6498218178749084
TEP,train,unit,training:normal:0080,critical_energy_ratio,28,0.3723632310117994,0.013427965545266604,0.34780287742614746,0.352768512070179,0.35912200063467026,0.37263844907283783,0.3829171657562256,0.39171880185604097,0.39207491278648376
TEP,train,unit,training:normal:0080,safe_capacity,28,0.6276367668594632,0.013427964136798856,0.6079251170158386,0.6082812070846557,0.6170828491449356,0.627361536026001,0.6408780217170715,0.6472314774990082,0.6521971225738525
TEP,train,unit,training:normal:0080,rho,28,0.6276367668594632,0.013427964136798856,0.6079251170158386,0.6082812070846557,0.6170828491449356,0.627361536026001,0.6408780217170715,0.6472314774990082,0.6521971225738525
TEP,train,unit,training:normal:0081,critical_energy_ratio,28,0.3744936329977853,0.014365566866060067,0.35742026567459106,0.35969073623418807,0.36245275288820267,0.36975347995758057,0.38235629349946976,0.399251788854599,0.40771523118019104
TEP,train,unit,training:normal:0081,safe_capacity,28,0.6255063648734774,0.014365566920555272,0.5922847986221313,0.6007482022047043,0.6176436990499496,0.6302465200424194,0.6375472396612167,0.6403092533349991,0.6425797343254089
TEP,train,unit,training:normal:0081,rho,28,0.6255063648734774,0.014365566920555272,0.5922847986221313,0.6007482022047043,0.6176436990499496,0.6302465200424194,0.6375472396612167,0.6403092533349991,0.6425797343254089
TEP,train,unit,training:normal:0082,critical_energy_ratio,28,0.37016577805791584,0.014010971883724577,0.35025760531425476,0.3517918735742569,0.35899824649095535,0.36653704941272736,0.3798644319176674,0.391855725646019,0.39506131410598755
TEP,train,unit,training:normal:0082,safe_capacity,28,0.6298342219420842,0.014010971424800824,0.6049386858940125,0.608144274353981,0.6201355755329132,0.6334629356861115,0.6410017311573029,0.6482081174850464,0.6497424244880676
TEP,train,unit,training:normal:0082,rho,28,0.6298342219420842,0.014010971424800824,0.6049386858940125,0.608144274353981,0.6201355755329132,0.6334629356861115,0.6410017311573029,0.6482081174850464,0.6497424244880676
TEP,train,unit,training:normal:0083,critical_energy_ratio,28,0.3669189704316003,0.008104131505898981,0.353434681892395,0.3572816148400307,0.35991527885198593,0.36508700251579285,0.3703992962837219,0.3816261410713196,0.38509684801101685
TEP,train,unit,training:normal:0083,safe_capacity,28,0.6330810295683997,0.008104133725392789,0.6149031519889832,0.6183738589286805,0.6296006739139557,0.6349129974842072,0.6400847285985947,0.6427184045314789,0.646565318107605
TEP,train,unit,training:normal:0083,rho,28,0.6330810295683997,0.008104133725392789,0.6149031519889832,0.6183738589286805,0.6296006739139557,0.6349129974842072,0.6400847285985947,0.6427184045314789,0.646565318107605
TEP,train,unit,training:normal:0084,critical_energy_ratio,28,0.36961729930979864,0.014007359118822485,0.344725638628006,0.35121244192123413,0.35572782903909683,0.3699251264333725,0.37865620106458664,0.39453867077827454,0.3975917398929596
TEP,train,unit,training:normal:0084,safe_capacity,28,0.6303826996258327,0.01400736380225539,0.602408230304718,0.6054613202810287,0.6213437914848328,0.6300748586654663,0.6442721784114838,0.6487875580787659,0.6552743315696716
TEP,train,unit,training:normal:0084,rho,28,0.6303826996258327,0.01400736380225539,0.602408230304718,0.6054613202810287,0.6213437914848328,0.6300748586654663,0.6442721784114838,0.6487875580787659,0.6552743315696716
TEP,train,unit,training:normal:0085,critical_energy_ratio,28,0.3612044081091881,0.010565533713428492,0.34745457768440247,0.34926519840955733,0.35373352468013763,0.3564673960208893,0.3708718493580818,0.3802024766802788,0.38299113512039185
TEP,train,unit,training:normal:0085,safe_capacity,28,0.6387955865689686,0.010565537433003645,0.6170088648796082,0.6197975128889084,0.6291281431913376,0.6435326039791107,0.6462664753198624,0.6507347911596298,0.6525454521179199
TEP,train,unit,training:normal:0085,rho,28,0.6387955865689686,0.010565537433003645,0.6170088648796082,0.6197975128889084,0.6291281431913376,0.6435326039791107,0.6462664753198624,0.6507347911596298,0.6525454521179199
TEP,train,unit,training:normal:0086,critical_energy_ratio,28,0.36997545616967337,0.01087915936164257,0.3539830446243286,0.3588604345917702,0.3614830821752548,0.365166038274765,0.3785717338323593,0.3885138362646103,0.3938291668891907
TEP,train,unit,training:normal:0086,safe_capacity,28,0.6300245374441147,0.010879168694217532,0.6061708331108093,0.6114861339330673,0.6214282363653183,0.634833961725235,0.6385169178247452,0.6411395460367203,0.6460169553756714
TEP,train,unit,training:normal:0086,rho,28,0.6300245374441147,0.010879168694217532,0.6061708331108093,0.6114861339330673,0.6214282363653183,0.634833961725235,0.6385169178247452,0.6411395460367203,0.6460169553756714
TEP,train,unit,training:normal:0087,critical_energy_ratio,28,0.3552447898047311,0.005718775983520615,0.34466424584388733,0.34641365706920624,0.35079388320446014,0.35590243339538574,0.35888560116291046,0.3634994104504585,0.3676612973213196
TEP,train,unit,training:normal:0087,safe_capacity,28,0.6447552144527435,0.005718772941563645,0.6323387026786804,0.636500570178032,0.6411143988370895,0.6440975666046143,0.6492061018943787,0.6535863429307938,0.6553357243537903
TEP,train,unit,training:normal:0087,rho,28,0.6447552144527435,0.005718772941563645,0.6323387026786804,0.636500570178032,0.6411143988370895,0.6440975666046143,0.6492061018943787,0.6535863429307938,0.6553357243537903
TEP,train,unit,training:normal:0088,critical_energy_ratio,28,0.3695743413908141,0.007169848556618366,0.3553287386894226,0.3612324133515358,0.36489175260066986,0.36824245750904083,0.37399137020111084,0.38211753517389296,0.38946986198425293
TEP,train,unit,training:normal:0088,safe_capacity,28,0.6304256639310292,0.007169848270133579,0.6105301380157471,0.6178824752569199,0.6260086297988892,0.6317575573921204,0.6351082623004913,0.6387675672769546,0.6446712613105774
TEP,train,unit,training:normal:0088,rho,28,0.6304256639310292,0.007169848270133579,0.6105301380157471,0.6178824752569199,0.6260086297988892,0.6317575573921204,0.6351082623004913,0.6387675672769546,0.6446712613105774
TEP,train,unit,training:normal:0089,critical_energy_ratio,28,0.35803438403776716,0.008685888154389268,0.3429829776287079,0.3439354807138443,0.3515606224536896,0.35961388051509857,0.3623007461428642,0.3681692689657211,0.38329070806503296
TEP,train,unit,training:normal:0089,safe_capacity,28,0.6419656191553388,0.008685882390774486,0.616709291934967,0.6318307310342789,0.6376992613077164,0.6403861343860626,0.6484393924474716,0.6560644894838333,0.6570170521736145
TEP,train,unit,training:normal:0089,rho,28,0.6419656191553388,0.008685882390774486,0.616709291934967,0.6318307310342789,0.6376992613077164,0.6403861343860626,0.6484393924474716,0.6560644894838333,0.6570170521736145
TEP,train,unit,training:normal:0090,critical_energy_ratio,28,0.3751344063452312,0.01066479110345477,0.3595203757286072,0.3612038686871529,0.36806634068489075,0.3732401430606842,0.38176698982715607,0.394559571146965,0.40331152081489563
TEP,train,unit,training:normal:0090,safe_capacity,28,0.6248655957835061,0.010664795461742848,0.596688449382782,0.6054404586553573,0.6182329952716827,0.6267598569393158,0.6319336742162704,0.63879614174366,0.6404796242713928
TEP,train,unit,training:normal:0090,rho,28,0.6248655957835061,0.010664795461742848,0.596688449382782,0.6054404586553573,0.6182329952716827,0.6267598569393158,0.6319336742162704,0.63879614174366,0.6404796242713928
TEP,train,unit,training:normal:0092,critical_energy_ratio,28,0.36070823137249264,0.007534181511154341,0.3488958477973938,0.3515268906950951,0.3542095422744751,0.3582644760608673,0.367180697619915,0.37234789729118345,0.37557530403137207
TEP,train,unit,training:normal:0092,safe_capacity,28,0.6392917739493507,0.007534184182349351,0.6244246959686279,0.6276521325111389,0.6328193247318268,0.6417355239391327,0.6457904577255249,0.6484731286764145,0.6511041522026062
TEP,train,unit,training:normal:0092,rho,28,0.6392917739493507,0.007534184182349351,0.6244246959686279,0.6276521325111389,0.6328193247318268,0.6417355239391327,0.6457904577255249,0.6484731286764145,0.6511041522026062
TEP,train,unit,training:normal:0094,critical_energy_ratio,28,0.3672176014099802,0.010264323307216508,0.3459870517253876,0.3509531900286674,0.3586360812187195,0.36902768909931183,0.3773806169629097,0.3789093136787415,0.38200798630714417
TEP,train,unit,training:normal:0094,safe_capacity,28,0.6327824017831257,0.01026432637383225,0.6179920434951782,0.6210906565189361,0.6226194053888321,0.6309723258018494,0.6413639187812805,0.6490468293428421,0.6540129780769348
TEP,train,unit,training:normal:0094,rho,28,0.6327824017831257,0.01026432637383225,0.6179920434951782,0.6210906565189361,0.6226194053888321,0.6309723258018494,0.6413639187812805,0.6490468293428421,0.6540129780769348
TEP,train,unit,training:normal:0095,critical_energy_ratio,28,0.37110309302806854,0.013054355177267045,0.3552998900413513,0.35622448325157163,0.35986434668302536,0.36893104016780853,0.37861914187669754,0.39669120907783506,0.39777672290802
TEP,train,unit,training:normal:0095,safe_capacity,28,0.6288969091006688,0.013054353348423994,0.60222327709198,0.6033087998628617,0.6213808655738831,0.6310689449310303,0.6401356756687164,0.6437755167484284,0.6447001099586487
TEP,train,unit,training:normal:0095,rho,28,0.6288969091006688,0.013054353348423994,0.60222327709198,0.6033087998628617,0.6213808655738831,0.6310689449310303,0.6401356756687164,0.6437755167484284,0.6447001099586487
TEP,train,unit,training:normal:0096,critical_energy_ratio,28,0.3712535947561264,0.010775827763648948,0.3490396738052368,0.3508389264345169,0.3621535301208496,0.37513239681720734,0.37843869626522064,0.3829749569296837,0.388601154088974
TEP,train,unit,training:normal:0096,safe_capacity,28,0.6287464031151363,0.010775829974598394,0.6113988757133484,0.6170250236988067,0.6215613037347794,0.6248676180839539,0.6378464549779892,0.6491610646247864,0.6509603261947632
TEP,train,unit,training:normal:0096,rho,28,0.6287464031151363,0.010775829974598394,0.6113988757133484,0.6170250236988067,0.6215613037347794,0.6248676180839539,0.6378464549779892,0.6491610646247864,0.6509603261947632
TEP,train,unit,training:normal:0099,critical_energy_ratio,28,0.3621025032230786,0.00826584661332598,0.349318265914917,0.35077913403511046,0.3564527779817581,0.3618366867303848,0.3655453994870186,0.3783832550048828,0.38008913397789
TEP,train,unit,training:normal:0099,safe_capacity,28,0.6378974999700274,0.008265842794229794,0.6199108958244324,0.621616753935814,0.6344545930624008,0.6381633281707764,0.6435472220182419,0.6492208570241929,0.650681734085083
TEP,train,unit,training:normal:0099,rho,28,0.6378974999700274,0.008265842794229794,0.6199108958244324,0.621616753935814,0.6344545930624008,0.6381633281707764,0.6435472220182419,0.6492208570241929,0.650681734085083
TEP,train,unit,training:normal:0100,critical_energy_ratio,28,0.36669609376362394,0.010943397930135537,0.3488304018974304,0.35046989768743514,0.35732215642929077,0.365522563457489,0.3769058883190155,0.38292019069194794,0.3844003677368164
TEP,train,unit,training:normal:0100,safe_capacity,28,0.6333038998501641,0.010943392572069919,0.6155996322631836,0.6170797795057297,0.6230941116809845,0.634477436542511,0.6426778435707092,0.6495300829410553,0.6511695981025696
TEP,train,unit,training:normal:0100,rho,28,0.6333038998501641,0.010943392572069919,0.6155996322631836,0.6170797795057297,0.6230941116809845,0.634477436542511,0.6426778435707092,0.6495300829410553,0.6511695981025696
TEP,train,unit,training:normal:0101,critical_energy_ratio,28,0.36502207815647125,0.007784615614244468,0.3551011085510254,0.3561541005969048,0.35804765671491623,0.36440230906009674,0.37057022750377655,0.37804776430130005,0.3859545886516571
TEP,train,unit,training:normal:0101,safe_capacity,28,0.6349779261010033,0.007784609968512542,0.6140454411506653,0.6219522655010223,0.6294297724962234,0.6355976760387421,0.641952320933342,0.6438459098339081,0.6448988914489746
TEP,train,unit,training:normal:0101,rho,28,0.6349779261010033,0.007784609968512542,0.6140454411506653,0.6219522655010223,0.6294297724962234,0.6355976760387421,0.641952320933342,0.6438459098339081,0.6448988914489746
TEP,train,unit,training:normal:0102,critical_energy_ratio,28,0.3657764909522874,0.006878684957273973,0.35472431778907776,0.35673297494649886,0.36058713495731354,0.3644164353609085,0.37108807265758514,0.376482754945755,0.3816131353378296
TEP,train,unit,training:normal:0102,safe_capacity,28,0.6342235037258693,0.006878675886280368,0.6183868646621704,0.6235172748565674,0.6289119124412537,0.6355835497379303,0.6394128352403641,0.6432670056819916,0.6452756524085999
TEP,train,unit,training:normal:0102,rho,28,0.6342235037258693,0.006878675886280368,0.6183868646621704,0.6235172748565674,0.6289119124412537,0.6355835497379303,0.6394128352403641,0.6432670056819916,0.6452756524085999
TEP,train,unit,training:normal:0106,critical_energy_ratio,28,0.3549866410238402,0.006115834047066238,0.34431108832359314,0.34597146064043044,0.3487079218029976,0.35591647028923035,0.3592950999736786,0.3649970605969429,0.36564144492149353
TEP,train,unit,training:normal:0106,safe_capacity,28,0.6450133515255791,0.006115836912769065,0.6343585252761841,0.63500294983387,0.640704870223999,0.6440835297107697,0.6512920558452606,0.6540285587310791,0.6556889414787292
TEP,train,unit,training:normal:0106,rho,28,0.6450133515255791,0.006115836912769065,0.6343585252761841,0.63500294983387,0.640704870223999,0.6440835297107697,0.6512920558452606,0.6540285587310791,0.6556889414787292
TEP,train,unit,training:normal:0108,critical_energy_ratio,28,0.3692818411758968,0.009723775933020214,0.35554903745651245,0.358695413172245,0.3611011654138565,0.3656177967786789,0.3801116719841957,0.384461809694767,0.38765448331832886
TEP,train,unit,training:normal:0108,safe_capacity,28,0.6307181652103152,0.00972377610055876,0.6123455166816711,0.6155382007360458,0.6198883503675461,0.6343822181224823,0.6388988345861435,0.6413046061992645,0.6444509625434875
TEP,train,unit,training:normal:0108,rho,28,0.6307181652103152,0.00972377610055876,0.6123455166816711,0.6155382007360458,0.6198883503675461,0.6343822181224823,0.6388988345861435,0.6413046061992645,0.6444509625434875
TEP,train,unit,training:normal:0109,critical_energy_ratio,28,0.3656603129846709,0.010068954435794796,0.34484216570854187,0.35053802877664564,0.3564259931445122,0.3647122085094452,0.37523120641708374,0.37938041239976883,0.3825569152832031
TEP,train,unit,training:normal:0109,safe_capacity,28,0.6343396816934858,0.010068947650573274,0.6174430847167969,0.6206196069717407,0.6247688084840775,0.6352877616882324,0.6435739994049072,0.6494619518518447,0.6551578044891357
TEP,train,unit,training:normal:0109,rho,28,0.6343396816934858,0.010068947650573274,0.6174430847167969,0.6206196069717407,0.6247688084840775,0.6352877616882324,0.6435739994049072,0.6494619518518447,0.6551578044891357
TEP,train,unit,training:normal:0110,critical_energy_ratio,28,0.361963862819331,0.007217943871325891,0.35140374302864075,0.35240358412265776,0.35687537491321564,0.361240029335022,0.3650580123066902,0.37691789120435715,0.3800167441368103
TEP,train,unit,training:normal:0110,safe_capacity,28,0.6380361318588257,0.007217942368819019,0.6199832558631897,0.62308209836483,0.6349420100450516,0.638759970664978,0.6431246399879456,0.6475964158773422,0.6485962271690369
TEP,train,unit,training:normal:0110,rho,28,0.6380361318588257,0.007217942368819019,0.6199832558631897,0.62308209836483,0.6349420100450516,0.638759970664978,0.6431246399879456,0.6475964158773422,0.6485962271690369
TEP,train,unit,training:normal:0111,critical_energy_ratio,28,0.3638848311134747,0.008058974801529626,0.35242071747779846,0.3550219714641571,0.3565828800201416,0.36118052899837494,0.3720618188381195,0.3760706320405006,0.3776775002479553
TEP,train,unit,training:normal:0111,safe_capacity,28,0.636115163564682,0.008058970532159999,0.6223224997520447,0.6239293485879898,0.6279381811618805,0.6388194561004639,0.6434171348810196,0.6449780374765396,0.6475792527198792
TEP,train,unit,training:normal:0111,rho,28,0.636115163564682,0.008058970532159999,0.6223224997520447,0.6239293485879898,0.6279381811618805,0.6388194561004639,0.6434171348810196,0.6449780374765396,0.6475792527198792
TEP,train,unit,training:normal:0112,critical_energy_ratio,28,0.3644899087292807,0.010581422231549242,0.3510010838508606,0.3517038181424141,0.3561258465051651,0.36147341132164,0.37416084110736847,0.3830720603466034,0.38667547702789307
TEP,train,unit,training:normal:0112,safe_capacity,28,0.6355100848845073,0.010581424553786248,0.6133245229721069,0.6169279396533967,0.6258391290903091,0.63852658867836,0.6438741534948349,0.6482962012290955,0.6489989161491394
TEP,train,unit,training:normal:0112,rho,28,0.6355100848845073,0.010581424553786248,0.6133245229721069,0.6169279396533967,0.6258391290903091,0.63852658867836,0.6438741534948349,0.6482962012290955,0.6489989161491394
TEP,train,unit,training:normal:0113,critical_energy_ratio,28,0.36607653754098074,0.008756624020842395,0.350839763879776,0.35318959057331084,0.3610207438468933,0.36655180156230927,0.37081021815538406,0.3800764620304108,0.3873360753059387
TEP,train,unit,training:normal:0113,safe_capacity,28,0.6339234603302819,0.008756625117327171,0.6126639246940613,0.6199235379695892,0.6291898041963577,0.6334481835365295,0.6389792263507843,0.6468104094266891,0.6491602659225464
TEP,train,unit,training:normal:0113,rho,28,0.6339234603302819,0.008756625117327171,0.6126639246940613,0.6199235379695892,0.6291898041963577,0.6334481835365295,0.6389792263507843,0.6468104094266891,0.6491602659225464
TEP,train,unit,training:normal:0114,critical_energy_ratio,28,0.36482306995562147,0.009492222805157621,0.3495248854160309,0.35436603277921674,0.3584844693541527,0.36348116397857666,0.36822451651096344,0.3855558320879936,0.3876205086708069
TEP,train,unit,training:normal:0114,safe_capacity,28,0.6351769353662219,0.009492226550340674,0.6123794913291931,0.6144441574811935,0.6317754834890366,0.6365188360214233,0.6415155529975891,0.6456339567899704,0.6504751443862915
TEP,train,unit,training:normal:0114,rho,28,0.6351769353662219,0.009492226550340674,0.6123794913291931,0.6144441574811935,0.6317754834890366,0.6365188360214233,0.6415155529975891,0.6456339567899704,0.6504751443862915
TEP,train,unit,training:normal:0115,critical_energy_ratio,28,0.35946119896003176,0.00619875370345964,0.35030779242515564,0.3508087694644928,0.35412999242544174,0.358253538608551,0.36489489674568176,0.36887504905462265,0.37108051776885986
TEP,train,unit,training:normal:0115,safe_capacity,28,0.6405388031687055,0.006198753740737079,0.6289194822311401,0.6311249703168869,0.6351051181554794,0.6417464315891266,0.6458700299263,0.6491912305355072,0.6496922373771667
TEP,train,unit,training:normal:0115,rho,28,0.6405388031687055,0.006198753740737079,0.6289194822311401,0.6311249703168869,0.6351051181554794,0.6417464315891266,0.6458700299263,0.6491912305355072,0.6496922373771667
TEP,train,unit,training:normal:0116,critical_energy_ratio,28,0.3809046117322786,0.013832775239499578,0.35763248801231384,0.3619527265429497,0.36867934465408325,0.38012276589870453,0.39497969299554825,0.40144741237163545,0.403227835893631
TEP,train,unit,training:normal:0116,safe_capacity,28,0.6190953829458782,0.01383276772741002,0.5967721343040466,0.598552617430687,0.6050203144550323,0.6198772192001343,0.6313206553459167,0.6380472540855407,0.6423674821853638
TEP,train,unit,training:normal:0116,rho,28,0.6190953829458782,0.01383276772741002,0.5967721343040466,0.598552617430687,0.6050203144550323,0.6198772192001343,0.6313206553459167,0.6380472540855407,0.6423674821853638
TEP,train,unit,training:normal:0117,critical_energy_ratio,28,0.3558748534747532,0.007138004325662526,0.34384870529174805,0.34579248130321505,0.3515283912420273,0.35377706587314606,0.36133624613285065,0.36861824095249174,0.37274786829948425
TEP,train,unit,training:normal:0117,safe_capacity,28,0.6441251507827214,0.007137997395677284,0.6272521615028381,0.631381767988205,0.6386637836694717,0.6462229192256927,0.6484716385602951,0.654207518696785,0.656151294708252
TEP,train,unit,training:normal:0117,rho,28,0.6441251507827214,0.007137997395677284,0.6272521615028381,0.631381767988205,0.6386637836694717,0.6462229192256927,0.6484716385602951,0.654207518696785,0.656151294708252
TEP,train,unit,training:normal:0119,critical_energy_ratio,28,0.3623536708099501,0.007632755569489643,0.3532997667789459,0.35442372113466264,0.357429176568985,0.3595750480890274,0.36449364572763443,0.38080883920192715,0.38362693786621094
TEP,train,unit,training:normal:0119,safe_capacity,28,0.6376463281256812,0.007632761837050096,0.6163730621337891,0.6191911309957504,0.6355063617229462,0.6404249370098114,0.6425708532333374,0.6455762982368469,0.6467002630233765
TEP,train,unit,training:normal:0119,rho,28,0.6376463281256812,0.007632761837050096,0.6163730621337891,0.6191911309957504,0.6355063617229462,0.6404249370098114,0.6425708532333374,0.6455762982368469,0.6467002630233765
TEP,train,unit,training:normal:0120,critical_energy_ratio,28,0.3589742524283273,0.006666435283008716,0.3511447012424469,0.35179968625307084,0.35438448190689087,0.35593976080417633,0.363174170255661,0.36943813860416413,0.3783820867538452
TEP,train,unit,training:normal:0120,safe_capacity,28,0.6410257454429354,0.006666437308366464,0.6216179132461548,0.6305618315935135,0.6368258148431778,0.6440602540969849,0.6456155180931091,0.6482003033161163,0.6488553285598755
TEP,train,unit,training:normal:0120,rho,28,0.6410257454429354,0.006666437308366464,0.6216179132461548,0.6305618315935135,0.6368258148431778,0.6440602540969849,0.6456155180931091,0.6482003033161163,0.6488553285598755
TEP,train,unit,training:normal:0122,critical_energy_ratio,28,0.3622591293283871,0.004962772429785897,0.3533768653869629,0.35435058623552323,0.3575097545981407,0.3634708970785141,0.3653470650315285,0.37042754888534546,0.37057074904441833
TEP,train,unit,training:normal:0122,safe_capacity,28,0.6377408674785069,0.004962779188146824,0.6294292211532593,0.6295724511146545,0.6346529126167297,0.6365290880203247,0.6424902528524399,0.6456494241952896,0.6466231346130371
TEP,train,unit,training:normal:0122,rho,28,0.6377408674785069,0.004962779188146824,0.6294292211532593,0.6295724511146545,0.6346529126167297,0.6365290880203247,0.6424902528524399,0.6456494241952896,0.6466231346130371
TEP,train,unit,training:normal:0123,critical_energy_ratio,28,0.3717512424503054,0.012386342270669096,0.35681676864624023,0.3592847570776939,0.3644135743379593,0.3679927885532379,0.37365658581256866,0.3978282228112221,0.3989728093147278
TEP,train,unit,training:normal:0123,safe_capacity,28,0.6282487511634827,0.012386342100096887,0.6010271906852722,0.6021717578172684,0.6263434290885925,0.6320071816444397,0.6355863958597183,0.6407152324914932,0.6431832313537598
TEP,train,unit,training:normal:0123,rho,28,0.6282487511634827,0.012386342100096887,0.6010271906852722,0.6021717578172684,0.6263434290885925,0.6320071816444397,0.6355863958597183,0.6407152324914932,0.6431832313537598
TEP,train,unit,training:normal:0124,critical_energy_ratio,28,0.3581910239798682,0.006034825659531567,0.34766867756843567,0.34861789345741273,0.35418008267879486,0.3574903607368469,0.36210785806179047,0.3688164383172989,0.36987972259521484
TEP,train,unit,training:normal:0124,safe_capacity,28,0.6418089802776065,0.00603482888631201,0.6301202774047852,0.6311835527420044,0.6378921121358871,0.6425096392631531,0.6458199173212051,0.6513821065425873,0.6523313522338867
TEP,train,unit,training:normal:0124,rho,28,0.6418089802776065,0.00603482888631201,0.6301202774047852,0.6311835527420044,0.6378921121358871,0.6425096392631531,0.6458199173212051,0.6513821065425873,0.6523313522338867
TEP,train,unit,training:normal:0125,critical_energy_ratio,28,0.3649119362235069,0.012017245213606725,0.3488292992115021,0.3497868448495865,0.35341043025255203,0.3653060346841812,0.3763607442378998,0.38198876529932024,0.3826220631599426
TEP,train,unit,training:normal:0125,safe_capacity,28,0.6350880648408618,0.012017244924376376,0.6173779368400574,0.6180112153291702,0.6236392259597778,0.63469398021698,0.6465895920991898,0.6502131462097168,0.6511706709861755
TEP,train,unit,training:normal:0125,rho,28,0.6350880648408618,0.012017244924376376,0.6173779368400574,0.6180112153291702,0.6236392259597778,0.63469398021698,0.6465895920991898,0.6502131462097168,0.6511706709861755
TEP,train,unit,training:normal:0126,critical_energy_ratio,28,0.36810764563935144,0.011978563544131801,0.34949129819869995,0.349921940267086,0.35920945554971695,0.3688107281923294,0.3745662048459053,0.38852917701005935,0.3955043852329254
TEP,train,unit,training:normal:0126,safe_capacity,28,0.6318923596824918,0.011978562020793159,0.604495644569397,0.6114708036184311,0.6254338175058365,0.6311892867088318,0.6407905519008636,0.6500780791044235,0.6505087018013
TEP,train,unit,training:normal:0126,rho,28,0.6318923596824918,0.011978562020793159,0.604495644569397,0.6114708036184311,0.6254338175058365,0.6311892867088318,0.6407905519008636,0.6500780791044235,0.6505087018013
TEP,train,unit,training:normal:0127,critical_energy_ratio,28,0.36201133366142,0.006057601273122143,0.3495900630950928,0.353487528860569,0.35644975304603577,0.3637257069349289,0.36669114232063293,0.37029762119054793,0.37252065539360046
TEP,train,unit,training:normal:0127,safe_capacity,28,0.6379886737891606,0.00605760272812867,0.6274793744087219,0.6297023981809616,0.6333088427782059,0.6362743079662323,0.6435502767562866,0.6465124905109405,0.6504099369049072
TEP,train,unit,training:normal:0127,rho,28,0.6379886737891606,0.00605760272812867,0.6274793744087219,0.6297023981809616,0.6333088427782059,0.6362743079662323,0.6435502767562866,0.6465124905109405,0.6504099369049072
TEP,train,unit,training:normal:0131,critical_energy_ratio,28,0.3683554966534887,0.011054040753304547,0.3500734865665436,0.35258940160274505,0.36098072677850723,0.36598607897758484,0.37707632780075073,0.387054280936718,0.3885197341442108
TEP,train,unit,training:normal:0131,safe_capacity,28,0.6316445065396172,0.011054040984312187,0.6114802360534668,0.6129457294940949,0.6229236721992493,0.6340139210224152,0.6390192806720734,0.6474105685949325,0.6499265432357788
TEP,train,unit,training:normal:0131,rho,28,0.6316445065396172,0.011054040984312187,0.6114802360534668,0.6129457294940949,0.6229236721992493,0.6340139210224152,0.6390192806720734,0.6474105685949325,0.6499265432357788
TEP,train,unit,training:normal:0132,critical_energy_ratio,28,0.35739157455308096,0.00407058810732533,0.3495994806289673,0.35028609335422517,0.3548806309700012,0.35733889043331146,0.360063873231411,0.3641711100935936,0.3652135729789734
TEP,train,unit,training:normal:0132,safe_capacity,28,0.6426084211894444,0.004070583794743951,0.6347864270210266,0.6358288794755935,0.6399361044168472,0.6426611244678497,0.6451193392276764,0.6497138768434525,0.6504005193710327
TEP,train,unit,training:normal:0132,rho,28,0.6426084211894444,0.004070583794743951,0.6347864270210266,0.6358288794755935,0.6399361044168472,0.6426611244678497,0.6451193392276764,0.6497138768434525,0.6504005193710327
TEP,train,unit,training:normal:0134,critical_energy_ratio,28,0.36853240323918207,0.013472137309997061,0.3516766428947449,0.354009547829628,0.3580261766910553,0.36347247660160065,0.37697120755910873,0.39628654420375825,0.3998414874076843
TEP,train,unit,training:normal:0134,safe_capacity,28,0.6314676042113986,0.013472135332175372,0.6001585125923157,0.6037134557962418,0.6230288147926331,0.6365275382995605,0.6419738233089447,0.6459904611110687,0.6483233571052551
TEP,train,unit,training:normal:0134,rho,28,0.6314676042113986,0.013472135332175372,0.6001585125923157,0.6037134557962418,0.6230288147926331,0.6365275382995605,0.6419738233089447,0.6459904611110687,0.6483233571052551
TEP,train,unit,training:normal:0137,critical_energy_ratio,28,0.37074276485613417,0.006332325712737983,0.35479679703712463,0.3594002738595009,0.36746490746736526,0.37157247960567474,0.3758968338370323,0.378823421895504,0.3811010420322418
TEP,train,unit,training:normal:0137,safe_capacity,28,0.6292572383369718,0.006332324324529591,0.6188989877700806,0.6211765885353089,0.6241031438112259,0.6284275352954865,0.6325350850820541,0.6405997157096863,0.6452032327651978
TEP,train,unit,training:normal:0137,rho,28,0.6292572383369718,0.006332324324529591,0.6188989877700806,0.6211765885353089,0.6241031438112259,0.6284275352954865,0.6325350850820541,0.6405997157096863,0.6452032327651978
TEP,train,unit,training:normal:0138,critical_energy_ratio,28,0.36319449863263537,0.004983347763791332,0.35417044162750244,0.35621396601200106,0.35976675897836685,0.3629901260137558,0.36578812450170517,0.37217957675457003,0.3755699098110199
TEP,train,unit,training:normal:0138,safe_capacity,28,0.6368055045604706,0.004983350068356715,0.6244300603866577,0.62782042324543,0.6342118680477142,0.6370098888874054,0.6402332484722137,0.6437860250473022,0.6458295583724976
TEP,train,unit,training:normal:0138,rho,28,0.6368055045604706,0.004983350068356715,0.6244300603866577,0.62782042324543,0.6342118680477142,0.6370098888874054,0.6402332484722137,0.6437860250473022,0.6458295583724976
TEP,train,unit,training:normal:0139,critical_energy_ratio,28,0.36203145661524366,0.009745441182275948,0.34339603781700134,0.34550629556179047,0.35499655455350876,0.36057667434215546,0.36903976649045944,0.37754765450954436,0.3808485269546509
TEP,train,unit,training:normal:0139,safe_capacity,28,0.637968544449125,0.009745441666596638,0.6191514730453491,0.622452336549759,0.63096022605896,0.6394233107566833,0.6450034528970718,0.6544937044382095,0.6566039323806763
TEP,train,unit,training:normal:0139,rho,28,0.637968544449125,0.009745441666596638,0.6191514730453491,0.622452336549759,0.63096022605896,0.6394233107566833,0.6450034528970718,0.6544937044382095,0.6566039323806763
TEP,train,unit,training:normal:0140,critical_energy_ratio,28,0.363723275916917,0.01313527171832445,0.3500429391860962,0.3509675696492195,0.35402391850948334,0.36006566882133484,0.3679075837135315,0.3928161382675171,0.39607274532318115
TEP,train,unit,training:normal:0140,safe_capacity,28,0.636276724083083,0.013135270993043634,0.6039272546768188,0.607183861732483,0.6320924013853073,0.6399343311786652,0.6459760516881943,0.64903244972229,0.6499570608139038
TEP,train,unit,training:normal:0140,rho,28,0.636276724083083,0.013135270993043634,0.6039272546768188,0.607183861732483,0.6320924013853073,0.6399343311786652,0.6459760516881943,0.64903244972229,0.6499570608139038
TEP,train,unit,training:normal:0141,critical_energy_ratio,28,0.3716584326965468,0.01388036591530391,0.35114818811416626,0.35367858558893206,0.36091963946819305,0.3669923096895218,0.38370322436094284,0.39368717968463895,0.4020725190639496
TEP,train,unit,training:normal:0141,safe_capacity,28,0.6283415662390845,0.013880368524176437,0.5979275107383728,0.6063127905130387,0.6162967532873154,0.6330077052116394,0.639080360531807,0.6463214248418808,0.6488518118858337
TEP,train,unit,training:normal:0141,rho,28,0.6283415662390845,0.013880368524176437,0.5979275107383728,0.6063127905130387,0.6162967532873154,0.6330077052116394,0.639080360531807,0.6463214248418808,0.6488518118858337
TEP,train,unit,training:normal:0142,critical_energy_ratio,28,0.36383982428482603,0.007518322821346408,0.34724995493888855,0.349705208837986,0.35979752242565155,0.3644033968448639,0.3685041442513466,0.3745055511593819,0.3805191218852997
TEP,train,unit,training:normal:0142,safe_capacity,28,0.6361601799726486,0.007518329351127621,0.6194808483123779,0.6254944682121277,0.6314958333969116,0.6355966031551361,0.6402024924755096,0.6502948015928268,0.6527500748634338
TEP,train,unit,training:normal:0142,rho,28,0.6361601799726486,0.007518329351127621,0.6194808483123779,0.6254944682121277,0.6314958333969116,0.6355966031551361,0.6402024924755096,0.6502948015928268,0.6527500748634338
TEP,train,unit,training:normal:0144,critical_energy_ratio,28,0.3614327311515808,0.007130954764591052,0.35172104835510254,0.3536517694592476,0.3569803908467293,0.3596840500831604,0.36399009823799133,0.37767415791749953,0.3788384199142456
TEP,train,unit,training:normal:0144,safe_capacity,28,0.6385672645909446,0.0071309558892144725,0.6211615800857544,0.6223258227109909,0.6360099017620087,0.6403159201145172,0.6430196166038513,0.6463482111692429,0.6482789516448975
TEP,train,unit,training:normal:0144,rho,28,0.6385672645909446,0.0071309558892144725,0.6211615800857544,0.6223258227109909,0.6360099017620087,0.6403159201145172,0.6430196166038513,0.6463482111692429,0.6482789516448975
TEP,train,unit,training:normal:0145,critical_energy_ratio,28,0.363051424069064,0.010489706555467321,0.3485189378261566,0.3515014111995697,0.35558580607175827,0.35862818360328674,0.37370920926332474,0.38072374314069746,0.3843449056148529
TEP,train,unit,training:normal:0145,safe_capacity,28,0.6369485748665673,0.010489705790984589,0.6156551241874695,0.6192762464284897,0.6262907832860947,0.6413718163967133,0.6444142013788223,0.6484985977411271,0.651481032371521
TEP,train,unit,training:normal:0145,rho,28,0.6369485748665673,0.010489705790984589,0.6156551241874695,0.6192762464284897,0.6262907832860947,0.6413718163967133,0.6444142013788223,0.6484985977411271,0.651481032371521
TEP,train,unit,training:normal:0146,critical_energy_ratio,28,0.36405449360609055,0.007957232697204077,0.3497171401977539,0.3528932958841324,0.3585765063762665,0.36253371834754944,0.37005549669265747,0.37571619302034376,0.378500372171402
TEP,train,unit,training:normal:0146,safe_capacity,28,0.6359455032008035,0.007957228528165626,0.6214996576309204,0.6242837876081466,0.6299445033073425,0.6374662518501282,0.6414234936237335,0.6471066951751709,0.6502828598022461
TEP,train,unit,training:normal:0146,rho,28,0.6359455032008035,0.007957228528165626,0.6214996576309204,0.6242837876081466,0.6299445033073425,0.6374662518501282,0.6414234936237335,0.6471066951751709,0.6502828598022461
TEP,train,unit,training:normal:0147,critical_energy_ratio,28,0.37075758299657274,0.011425949071684637,0.35333937406539917,0.3543650612235069,0.36163463443517685,0.37125180661678314,0.377527117729187,0.39062865972518923,0.3959347605705261
TEP,train,unit,training:normal:0147,safe_capacity,28,0.6292424138103213,0.011425946929767084,0.6040652394294739,0.6093713402748108,0.622472882270813,0.6287481784820557,0.6383653432130814,0.6456349283456803,0.6466606259346008
TEP,train,unit,training:normal:0147,rho,28,0.6292424138103213,0.011425946929767084,0.6040652394294739,0.6093713402748108,0.622472882270813,0.6287481784820557,0.6383653432130814,0.6456349283456803,0.6466606259346008
TEP,train,unit,training:normal:0148,critical_energy_ratio,28,0.3685909445796694,0.013525002081162425,0.3408578932285309,0.3434367686510086,0.3620218113064766,0.3688448667526245,0.3785136044025421,0.3886761054396629,0.39040786027908325
TEP,train,unit,training:normal:0148,safe_capacity,28,0.6314090618065425,0.013525006339253255,0.6095921397209167,0.6113239139318466,0.6214863955974579,0.6311551630496979,0.637978196144104,0.6565632313489914,0.6591421365737915
TEP,train,unit,training:normal:0148,rho,28,0.6314090618065425,0.013525006339253255,0.6095921397209167,0.6113239139318466,0.6214863955974579,0.6311551630496979,0.637978196144104,0.6565632313489914,0.6591421365737915
TEP,train,unit,training:normal:0149,critical_energy_ratio,28,0.3644397482275963,0.009136318133341743,0.3502749502658844,0.3526264041662216,0.35548093914985657,0.3629845082759857,0.37230584025382996,0.37801666408777235,0.3786413073539734
TEP,train,unit,training:normal:0149,safe_capacity,28,0.6355602443218231,0.009136317419809305,0.6213586926460266,0.621983316540718,0.6276941299438477,0.6370154917240143,0.6445190608501434,0.647373566031456,0.6497250199317932
TEP,train,unit,training:normal:0149,rho,28,0.6355602443218231,0.009136317419809305,0.6213586926460266,0.621983316540718,0.6276941299438477,0.6370154917240143,0.6445190608501434,0.647373566031456,0.6497250199317932
TEP,train,unit,training:normal:0150,critical_energy_ratio,28,0.3653493768402508,0.0073485391344799665,0.3497612476348877,0.35377488285303116,0.3615119010210037,0.36443784832954407,0.371443934738636,0.37585446089506147,0.38147273659706116
TEP,train,unit,training:normal:0150,safe_capacity,28,0.6346506284815925,0.007348538437886001,0.6185272932052612,0.6241455197334289,0.6285560429096222,0.6355621516704559,0.6384880989789963,0.6462251275777817,0.6502387523651123
TEP,train,unit,training:normal:0150,rho,28,0.6346506284815925,0.007348538437886001,0.6185272932052612,0.6241455197334289,0.6285560429096222,0.6355621516704559,0.6384880989789963,0.6462251275777817,0.6502387523651123
TEP,train,unit,training:normal:0151,critical_energy_ratio,28,0.368132872240884,0.007675850570385315,0.35155248641967773,0.3570702627301216,0.3630248084664345,0.3675380349159241,0.3747105598449707,0.3793359324336052,0.3804783821105957
TEP,train,unit,training:normal:0151,safe_capacity,28,0.6318671192441668,0.0076758512694618105,0.6195216178894043,0.6206640779972077,0.6252894550561905,0.6324619650840759,0.6369751840829849,0.6429297178983688,0.6484475135803223
TEP,train,unit,training:normal:0151,rho,28,0.6318671192441668,0.0076758512694618105,0.6195216178894043,0.6206640779972077,0.6252894550561905,0.6324619650840759,0.6369751840829849,0.6429297178983688,0.6484475135803223
TEP,train,unit,training:normal:0153,critical_energy_ratio,28,0.3778357282280922,0.012963734586646795,0.35934385657310486,0.3623360589146614,0.3646926134824753,0.3748556077480316,0.3883589953184128,0.398285448551178,0.400007963180542
TEP,train,unit,training:normal:0153,safe_capacity,28,0.6221642707075391,0.01296372870807656,0.599992036819458,0.6017145603895188,0.6116410046815872,0.6251444220542908,0.6353073865175247,0.6376639604568481,0.6406561136245728
TEP,train,unit,training:normal:0153,rho,28,0.6221642707075391,0.01296372870807656,0.599992036819458,0.6017145603895188,0.6116410046815872,0.6251444220542908,0.6353073865175247,0.6376639604568481,0.6406561136245728
TEP,train,unit,training:normal:0154,critical_energy_ratio,28,0.37064091861248016,0.012508980024635064,0.3481253981590271,0.3517362982034683,0.36127523332834244,0.3687833696603775,0.3805185854434967,0.39157656729221346,0.3936195969581604
TEP,train,unit,training:normal:0154,safe_capacity,28,0.6293590877737317,0.01250896912498599,0.6063804030418396,0.6084234625101089,0.6194814443588257,0.6312166154384613,0.6387247741222382,0.6482636719942093,0.6518746018409729
TEP,train,unit,training:normal:0154,rho,28,0.6293590877737317,0.01250896912498599,0.6063804030418396,0.6084234625101089,0.6194814443588257,0.6312166154384613,0.6387247741222382,0.6482636719942093,0.6518746018409729
TEP,train,unit,training:normal:0155,critical_energy_ratio,28,0.3668235700045313,0.010318819308641645,0.3473610281944275,0.3502784878015518,0.3598092347383499,0.3661660999059677,0.37533488869667053,0.3813452377915382,0.3851248323917389
TEP,train,unit,training:normal:0155,safe_capacity,28,0.6331764310598373,0.010318815265638706,0.6148751974105835,0.6186547726392746,0.6246651113033295,0.6338338851928711,0.6401907652616501,0.6497215121984482,0.6526389718055725
TEP,train,unit,training:normal:0155,rho,28,0.6331764310598373,0.010318815265638706,0.6148751974105835,0.6186547726392746,0.6246651113033295,0.6338338851928711,0.6401907652616501,0.6497215121984482,0.6526389718055725
TEP,train,unit,training:normal:0156,critical_energy_ratio,28,0.36463634776217596,0.010003143096869069,0.35168805718421936,0.3528560891747475,0.3565620332956314,0.3625350743532181,0.37010426074266434,0.38549899160861967,0.38936933875083923
TEP,train,unit,training:normal:0156,safe_capacity,28,0.6353636490447181,0.010003137565992633,0.6106306910514832,0.6145010381937027,0.6298957318067551,0.6374649405479431,0.6434379667043686,0.6471439301967621,0.6483119130134583
TEP,train,unit,training:normal:0156,rho,28,0.6353636490447181,0.010003137565992633,0.6106306910514832,0.6145010381937027,0.6298957318067551,0.6374649405479431,0.6434379667043686,0.6471439301967621,0.6483119130134583
TEP,train,unit,training:normal:0158,critical_energy_ratio,28,0.36785867703812464,0.009246686166576194,0.3489626944065094,0.35575452595949175,0.3613072410225868,0.36717434227466583,0.37470264732837677,0.3826065644621849,0.38705599308013916
TEP,train,unit,training:normal:0158,safe_capacity,28,0.6321413261549813,0.00924668306061147,0.6129440069198608,0.6173934459686279,0.6252973526716232,0.6328256726264954,0.6386927366256714,0.6442454844713211,0.651037335395813
TEP,train,unit,training:normal:0158,rho,28,0.6321413261549813,0.00924668306061147,0.6129440069198608,0.6173934459686279,0.6252973526716232,0.6328256726264954,0.6386927366256714,0.6442454844713211,0.651037335395813
TEP,train,unit,training:normal:0159,critical_energy_ratio,28,0.367150006549699,0.011999023587909781,0.34722480177879333,0.3501390591263771,0.35935163497924805,0.3675335645675659,0.3715518042445183,0.3905234977602959,0.39342808723449707
TEP,train,unit,training:normal:0159,safe_capacity,28,0.6328499891928264,0.011999020411509013,0.6065719127655029,0.609476512670517,0.6284481734037399,0.6324664354324341,0.640648365020752,0.6498609215021134,0.6527751684188843
TEP,train,unit,training:normal:0159,rho,28,0.6328499891928264,0.011999020411509013,0.6065719127655029,0.609476512670517,0.6284481734037399,0.6324664354324341,0.640648365020752,0.6498609215021134,0.6527751684188843
TEP,train,fault_type,0,critical_energy_ratio,3584,0.36573455640713554,0.011260647442412161,0.3408578932285309,0.3504217877984047,0.35741520673036575,0.36405526101589203,0.37241658568382263,0.3868651628494263,0.41016578674316406
TEP,train,fault_type,0,safe_capacity,3584,0.6342654434764492,0.011260646577624371,0.5898342132568359,0.6131348371505737,0.627583384513855,0.6359447538852692,0.6425847858190536,0.649578207731247,0.6591421365737915
TEP,train,fault_type,0,rho,3584,0.6342654434764492,0.011260646577624371,0.5898342132568359,0.6131348371505737,0.627583384513855,0.6359447538852692,0.6425847858190536,0.649578207731247,0.6591421365737915
TEP,train,fault_type,1,critical_energy_ratio,156,0.5193439064881741,0.018245986240330234,0.499331533908844,0.5007094591856003,0.5030132532119751,0.5120691955089569,0.5346821248531342,0.5515811443328857,0.5558047294616699
TEP,train,fault_type,1,safe_capacity,156,0.4806560931297449,0.01824598686211275,0.4441952705383301,0.44841885566711426,0.46531790494918823,0.4879307895898819,0.4969867467880249,0.4992905408143997,0.500668466091156
TEP,train,fault_type,1,rho,156,0.4806560931297449,0.01824598686211275,0.4441952705383301,0.44841885566711426,0.46531790494918823,0.4879307895898819,0.4969867467880249,0.4992905408143997,0.500668466091156
TEP,train,fault_type,2,critical_energy_ratio,156,0.49297728809790736,0.02584630446617532,0.46880966424942017,0.4705556258559227,0.47260139137506485,0.47957611083984375,0.5098080486059189,0.544256865978241,0.5464629530906677
TEP,train,fault_type,2,safe_capacity,156,0.5070227122841737,0.02584630400300283,0.4535370469093323,0.4557431638240814,0.4901919439435005,0.5204238891601562,0.5273985862731934,0.5294443517923355,0.5311903357505798
TEP,train,fault_type,2,rho,156,0.5070227122841737,0.02584630400300283,0.4535370469093323,0.4557431638240814,0.4901919439435005,0.5204238891601562,0.5273985862731934,0.5294443517923355,0.5311903357505798
TEP,train,fault_type,3,critical_energy_ratio,156,0.36506668535562664,0.010724825410897743,0.346769779920578,0.35093410313129425,0.35727449506521225,0.36349132657051086,0.37073882669210434,0.386127807199955,0.3940000832080841
TEP,train,fault_type,3,safe_capacity,156,0.6349333131160492,0.010724827360655134,0.6059998869895935,0.6138721704483032,0.6292611509561539,0.6365086734294891,0.642725482583046,0.6490658968687057,0.6532302498817444
TEP,train,fault_type,3,rho,156,0.6349333131160492,0.010724827360655134,0.6059998869895935,0.6138721704483032,0.6292611509561539,0.6365086734294891,0.642725482583046,0.6490658968687057,0.6532302498817444
TEP,train,fault_type,4,critical_energy_ratio,156,0.36615493244085556,0.01055094095050379,0.3482638895511627,0.3528948128223419,0.3580518290400505,0.36338554322719574,0.3734546825289726,0.386247418820858,0.39301013946533203
TEP,train,fault_type,4,safe_capacity,156,0.6338450694695498,0.010550940753110007,0.606989860534668,0.6137526035308838,0.6265453398227692,0.6366144716739655,0.6419481933116913,0.6471052020788193,0.6517361402511597
TEP,train,fault_type,4,rho,156,0.6338450694695498,0.010550940753110007,0.606989860534668,0.6137526035308838,0.6265453398227692,0.6366144716739655,0.6419481933116913,0.6471052020788193,0.6517361402511597
TEP,train,fault_type,5,critical_energy_ratio,156,0.41679520981434065,0.05248732859045523,0.3594948351383209,0.3643275573849678,0.3770274519920349,0.39058126509189606,0.46862925589084625,0.5161776095628738,0.5287032127380371
TEP,train,fault_type,5,safe_capacity,156,0.5832047882752541,0.05248732814516849,0.4712967872619629,0.48382242023944855,0.5313707590103149,0.6094187200069427,0.6229725480079651,0.6356724500656128,0.6405051946640015
TEP,train,fault_type,5,rho,156,0.5832047882752541,0.05248732814516849,0.4712967872619629,0.48382242023944855,0.5313707590103149,0.6094187200069427,0.6229725480079651,0.6356724500656128,0.6405051946640015
TEP,train,fault_type,6,critical_energy_ratio,156,0.4957001958137903,0.016233595656050016,0.4660579562187195,0.47656261920928955,0.48394227772951126,0.49074673652648926,0.5044068247079849,0.5306898653507233,0.536300539970398
TEP,train,fault_type,6,safe_capacity,156,0.5042998045682907,0.016233594469951124,0.46369943022727966,0.46931014209985733,0.4955931454896927,0.5092532336711884,0.5160577446222305,0.5234373807907104,0.5339420437812805
TEP,train,fault_type,6,rho,156,0.5042998045682907,0.016233594469951124,0.46369943022727966,0.46931014209985733,0.4955931454896927,0.5092532336711884,0.5160577446222305,0.5234373807907104,0.5339420437812805
TEP,train,fault_type,7,critical_energy_ratio,156,0.4432695034222725,0.06814473995455378,0.35703274607658386,0.36068112403154373,0.3789881616830826,0.4246973395347595,0.5240712761878967,0.5468961298465729,0.5566399097442627
TEP,train,fault_type,7,safe_capacity,156,0.5567304960046059,0.0681447372582014,0.4433600902557373,0.4531038925051689,0.47592874616384506,0.5753026604652405,0.6210118383169174,0.6393188685178757,0.6429672241210938
TEP,train,fault_type,7,rho,156,0.5567304960046059,0.0681447372582014,0.4433600902557373,0.4531038925051689,0.47592874616384506,0.5753026604652405,0.6210118383169174,0.6393188685178757,0.6429672241210938
TEP,train,fault_type,8,critical_energy_ratio,156,0.5168529781393516,0.026360079558359305,0.4268554151058197,0.4790665954351425,0.5022310316562653,0.5153875052928925,0.5355133265256882,0.5566119104623795,0.5728355050086975
TEP,train,fault_type,8,safe_capacity,156,0.4831470222427295,0.026360078231006407,0.4271644949913025,0.44338811188936234,0.46448666602373123,0.48461250960826874,0.49776898324489594,0.5209334343671799,0.5731445550918579
TEP,train,fault_type,8,rho,156,0.4831470222427295,0.026360078231006407,0.4271644949913025,0.44338811188936234,0.46448666602373123,0.48461250960826874,0.49776898324489594,0.5209334343671799,0.5731445550918579
TEP,train,fault_type,9,critical_energy_ratio,156,0.36599056842999583,0.011980988288096933,0.34699034690856934,0.3513789772987366,0.3580653890967369,0.36255981028079987,0.37216196209192276,0.3918909355998039,0.40015143156051636
TEP,train,fault_type,9,safe_capacity,156,0.63400943004168,0.011980987430438586,0.5998485684394836,0.6081090569496155,0.6278380155563354,0.6374402046203613,0.6419346183538437,0.6486210227012634,0.6530096530914307
TEP,train,fault_type,9,rho,156,0.63400943004168,0.011980987430438586,0.5998485684394836,0.6081090569496155,0.6278380155563354,0.6374402046203613,0.6419346183538437,0.6486210227012634,0.6530096530914307
TEP,train,fault_type,10,critical_energy_ratio,156,0.4002225656922047,0.026555696393009812,0.3549768030643463,0.3611030802130699,0.38280054926872253,0.3929058611392975,0.4159451872110367,0.4518737867474556,0.475477010011673
TEP,train,fault_type,10,safe_capacity,156,0.5997774337346737,0.026555697454181886,0.5245230197906494,0.5481261909008026,0.5840547829866409,0.6070941686630249,0.6171994507312775,0.6388969421386719,0.6450232267379761
TEP,train,fault_type,10,rho,156,0.5997774337346737,0.026555697454181886,0.5245230197906494,0.5481261909008026,0.5840547829866409,0.6070941686630249,0.6171994507312775,0.6388969421386719,0.6450232267379761
TEP,train,fault_type,11,critical_energy_ratio,156,0.37826306430193096,0.011342819870398414,0.35387924313545227,0.3622954189777374,0.3702937662601471,0.3761647641658783,0.3862054646015167,0.39824218302965164,0.412994384765625
TEP,train,fault_type,11,safe_capacity,156,0.6217369383726364,0.011342819615216576,0.587005615234375,0.6017577946186066,0.6137945652008057,0.6238352358341217,0.6297062337398529,0.6377045810222626,0.6461207270622253
TEP,train,fault_type,11,rho,156,0.6217369383726364,0.011342819615216576,0.587005615234375,0.6017577946186066,0.6137945652008057,0.6238352358341217,0.6297062337398529,0.6377045810222626,0.6461207270622253
TEP,train,fault_type,12,critical_energy_ratio,156,0.5215871473535513,0.032909136322362496,0.4064413905143738,0.45810019224882126,0.5082919001579285,0.5258375406265259,0.5442609786987305,0.5646514445543289,0.579071581363678
TEP,train,fault_type,12,safe_capacity,156,0.4784128528374892,0.03290913612377104,0.420928418636322,0.4353485703468323,0.4557390436530113,0.4741624742746353,0.49170808494091034,0.541899785399437,0.5935586094856262
TEP,train,fault_type,12,rho,156,0.4784128528374892,0.03290913612377104,0.420928418636322,0.4353485703468323,0.4557390436530113,0.4741624742746353,0.49170808494091034,0.541899785399437,0.5935586094856262
TEP,train,fault_type,13,critical_energy_ratio,156,0.5321936204265325,0.03915084415931536,0.3749583661556244,0.45803046226501465,0.5245973020792007,0.5407067537307739,0.5566316992044449,0.5717324912548065,0.5815178751945496
TEP,train,fault_type,13,safe_capacity,156,0.4678063805286701,0.03915084524971861,0.4184821546077728,0.4282675087451935,0.4433683007955551,0.45929326117038727,0.47540270537137985,0.5419695228338242,0.6250416040420532
TEP,train,fault_type,13,rho,156,0.4678063805286701,0.03915084524971861,0.4184821546077728,0.4282675087451935,0.4433683007955551,0.45929326117038727,0.47540270537137985,0.5419695228338242,0.6250416040420532
TEP,train,fault_type,14,critical_energy_ratio,156,0.34507664560507506,0.004750286521693476,0.3365182876586914,0.338709332048893,0.3416173979640007,0.3441913276910782,0.3478163331747055,0.3539198935031891,0.3588063418865204
TEP,train,fault_type,14,safe_capacity,156,0.6549233542038844,0.0047502868998832186,0.6411936283111572,0.6460801362991333,0.6521836668252945,0.655808687210083,0.6583826094865799,0.6612906754016876,0.6634817123413086
TEP,train,fault_type,14,rho,156,0.6549233542038844,0.0047502868998832186,0.6411936283111572,0.6460801362991333,0.6521836668252945,0.655808687210083,0.6583826094865799,0.6612906754016876,0.6634817123413086
TEP,train,fault_type,15,critical_energy_ratio,156,0.3688474375850115,0.012430056259908015,0.3496638238430023,0.35235195606946945,0.3589988499879837,0.3655809760093689,0.37829209119081497,0.39099153131246567,0.40438708662986755
TEP,train,fault_type,15,safe_capacity,156,0.6311525618418669,0.012430057054916179,0.5956129431724548,0.6090084761381149,0.6217078864574432,0.6344189941883087,0.6410011500120163,0.64764803647995,0.6503362059593201
TEP,train,fault_type,15,rho,156,0.6311525618418669,0.012430057054916179,0.5956129431724548,0.6090084761381149,0.6217078864574432,0.6344189941883087,0.6410011500120163,0.64764803647995,0.6503362059593201
TEP,train,fault_type,16,critical_energy_ratio,156,0.3873721407010005,0.022386726511758097,0.3531264662742615,0.3582182377576828,0.369690403342247,0.38367754220962524,0.40286651253700256,0.4324076846241951,0.45129117369651794
TEP,train,fault_type,16,safe_capacity,156,0.6126278608273237,0.022386726071528407,0.5487088561058044,0.5675922930240631,0.5971334874629974,0.6163224577903748,0.6303095668554306,0.6417817771434784,0.6468735337257385
TEP,train,fault_type,16,rho,156,0.6126278608273237,0.022386726071528407,0.5487088561058044,0.5675922930240631,0.5971334874629974,0.6163224577903748,0.6303095668554306,0.6417817771434784,0.6468735337257385
TEP,train,fault_type,17,critical_energy_ratio,156,0.47854559887678194,0.01789428121676245,0.4111970067024231,0.4531691372394562,0.4647986516356468,0.4788670688867569,0.49477019906044006,0.5019237250089645,0.5101672410964966
TEP,train,fault_type,17,safe_capacity,156,0.5214544016963396,0.017894280343007555,0.4898327589035034,0.49807628244161606,0.5052298307418823,0.5211329162120819,0.5352013260126114,0.5468308627605438,0.5888029932975769
TEP,train,fault_type,17,rho,156,0.5214544016963396,0.017894280343007555,0.4898327589035034,0.49807628244161606,0.5052298307418823,0.5211329162120819,0.5352013260126114,0.5468308627605438,0.5888029932975769
TEP,train,fault_type,18,critical_energy_ratio,156,0.5441943424252363,0.045378200215068526,0.35574066638946533,0.4503462463617325,0.5303093641996384,0.5603744685649872,0.5702784955501556,0.583394318819046,0.5933168530464172
TEP,train,fault_type,18,safe_capacity,156,0.4558056585299663,0.04537820252333875,0.40668314695358276,0.416605681180954,0.42972150444984436,0.4396255165338516,0.46969063580036163,0.5496537536382675,0.6442593336105347
TEP,train,fault_type,18,rho,156,0.4558056585299663,0.04537820252333875,0.40668314695358276,0.416605681180954,0.42972150444984436,0.4396255165338516,0.46969063580036163,0.5496537536382675,0.6442593336105347
TEP,train,fault_type,19,critical_energy_ratio,156,0.3542083299312836,0.008943485101973833,0.3368704319000244,0.34259287267923355,0.34800147265195847,0.352438285946846,0.3593132495880127,0.37182115763425827,0.37766221165657043
TEP,train,fault_type,19,safe_capacity,156,0.6457916696866354,0.008943485572585516,0.622337818145752,0.6281788200139999,0.6406867355108261,0.6475617289543152,0.6519985496997833,0.657407134771347,0.6631295680999756
TEP,train,fault_type,19,rho,156,0.6457916696866354,0.008943485572585516,0.622337818145752,0.6281788200139999,0.6406867355108261,0.6475617289543152,0.6519985496997833,0.657407134771347,0.6631295680999756
TEP,train,fault_type,20,critical_energy_ratio,156,0.3970802584901834,0.01718493109369968,0.36258968710899353,0.3720213323831558,0.3843125253915787,0.3960738927125931,0.40938016027212143,0.4265715628862381,0.44219350814819336
TEP,train,fault_type,20,safe_capacity,156,0.6029197397904519,0.017184930262280292,0.5578064918518066,0.5734284371137619,0.5906198173761368,0.6039260923862457,0.6156874895095825,0.6279786378145218,0.6374103426933289
TEP,train,fault_type,20,rho,156,0.6029197397904519,0.017184930262280292,0.5578064918518066,0.5734284371137619,0.5906198173761368,0.6039260923862457,0.6156874895095825,0.6279786378145218,0.6374103426933289
